1763086060942,1763086061127,185,0,0,1,312
1763086060972,1763086061136,164,0,0,2,312
1763086061004,1763086061151,147,0,0,3,312
1763086061035,1763086061163,128,0,0,4,312
1763086061067,1763086061176,109,0,0,5,312
1763086061098,1763086061191,93,0,0,6,312
1763086061131,1763086061221,90,400.608,1.284,7,312
1763086061163,1763086061254,91,400.608,1.284,8,312
1763086061193,1763086061284,91,400.608,1.284,9,312
1763086061224,1763086061315,91,400.608,1.284,10,312
1763086061256,1763086061347,91,400.608,1.284,11,312
1763086061286,1763086061380,94,400.608,1.284,12,312
1763086061318,1763086061411,93,696.357792,2.231916,13,312
1763086061350,1763086061443,93,696.357792,2.231916,14,312
1763086061382,1763086061475,93,696.357792,2.231916,15,312
1763086061414,1763086061507,93,696.357792,2.231916,16,312
1763086061446,1763086061539,93,696.357792,2.231916,17,312
1763086061478,1763086061571,93,696.357792,2.231916,18,312
1763086061510,1763086061601,91,696.357792,2.231916,19,312
1763086061542,1763086061634,92,1008.7626556800001,3.2332136399999998,20,312
1763086061573,1763086061664,91,1008.7626556800001,3.2332136399999998,21,312
1763086061604,1763086061695,91,1008.7626556800001,3.2332136399999998,22,312
1763086061636,1763086061725,89,1008.7626556800001,3.2332136399999998,23,312
1763086061666,1763086061757,91,1008.7626556800001,3.2332136399999998,24,312
1763086061697,1763086061789,92,1008.7626556800001,3.2332136399999998,25,312
1763086061729,1763086061819,90,1008.7626556800001,3.2332136399999998,26,312
1763086061760,1763086061851,91,1246.1605992326402,3.99410448472,27,312
1763086061791,1763086061883,92,1246.1605992326402,3.99410448472,28,312
1763086061823,1763086061914,91,1246.1605992326402,3.99410448472,29,312
1763086061854,1763086061944,90,1246.1605992326402,3.99410448472,30,312
1763086061885,1763086061976,91,1246.1605992326402,3.99410448472,31,312
1763086061916,1763086062007,91,1246.1605992326402,3.99410448472,32,312
1763086061947,1763086062038,91,1373.2059975884142,4.40130127432184,33,312
1763086061979,1763086062070,91,1373.2059975884142,4.40130127432184,34,312
1763086062010,1763086062099,89,1373.2059975884142,4.40130127432184,35,312
1763086062041,1763086062130,89,1373.2059975884142,4.40130127432184,36,312
1763086062072,1763086062162,90,1373.2059975884142,4.40130127432184,37,312
1763086062102,1763086062195,93,1373.2059975884142,4.40130127432184,38,312
1763086062133,1763086062226,93,1373.2059975884142,4.40130127432184,39,312
1763086062165,1763086062256,91,1536.9863860755545,4.926238416908828,40,312
1763086062197,1763086062286,89,1536.9863860755545,4.926238416908828,41,312
1763086062227,1763086062317,90,1536.9863860755545,4.926238416908828,42,312
1763086062258,1763086062349,91,1536.9863860755545,4.926238416908828,43,312
1763086062288,1763086062380,92,1536.9863860755545,4.926238416908828,44,312
1763086062319,1763086062411,92,1536.9863860755545,4.926238416908828,45,312
1763086062351,1763086062442,91,1604.9941497022169,5.144212018276336,46,312
1763086062383,1763086062473,90,1604.9941497022169,5.144212018276336,47,312
1763086062414,1763086062505,91,1604.9941497022169,5.144212018276336,48,312
1763086062445,1763086062536,91,1604.9941497022169,5.144212018276336,49,312
1763086062476,1763086062568,92,1604.9941497022169,5.144212018276336,50,312
1763086062507,1763086062601,94,1604.9941497022169,5.144212018276336,51,312
1763086062539,1763086062633,94,1658.6623256120713,5.316225402602792,52,312
1763086062571,1763086062663,92,1658.6623256120713,5.316225402602792,53,312
1763086062603,1763086062694,91,1658.6623256120713,5.316225402602792,54,312
1763086062634,1763086062725,91,1658.6623256120713,5.316225402602792,55,312
1763086062665,1763086062755,90,1658.6623256120713,5.316225402602792,56,312
1763086062696,1763086062786,90,1658.6623256120713,5.316225402602792,57,312
1763086062727,1763086062819,92,1658.6623256120713,5.316225402602792,58,312
1763086062758,1763086062849,91,1766.3565488615966,5.66139919506922,59,312
1763086062789,1763086062881,92,1766.3565488615966,5.66139919506922,60,312
1763086062820,1763086062913,93,1766.3565488615966,5.66139919506922,61,312
1763086062852,1763086062944,92,1766.3565488615966,5.66139919506922,62,312
1763086062884,1763086062976,92,1766.3565488615966,5.66139919506922,63,312
1763086062916,1763086063009,93,1766.3565488615966,5.66139919506922,64,312
1763086062947,1763086063039,92,1787.6965259915542,5.729796557665237,65,312
1763086062979,1763086063070,91,1787.6965259915542,5.729796557665237,66,312
1763086063011,1763086063101,90,1787.6965259915542,5.729796557665237,67,312
1763086063041,1763086063133,92,1787.6965259915542,5.729796557665237,68,312
1763086063073,1763086063163,90,1787.6965259915542,5.729796557665237,69,312
1763086063104,1763086063193,89,1787.6965259915542,5.729796557665237,70,312
1763086063135,1763086063225,90,1787.6965259915542,5.729796557665237,71,312
1763086063166,1763086063256,90,1868.9387381632855,5.990188263343863,72,312
1763086063197,1763086063287,90,1868.9387381632855,5.990188263343863,73,312
1763086063228,1763086063319,91,1868.9387381632855,5.990188263343863,74,312
1763086063259,1763086063350,91,1868.9387381632855,5.990188263343863,75,312
1763086063291,1763086063383,92,1868.9387381632855,5.990188263343863,76,312
1763086063322,1763086063415,93,1868.9387381632855,5.990188263343863,77,312
1763086063353,1763086063446,93,1869.557113054302,5.992170234148403,78,312
1763086063386,1763086063477,91,1869.557113054302,5.992170234148403,79,312
1763086063418,1763086063510,92,1869.557113054302,5.992170234148403,80,312
1763086063448,1763086063541,93,1869.557113054302,5.992170234148403,81,312
1763086063480,1763086063572,92,1869.557113054302,5.992170234148403,82,312
1763086063511,1763086063604,93,1869.557113054302,5.992170234148403,83,312
1763086063543,1763086063636,93,1869.557113054302,5.992170234148403,84,312
1763086063574,1763086063665,91,1934.6467906520613,6.200790995679683,85,312
1763086063606,1763086063696,90,1934.6467906520613,6.200790995679683,86,312
1763086063637,1763086063731,94,1934.6467906520613,6.200790995679683,87,312
1763086063668,1763086063760,92,1934.6467906520613,6.200790995679683,88,312
1763086063705,1763086063793,88,1934.6467906520613,6.200790995679683,89,312
1763086063731,1763086063823,92,1934.6467906520613,6.200790995679683,90,312
1763086063763,1763086063855,92,1921.9921389403448,6.160231214552387,91,312
1763086063794,1763086063887,93,1921.9921389403448,6.160231214552387,92,312
1763086063826,1763086063918,92,1921.9921389403448,6.160231214552387,93,312
1763086063859,1763086063950,91,1921.9921389403448,6.160231214552387,94,312
1763086063890,1763086063982,92,1921.9921389403448,6.160231214552387,95,312
1763086063922,1763086064015,93,1921.9921389403448,6.160231214552387,96,312
1763086063953,1763086064043,90,1921.9921389403448,6.160231214552387,97,312
1763086063983,1763086064076,93,1976.2277661796934,6.334063353140043,98,312
1763086064014,1763086064107,93,1976.2277661796934,6.334063353140043,99,312
1763086064046,1763086064138,92,1976.2277661796934,6.334063353140043,100,312
1763086064078,1763086064169,91,1976.2277661796934,6.334063353140043,101,312
1763086064109,1763086064202,93,1976.2277661796934,6.334063353140043,102,312
1763086064141,1763086064232,91,1976.2277661796934,6.334063353140043,103,312
1763086064172,1763086064264,92,1955.1737574113954,6.266582555805754,104,312
1763086064204,1763086064294,90,1955.1737574113954,6.266582555805754,105,312
1763086064235,1763086064325,90,1955.1737574113954,6.266582555805754,106,312
1763086064267,1763086064356,89,1955.1737574113954,6.266582555805754,107,312
1763086064298,1763086064387,89,1955.1737574113954,6.266582555805754,108,312
1763086064328,1763086064418,90,1955.1737574113954,6.266582555805754,109,312
1763086064359,1763086064451,92,1955.1737574113954,6.266582555805754,110,312
1763086064390,1763086064483,93,2002.311963384648,6.417666549309769,111,312
1763086064421,1763086064514,93,2002.311963384648,6.417666549309769,112,312
1763086064454,1763086064545,91,2002.311963384648,6.417666549309769,113,312
1763086064485,1763086064577,92,2002.311963384648,6.417666549309769,114,312
1763086064516,1763086064609,93,2002.311963384648,6.417666549309769,115,312
1763086064548,1763086064641,93,2002.311963384648,6.417666549309769,116,312
1763086064580,1763086064673,93,1975.8586348175645,6.332880239799886,117,312
1763086064612,1763086064705,93,1975.8586348175645,6.332880239799886,118,312
1763086064644,1763086064737,93,1975.8586348175645,6.332880239799886,119,312
1763086064676,1763086064768,92,1975.8586348175645,6.332880239799886,120,312
1763086064708,1763086064800,92,1975.8586348175645,6.332880239799886,121,312
1763086064741,1763086064831,90,1975.8586348175645,6.332880239799886,122,312
1763086064771,1763086064863,92,1975.8586348175645,6.332880239799886,123,312
1763086064802,1763086064895,93,2019.568321505876,6.47297538944191,124,312
1763086064834,1763086064927,93,2019.568321505876,6.47297538944191,125,312
1763086064866,1763086064959,93,2019.568321505876,6.47297538944191,126,312
1763086064898,1763086064991,93,2019.568321505876,6.47297538944191,127,312
1763086064930,1763086065025,95,2019.568321505876,6.47297538944191,128,312
1763086064963,1763086065056,93,2019.568321505876,6.47297538944191,129,312
1763086064994,1763086065087,93,1989.4643839186772,6.37648840999576,130,312
1763086065026,1763086065119,93,1989.4643839186772,6.37648840999576,131,312
1763086065058,1763086065151,93,1989.4643839186772,6.37648840999576,132,312
1763086065090,1763086065183,93,1989.4643839186772,6.37648840999576,133,312
1763086065122,1763086065215,93,1989.4643839186772,6.37648840999576,134,312
1763086065154,1763086065246,92,1989.4643839186772,6.37648840999576,135,312
1763086065186,1763086065278,92,1989.4643839186772,6.37648840999576,136,312
1763086065218,1763086065308,90,2030.1223276796736,6.506802332306647,137,312
1763086065249,1763086065340,91,2030.1223276796736,6.506802332306647,138,312
1763086065281,1763086065371,90,2030.1223276796736,6.506802332306647,139,312
1763086065312,1763086065402,90,2030.1223276796736,6.506802332306647,140,312
1763086065343,1763086065433,90,2030.1223276796736,6.506802332306647,141,312
1763086065374,1763086065464,90,2030.1223276796736,6.506802332306647,142,312
1763086065405,1763086065495,90,2030.1223276796736,6.506802332306647,143,312
1763086065436,1763086065530,94,2061.3594951606997,6.606921458848397,144,312
1763086065467,1763086065559,92,2061.3594951606997,6.606921458848397,145,312
1763086065499,1763086065590,91,2061.3594951606997,6.606921458848397,146,312
1763086065531,1763086065621,90,2061.3594951606997,6.606921458848397,147,312
1763086065562,1763086065652,90,2061.3594951606997,6.606921458848397,148,312
1763086065593,1763086065684,91,2061.3594951606997,6.606921458848397,149,312
1763086065624,1763086065715,91,2022.7301581479169,6.483109481243324,150,312
1763086065655,1763086065746,91,2022.7301581479169,6.483109481243324,151,312
1763086065687,1763086065778,91,2022.7301581479169,6.483109481243324,152,312
1763086065718,1763086065810,92,2022.7301581479169,6.483109481243324,153,312
1763086065749,1763086065840,91,2022.7301581479169,6.483109481243324,154,312
1763086065781,1763086065871,90,2022.7301581479169,6.483109481243324,155,312
1763086065812,1763086065901,89,2022.7301581479169,6.483109481243324,156,312
1763086065843,1763086065933,90,2055.306666202038,6.587521366032172,157,312
1763086065873,1763086065964,91,2055.306666202038,6.587521366032172,158,312
1763086065904,1763086065994,90,2055.306666202038,6.587521366032172,159,312
1763086065936,1763086066026,90,2055.306666202038,6.587521366032172,160,312
1763086065966,1763086066057,91,2055.306666202038,6.587521366032172,161,312
1763086065997,1763086066088,91,2055.306666202038,6.587521366032172,162,312
1763086066029,1763086066120,91,2018.095412963024,6.468254528727641,163,312
1763086066060,1763086066151,91,2018.095412963024,6.468254528727641,164,312
1763086066092,1763086066182,90,2018.095412963024,6.468254528727641,165,312
1763086066123,1763086066213,90,2018.095412963024,6.468254528727641,166,312
1763086066154,1763086066244,90,2018.095412963024,6.468254528727641,167,312
1763086066185,1763086066277,92,2018.095412963024,6.468254528727641,168,312
1763086066216,1763086066309,93,1988.8763303704193,6.374603622982113,169,312
1763086066248,1763086066339,91,1988.8763303704193,6.374603622982113,170,312
1763086066280,1763086066371,91,1988.8763303704193,6.374603622982113,171,312
1763086066312,1763086066402,90,1988.8763303704193,6.374603622982113,172,312
1763086066342,1763086066433,91,1988.8763303704193,6.374603622982113,173,312
1763086066373,1763086066464,91,1988.8763303704193,6.374603622982113,174,312
1763086066404,1763086066496,92,1988.8763303704193,6.374603622982113,175,312
1763086066436,1763086066528,92,2029.2669299837426,6.504060673024815,176,312
1763086066467,1763086066558,91,2029.2669299837426,6.504060673024815,177,312
1763086066499,1763086066588,89,2029.2669299837426,6.504060673024815,178,312
1763086066530,1763086066620,90,2029.2669299837426,6.504060673024815,179,312
1763086066560,1763086066651,91,2029.2669299837426,6.504060673024815,180,312
1763086066591,1763086066683,92,2029.2669299837426,6.504060673024815,181,312
1763086066623,1763086066714,91,2029.2669299837426,6.504060673024815,182,312
1763086066654,1763086066745,91,2060.6777431970427,6.604736356400778,183,312
1763086066686,1763086066776,90,2060.6777431970427,6.604736356400778,184,312
1763086066717,1763086066808,91,2060.6777431970427,6.604736356400778,185,312
1763086066749,1763086066839,90,2060.6777431970427,6.604736356400778,186,312
1763086066780,1763086066871,91,2060.6777431970427,6.604736356400778,187,312
1763086066811,1763086066903,92,2060.6777431970427,6.604736356400778,188,312
1763086066841,1763086066932,91,2022.5648390712402,6.482579612407821,189,312
1763086066872,1763086066964,92,2022.5648390712402,6.482579612407821,190,312
1763086066904,1763086066995,91,2022.5648390712402,6.482579612407821,191,312
1763086066935,1763086067026,91,2022.5648390712402,6.482579612407821,192,312
1763086066967,1763086067057,90,2022.5648390712402,6.482579612407821,193,312
1763086066998,1763086067088,90,2022.5648390712402,6.482579612407821,194,312
1763086067029,1763086067119,90,2022.5648390712402,6.482579612407821,195,312
1763086067060,1763086067150,90,2055.3361767397782,6.587615951089033,196,312
1763086067091,1763086067182,91,2055.3361767397782,6.587615951089033,197,312
1763086067122,1763086067213,91,2055.3361767397782,6.587615951089033,198,312
1763086067153,1763086067245,92,2055.3361767397782,6.587615951089033,199,312
1763086067185,1763086067278,93,2055.3361767397782,6.587615951089033,200,312
1763086067216,1763086067307,91,2055.3361767397782,6.587615951089033,201,312
1763086067247,1763086067338,91,2018.1189328616033,6.468329913017959,202,312
1763086067279,1763086067369,90,2018.1189328616033,6.468329913017959,203,312
1763086067310,1763086067399,89,2018.1189328616033,6.468329913017959,204,312
1763086067340,1763086067431,91,2018.1189328616033,6.468329913017959,205,312
1763086067372,1763086067462,90,2018.1189328616033,6.468329913017959,206,312
1763086067403,1763086067494,91,2018.1189328616033,6.468329913017959,207,312
1763086067434,1763086067524,90,2018.1189328616033,6.468329913017959,208,312
1763086067465,1763086067555,90,2051.6269084235596,6.575727270588331,209,312
1763086067496,1763086067586,90,2051.6269084235596,6.575727270588331,210,312
1763086067527,1763086067617,90,2051.6269084235596,6.575727270588331,211,312
1763086067558,1763086067649,91,2051.6269084235596,6.575727270588331,212,312
1763086067589,1763086067679,90,2051.6269084235596,6.575727270588331,213,312
1763086067620,1763086067710,90,2051.6269084235596,6.575727270588331,214,312
1763086067651,1763086067741,90,2015.5218998304242,6.460006089200077,215,312
1763086067682,1763086067774,92,2015.5218998304242,6.460006089200077,216,312
1763086067713,1763086067805,92,2015.5218998304242,6.460006089200077,217,312
1763086067744,1763086067834,90,2015.5218998304242,6.460006089200077,218,312
1763086067775,1763086067865,90,2015.5218998304242,6.460006089200077,219,312
1763086067806,1763086067896,90,2015.5218998304242,6.460006089200077,220,312
1763086067837,1763086067929,92,2015.5218998304242,6.460006089200077,221,312
1763086067868,1763086067962,94,2049.5544760646785,6.569084859181661,222,312
1763086067899,1763086067991,92,2049.5544760646785,6.569084859181661,223,312
1763086067931,1763086068023,92,2049.5544760646785,6.569084859181661,224,312
1763086067963,1763086068055,92,2049.5544760646785,6.569084859181661,225,312
1763086067995,1763086068086,91,2049.5544760646785,6.569084859181661,226,312
1763086068027,1763086068118,91,2049.5544760646785,6.569084859181661,227,312
1763086068058,1763086068148,90,2013.1558084714195,6.4524224630494205,228,312
1763086068089,1763086068179,90,2013.1558084714195,6.4524224630494205,229,312
1763086068120,1763086068210,90,2013.1558084714195,6.4524224630494205,230,312
1763086068150,1763086068240,90,2013.1558084714195,6.4524224630494205,231,312
1763086068182,1763086068273,91,2013.1558084714195,6.4524224630494205,232,312
1763086068213,1763086068304,91,2013.1558084714195,6.4524224630494205,233,312
1763086068243,1763086068335,92,2013.1558084714195,6.4524224630494205,234,312
1763086068275,1763086068367,92,2013.1558084714195,6.4524224630494205,235,312
1763086068307,1763086068400,93,2013.1558084714195,6.4524224630494205,236,312
1763086068339,1763086068430,91,2013.1558084714195,6.4524224630494205,237,312
1763086068371,1763086068462,91,2013.1558084714195,6.4524224630494205,238,312
1763086068402,1763086068494,92,2013.1558084714195,6.4524224630494205,239,312
1763086068433,1763086068526,93,2013.1558084714195,6.4524224630494205,240,312
1763086068465,1763086068560,95,2850.7219269981374,9.136929253199158,241,312
1763086068497,1763086068589,92,2850.7219269981374,9.136929253199158,242,312
1763086068529,1763086068621,92,2850.7219269981374,9.136929253199158,243,312
1763086068560,1763086068653,93,2850.7219269981374,9.136929253199158,244,312
1763086068593,1763086068685,92,2850.7219269981374,9.136929253199158,245,312
1763086068624,1763086068717,93,2850.7219269981374,9.136929253199158,246,312
1763086068657,1763086068749,92,2652.0413758175155,8.500132614799728,247,312
1763086068688,1763086068781,93,2652.0413758175155,8.500132614799728,248,312
1763086068720,1763086068813,93,2652.0413758175155,8.500132614799728,249,312
1763086068752,1763086068845,93,2652.0413758175155,8.500132614799728,250,312
1763086068784,1763086068877,93,2652.0413758175155,8.500132614799728,251,312
1763086068816,1763086068908,92,2652.0413758175155,8.500132614799728,252,312
1763086068848,1763086068938,90,2652.0413758175155,8.500132614799728,253,312
1763086068880,1763086068970,90,2554.220728271655,8.186604898306586,254,312
1763086068910,1763086069001,91,2554.220728271655,8.186604898306586,255,312
1763086068941,1763086069031,90,2554.220728271655,8.186604898306586,256,312
1763086068972,1763086069063,91,2554.220728271655,8.186604898306586,257,312
1763086069003,1763086069094,91,2554.220728271655,8.186604898306586,258,312
1763086069034,1763086069125,91,2554.220728271655,8.186604898306586,259,312
1763086069066,1763086069159,93,2417.776582617324,7.749283918645268,260,312
1763086069097,1763086069189,92,2417.776582617324,7.749283918645268,261,312
1763086069129,1763086069220,91,2417.776582617324,7.749283918645268,262,312
1763086069161,1763086069250,89,2417.776582617324,7.749283918645268,263,312
1763086069192,1763086069284,92,2417.776582617324,7.749283918645268,264,312
1763086069222,1763086069314,92,2417.776582617324,7.749283918645268,265,312
1763086069253,1763086069345,92,2417.776582617324,7.749283918645268,266,312
1763086069285,1763086069376,91,2369.8523831807724,7.595680715322988,267,312
1763086069316,1763086069407,91,2369.8523831807724,7.595680715322988,268,312
1763086069347,1763086069438,91,2369.8523831807724,7.595680715322988,269,312
1763086069378,1763086069468,90,2369.8523831807724,7.595680715322988,270,312
1763086069409,1763086069498,89,2369.8523831807724,7.595680715322988,271,312
1763086069439,1763086069530,91,2369.8523831807724,7.595680715322988,272,312
1763086069470,1763086069561,91,2369.8523831807724,7.595680715322988,273,312
1763086069501,1763086069595,94,2332.310201778256,7.475353210827745,274,312
1763086069533,1763086069625,92,2332.310201778256,7.475353210827745,275,312
1763086069564,1763086069656,92,2332.310201778256,7.475353210827745,276,312
1763086069596,1763086069689,93,2332.310201778256,7.475353210827745,277,312
1763086069628,1763086069719,91,2332.310201778256,7.475353210827745,278,312
1763086069660,1763086069750,90,2332.310201778256,7.475353210827745,279,312
1763086069691,1763086069781,90,2238.406920615492,7.174381155818885,280,312
1763086069722,1763086069814,92,2238.406920615492,7.174381155818885,281,312
1763086069753,1763086069843,90,2238.406920615492,7.174381155818885,282,312
1763086069785,1763086069874,89,2238.406920615492,7.174381155818885,283,312
1763086069815,1763086069906,91,2238.406920615492,7.174381155818885,284,312
1763086069846,1763086069937,91,2238.406920615492,7.174381155818885,285,312
1763086069878,1763086069968,90,2238.406920615492,7.174381155818885,286,312
1763086069909,1763086069999,90,2227.362315730547,7.138981781187652,287,312
1763086069940,1763086070030,90,2227.362315730547,7.138981781187652,288,312
1763086069971,1763086070062,91,2227.362315730547,7.138981781187652,289,312
1763086070002,1763086070094,92,2227.362315730547,7.138981781187652,290,312
1763086070033,1763086070125,92,2227.362315730547,7.138981781187652,291,312
1763086070065,1763086070157,92,2227.362315730547,7.138981781187652,292,312
1763086070097,1763086070188,91,2154.8684033215154,6.906629497825371,293,312
1763086070128,1763086070219,91,2154.8684033215154,6.906629497825371,294,312
1763086070160,1763086070251,91,2154.8684033215154,6.906629497825371,295,312
1763086070191,1763086070284,93,2154.8684033215154,6.906629497825371,296,312
1763086070222,1763086070312,90,2154.8684033215154,6.906629497825371,297,312
1763086070254,1763086070342,88,2154.8684033215154,6.906629497825371,298,312
1763086070286,1763086070373,87,2154.8684033215154,6.906629497825371,299,312
1763086070314,1763086070404,90,2160.7238542538907,6.925396968762471,300,312
1763086070345,1763086070435,90,2160.7238542538907,6.925396968762471,301,312
1763086070376,1763086070467,91,2160.7238542538907,6.925396968762471,302,312
1763086070407,1763086070496,89,2160.7238542538907,6.925396968762471,303,312
1763086070438,1763086070528,90,2160.7238542538907,6.925396968762471,304,312
1763086070469,1763086070560,91,2160.7238542538907,6.925396968762471,305,312
1763086070499,1763086070590,91,2102.979083403113,6.740317575009977,306,312
1763086070530,1763086070621,91,2102.979083403113,6.740317575009977,307,312
1763086070561,1763086070653,92,2102.979083403113,6.740317575009977,308,312
1763086070593,1763086070685,92,2102.979083403113,6.740317575009977,309,312
1763086070623,1763086070716,93,2102.979083403113,6.740317575009977,310,312
1763086070655,1763086070746,91,2102.979083403113,6.740317575009977,311,312
1763086070687,1763086070780,93,2056.321308555684,6.590773424857962,312,312
1763086070718,1763086070808,90,2056.321308555684,6.590773424857962,313,312
1763086070749,1763086070839,90,2056.321308555684,6.590773424857962,314,312
1763086070780,1763086070870,90,2056.321308555684,6.590773424857962,315,312
1763086070811,1763086070901,90,2056.321308555684,6.590773424857962,316,312
1763086070842,1763086070932,90,2056.321308555684,6.590773424857962,317,312
1763086070873,1763086070964,91,2056.321308555684,6.590773424857962,318,312
1763086070904,1763086070996,92,2082.3677616103246,6.674255646186937,319,312
1763086070935,1763086071026,91,2082.3677616103246,6.674255646186937,320,312
1763086070967,1763086071057,90,2082.3677616103246,6.674255646186937,321,312
1763086070998,1763086071089,91,2082.3677616103246,6.674255646186937,322,312
1763086071028,1763086071120,92,2082.3677616103246,6.674255646186937,323,312
1763086071060,1763086071151,91,2082.3677616103246,6.674255646186937,324,312
1763086071092,1763086071184,92,2040.2942092882597,6.53940451694955,325,312
1763086071123,1763086071213,90,2040.2942092882597,6.53940451694955,326,312
1763086071154,1763086071245,91,2040.2942092882597,6.53940451694955,327,312
1763086071185,1763086071276,91,2040.2942092882597,6.53940451694955,328,312
1763086071216,1763086071308,92,2040.2942092882597,6.53940451694955,329,312
1763086071247,1763086071340,93,2040.2942092882597,6.53940451694955,330,312
1763086071279,1763086071372,93,2040.2942092882597,6.53940451694955,331,312
1763086071311,1763086071404,93,2070.3287195470134,6.635668972907094,332,312
1763086071343,1763086071435,92,2070.3287195470134,6.635668972907094,333,312
1763086071375,1763086071467,92,2070.3287195470134,6.635668972907094,334,312
1763086071407,1763086071498,91,2070.3287195470134,6.635668972907094,335,312
1763086071438,1763086071530,92,2070.3287195470134,6.635668972907094,336,312
1763086071470,1763086071561,91,2070.3287195470134,6.635668972907094,337,312
1763086071502,1763086071594,92,2030.4646469180636,6.507899509352768,338,312
1763086071533,1763086071625,92,2030.4646469180636,6.507899509352768,339,312
1763086071564,1763086071656,92,2030.4646469180636,6.507899509352768,340,312
1763086071596,1763086071686,90,2030.4646469180636,6.507899509352768,341,312
1763086071627,1763086071717,90,2030.4646469180636,6.507899509352768,342,312
1763086071658,1763086071749,91,2030.4646469180636,6.507899509352768,343,312
1763086071689,1763086071781,92,2030.4646469180636,6.507899509352768,344,312
1763086071720,1763086071816,96,2062.2464650060247,6.609764310916745,345,312
1763086071752,1763086071844,92,2062.2464650060247,6.609764310916745,346,312
1763086071784,1763086071876,92,2062.2464650060247,6.609764310916745,347,312
1763086071816,1763086071908,92,2062.2464650060247,6.609764310916745,348,312
1763086071847,1763086071940,93,2062.2464650060247,6.609764310916745,349,312
1763086071879,1763086071972,93,2062.2464650060247,6.609764310916745,350,312
1763086071911,1763086072004,93,2023.4361861447956,6.485372391489729,351,312
1763086071943,1763086072035,92,2023.4361861447956,6.485372391489729,352,312
1763086071975,1763086072068,93,2023.4361861447956,6.485372391489729,353,312
1763086072007,1763086072100,93,2023.4361861447956,6.485372391489729,354,312
1763086072039,1763086072132,93,2023.4361861447956,6.485372391489729,355,312
1763086072071,1763086072162,91,2023.4361861447956,6.485372391489729,356,312
1763086072104,1763086072194,90,2023.4361861447956,6.485372391489729,357,312
1763086072134,1763086072226,92,2057.1545870543887,6.5934441892768865,358,312
1763086072165,1763086072258,93,2057.1545870543887,6.5934441892768865,359,312
1763086072197,1763086072290,93,2057.1545870543887,6.5934441892768865,360,312
1763086072229,1763086072320,91,2057.1545870543887,6.5934441892768865,361,312
1763086072261,1763086072353,92,2057.1545870543887,6.5934441892768865,362,312
1763086072292,1763086072385,93,2057.1545870543887,6.5934441892768865,363,312
1763086072324,1763086072417,93,2019.5682058823477,6.4729750188536785,364,312
1763086072356,1763086072449,93,2019.5682058823477,6.4729750188536785,365,312
1763086072388,1763086072481,93,2019.5682058823477,6.4729750188536785,366,312
1763086072420,1763086072513,93,2019.5682058823477,6.4729750188536785,367,312
1763086072452,1763086072544,92,2019.5682058823477,6.4729750188536785,368,312
1763086072484,1763086072575,91,2019.5682058823477,6.4729750188536785,369,312
1763086072516,1763086072610,94,2019.5682058823477,6.4729750188536785,370,312
1763086072547,1763086072639,92,2054.098882647055,6.583650264894406,371,312
1763086072579,1763086072670,91,2054.098882647055,6.583650264894406,372,312
1763086072611,1763086072703,92,2054.098882647055,6.583650264894406,373,312
1763086072642,1763086072735,93,2054.098882647055,6.583650264894406,374,312
1763086072674,1763086072765,91,2054.098882647055,6.583650264894406,375,312
1763086072706,1763086072796,90,2054.098882647055,6.583650264894406,376,312
1763086072737,1763086072826,89,2054.098882647055,6.583650264894406,377,312
1763086072767,1763086072857,90,2080.4688094697026,6.668169261120842,378,312
1763086072798,1763086072889,91,2080.4688094697026,6.668169261120842,379,312
1763086072829,1763086072921,92,2080.4688094697026,6.668169261120842,380,312
1763086072860,1763086072953,93,2080.4688094697026,6.668169261120842,381,312
1763086072892,1763086072983,91,2080.4688094697026,6.668169261120842,382,312
1763086072923,1763086073015,92,2080.4688094697026,6.668169261120842,383,312
1763086072955,1763086073044,89,2038.3581099568228,6.533199070374432,384,312
1763086072985,1763086073075,90,2038.3581099568228,6.533199070374432,385,312
1763086073016,1763086073106,90,2038.3581099568228,6.533199070374432,386,312
1763086073047,1763086073138,91,2038.3581099568228,6.533199070374432,387,312
1763086073078,1763086073169,91,2038.3581099568228,6.533199070374432,388,312
1763086073109,1763086073200,91,2038.3581099568228,6.533199070374432,389,312
1763086073140,1763086073231,91,2038.3581099568228,6.533199070374432,390,312
1763086073172,1763086073263,91,2067.9234136355876,6.627959659088423,391,312
1763086073203,1763086073295,92,2067.9234136355876,6.627959659088423,392,312
1763086073234,1763086073326,92,2067.9234136355876,6.627959659088423,393,312
1763086073266,1763086073357,91,2067.9234136355876,6.627959659088423,394,312
1763086073297,1763086073390,93,2067.9234136355876,6.627959659088423,395,312
1763086073329,1763086073419,90,2067.9234136355876,6.627959659088423,396,312
1763086073360,1763086073451,91,2027.9550372539277,6.499855888634384,397,312
1763086073392,1763086073485,93,2027.9550372539277,6.499855888634384,398,312
1763086073422,1763086073514,92,2027.9550372539277,6.499855888634384,399,312
1763086073454,1763086073546,92,2027.9550372539277,6.499855888634384,400,312
1763086073485,1763086073576,91,2027.9550372539277,6.499855888634384,401,312
1763086073516,1763086073606,90,2027.9550372539277,6.499855888634384,402,312
1763086073548,1763086073638,90,2027.9550372539277,6.499855888634384,403,312
1763086073578,1763086073668,90,2027.9550372539277,6.499855888634384,404,312
1763086073609,1763086073699,90,2027.9550372539277,6.499855888634384,405,312
1763086073640,1763086073730,90,2027.9550372539277,6.499855888634384,406,312
1763086073670,1763086073763,93,2027.9550372539277,6.499855888634384,407,312
1763086073702,1763086073795,93,2027.9550372539277,6.499855888634384,408,312
1763086073733,1763086073828,95,2027.9550372539277,6.499855888634384,409,312
1763086073766,1763086073858,92,2849.313247166087,9.132414253737458,410,312
1763086073796,1763086073890,94,2849.313247166087,9.132414253737458,411,312
1763086073828,1763086073922,94,2849.313247166087,9.132414253737458,412,312
1763086073860,1763086073950,90,2849.313247166087,9.132414253737458,413,312
1763086073892,1763086073982,90,2849.313247166087,9.132414253737458,414,312
1763086073922,1763086074013,91,2849.313247166087,9.132414253737458,415,312
1763086073954,1763086074044,90,2653.8505977328696,8.505931402989967,416,312
1763086073985,1763086074075,90,2653.8505977328696,8.505931402989967,417,312
1763086074016,1763086074105,89,2653.8505977328696,8.505931402989967,418,312
1763086074047,1763086074137,90,2653.8505977328696,8.505931402989967,419,312
1763086074077,1763086074168,91,2653.8505977328696,8.505931402989967,420,312
1763086074108,1763086074197,89,2653.8505977328696,8.505931402989967,421,312
1763086074147,1763086074229,82,2653.8505977328696,8.505931402989967,422,312
1763086074173,1763086074261,88,2557.531225197631,8.197215465377024,423,312
1763086074201,1763086074294,93,2557.531225197631,8.197215465377024,424,312
1763086074233,1763086074326,93,2557.531225197631,8.197215465377024,425,312
1763086074265,1763086074357,92,2557.531225197631,8.197215465377024,426,312
1763086074297,1763086074388,91,2557.531225197631,8.197215465377024,427,312
1763086074329,1763086074419,90,2557.531225197631,8.197215465377024,428,312
1763086074360,1763086074451,91,2419.739448932907,7.755575156836242,429,312
1763086074391,1763086074483,92,2419.739448932907,7.755575156836242,430,312
1763086074422,1763086074515,93,2419.739448932907,7.755575156836242,431,312
1763086074454,1763086074546,92,2419.739448932907,7.755575156836242,432,312
1763086074485,1763086074577,92,2419.739448932907,7.755575156836242,433,312
1763086074517,1763086074609,92,2419.739448932907,7.755575156836242,434,312
1763086074548,1763086074639,91,2419.739448932907,7.755575156836242,435,312
1763086074579,1763086074674,95,2370.46990410593,7.597659949057467,436,312
1763086074611,1763086074702,91,2370.46990410593,7.597659949057467,437,312
1763086074643,1763086074733,90,2370.46990410593,7.597659949057467,438,312
1763086074674,1763086074764,90,2370.46990410593,7.597659949057467,439,312
1763086074705,1763086074795,90,2370.46990410593,7.597659949057467,440,312
1763086074736,1763086074826,90,2370.46990410593,7.597659949057467,441,312
1763086074767,1763086074857,90,2370.46990410593,7.597659949057467,442,312
1763086074798,1763086074887,89,2332.9894533806378,7.477530299296917,443,312
1763086074829,1763086074919,90,2332.9894533806378,7.477530299296917,444,312
1763086074859,1763086074949,90,2332.9894533806378,7.477530299296917,445,312
1763086074890,1763086074983,93,2332.9894533806378,7.477530299296917,446,312
1763086074921,1763086075012,91,2332.9894533806378,7.477530299296917,447,312
1763086074952,1763086075043,91,2332.9894533806378,7.477530299296917,448,312
1763086074984,1763086075074,90,2239.869583797749,7.179069178838939,449,312
1763086075015,1763086075105,90,2239.869583797749,7.179069178838939,450,312
1763086075046,1763086075137,91,2239.869583797749,7.179069178838939,451,312
1763086075077,1763086075168,91,2239.869583797749,7.179069178838939,452,312
1763086075109,1763086075201,92,2239.869583797749,7.179069178838939,453,312
1763086075140,1763086075232,92,2239.869583797749,7.179069178838939,454,312
1763086075172,1763086075264,92,2165.5599278706036,6.940897204713473,455,312
1763086075203,1763086075296,93,2165.5599278706036,6.940897204713473,456,312
1763086075236,1763086075328,92,2165.5599278706036,6.940897204713473,457,312
1763086075267,1763086075359,92,2165.5599278706036,6.940897204713473,458,312
1763086075300,1763086075390,90,2165.5599278706036,6.940897204713473,459,312
1763086075330,1763086075422,92,2165.5599278706036,6.940897204713473,460,312
1763086075362,1763086075454,92,2165.5599278706036,6.940897204713473,461,312
1763086075394,1763086075486,92,2169.432343017777,6.953308791723644,462,312
1763086075425,1763086075517,92,2169.432343017777,6.953308791723644,463,312
1763086075457,1763086075550,93,2169.432343017777,6.953308791723644,464,312
1763086075489,1763086075581,92,2169.432343017777,6.953308791723644,465,312
1763086075520,1763086075613,93,2169.432343017777,6.953308791723644,466,312
1763086075552,1763086075645,93,2169.432343017777,6.953308791723644,467,312
1763086075584,1763086075677,93,2109.0535773851684,6.759787107003744,468,312
1763086075616,1763086075709,93,2109.0535773851684,6.759787107003744,469,312
1763086075648,1763086075742,94,2109.0535773851684,6.759787107003744,470,312
1763086075680,1763086075773,93,2109.0535773851684,6.759787107003744,471,312
1763086075713,1763086075805,92,2109.0535773851684,6.759787107003744,472,312
1763086075745,1763086075836,91,2109.0535773851684,6.759787107003744,473,312
1763086075777,1763086075867,90,2109.0535773851684,6.759787107003744,474,312
1763086075807,1763086075899,92,2124.792326134283,6.8102318145329575,475,312
1763086075838,1763086075931,93,2124.792326134283,6.8102318145329575,476,312
1763086075870,1763086075963,93,2124.792326134283,6.8102318145329575,477,312
1763086075902,1763086075995,93,2124.792326134283,6.8102318145329575,478,312
1763086075934,1763086076027,93,2124.792326134283,6.8102318145329575,479,312
1763086075967,1763086076059,92,2124.792326134283,6.8102318145329575,480,312
1763086075998,1763086076091,93,2073.2226916028894,6.644944524368234,481,312
1763086076030,1763086076123,93,2073.2226916028894,6.644944524368234,482,312
1763086076062,1763086076155,93,2073.2226916028894,6.644944524368234,483,312
1763086076094,1763086076186,92,2073.2226916028894,6.644944524368234,484,312
1763086076126,1763086076218,92,2073.2226916028894,6.644944524368234,485,312
1763086076158,1763086076249,91,2073.2226916028894,6.644944524368234,486,312
1763086076190,1763086076279,89,2073.2226916028894,6.644944524368234,487,312
1763086076221,1763086076311,90,2096.2643717494884,6.718796063299641,488,312
1763086076252,1763086076343,91,2096.2643717494884,6.718796063299641,489,312
1763086076283,1763086076374,91,2096.2643717494884,6.718796063299641,490,312
1763086076314,1763086076404,90,2096.2643717494884,6.718796063299641,491,312
1763086076345,1763086076435,90,2096.2643717494884,6.718796063299641,492,312
1763086076376,1763086076466,90,2096.2643717494884,6.718796063299641,493,312
1763086076407,1763086076497,90,2096.2643717494884,6.718796063299641,494,312
1763086076439,1763086076528,89,2113.986968656092,6.775599258513114,495,312
1763086076469,1763086076560,91,2113.986968656092,6.775599258513114,496,312
1763086076500,1763086076592,92,2113.986968656092,6.775599258513114,497,312
1763086076532,1763086076623,91,2113.986968656092,6.775599258513114,498,312
1763086076563,1763086076655,92,2113.986968656092,6.775599258513114,499,312
1763086076595,1763086076686,91,2113.986968656092,6.775599258513114,500,312
1763086076627,1763086076718,91,2064.379640081593,6.616601410517926,501,312
1763086076658,1763086076749,91,2064.379640081593,6.616601410517926,502,312
1763086076689,1763086076780,91,2064.379640081593,6.616601410517926,503,312
1763086076720,1763086076811,91,2064.379640081593,6.616601410517926,504,312
1763086076752,1763086076842,90,2064.379640081593,6.616601410517926,505,312
1763086076783,1763086076874,91,2064.379640081593,6.616601410517926,506,312
1763086076813,1763086076905,92,2064.379640081593,6.616601410517926,507,312
1763086076845,1763086076938,93,2064.379640081593,6.616601410517926,508,312
1763086076877,1763086076969,92,2064.379640081593,6.616601410517926,509,312
1763086076908,1763086077000,92,2064.379640081593,6.616601410517926,510,312
1763086076940,1763086077031,91,2064.379640081593,6.616601410517926,511,312
1763086076971,1763086077061,90,2064.379640081593,6.616601410517926,512,312
1763086077002,1763086077093,91,2064.379640081593,6.616601410517926,513,312
1763086077033,1763086077125,92,2870.9858858485477,9.201877839258167,514,312
1763086077064,1763086077155,91,2870.9858858485477,9.201877839258167,515,312
1763086077095,1763086077186,91,2870.9858858485477,9.201877839258167,516,312
1763086077126,1763086077219,93,2870.9858858485477,9.201877839258167,517,312
1763086077157,1763086077251,94,2870.9858858485477,9.201877839258167,518,312
1763086077189,1763086077280,91,2870.9858858485477,9.201877839258167,519,312
1763086077221,1763086077311,90,2671.1887086788383,8.561502271406534,520,312
1763086077253,1763086077342,89,2671.1887086788383,8.561502271406534,521,312
1763086077290,1763086077372,82,2671.1887086788383,8.561502271406534,522,312
1763086077314,1763086077404,90,2671.1887086788383,8.561502271406534,523,312
1763086077344,1763086077435,91,2671.1887086788383,8.561502271406534,524,312
1763086077375,1763086077466,91,2671.1887086788383,8.561502271406534,525,312
1763086077407,1763086077505,98,2671.1887086788383,8.561502271406534,526,312
1763086077438,1763086077530,92,2570.3406459823186,8.238271301225382,527,312
1763086077470,1763086077579,109,2570.3406459823186,8.238271301225382,528,312
1763086077505,1763086077594,89,2570.3406459823186,8.238271301225382,529,312
1763086077533,1763086077628,95,2570.3406459823186,8.238271301225382,530,312
1763086077566,1763086077666,100,2570.3406459823186,8.238271301225382,531,312
1763086077597,1763086077689,92,2570.3406459823186,8.238271301225382,532,312
1763086077628,1763086077720,92,2429.27583549389,7.786140498377854,533,312
1763086077663,1763086077752,89,2429.27583549389,7.786140498377854,534,312
1763086077692,1763086077783,91,2429.27583549389,7.786140498377854,535,312
1763086077723,1763086077816,93,2429.27583549389,7.786140498377854,536,312
1763086077755,1763086077848,93,2429.27583549389,7.786140498377854,537,312
1763086077787,1763086077879,92,2429.27583549389,7.786140498377854,538,312
1763086077819,1763086077911,92,2429.27583549389,7.786140498377854,539,312
1763086077851,1763086077944,93,2377.7679100401733,7.621050993718505,540,312
1763086077883,1763086077974,91,2377.7679100401733,7.621050993718505,541,312
1763086077914,1763086078006,92,2377.7679100401733,7.621050993718505,542,312
1763086077945,1763086078035,90,2377.7679100401733,7.621050993718505,543,312
1763086077977,1763086078067,90,2377.7679100401733,7.621050993718505,544,312
1763086078007,1763086078098,91,2377.7679100401733,7.621050993718505,545,312
1763086078038,1763086078129,91,2377.7679100401733,7.621050993718505,546,312
1763086078070,1763086078162,92,2338.433024302018,7.494977641993649,547,312
1763086078102,1763086078193,91,2338.433024302018,7.494977641993649,548,312
1763086078132,1763086078224,92,2338.433024302018,7.494977641993649,549,312
1763086078164,1763086078255,91,2338.433024302018,7.494977641993649,550,312
1763086078195,1763086078286,91,2338.433024302018,7.494977641993649,551,312
1763086078226,1763086078317,91,2338.433024302018,7.494977641993649,552,312
1763086078258,1763086078349,91,2243.2806873444065,7.190002203026944,553,312
1763086078289,1763086078380,91,2243.2806873444065,7.190002203026944,554,312
1763086078321,1763086078411,90,2243.2806873444065,7.190002203026944,555,312
1763086078352,1763086078443,91,2243.2806873444065,7.190002203026944,556,312
1763086078383,1763086078474,91,2243.2806873444065,7.190002203026944,557,312
1763086078414,1763086078506,92,2243.2806873444065,7.190002203026944,558,312
1763086078446,1763086078537,91,2169.0245498755253,6.952001762421555,559,312
1763086078477,1763086078569,92,2169.0245498755253,6.952001762421555,560,312
1763086078509,1763086078600,91,2169.0245498755253,6.952001762421555,561,312
1763086078540,1763086078632,92,2169.0245498755253,6.952001762421555,562,312
1763086078572,1763086078664,92,2169.0245498755253,6.952001762421555,563,312
1763086078603,1763086078696,93,2169.0245498755253,6.952001762421555,564,312
1763086078634,1763086078726,92,2169.0245498755253,6.952001762421555,565,312
1763086078666,1763086078757,91,2172.139443501416,6.961985395837872,566,312
1763086078698,1763086078787,89,2172.139443501416,6.961985395837872,567,312
1763086078728,1763086078820,92,2172.139443501416,6.961985395837872,568,312
1763086078759,1763086078849,90,2172.139443501416,6.961985395837872,569,312
1763086078790,1763086078881,91,2172.139443501416,6.961985395837872,570,312
1763086078822,1763086078912,90,2172.139443501416,6.961985395837872,571,312
1763086078853,1763086078945,92,2172.139443501416,6.961985395837872,572,312
1763086078884,1763086078976,92,2172.139443501416,6.961985395837872,573,312
1763086078915,1763086079007,92,2172.139443501416,6.961985395837872,574,312
1763086078947,1763086079037,90,2172.139443501416,6.961985395837872,575,312
1763086078978,1763086079068,90,2172.139443501416,6.961985395837872,576,312
1763086079010,1763086079099,89,2172.139443501416,6.961985395837872,577,312
1763086079040,1763086079130,90,2172.139443501416,6.961985395837872,578,312
1763086079071,1763086079161,90,2933.219108326844,9.401343295919371,579,312
1763086079103,1763086079193,90,2933.219108326844,9.401343295919371,580,312
1763086079133,1763086079224,91,2933.219108326844,9.401343295919371,581,312
1763086079165,1763086079255,90,2933.219108326844,9.401343295919371,582,312
1763086079196,1763086079286,90,2933.219108326844,9.401343295919371,583,312
1763086079227,1763086079316,89,2933.219108326844,9.401343295919371,584,312
1763086079258,1763086079348,90,2933.219108326844,9.401343295919371,585,312
1763086079288,1763086079380,92,2781.1276293364945,8.91387060684774,586,312
1763086079319,1763086079412,93,2781.1276293364945,8.91387060684774,587,312
1763086079351,1763086079444,93,2781.1276293364945,8.91387060684774,588,312
1763086079383,1763086079476,93,2781.1276293364945,8.91387060684774,589,312
1763086079415,1763086079508,93,2781.1276293364945,8.91387060684774,590,312
1763086079447,1763086079540,93,2781.1276293364945,8.91387060684774,591,312
1763086079479,1763086079572,93,2592.029082434504,8.30778552062341,592,312
1763086079511,1763086079604,93,2592.029082434504,8.30778552062341,593,312
1763086079544,1763086079636,92,2592.029082434504,8.30778552062341,594,312
1763086079575,1763086079668,93,2592.029082434504,8.30778552062341,595,312
1763086079607,1763086079700,93,2592.029082434504,8.30778552062341,596,312
1763086079639,1763086079732,93,2592.029082434504,8.30778552062341,597,312
1763086079671,1763086079764,93,2445.143149617865,7.836997274416235,598,312
1763086079703,1763086079796,93,2445.143149617865,7.836997274416235,599,312
1763086079736,1763086079828,92,2445.143149617865,7.836997274416235,600,312
1763086079767,1763086079859,92,2445.143149617865,7.836997274416235,601,312
1763086079799,1763086079890,91,2445.143149617865,7.836997274416235,602,312
1763086079830,1763086079920,90,2445.143149617865,7.836997274416235,603,312
1763086079861,1763086079951,90,2445.143149617865,7.836997274416235,604,312
1763086079892,1763086079982,90,2391.347660796585,7.664575835886491,605,312
1763086079923,1763086080013,90,2391.347660796585,7.664575835886491,606,312
1763086079954,1763086080045,91,2391.347660796585,7.664575835886491,607,312
1763086079985,1763086080077,92,2391.347660796585,7.664575835886491,608,312
1763086080019,1763086080109,90,2391.347660796585,7.664575835886491,609,312
1763086080048,1763086080141,93,2391.347660796585,7.664575835886491,610,312
1763086080080,1763086080173,93,2285.920085654878,7.326666941201533,611,312
1763086080112,1763086080203,91,2285.920085654878,7.326666941201533,612,312
1763086080145,1763086080234,89,2285.920085654878,7.326666941201533,613,312
1763086080176,1763086080265,89,2285.920085654878,7.326666941201533,614,312
1763086080206,1763086080296,90,2285.920085654878,7.326666941201533,615,312
1763086080237,1763086080327,90,2285.920085654878,7.326666941201533,616,312
1763086080268,1763086080359,91,2285.920085654878,7.326666941201533,617,312
1763086080299,1763086080390,91,2265.2303082669378,7.260353552137622,618,312
1763086080330,1763086080420,90,2265.2303082669378,7.260353552137622,619,312
1763086080361,1763086080451,90,2265.2303082669378,7.260353552137622,620,312
1763086080392,1763086080482,90,2265.2303082669378,7.260353552137622,621,312
1763086080423,1763086080515,92,2265.2303082669378,7.260353552137622,622,312
1763086080455,1763086080546,91,2265.2303082669378,7.260353552137622,623,312
1763086080485,1763086080577,92,2186.58424661355,7.0082828417100975,624,312
1763086080517,1763086080607,90,2186.58424661355,7.0082828417100975,625,312
1763086080548,1763086080639,91,2186.58424661355,7.0082828417100975,626,312
1763086080578,1763086080670,92,2186.58424661355,7.0082828417100975,627,312
1763086080610,1763086080702,92,2186.58424661355,7.0082828417100975,628,312
1763086080641,1763086080732,91,2186.58424661355,7.0082828417100975,629,312
1763086080672,1763086080764,92,2186.58424661355,7.0082828417100975,630,312
1763086080704,1763086080795,91,2186.049307564545,7.006568293476107,631,312
1763086080735,1763086080826,91,2186.049307564545,7.006568293476107,632,312
1763086080767,1763086080856,89,2186.049307564545,7.006568293476107,633,312
1763086080798,1763086080888,90,2186.049307564545,7.006568293476107,634,312
1763086080829,1763086080919,90,2186.049307564545,7.006568293476107,635,312
1763086080860,1763086080952,92,2186.049307564545,7.006568293476107,636,312
1763086080891,1763086080982,91,2186.049307564545,7.006568293476107,637,312
1763086080923,1763086081014,91,2186.049307564545,7.006568293476107,638,312
1763086080953,1763086081045,92,2186.049307564545,7.006568293476107,639,312
1763086080984,1763086081076,92,2186.049307564545,7.006568293476107,640,312
1763086081015,1763086081107,92,2186.049307564545,7.006568293476107,641,312
1763086081047,1763086081138,91,2186.049307564545,7.006568293476107,642,312
1763086081078,1763086081169,91,2186.049307564545,7.006568293476107,643,312
1763086081109,1763086081200,91,2941.509387308469,9.42791470291176,644,312
1763086081140,1763086081232,92,2941.509387308469,9.42791470291176,645,312
1763086081171,1763086081263,92,2941.509387308469,9.42791470291176,646,312
1763086081202,1763086081293,91,2941.509387308469,9.42791470291176,647,312
1763086081234,1763086081324,90,2941.509387308469,9.42791470291176,648,312
1763086081264,1763086081355,91,2941.509387308469,9.42791470291176,649,312
1763086081296,1763086081386,90,2941.509387308469,9.42791470291176,650,312
1763086081327,1763086081417,90,2788.492491072158,8.937475932923585,651,312
1763086081358,1763086081448,90,2788.492491072158,8.937475932923585,652,312
1763086081388,1763086081479,91,2788.492491072158,8.937475932923585,653,312
1763086081420,1763086081510,90,2788.492491072158,8.937475932923585,654,312
1763086081451,1763086081541,90,2788.492491072158,8.937475932923585,655,312
1763086081481,1763086081573,92,2788.492491072158,8.937475932923585,656,312
1763086081513,1763086081603,90,2603.361007875582,8.34410579447302,657,312
1763086081544,1763086081634,90,2603.361007875582,8.34410579447302,658,312
1763086081575,1763086081665,90,2603.361007875582,8.34410579447302,659,312
1763086081606,1763086081696,90,2603.361007875582,8.34410579447302,660,312
1763086081637,1763086081728,91,2603.361007875582,8.34410579447302,661,312
1763086081668,1763086081758,90,2603.361007875582,8.34410579447302,662,312
1763086081699,1763086081792,93,2457.0888063004654,7.875284635578415,663,312
1763086081730,1763086081821,91,2457.0888063004654,7.875284635578415,664,312
1763086081761,1763086081853,92,2457.0888063004654,7.875284635578415,665,312
1763086081792,1763086081883,91,2457.0888063004654,7.875284635578415,666,312
1763086081824,1763086081914,90,2457.0888063004654,7.875284635578415,667,312
1763086081855,1763086081946,91,2457.0888063004654,7.875284635578415,668,312
1763086081886,1763086081978,92,2457.0888063004654,7.875284635578415,669,312
1763086081917,1763086082010,93,2400.5594233962693,7.694100716013684,670,312
1763086081949,1763086082042,93,2400.5594233962693,7.694100716013684,671,312
1763086081981,1763086082072,91,2400.5594233962693,7.694100716013684,672,312
1763086082013,1763086082104,91,2400.5594233962693,7.694100716013684,673,312
1763086082044,1763086082137,93,2400.5594233962693,7.694100716013684,674,312
1763086082076,1763086082170,94,2400.5594233962693,7.694100716013684,675,312
1763086082107,1763086082204,97,2291.6761821766377,7.345115968514865,676,312
1763086082139,1763086082230,91,2291.6761821766377,7.345115968514865,677,312
1763086082171,1763086082262,91,2291.6761821766377,7.345115968514865,678,312
1763086082203,1763086082296,93,2291.6761821766377,7.345115968514865,679,312
1763086082233,1763086082326,93,2291.6761821766377,7.345115968514865,680,312
1763086082265,1763086082357,92,2291.6761821766377,7.345115968514865,681,312
1763086082298,1763086082388,90,2291.6761821766377,7.345115968514865,682,312
1763086082329,1763086082419,90,2269.8179171947804,7.275057426906347,683,312
1763086082360,1763086082453,93,2269.8179171947804,7.275057426906347,684,312
1763086082391,1763086082483,92,2269.8179171947804,7.275057426906347,685,312
1763086082423,1763086082514,91,2269.8179171947804,7.275057426906347,686,312
1763086082457,1763086082546,89,2269.8179171947804,7.275057426906347,687,312
1763086082486,1763086082579,93,2269.8179171947804,7.275057426906347,688,312
1763086082517,1763086082609,92,2189.4586979214346,7.017495826671265,689,312
1763086082549,1763086082641,92,2189.4586979214346,7.017495826671265,690,312
1763086082581,1763086082671,90,2189.4586979214346,7.017495826671265,691,312
1763086082613,1763086082702,89,2189.4586979214346,7.017495826671265,692,312
1763086082643,1763086082734,91,2189.4586979214346,7.017495826671265,693,312
1763086082674,1763086082765,91,2189.4586979214346,7.017495826671265,694,312
1763086082706,1763086082798,92,2189.4586979214346,7.017495826671265,695,312
1763086082737,1763086082829,92,2188.323288753776,7.013856694723642,696,312
1763086082768,1763086082861,93,2188.323288753776,7.013856694723642,697,312
1763086082800,1763086082893,93,2188.323288753776,7.013856694723642,698,312
1763086082832,1763086082925,93,2188.323288753776,7.013856694723642,699,312
1763086082864,1763086082957,93,2188.323288753776,7.013856694723642,700,312
1763086082896,1763086082989,93,2188.323288753776,7.013856694723642,701,312
1763086082928,1763086083020,92,2124.1096611367593,6.808043785694743,702,312
1763086082960,1763086083052,92,2124.1096611367593,6.808043785694743,703,312
1763086082991,1763086083084,93,2124.1096611367593,6.808043785694743,704,312
1763086083023,1763086083115,92,2124.1096611367593,6.808043785694743,705,312
1763086083055,1763086083147,92,2124.1096611367593,6.808043785694743,706,312
1763086083087,1763086083178,91,2124.1096611367593,6.808043785694743,707,312
1763086083118,1763086083226,108,2072.175070942587,6.641586765841626,708,312
1763086083149,1763086083242,93,2072.175070942587,6.641586765841626,709,312
1763086083181,1763086083274,93,2072.175070942587,6.641586765841626,710,312
1763086083213,1763086083307,94,2072.175070942587,6.641586765841626,711,312
1763086083245,1763086083335,90,2072.175070942587,6.641586765841626,712,312
1763086083280,1763086083367,87,2072.175070942587,6.641586765841626,713,312
1763086083308,1763086083398,90,2072.175070942587,6.641586765841626,714,312
1763086083338,1763086083430,92,2094.9873564702993,6.7147030656099345,715,312
1763086083369,1763086083462,93,2094.9873564702993,6.7147030656099345,716,312
1763086083401,1763086083494,93,2094.9873564702993,6.7147030656099345,717,312
1763086083433,1763086083526,93,2094.9873564702993,6.7147030656099345,718,312
1763086083465,1763086083558,93,2094.9873564702993,6.7147030656099345,719,312
1763086083497,1763086083589,92,2094.9873564702993,6.7147030656099345,720,312
1763086083529,1763086083620,91,2094.9873564702993,6.7147030656099345,721,312
1763086083561,1763086083652,91,2113.6800116115364,6.774615421831848,722,312
1763086083592,1763086083683,91,2113.6800116115364,6.774615421831848,723,312
1763086083623,1763086083715,92,2113.6800116115364,6.774615421831848,724,312
1763086083655,1763086083748,93,2113.6800116115364,6.774615421831848,725,312
1763086083687,1763086083780,93,2113.6800116115364,6.774615421831848,726,312
1763086083719,1763086083813,94,2113.6800116115364,6.774615421831848,727,312
1763086083751,1763086083844,93,2064.377289242783,6.616593875778151,728,312
1763086083783,1763086083877,94,2064.377289242783,6.616593875778151,729,312
1763086083815,1763086083908,93,2064.377289242783,6.616593875778151,730,312
1763086083847,1763086083940,93,2064.377289242783,6.616593875778151,731,312
1763086083879,1763086083973,94,2064.377289242783,6.616593875778151,732,312
1763086083912,1763086084004,92,2064.377289242783,6.616593875778151,733,312
1763086083945,1763086084036,91,2064.377289242783,6.616593875778151,734,312
1763086083975,1763086084067,92,2089.6176812125555,6.697492567988961,735,312
1763086084007,1763086084100,93,2089.6176812125555,6.697492567988961,736,312
1763086084038,1763086084131,93,2089.6176812125555,6.697492567988961,737,312
1763086084070,1763086084162,92,2089.6176812125555,6.697492567988961,738,312
1763086084102,1763086084193,91,2089.6176812125555,6.697492567988961,739,312
1763086084133,1763086084225,92,2089.6176812125555,6.697492567988961,740,312
1763086084164,1763086084257,93,2045.6589096076193,6.556599069255191,741,312
1763086084196,1763086084289,93,2045.6589096076193,6.556599069255191,742,312
1763086084228,1763086084322,94,2045.6589096076193,6.556599069255191,743,312
1763086084260,1763086084353,93,2045.6589096076193,6.556599069255191,744,312
1763086084292,1763086084385,93,2045.6589096076193,6.556599069255191,745,312
1763086084324,1763086084417,93,2045.6589096076193,6.556599069255191,746,312
1763086084356,1763086084449,93,2045.6589096076193,6.556599069255191,747,312
1763086084388,1763086084481,93,2074.987220770804,6.650600066573091,748,312
1763086084420,1763086084513,93,2074.987220770804,6.650600066573091,749,312
1763086084452,1763086084545,93,2074.987220770804,6.650600066573091,750,312
1763086084484,1763086084576,92,2074.987220770804,6.650600066573091,751,312
1763086084516,1763086084607,91,2074.987220770804,6.650600066573091,752,312
1763086084548,1763086084640,92,2074.987220770804,6.650600066573091,753,312
1763086084591,1763086084687,96,2033.1718532920183,6.516576452859034,754,312
1763086084628,1763086084719,91,2033.1718532920183,6.516576452859034,755,312
1763086084658,1763086084751,93,2033.1718532920183,6.516576452859034,756,312
1763086084690,1763086084782,92,2033.1718532920183,6.516576452859034,757,312
1763086084722,1763086084813,91,2033.1718532920183,6.516576452859034,758,312
1763086084754,1763086084844,90,2033.1718532920183,6.516576452859034,759,312
1763086084785,1763086084875,90,2000.9374826336148,6.4132611622872275,760,312
1763086084816,1763086084907,91,2000.9374826336148,6.4132611622872275,761,312
1763086084846,1763086084939,93,2000.9374826336148,6.4132611622872275,762,312
1763086084878,1763086084971,93,2000.9374826336148,6.4132611622872275,763,312
1763086084910,1763086085003,93,2000.9374826336148,6.4132611622872275,764,312
1763086084942,1763086085035,93,2000.9374826336148,6.4132611622872275,765,312
1763086084974,1763086085066,92,2000.9374826336148,6.4132611622872275,766,312
1763086085006,1763086085098,92,2039.563673797922,6.537063057044622,767,312
1763086085038,1763086085130,92,2039.563673797922,6.537063057044622,768,312
1763086085069,1763086085161,92,2039.563673797922,6.537063057044622,769,312
1763086085101,1763086085193,92,2039.563673797922,6.537063057044622,770,312
1763086085133,1763086085225,92,2039.563673797922,6.537063057044622,771,312
1763086085164,1763086085257,93,2039.563673797922,6.537063057044622,772,312
1763086085196,1763086085289,93,2005.548248016944,6.428039256464564,773,312
1763086085228,1763086085322,94,2005.548248016944,6.428039256464564,774,312
1763086085260,1763086085354,94,2005.548248016944,6.428039256464564,775,312
1763086085292,1763086085383,91,2005.548248016944,6.428039256464564,776,312
1763086085323,1763086085416,93,2005.548248016944,6.428039256464564,777,312
1763086085354,1763086085447,93,2005.548248016944,6.428039256464564,778,312
1763086085387,1763086085476,89,2005.548248016944,6.428039256464564,779,312
1763086085418,1763086085508,90,2042.4877606774367,6.546435130376399,780,312
1763086085448,1763086085540,92,2042.4877606774367,6.546435130376399,781,312
1763086085479,1763086085572,93,2042.4877606774367,6.546435130376399,782,312
1763086085511,1763086085603,92,2042.4877606774367,6.546435130376399,783,312
1763086085543,1763086085635,92,2042.4877606774367,6.546435130376399,784,312
1763086085575,1763086085668,93,2042.4877606774367,6.546435130376399,785,312
1763086085606,1763086085699,93,2007.878745259917,6.43550879890999,786,312
1763086085638,1763086085731,93,2007.878745259917,6.43550879890999,787,312
1763086085670,1763086085763,93,2007.878745259917,6.43550879890999,788,312
1763086085702,1763086085794,92,2007.878745259917,6.43550879890999,789,312
1763086085734,1763086085825,91,2007.878745259917,6.43550879890999,790,312
1763086085765,1763086085857,92,2007.878745259917,6.43550879890999,791,312
1763086085797,1763086085889,92,2007.878745259917,6.43550879890999,792,312
1763086085829,1763086085921,92,2044.6880875005943,6.553487459937802,793,312
1763086085860,1763086085951,91,2044.6880875005943,6.553487459937802,794,312
1763086085891,1763086085982,91,2044.6880875005943,6.553487459937802,795,312
1763086085923,1763086086013,90,2044.6880875005943,6.553487459937802,796,312
1763086085954,1763086086044,90,2044.6880875005943,6.553487459937802,797,312
1763086085985,1763086086076,91,2044.6880875005943,6.553487459937802,798,312
1763086086016,1763086086108,92,2010.1504700004755,6.442789967950242,799,312
1763086086048,1763086086138,90,2010.1504700004755,6.442789967950242,800,312
1763086086078,1763086086169,91,2010.1504700004755,6.442789967950242,801,312
1763086086110,1763086086202,92,2010.1504700004755,6.442789967950242,802,312
1763086086141,1763086086233,92,2010.1504700004755,6.442789967950242,803,312
1763086086172,1763086086264,92,2010.1504700004755,6.442789967950242,804,312
1763086086204,1763086086296,92,2010.1504700004755,6.442789967950242,805,312
1763086086236,1763086086328,92,2046.3111722403767,6.558689654616591,806,312
1763086086267,1763086086360,93,2046.3111722403767,6.558689654616591,807,312
1763086086299,1763086086392,93,2046.3111722403767,6.558689654616591,808,312
1763086086331,1763086086424,93,2046.3111722403767,6.558689654616591,809,312
1763086086363,1763086086456,93,2046.3111722403767,6.558689654616591,810,312
1763086086395,1763086086488,93,2046.3111722403767,6.558689654616591,811,312
1763086086427,1763086086520,93,2010.75169310334,6.444716965074806,812,312
1763086086459,1763086086552,93,2010.75169310334,6.444716965074806,813,312
1763086086491,1763086086584,93,2010.75169310334,6.444716965074806,814,312
1763086086523,1763086086616,93,2010.75169310334,6.444716965074806,815,312
1763086086555,1763086086648,93,2010.75169310334,6.444716965074806,816,312
1763086086587,1763086086680,93,2010.75169310334,6.444716965074806,817,312
1763086086619,1763086086712,93,2010.75169310334,6.444716965074806,818,312
1763086086651,1763086086744,93,2047.480334165432,6.562436968478948,819,312
1763086086683,1763086086775,92,2047.480334165432,6.562436968478948,820,312
1763086086715,1763086086807,92,2047.480334165432,6.562436968478948,821,312
1763086086746,1763086086839,93,2047.480334165432,6.562436968478948,822,312
1763086086778,1763086086871,93,2047.480334165432,6.562436968478948,823,312
1763086086810,1763086086903,93,2047.480334165432,6.562436968478948,824,312
1763086086843,1763086086935,92,2011.8578263298493,6.448262263877721,825,312
1763086086874,1763086086967,93,2011.8578263298493,6.448262263877721,826,312
1763086086906,1763086086999,93,2011.8578263298493,6.448262263877721,827,312
1763086086938,1763086087030,92,2011.8578263298493,6.448262263877721,828,312
1763086086970,1763086087062,92,2011.8578263298493,6.448262263877721,829,312
1763086087001,1763086087094,93,2011.8578263298493,6.448262263877721,830,312
1763086087033,1763086087126,93,2011.8578263298493,6.448262263877721,831,312
1763086087065,1763086087157,92,2048.007682800581,6.5641271884634,832,312
1763086087097,1763086087188,91,2048.007682800581,6.5641271884634,833,312
1763086087129,1763086087219,90,2048.007682800581,6.5641271884634,834,312
1763086087160,1763086087250,90,2048.007682800581,6.5641271884634,835,312
1763086087191,1763086087281,90,2048.007682800581,6.5641271884634,836,312
1763086087222,1763086087312,90,2048.007682800581,6.5641271884634,837,312
1763086087253,1763086087344,91,2048.007682800581,6.5641271884634,838,312
1763086087284,1763086087376,92,2075.614123192063,6.652609369205329,839,312
1763086087316,1763086087408,92,2075.614123192063,6.652609369205329,840,312
1763086087348,1763086087439,91,2075.614123192063,6.652609369205329,841,312
1763086087379,1763086087471,92,2075.614123192063,6.652609369205329,842,312
1763086087411,1763086087504,93,2075.614123192063,6.652609369205329,843,312
1763086087442,1763086087535,93,2075.614123192063,6.652609369205329,844,312
1763086087474,1763086087565,91,2034.076842060882,6.519477057887443,845,312
1763086087505,1763086087595,90,2034.076842060882,6.519477057887443,846,312
1763086087537,1763086087629,92,2034.076842060882,6.519477057887443,847,312
1763086087567,1763086087660,93,2034.076842060882,6.519477057887443,848,312
1763086087599,1763086087690,91,2034.076842060882,6.519477057887443,849,312
1763086087631,1763086087721,90,2034.076842060882,6.519477057887443,850,312
1763086087662,1763086087753,91,2001.4993968066447,6.415062169252066,851,312
1763086087693,1763086087785,92,2001.4993968066447,6.415062169252066,852,312
1763086087724,1763086087816,92,2001.4993968066447,6.415062169252066,853,312
1763086087756,1763086087848,92,2001.4993968066447,6.415062169252066,854,312
1763086087787,1763086087879,92,2001.4993968066447,6.415062169252066,855,312
1763086087819,1763086087911,92,2001.4993968066447,6.415062169252066,856,312
1763086087851,1763086087942,91,2001.4993968066447,6.415062169252066,857,312
1763086087883,1763086087974,91,2039.4595222708626,6.536729238047637,858,312
1763086087914,1763086088006,92,2039.4595222708626,6.536729238047637,859,312
1763086087945,1763086088036,91,2039.4595222708626,6.536729238047637,860,312
1763086087977,1763086088067,90,2039.4595222708626,6.536729238047637,861,312
1763086088008,1763086088097,89,2039.4595222708626,6.536729238047637,862,312
1763086088039,1763086088128,89,2039.4595222708626,6.536729238047637,863,312
1763086088069,1763086088159,90,2039.4595222708626,6.536729238047637,864,312
1763086088100,1763086088190,90,2068.6566987721485,6.630309931962015,865,312
1763086088131,1763086088222,91,2068.6566987721485,6.630309931962015,866,312
1763086088162,1763086088253,91,2068.6566987721485,6.630309931962015,867,312
1763086088193,1763086088287,94,2068.6566987721485,6.630309931962015,868,312
1763086088224,1763086088316,92,2068.6566987721485,6.630309931962015,869,312
1763086088256,1763086088348,92,2068.6566987721485,6.630309931962015,870,312
1763086088288,1763086088381,93,2028.5387322226302,6.501726705841763,871,312
1763086088319,1763086088410,91,2028.5387322226302,6.501726705841763,872,312
1763086088351,1763086088441,90,2028.5387322226302,6.501726705841763,873,312
1763086088383,1763086088473,90,2028.5387322226302,6.501726705841763,874,312
1763086088413,1763086088506,93,2028.5387322226302,6.501726705841763,875,312
1763086088445,1763086088538,93,2028.5387322226302,6.501726705841763,876,312
1763086088477,1763086088570,93,1996.7613695814362,6.399876184555885,877,312
1763086088509,1763086088600,91,1996.7613695814362,6.399876184555885,878,312
1763086088541,1763086088631,90,1996.7613695814362,6.399876184555885,879,312
1763086088572,1763086088663,91,1996.7613695814362,6.399876184555885,880,312
1763086088603,1763086088695,92,1996.7613695814362,6.399876184555885,881,312
1763086088634,1763086088727,93,1996.7613695814362,6.399876184555885,882,312
1763086088666,1763086088756,90,1996.7613695814362,6.399876184555885,883,312
1763086088697,1763086088787,90,2035.1452888172416,6.522901566721929,884,312
1763086088728,1763086088819,91,2035.1452888172416,6.522901566721929,885,312
1763086088758,1763086088851,93,2035.1452888172416,6.522901566721929,886,312
1763086088790,1763086088883,93,2035.1452888172416,6.522901566721929,887,312
1763086088823,1763086088914,91,2035.1452888172416,6.522901566721929,888,312
1763086088855,1763086088946,91,2035.1452888172416,6.522901566721929,889,312
1763086088885,1763086088977,92,2002.1899404761589,6.417275450244099,890,312
1763086088916,1763086089008,92,2002.1899404761589,6.417275450244099,891,312
1763086088947,1763086089038,91,2002.1899404761589,6.417275450244099,892,312
1763086088978,1763086089070,92,2002.1899404761589,6.417275450244099,893,312
1763086089009,1763086089101,92,2002.1899404761589,6.417275450244099,894,312
1763086089040,1763086089132,92,2002.1899404761589,6.417275450244099,895,312
1763086089071,1763086089162,91,2002.1899404761589,6.417275450244099,896,312
1763086089102,1763086089193,91,2039.0973825594986,6.535568533844547,897,312
1763086089133,1763086089223,90,2039.0973825594986,6.535568533844547,898,312
1763086089163,1763086089255,92,2039.0973825594986,6.535568533844547,899,312
1763086089195,1763086089285,90,2039.0973825594986,6.535568533844547,900,312
1763086089227,1763086089316,89,2039.0973825594986,6.535568533844547,901,312
1763086089257,1763086089348,91,2039.0973825594986,6.535568533844547,902,312
1763086089288,1763086089379,91,2039.0973825594986,6.535568533844547,903,312
1763086089319,1763086089411,92,2039.0973825594986,6.535568533844547,904,312
1763086089351,1763086089442,91,2039.0973825594986,6.535568533844547,905,312
1763086089383,1763086089473,90,2039.0973825594986,6.535568533844547,906,312
1763086089414,1763086089505,91,2039.0973825594986,6.535568533844547,907,312
1763086089445,1763086089537,92,2039.0973825594986,6.535568533844547,908,312
1763086089476,1763086089568,92,2039.0973825594986,6.535568533844547,909,312
1763086089508,1763086089599,91,2857.959845240342,9.16012770910366,910,312
1763086089539,1763086089629,90,2857.959845240342,9.16012770910366,911,312
1763086089570,1763086089661,91,2857.959845240342,9.16012770910366,912,312
1763086089601,1763086089692,91,2857.959845240342,9.16012770910366,913,312
1763086089632,1763086089740,108,2857.959845240342,9.16012770910366,914,312
1763086089663,1763086089755,92,2857.959845240342,9.16012770910366,915,312
1763086089694,1763086089785,91,2857.959845240342,9.16012770910366,916,312
1763086089731,1763086089817,86,2857.959845240342,9.16012770910366,917,312
1763086089757,1763086089849,92,2857.959845240342,9.16012770910366,918,312
1763086089788,1763086089880,92,2857.959845240342,9.16012770910366,919,312
1763086089820,1763086089912,92,2857.959845240342,9.16012770910366,920,312
1763086089852,1763086089943,91,2857.959845240342,9.16012770910366,921,312
1763086089884,1763086089974,90,2857.959845240342,9.16012770910366,922,312
1763086089915,1763086090005,90,3345.5621882275227,10.72295573149847,923,312
1763086089946,1763086090036,90,3345.5621882275227,10.72295573149847,924,312
1763086089977,1763086090067,90,3345.5621882275227,10.72295573149847,925,312
1763086090008,1763086090098,90,3345.5621882275227,10.72295573149847,926,312
1763086090039,1763086090128,89,3345.5621882275227,10.72295573149847,927,312
1763086090069,1763086090161,92,3345.5621882275227,10.72295573149847,928,312
1763086090101,1763086090193,92,3050.8497505820183,9.778364585198776,929,312
1763086090131,1763086090223,92,3050.8497505820183,9.778364585198776,930,312
1763086090163,1763086090255,92,3050.8497505820183,9.778364585198776,931,312
1763086090195,1763086090287,92,3050.8497505820183,9.778364585198776,932,312
1763086090226,1763086090319,93,3050.8497505820183,9.778364585198776,933,312
1763086090258,1763086090351,93,3050.8497505820183,9.778364585198776,934,312
1763086090290,1763086090382,92,3050.8497505820183,9.778364585198776,935,312
1763086090322,1763086090414,92,2870.5450024609586,9.200464751477432,936,312
1763086090354,1763086090445,91,2870.5450024609586,9.200464751477432,937,312
1763086090384,1763086090477,93,2870.5450024609586,9.200464751477432,938,312
1763086090417,1763086090509,92,2870.5450024609586,9.200464751477432,939,312
1763086090448,1763086090541,93,2870.5450024609586,9.200464751477432,940,312
1763086090480,1763086090573,93,2870.5450024609586,9.200464751477432,941,312
1763086090512,1763086090605,93,2666.841821958923,8.547569942176036,942,312
1763086090544,1763086090637,93,2666.841821958923,8.547569942176036,943,312
1763086090576,1763086090669,93,2666.841821958923,8.547569942176036,944,312
1763086090608,1763086090701,93,2666.841821958923,8.547569942176036,945,312
1763086090640,1763086090733,93,2666.841821958923,8.547569942176036,946,312
1763086090672,1763086090764,92,2666.841821958923,8.547569942176036,947,312
1763086090704,1763086090799,95,2666.841821958923,8.547569942176036,948,312
1763086090736,1763086090828,92,2564.4793557036314,8.219485114434717,949,312
1763086090767,1763086090859,92,2564.4793557036314,8.219485114434717,950,312
1763086090799,1763086090892,93,2564.4793557036314,8.219485114434717,951,312
1763086090831,1763086090923,92,2564.4793557036314,8.219485114434717,952,312
1763086090863,1763086090955,92,2564.4793557036314,8.219485114434717,953,312
1763086090895,1763086090987,92,2564.4793557036314,8.219485114434717,954,312
1763086090926,1763086091017,91,2425.9834845629052,7.775588091547773,955,312
1763086090958,1763086091048,90,2425.9834845629052,7.775588091547773,956,312
1763086090989,1763086091079,90,2425.9834845629052,7.775588091547773,957,312
1763086091020,1763086091111,91,2425.9834845629052,7.775588091547773,958,312
1763086091051,1763086091144,93,2425.9834845629052,7.775588091547773,959,312
1763086091082,1763086091175,93,2425.9834845629052,7.775588091547773,960,312
1763086091114,1763086091205,91,2425.9834845629052,7.775588091547773,961,312
1763086091146,1763086091236,90,2375.650919773821,7.614265768505836,962,312
1763086091177,1763086091268,91,2375.650919773821,7.614265768505836,963,312
1763086091208,1763086091300,92,2375.650919773821,7.614265768505836,964,312
1763086091240,1763086091332,92,2375.650919773821,7.614265768505836,965,312
1763086091271,1763086091363,92,2375.650919773821,7.614265768505836,966,312
1763086091302,1763086091395,93,2375.650919773821,7.614265768505836,967,312
1763086091334,1763086091427,93,2274.417084899283,7.289798349036163,968,312
1763086091365,1763086091457,92,2274.417084899283,7.289798349036163,969,312
1763086091396,1763086091488,92,2274.417084899283,7.289798349036163,970,312
1763086091428,1763086091519,91,2274.417084899283,7.289798349036163,971,312
1763086091459,1763086091550,91,2274.417084899283,7.289798349036163,972,312
1763086091491,1763086091581,90,2274.417084899283,7.289798349036163,973,312
1763086091522,1763086091611,89,2274.417084899283,7.289798349036163,974,312
1763086091552,1763086091642,90,2256.0624166647285,7.230969284181822,975,312
1763086091583,1763086091675,92,2256.0624166647285,7.230969284181822,976,312
1763086091613,1763086091706,93,2256.0624166647285,7.230969284181822,977,312
1763086091645,1763086091737,92,2256.0624166647285,7.230969284181822,978,312
1763086091677,1763086091769,92,2256.0624166647285,7.230969284181822,979,312
1763086091708,1763086091802,94,2256.0624166647285,7.230969284181822,980,312
1763086091740,1763086091831,91,2178.865870915118,6.983544458061276,981,312
1763086091771,1763086091863,92,2178.865870915118,6.983544458061276,982,312
1763086091802,1763086091892,90,2178.865870915118,6.983544458061276,983,312
1763086091834,1763086091924,90,2178.865870915118,6.983544458061276,984,312
1763086091864,1763086091954,90,2178.865870915118,6.983544458061276,985,312
1763086091895,1763086091986,91,2178.865870915118,6.983544458061276,986,312
1763086091926,1763086092018,92,2178.865870915118,6.983544458061276,987,312
1763086091958,1763086092048,90,2179.9235015066038,6.986934299700653,988,312
1763086091988,1763086092080,92,2179.9235015066038,6.986934299700653,989,312
1763086092020,1763086092111,91,2179.9235015066038,6.986934299700653,990,312
1763086092051,1763086092143,92,2179.9235015066038,6.986934299700653,991,312
1763086092082,1763086092176,94,2179.9235015066038,6.986934299700653,992,312
1763086092114,1763086092210,96,2179.9235015066038,6.986934299700653,993,312
1763086092146,1763086092239,93,2117.7229542022696,6.787573571161121,994,312
1763086092178,1763086092269,91,2117.7229542022696,6.787573571161121,995,312
1763086092210,1763086092300,90,2117.7229542022696,6.787573571161121,996,312
1763086092240,1763086092330,90,2117.7229542022696,6.787573571161121,997,312
1763086092271,1763086092361,90,2117.7229542022696,6.787573571161121,998,312
1763086092302,1763086092391,89,2117.7229542022696,6.787573571161121,999,312
1763086092333,1763086092422,89,2117.7229542022696,6.787573571161121,1000,312
1763086092364,1763086092453,89,2131.177194499209,6.830696136215414,1001,312
1763086092394,1763086092484,90,2131.177194499209,6.830696136215414,1002,312
1763086092425,1763086092517,92,2131.177194499209,6.830696136215414,1003,312
1763086092456,1763086092547,91,2131.177194499209,6.830696136215414,1004,312
1763086092488,1763086092578,90,2131.177194499209,6.830696136215414,1005,312
1763086092507,1763086092593,86,2131.177194499209,6.830696136215414,1006,312
1763086092535,1763086092625,90,2131.177194499209,6.830696136215414,1007,312
1763086092566,1763086092657,91,2141.9002240158693,6.865064820563685,1008,312
1763086092596,1763086092689,93,2141.9002240158693,6.865064820563685,1009,312
1763086092628,1763086092720,92,2141.9002240158693,6.865064820563685,1010,312
1763086092660,1763086092749,89,2141.9002240158693,6.865064820563685,1011,312
1763086092691,1763086092781,90,2141.9002240158693,6.865064820563685,1012,312
1763086092721,1763086092812,91,2141.9002240158693,6.865064820563685,1013,312
1763086092752,1763086092842,90,2141.9002240158693,6.865064820563685,1014,312
1763086092783,1763086092873,90,2150.3622789886795,6.892186791630384,1015,312
1763086092814,1763086092904,90,2150.3622789886795,6.892186791630384,1016,312
1763086092845,1763086092934,89,2150.3622789886795,6.892186791630384,1017,312
1763086092876,1763086092968,92,2150.3622789886795,6.892186791630384,1018,312
1763086092907,1763086092999,92,2150.3622789886795,6.892186791630384,1019,312
1763086092938,1763086093031,93,2150.3622789886795,6.892186791630384,1020,312
1763086092970,1763086093061,91,2093.576374074989,6.710180686137786,1021,312
1763086093002,1763086093092,90,2093.576374074989,6.710180686137786,1022,312
1763086093033,1763086093123,90,2093.576374074989,6.710180686137786,1023,312
1763086093064,1763086093156,92,2093.576374074989,6.710180686137786,1024,312
1763086093095,1763086093185,90,2093.576374074989,6.710180686137786,1025,312
1763086093126,1763086093217,91,2093.576374074989,6.710180686137786,1026,312
1763086093157,1763086093248,91,2093.576374074989,6.710180686137786,1027,312
1763086093188,1763086093279,91,2093.576374074989,6.710180686137786,1028,312
1763086093220,1763086093310,90,2093.576374074989,6.710180686137786,1029,312
1763086093250,1763086093342,92,2093.576374074989,6.710180686137786,1030,312
1763086093282,1763086093372,90,2093.576374074989,6.710180686137786,1031,312
1763086093313,1763086093404,91,2093.576374074989,6.710180686137786,1032,312
1763086093345,1763086093435,90,2093.576374074989,6.710180686137786,1033,312
1763086093376,1763086093470,94,2888.3579425746184,9.257557508251983,1034,312
1763086093407,1763086093496,89,2888.3579425746184,9.257557508251983,1035,312
1763086093438,1763086093528,90,2888.3579425746184,9.257557508251983,1036,312
1763086093468,1763086093559,91,2888.3579425746184,9.257557508251983,1037,312
1763086093500,1763086093591,91,2888.3579425746184,9.257557508251983,1038,312
1763086093531,1763086093622,91,2888.3579425746184,9.257557508251983,1039,312
1763086093562,1763086093653,91,2888.3579425746184,9.257557508251983,1040,312
1763086093594,1763086093685,91,2746.0776381745454,8.801530891585083,1041,312
1763086093624,1763086093715,91,2746.0776381745454,8.801530891585083,1042,312
1763086093655,1763086093746,91,2746.0776381745454,8.801530891585083,1043,312
1763086093687,1763086093778,91,2746.0776381745454,8.801530891585083,1044,312
1763086093718,1763086093810,92,2746.0776381745454,8.801530891585083,1045,312
1763086093750,1763086093841,91,2746.0776381745454,8.801530891585083,1046,312
1763086093782,1763086093873,91,2566.891722348764,8.22721705881014,1047,312
1763086093813,1763086093904,91,2566.891722348764,8.22721705881014,1048,312
1763086093845,1763086093937,92,2566.891722348764,8.22721705881014,1049,312
1763086093877,1763086093970,93,2566.891722348764,8.22721705881014,1050,312
1763086093907,1763086094000,93,2566.891722348764,8.22721705881014,1051,312
1763086093940,1763086094032,92,2566.891722348764,8.22721705881014,1052,312
1763086093972,1763086094064,92,2425.8287027119645,7.775091995871682,1053,312
1763086094004,1763086094096,92,2425.8287027119645,7.775091995871682,1054,312
1763086094040,1763086094127,87,2425.8287027119645,7.775091995871682,1055,312
1763086094070,1763086094159,89,2425.8287027119645,7.775091995871682,1056,312
1763086094100,1763086094191,91,2425.8287027119645,7.775091995871682,1057,312
1763086094130,1763086094223,93,2425.8287027119645,7.775091995871682,1058,312
1763086094163,1763086094255,92,2425.8287027119645,7.775091995871682,1059,312
1763086094195,1763086094287,92,2374.80284643974,7.611547584742757,1060,312
1763086094227,1763086094319,92,2374.80284643974,7.611547584742757,1061,312
1763086094259,1763086094351,92,2374.80284643974,7.611547584742757,1062,312
1763086094290,1763086094384,94,2374.80284643974,7.611547584742757,1063,312
1763086094323,1763086094414,91,2374.80284643974,7.611547584742757,1064,312
1763086094354,1763086094446,92,2374.80284643974,7.611547584742757,1065,312
1763086094387,1763086094478,91,2272.7338686124726,7.284403425039978,1066,312
1763086094417,1763086094509,92,2272.7338686124726,7.284403425039978,1067,312
1763086094449,1763086094539,90,2272.7338686124726,7.284403425039978,1068,312
1763086094480,1763086094570,90,2272.7338686124726,7.284403425039978,1069,312
1763086094511,1763086094602,91,2272.7338686124726,7.284403425039978,1070,312
1763086094542,1763086094633,91,2272.7338686124726,7.284403425039978,1071,312
1763086094574,1763086094664,90,2272.7338686124726,7.284403425039978,1072,312
1763086094605,1763086094695,90,2254.6321594155283,7.226385126331822,1073,312
1763086094636,1763086094727,91,2254.6321594155283,7.226385126331822,1074,312
1763086094666,1763086094758,92,2254.6321594155283,7.226385126331822,1075,312
1763086094697,1763086094789,92,2254.6321594155283,7.226385126331822,1076,312
1763086094729,1763086094819,90,2254.6321594155283,7.226385126331822,1077,312
1763086094760,1763086094851,91,2254.6321594155283,7.226385126331822,1078,312
1763086094790,1763086094883,93,2177.7230953730073,6.9798817159391255,1079,312
1763086094830,1763086094915,85,2177.7230953730073,6.9798817159391255,1080,312
1763086094854,1763086094947,93,2177.7230953730073,6.9798817159391255,1081,312
1763086094886,1763086094979,93,2177.7230953730073,6.9798817159391255,1082,312
1763086094918,1763086095011,93,2177.7230953730073,6.9798817159391255,1083,312
1763086094950,1763086095043,93,2177.7230953730073,6.9798817159391255,1084,312
1763086094982,1763086095075,93,2177.7230953730073,6.9798817159391255,1085,312
1763086095014,1763086095107,93,2179.047522249303,6.98412667387597,1086,312
1763086095046,1763086095138,92,2179.047522249303,6.98412667387597,1087,312
1763086095077,1763086095168,91,2179.047522249303,6.98412667387597,1088,312
1763086095109,1763086095199,90,2179.047522249303,6.98412667387597,1089,312
1763086095141,1763086095230,89,2179.047522249303,6.98412667387597,1090,312
1763086095171,1763086095262,91,2179.047522249303,6.98412667387597,1091,312
1763086095202,1763086095294,92,2179.047522249303,6.98412667387597,1092,312
1763086095233,1763086095326,93,2179.047522249303,6.98412667387597,1093,312
1763086095265,1763086095358,93,2179.047522249303,6.98412667387597,1094,312
1763086095296,1763086095389,93,2179.047522249303,6.98412667387597,1095,312
1763086095328,1763086095420,92,2179.047522249303,6.98412667387597,1096,312
1763086095359,1763086095452,93,2179.047522249303,6.98412667387597,1097,312
1763086095390,1763086095485,95,2179.047522249303,6.98412667387597,1098,312
1763086095422,1763086095515,93,2944.844133171587,9.438602990934575,1099,312
1763086095454,1763086095546,92,2944.844133171587,9.438602990934575,1100,312
1763086095485,1763086095578,93,2944.844133171587,9.438602990934575,1101,312
1763086095517,1763086095609,92,2944.844133171587,9.438602990934575,1102,312
1763086095549,1763086095640,91,2944.844133171587,9.438602990934575,1103,312
1763086095581,1763086095671,90,2944.844133171587,9.438602990934575,1104,312
1763086095611,1763086095702,91,2730.27530653727,8.750882392747659,1105,312
1763086095643,1763086095733,90,2730.27530653727,8.750882392747659,1106,312
1763086095674,1763086095764,90,2730.27530653727,8.750882392747659,1107,312
1763086095705,1763086095796,91,2730.27530653727,8.750882392747659,1108,312
1763086095736,1763086095827,91,2730.27530653727,8.750882392747659,1109,312
1763086095767,1763086095857,90,2730.27530653727,8.750882392747659,1110,312
1763086095798,1763086095889,91,2730.27530653727,8.750882392747659,1111,312
1763086095828,1763086095921,93,2617.196318084055,8.388449737448894,1112,312
1763086095860,1763086095952,92,2617.196318084055,8.388449737448894,1113,312
1763086095892,1763086095985,93,2617.196318084055,8.388449737448894,1114,312
1763086095924,1763086096020,96,2617.196318084055,8.388449737448894,1115,312
1763086095956,1763086096048,92,2617.196318084055,8.388449737448894,1116,312
1763086095988,1763086096079,91,2617.196318084055,8.388449737448894,1117,312
1763086096020,1763086096110,90,2467.41185814916,7.908371340221667,1118,312
1763086096051,1763086096140,89,2467.41185814916,7.908371340221667,1119,312
1763086096082,1763086096171,89,2467.41185814916,7.908371340221667,1120,312
1763086096112,1763086096204,92,2467.41185814916,7.908371340221667,1121,312
1763086096144,1763086096235,91,2467.41185814916,7.908371340221667,1122,312
1763086096175,1763086096266,91,2467.41185814916,7.908371340221667,1123,312
1763086096207,1763086096299,92,2467.41185814916,7.908371340221667,1124,312
1763086096238,1763086096329,91,2408.7456035122837,7.720338472795782,1125,312
1763086096269,1763086096359,90,2408.7456035122837,7.720338472795782,1126,312
1763086096300,1763086096390,90,2408.7456035122837,7.720338472795782,1127,312
1763086096331,1763086096422,91,2408.7456035122837,7.720338472795782,1128,312
1763086096362,1763086096451,89,2408.7456035122837,7.720338472795782,1129,312
1763086096394,1763086096484,90,2408.7456035122837,7.720338472795782,1130,312
1763086096424,1763086096515,91,2408.7456035122837,7.720338472795782,1131,312
1763086096455,1763086096547,92,2363.3469916028025,7.574830101291034,1132,312
1763086096487,1763086096579,92,2363.3469916028025,7.574830101291034,1133,312
1763086096519,1763086096611,92,2363.3469916028025,7.574830101291034,1134,312
1763086096551,1763086096642,91,2363.3469916028025,7.574830101291034,1135,312
1763086096582,1763086096674,92,2363.3469916028025,7.574830101291034,1136,312
1763086096614,1763086096705,91,2363.3469916028025,7.574830101291034,1137,312
1763086096646,1763086096736,90,2263.1122053158306,7.253564760627663,1138,312
1763086096677,1763086096768,91,2263.1122053158306,7.253564760627663,1139,312
1763086096707,1763086096799,92,2263.1122053158306,7.253564760627663,1140,312
1763086096738,1763086096830,92,2263.1122053158306,7.253564760627663,1141,312
1763086096769,1763086096862,93,2263.1122053158306,7.253564760627663,1142,312
1763086096801,1763086096894,93,2263.1122053158306,7.253564760627663,1143,312
1763086096833,1763086096926,93,2183.716427636717,6.999091114220247,1144,312
1763086096865,1763086096956,91,2183.716427636717,6.999091114220247,1145,312
1763086096897,1763086096989,92,2183.716427636717,6.999091114220247,1146,312
1763086096928,1763086097019,91,2183.716427636717,6.999091114220247,1147,312
1763086096959,1763086097049,90,2183.716427636717,6.999091114220247,1148,312
1763086096990,1763086097080,90,2183.716427636717,6.999091114220247,1149,312
1763086097021,1763086097111,90,2183.716427636717,6.999091114220247,1150,312
1763086097052,1763086097143,91,2183.7745599711902,6.999277435805097,1151,312
1763086097083,1763086097175,92,2183.7745599711902,6.999277435805097,1152,312
1763086097115,1763086097208,93,2183.7745599711902,6.999277435805097,1153,312
1763086097146,1763086097237,91,2183.7745599711902,6.999277435805097,1154,312
1763086097177,1763086097269,92,2183.7745599711902,6.999277435805097,1155,312
1763086097209,1763086097300,91,2183.7745599711902,6.999277435805097,1156,312
1763086097240,1763086097331,91,2121.419647976952,6.799421948644078,1157,312
1763086097272,1763086097363,91,2121.419647976952,6.799421948644078,1158,312
1763086097303,1763086097394,91,2121.419647976952,6.799421948644078,1159,312
1763086097334,1763086097426,92,2121.419647976952,6.799421948644078,1160,312
1763086097366,1763086097458,92,2121.419647976952,6.799421948644078,1161,312
1763086097397,1763086097489,92,2121.419647976952,6.799421948644078,1162,312
1763086097429,1763086097520,91,2121.419647976952,6.799421948644078,1163,312
1763086097461,1763086097551,90,2134.436361197746,6.8411421833261095,1164,312
1763086097491,1763086097583,92,2134.436361197746,6.8411421833261095,1165,312
1763086097522,1763086097615,93,2134.436361197746,6.8411421833261095,1166,312
1763086097554,1763086097647,93,2134.436361197746,6.8411421833261095,1167,312
1763086097586,1763086097679,93,2134.436361197746,6.8411421833261095,1168,312
1763086097618,1763086097711,93,2134.436361197746,6.8411421833261095,1169,312
1763086097650,1763086097744,94,2080.636907152208,6.668708035744257,1170,312
1763086097682,1763086097775,93,2080.636907152208,6.668708035744257,1171,312
1763086097714,1763086097807,93,2080.636907152208,6.668708035744257,1172,312
1763086097746,1763086097837,91,2080.636907152208,6.668708035744257,1173,312
1763086097778,1763086097870,92,2080.636907152208,6.668708035744257,1174,312
1763086097809,1763086097902,93,2080.636907152208,6.668708035744257,1175,312
1763086097841,1763086097935,94,2080.636907152208,6.668708035744257,1176,312
1763086097873,1763086097966,93,2102.2397935573968,6.737948056273707,1177,312
1763086097905,1763086097998,93,2102.2397935573968,6.737948056273707,1178,312
1763086097937,1763086098030,93,2102.2397935573968,6.737948056273707,1179,312
1763086097969,1763086098061,92,2102.2397935573968,6.737948056273707,1180,312
1763086098001,1763086098093,92,2102.2397935573968,6.737948056273707,1181,312
1763086098033,1763086098124,91,2102.2397935573968,6.737948056273707,1182,312
1763086098065,1763086098155,90,2055.7313552588025,6.588882548906418,1183,312
1763086098095,1763086098188,93,2055.7313552588025,6.588882548906418,1184,312
1763086098127,1763086098219,92,2055.7313552588025,6.588882548906418,1185,312
1763086098158,1763086098249,91,2055.7313552588025,6.588882548906418,1186,312
1763086098189,1763086098280,91,2055.7313552588025,6.588882548906418,1187,312
1763086098221,1763086098313,92,2055.7313552588025,6.588882548906418,1188,312
1763086098253,1763086098345,92,2055.7313552588025,6.588882548906418,1189,312
1763086098284,1763086098376,92,2082.4112333649714,6.674394978733883,1190,312
1763086098315,1763086098405,90,2082.4112333649714,6.674394978733883,1191,312
1763086098347,1763086098437,90,2082.4112333649714,6.674394978733883,1192,312
1763086098377,1763086098467,90,2082.4112333649714,6.674394978733883,1193,312
1763086098408,1763086098499,91,2082.4112333649714,6.674394978733883,1194,312
1763086098440,1763086098530,90,2082.4112333649714,6.674394978733883,1195,312
1763086098471,1763086098561,90,2082.4112333649714,6.674394978733883,1196,312
1763086098502,1763086098593,91,2102.932164225247,6.740167193029638,1197,312
1763086098533,1763086098624,91,2102.932164225247,6.740167193029638,1198,312
1763086098564,1763086098656,92,2102.932164225247,6.740167193029638,1199,312
1763086098595,1763086098687,92,2102.932164225247,6.740167193029638,1200,312
1763086098627,1763086098719,92,2102.932164225247,6.740167193029638,1201,312
1763086098659,1763086098750,91,2102.932164225247,6.740167193029638,1202,312
1763086098690,1763086098781,91,2055.822002723297,6.589173085651592,1203,312
1763086098723,1763086098812,89,2055.822002723297,6.589173085651592,1204,312
1763086098753,1763086098844,91,2055.822002723297,6.589173085651592,1205,312
1763086098785,1763086098874,89,2055.822002723297,6.589173085651592,1206,312
1763086098815,1763086098905,90,2055.822002723297,6.589173085651592,1207,312
1763086098846,1763086098938,92,2055.822002723297,6.589173085651592,1208,312
1763086098877,1763086098969,92,2055.822002723297,6.589173085651592,1209,312
1763086098908,1763086099000,92,2081.713958173191,6.672160122349971,1210,312
1763086098940,1763086099032,92,2081.713958173191,6.672160122349971,1211,312
1763086098971,1763086099063,92,2081.713958173191,6.672160122349971,1212,312
1763086099002,1763086099093,91,2081.713958173191,6.672160122349971,1213,312
1763086099034,1763086099124,90,2081.713958173191,6.672160122349971,1214,312
1763086099065,1763086099155,90,2081.713958173191,6.672160122349971,1215,312
1763086099096,1763086099186,90,2039.142024664033,6.535711617512927,1216,312
1763086099127,1763086099217,90,2039.142024664033,6.535711617512927,1217,312
1763086099158,1763086099248,90,2039.142024664033,6.535711617512927,1218,312
1763086099189,1763086099281,92,2039.142024664033,6.535711617512927,1219,312
1763086099219,1763086099311,92,2039.142024664033,6.535711617512927,1220,312
1763086099251,1763086099342,91,2039.142024664033,6.535711617512927,1221,312
1763086099283,1763086099373,90,2039.142024664033,6.535711617512927,1222,312
1763086099314,1763086099404,90,2068.548193657234,6.629962159157803,1223,312
1763086099345,1763086099437,92,2068.548193657234,6.629962159157803,1224,312
1763086099376,1763086099468,92,2068.548193657234,6.629962159157803,1225,312
1763086099407,1763086099500,93,2068.548193657234,6.629962159157803,1226,312
1763086099439,1763086099530,91,2068.548193657234,6.629962159157803,1227,312
1763086099471,1763086099562,91,2068.548193657234,6.629962159157803,1228,312
1763086099501,1763086099593,92,2028.6489103448157,6.502079840848769,1229,312
1763086099533,1763086099624,91,2028.6489103448157,6.502079840848769,1230,312
1763086099564,1763086099656,92,2028.6489103448157,6.502079840848769,1231,312
1763086099594,1763086099687,93,2028.6489103448157,6.502079840848769,1232,312
1763086099626,1763086099719,93,2028.6489103448157,6.502079840848769,1233,312
1763086099657,1763086099751,94,2028.6489103448157,6.502079840848769,1234,312
1763086099689,1763086099781,92,1997.3191282758526,6.401663872679015,1235,312
1763086099720,1763086099811,91,1997.3191282758526,6.401663872679015,1236,312
1763086099752,1763086099844,92,1997.3191282758526,6.401663872679015,1237,312
1763086099783,1763086099876,93,1997.3191282758526,6.401663872679015,1238,312
1763086099815,1763086099906,91,1997.3191282758526,6.401663872679015,1239,312
1763086099846,1763086099938,92,1997.3191282758526,6.401663872679015,1240,312
1763086099877,1763086099968,91,1997.3191282758526,6.401663872679015,1241,312
1763086099908,1763086100000,92,2036.1487495944752,6.52611778716178,1242,312
1763086099940,1763086100031,91,2036.1487495944752,6.52611778716178,1243,312
1763086099972,1763086100062,90,2036.1487495944752,6.52611778716178,1244,312
1763086100003,1763086100094,91,2036.1487495944752,6.52611778716178,1245,312
1763086100034,1763086100127,93,2036.1487495944752,6.52611778716178,1246,312
1763086100066,1763086100158,92,2036.1487495944752,6.52611778716178,1247,312
1763086100097,1763086100189,92,2003.1548509259858,6.420368111942262,1248,312
1763086100129,1763086100220,91,2003.1548509259858,6.420368111942262,1249,312
1763086100160,1763086100251,91,2003.1548509259858,6.420368111942262,1250,312
1763086100192,1763086100282,90,2003.1548509259858,6.420368111942262,1251,312
1763086100223,1763086100313,90,2003.1548509259858,6.420368111942262,1252,312
1763086100253,1763086100344,91,2003.1548509259858,6.420368111942262,1253,312
1763086100283,1763086100374,91,2003.1548509259858,6.420368111942262,1254,312
1763086100314,1763086100406,92,2040.0472613370846,6.538613017106041,1255,312
1763086100345,1763086100435,90,2040.0472613370846,6.538613017106041,1256,312
1763086100377,1763086100467,90,2040.0472613370846,6.538613017106041,1257,312
1763086100407,1763086100497,90,2040.0472613370846,6.538613017106041,1258,312
1763086100438,1763086100529,91,2040.0472613370846,6.538613017106041,1259,312
1763086100469,1763086100561,92,2040.0472613370846,6.538613017106041,1260,312
1763086100500,1763086100591,91,2040.0472613370846,6.538613017106041,1261,312
1763086100532,1763086100621,89,2068.9817618083307,6.631351800667726,1262,312
1763086100563,1763086100654,91,2068.9817618083307,6.631351800667726,1263,312
1763086100594,1763086100684,90,2068.9817618083307,6.631351800667726,1264,312
1763086100624,1763086100715,91,2068.9817618083307,6.631351800667726,1265,312
1763086100656,1763086100747,91,2068.9817618083307,6.631351800667726,1266,312
1763086100687,1763086100777,90,2068.9817618083307,6.631351800667726,1267,312
1763086100718,1763086100808,90,2028.9944641612396,6.503187385132178,1268,312
1763086100749,1763086100840,91,2028.9944641612396,6.503187385132178,1269,312
1763086100781,1763086100871,90,2028.9944641612396,6.503187385132178,1270,312
1763086100812,1763086100902,90,2028.9944641612396,6.503187385132178,1271,312
1763086100842,1763086100934,92,2028.9944641612396,6.503187385132178,1272,312
1763086100874,1763086100966,92,2028.9944641612396,6.503187385132178,1273,312
1763086100905,1763086100998,93,1997.5955713289918,6.402549908105742,1274,312
1763086100937,1763086101030,93,1997.5955713289918,6.402549908105742,1275,312
1763086100968,1763086101059,91,1997.5955713289918,6.402549908105742,1276,312
1763086101001,1763086101091,90,1997.5955713289918,6.402549908105742,1277,312
1763086101030,1763086101123,93,1997.5955713289918,6.402549908105742,1278,312
1763086101062,1763086101154,92,1997.5955713289918,6.402549908105742,1279,312
1763086101094,1763086101186,92,1997.5955713289918,6.402549908105742,1280,312
1763086101126,1763086101218,92,2036.5540969212325,6.527416977311642,1281,312
1763086101158,1763086101250,92,2036.5540969212325,6.527416977311642,1282,312
1763086101189,1763086101282,93,2036.5540969212325,6.527416977311642,1283,312
1763086101221,1763086101313,92,2036.5540969212325,6.527416977311642,1284,312
1763086101253,1763086101346,93,2036.5540969212325,6.527416977311642,1285,312
1763086101285,1763086101378,93,2036.5540969212325,6.527416977311642,1286,312
1763086101317,1763086101410,93,2002.9850611493011,6.419823913940067,1287,312
1763086101349,1763086101442,93,2002.9850611493011,6.419823913940067,1288,312
1763086101381,1763086101474,93,2002.9850611493011,6.419823913940067,1289,312
1763086101413,1763086101506,93,2002.9850611493011,6.419823913940067,1290,312
1763086101445,1763086101538,93,2002.9850611493011,6.419823913940067,1291,312
1763086101477,1763086101570,93,2002.9850611493011,6.419823913940067,1292,312
1763086101509,1763086101602,93,2002.9850611493011,6.419823913940067,1293,312
1763086101541,1763086101634,93,2041.3602281856492,6.542821244184773,1294,312
1763086101574,1763086101665,91,2041.3602281856492,6.542821244184773,1295,312
1763086101605,1763086101698,93,2041.3602281856492,6.542821244184773,1296,312
1763086101637,1763086101728,91,2041.3602281856492,6.542821244184773,1297,312
1763086101669,1763086101760,91,2041.3602281856492,6.542821244184773,1298,312
1763086101700,1763086101791,91,2041.3602281856492,6.542821244184773,1299,312
1763086101732,1763086101822,90,2007.4881825485195,6.434256995347818,1300,312
1763086101763,1763086101854,91,2007.4881825485195,6.434256995347818,1301,312
1763086101794,1763086101885,91,2007.4881825485195,6.434256995347818,1302,312
1763086101825,1763086101915,90,2007.4881825485195,6.434256995347818,1303,312
1763086101856,1763086101947,91,2007.4881825485195,6.434256995347818,1304,312
1763086101887,1763086101978,91,2007.4881825485195,6.434256995347818,1305,312
1763086101919,1763086102009,90,2007.4881825485195,6.434256995347818,1306,312
1763086101950,1763086102041,91,2044.026128760976,6.55136579731082,1307,312
1763086101981,1763086102072,91,2044.026128760976,6.55136579731082,1308,312
1763086102013,1763086102103,90,2044.026128760976,6.55136579731082,1309,312
1763086102044,1763086102135,91,2044.026128760976,6.55136579731082,1310,312
1763086102075,1763086102166,91,2044.026128760976,6.55136579731082,1311,312
1763086102107,1763086102197,90,2044.026128760976,6.55136579731082,1312,312
1763086102138,1763086102229,91,2009.6209030087807,6.441092637848656,1313,312
1763086102169,1763086102259,90,2009.6209030087807,6.441092637848656,1314,312
1763086102200,1763086102290,90,2009.6209030087807,6.441092637848656,1315,312
1763086102231,1763086102321,90,2009.6209030087807,6.441092637848656,1316,312
1763086102262,1763086102353,91,2009.6209030087807,6.441092637848656,1317,312
1763086102293,1763086102384,91,2009.6209030087807,6.441092637848656,1318,312
1763086102324,1763086102415,91,2009.6209030087807,6.441092637848656,1319,312
1763086102356,1763086102446,90,2045.3686178919806,6.555668647089681,1320,312
1763086102387,1763086102477,90,2045.3686178919806,6.555668647089681,1321,312
1763086102418,1763086102509,91,2045.3686178919806,6.555668647089681,1322,312
1763086102449,1763086102540,91,2045.3686178919806,6.555668647089681,1323,312
1763086102481,1763086102571,90,2045.3686178919806,6.555668647089681,1324,312
1763086102512,1763086102603,91,2045.3686178919806,6.555668647089681,1325,312
1763086102543,1763086102633,90,2045.3686178919806,6.555668647089681,1326,312
1763086102574,1763086102666,92,2073.510788459909,6.645867911730476,1327,312
1763086102605,1763086102695,90,2073.510788459909,6.645867911730476,1328,312
1763086102636,1763086102728,92,2073.510788459909,6.645867911730476,1329,312
1763086102668,1763086102759,91,2073.510788459909,6.645867911730476,1330,312
1763086102699,1763086102792,93,2073.510788459909,6.645867911730476,1331,312
1763086102731,1763086102823,92,2073.510788459909,6.645867911730476,1332,312
1763086102763,1763086102855,92,2031.9995660371676,6.5128191219139975,1333,312
1763086102795,1763086102886,91,2031.9995660371676,6.5128191219139975,1334,312
1763086102827,1763086102917,90,2031.9995660371676,6.5128191219139975,1335,312
1763086102858,1763086102949,91,2031.9995660371676,6.5128191219139975,1336,312
1763086102888,1763086102981,93,2031.9995660371676,6.5128191219139975,1337,312
1763086102920,1763086103012,92,2031.9995660371676,6.5128191219139975,1338,312
1763086102952,1763086103044,92,1999.999652829734,6.410255297531198,1339,312
1763086102983,1763086103074,91,1999.999652829734,6.410255297531198,1340,312
1763086103015,1763086103105,90,1999.999652829734,6.410255297531198,1341,312
1763086103045,1763086103136,91,1999.999652829734,6.410255297531198,1342,312
1763086103076,1763086103168,92,1999.999652829734,6.410255297531198,1343,312
1763086103107,1763086103198,91,1999.999652829734,6.410255297531198,1344,312
1763086103139,1763086103229,90,1999.999652829734,6.410255297531198,1345,312
1763086103170,1763086103260,90,2037.7197239996385,6.531152961537303,1346,312
1763086103201,1763086103293,92,2037.7197239996385,6.531152961537303,1347,312
1763086103232,1763086103323,91,2037.7197239996385,6.531152961537303,1348,312
1763086103263,1763086103354,91,2037.7197239996385,6.531152961537303,1349,312
1763086103295,1763086103385,90,2037.7197239996385,6.531152961537303,1350,312
1763086103326,1763086103416,90,2037.7197239996385,6.531152961537303,1351,312
1763086103358,1763086103449,91,2004.5757791997107,6.424922369229842,1352,312
1763086103388,1763086103478,90,2004.5757791997107,6.424922369229842,1353,312
1763086103420,1763086103510,90,2004.5757791997107,6.424922369229842,1354,312
1763086103451,1763086103542,91,2004.5757791997107,6.424922369229842,1355,312
1763086103482,1763086103573,91,2004.5757791997107,6.424922369229842,1356,312
1763086103514,1763086103606,92,2004.5757791997107,6.424922369229842,1357,312
1763086103544,1763086103636,92,2004.5757791997107,6.424922369229842,1358,312
1763086103576,1763086103666,90,2041.5371686845704,6.543388361168494,1359,312
1763086103608,1763086103696,88,2041.5371686845704,6.543388361168494,1360,312
1763086103638,1763086103728,90,2041.5371686845704,6.543388361168494,1361,312
1763086103669,1763086103758,89,2041.5371686845704,6.543388361168494,1362,312
1763086103700,1763086103789,89,2041.5371686845704,6.543388361168494,1363,312
1763086103730,1763086103821,91,2041.5371686845704,6.543388361168494,1364,312
1763086103761,1763086103852,91,2041.5371686845704,6.543388361168494,1365,312
1763086103792,1763086103883,91,2070.3146606102873,6.635623912212458,1366,312
1763086103823,1763086103914,91,2070.3146606102873,6.635623912212458,1367,312
1763086103855,1763086103946,91,2070.3146606102873,6.635623912212458,1368,312
1763086103886,1763086103977,91,2070.3146606102873,6.635623912212458,1369,312
1763086103917,1763086104008,91,2070.3146606102873,6.635623912212458,1370,312
1763086103947,1763086104038,91,2070.3146606102873,6.635623912212458,1371,312
1763086103979,1763086104069,90,2030.4534138276197,6.507863505857754,1372,312
1763086104011,1763086104099,88,2030.4534138276197,6.507863505857754,1373,312
1763086104041,1763086104130,89,2030.4534138276197,6.507863505857754,1374,312
1763086104071,1763086104161,90,2030.4534138276197,6.507863505857754,1375,312
1763086104102,1763086104193,91,2030.4534138276197,6.507863505857754,1376,312
1763086104133,1763086104225,92,2030.4534138276197,6.507863505857754,1377,312
1763086104165,1763086104257,92,1998.7627310620958,6.406290804686203,1378,312
1763086104196,1763086104288,92,1998.7627310620958,6.406290804686203,1379,312
1763086104228,1763086104319,91,1998.7627310620958,6.406290804686203,1380,312
1763086104260,1763086104353,93,1998.7627310620958,6.406290804686203,1381,312
1763086104291,1763086104383,92,1998.7627310620958,6.406290804686203,1382,312
1763086104322,1763086104414,92,1998.7627310620958,6.406290804686203,1383,312
1763086104354,1763086104445,91,1998.7627310620958,6.406290804686203,1384,312
1763086104385,1763086104477,92,2037.29208300118,6.529782317311473,1385,312
1763086104417,1763086104508,91,2037.29208300118,6.529782317311473,1386,312
1763086104448,1763086104539,91,2037.29208300118,6.529782317311473,1387,312
1763086104480,1763086104571,91,2037.29208300118,6.529782317311473,1388,312
1763086104512,1763086104604,92,2037.29208300118,6.529782317311473,1389,312
1763086104542,1763086104635,93,2037.29208300118,6.529782317311473,1390,312
1763086104574,1763086104665,91,2004.233666400944,6.423825853849179,1391,312
1763086104604,1763086104696,92,2004.233666400944,6.423825853849179,1392,312
1763086104637,1763086104728,91,2004.233666400944,6.423825853849179,1393,312
1763086104668,1763086104760,92,2004.233666400944,6.423825853849179,1394,312
1763086104700,1763086104791,91,2004.233666400944,6.423825853849179,1395,312
1763086104731,1763086104823,92,2004.233666400944,6.423825853849179,1396,312
1763086104763,1763086104855,92,2004.233666400944,6.423825853849179,1397,312
1763086104795,1763086104887,92,2041.9845964567457,6.544822424540851,1398,312
1763086104826,1763086104918,92,2041.9845964567457,6.544822424540851,1399,312
1763086104858,1763086104951,93,2041.9845964567457,6.544822424540851,1400,312
1763086104890,1763086104983,93,2041.9845964567457,6.544822424540851,1401,312
1763086104922,1763086105015,93,2041.9845964567457,6.544822424540851,1402,312
1763086104954,1763086105047,93,2041.9845964567457,6.544822424540851,1403,312
1763086104986,1763086105078,92,2007.4777233760265,6.434223472359059,1404,312
1763086105020,1763086105111,91,2007.4777233760265,6.434223472359059,1405,312
1763086105050,1763086105141,91,2007.4777233760265,6.434223472359059,1406,312
1763086105082,1763086105174,92,2007.4777233760265,6.434223472359059,1407,312
1763086105113,1763086105204,91,2007.4777233760265,6.434223472359059,1408,312
1763086105145,1763086105237,92,2007.4777233760265,6.434223472359059,1409,312
1763086105177,1763086105269,92,2007.4777233760265,6.434223472359059,1410,312
1763086105208,1763086105301,93,2044.5474014670608,6.553036543163657,1411,312
1763086105240,1763086105332,92,2044.5474014670608,6.553036543163657,1412,312
1763086105272,1763086105364,92,2044.5474014670608,6.553036543163657,1413,312
1763086105304,1763086105399,95,2044.5474014670608,6.553036543163657,1414,312
1763086105336,1763086105429,93,2044.5474014670608,6.553036543163657,1415,312
1763086105376,1763086105460,84,2044.5474014670608,6.553036543163657,1416,312
1763086105400,1763086105493,93,2009.1751841663133,6.439664051815107,1417,312
1763086105432,1763086105524,92,2009.1751841663133,6.439664051815107,1418,312
1763086105464,1763086105556,92,2009.1751841663133,6.439664051815107,1419,312
1763086105496,1763086105587,91,2009.1751841663133,6.439664051815107,1420,312
1763086105528,1763086105619,91,2009.1751841663133,6.439664051815107,1421,312
1763086105559,1763086105650,91,2009.1751841663133,6.439664051815107,1422,312
1763086105590,1763086105682,92,2009.1751841663133,6.439664051815107,1423,312
1763086105622,1763086105714,92,2045.713570675554,6.55677426498575,1424,312
1763086105654,1763086105746,92,2045.713570675554,6.55677426498575,1425,312
1763086105686,1763086105778,92,2045.713570675554,6.55677426498575,1426,312
1763086105718,1763086105811,93,2045.713570675554,6.55677426498575,1427,312
1763086105750,1763086105843,93,2045.713570675554,6.55677426498575,1428,312
1763086105782,1763086105874,92,2045.713570675554,6.55677426498575,1429,312
1763086105814,1763086105906,92,2010.2760022577409,6.443192314928656,1430,312
1763086105846,1763086105939,93,2010.2760022577409,6.443192314928656,1431,312
1763086105878,1763086105971,93,2010.2760022577409,6.443192314928656,1432,312
1763086105910,1763086106002,92,2010.2760022577409,6.443192314928656,1433,312
1763086105942,1763086106034,92,2010.2760022577409,6.443192314928656,1434,312
1763086105974,1763086106066,92,2010.2760022577409,6.443192314928656,1435,312
1763086106006,1763086106097,91,2010.2760022577409,6.443192314928656,1436,312
1763086106038,1763086106130,92,2047.1054897790998,6.5612355441637815,1437,312
1763086106070,1763086106162,92,2047.1054897790998,6.5612355441637815,1438,312
1763086106101,1763086106193,92,2047.1054897790998,6.5612355441637815,1439,312
1763086106133,1763086106225,92,2047.1054897790998,6.5612355441637815,1440,312
1763086106165,1763086106260,95,2047.1054897790998,6.5612355441637815,1441,312
1763086106197,1763086106289,92,2047.1054897790998,6.5612355441637815,1442,312
1763086106229,1763086106320,91,2011.7341808437216,6.447865964242697,1443,312
1763086106261,1763086106351,90,2011.7341808437216,6.447865964242697,1444,312
1763086106292,1763086106382,90,2011.7341808437216,6.447865964242697,1445,312
1763086106323,1763086106415,92,2011.7341808437216,6.447865964242697,1446,312
1763086106354,1763086106447,93,2011.7341808437216,6.447865964242697,1447,312
1763086106386,1763086106478,92,2011.7341808437216,6.447865964242697,1448,312
1763086106418,1763086106509,91,2011.7341808437216,6.447865964242697,1449,312
1763086106450,1763086106539,89,2047.3932054090712,6.562157709644459,1450,312
1763086106481,1763086106570,89,2047.3932054090712,6.562157709644459,1451,312
1763086106511,1763086106602,91,2047.3932054090712,6.562157709644459,1452,312
1763086106542,1763086106634,92,2047.3932054090712,6.562157709644459,1453,312
1763086106573,1763086106664,91,2047.3932054090712,6.562157709644459,1454,312
1763086106605,1763086106696,91,2047.3932054090712,6.562157709644459,1455,312
1763086106636,1763086106729,93,2012.139171121848,6.449164010005923,1456,312
1763086106668,1763086106758,90,2012.139171121848,6.449164010005923,1457,312
1763086106699,1763086106791,92,2012.139171121848,6.449164010005923,1458,312
1763086106730,1763086106822,92,2012.139171121848,6.449164010005923,1459,312
1763086106761,1763086106853,92,2012.139171121848,6.449164010005923,1460,312
1763086106793,1763086106884,91,2012.139171121848,6.449164010005923,1461,312
1763086106825,1763086106915,90,2012.139171121848,6.449164010005923,1462,312
1763086106856,1763086106947,91,2047.7143626996256,6.563187059934696,1463,312
1763086106887,1763086106979,92,2047.7143626996256,6.563187059934696,1464,312
1763086106918,1763086107012,94,2047.7143626996256,6.563187059934696,1465,312
1763086106950,1763086107042,92,2047.7143626996256,6.563187059934696,1466,312
1763086106981,1763086107073,92,2047.7143626996256,6.563187059934696,1467,312
1763086107013,1763086107104,91,2047.7143626996256,6.563187059934696,1468,312
1763086107044,1763086107136,92,2012.3957757970009,6.449986460887822,1469,312
1763086107076,1763086107167,91,2012.3957757970009,6.449986460887822,1470,312
1763086107108,1763086107198,90,2012.3957757970009,6.449986460887822,1471,312
1763086107139,1763086107228,89,2012.3957757970009,6.449986460887822,1472,312
1763086107170,1763086107261,91,2012.3957757970009,6.449986460887822,1473,312
1763086107200,1763086107292,92,2012.3957757970009,6.449986460887822,1474,312
1763086107231,1763086107322,91,2012.3957757970009,6.449986460887822,1475,312
1763086107262,1763086107352,90,2047.2314333102097,6.561639209327594,1476,312
1763086107292,1763086107382,90,2047.2314333102097,6.561639209327594,1477,312
1763086107323,1763086107412,89,2047.2314333102097,6.561639209327594,1478,312
1763086107354,1763086107443,89,2047.2314333102097,6.561639209327594,1479,312
1763086107385,1763086107474,89,2047.2314333102097,6.561639209327594,1480,312
1763086107415,1763086107504,89,2047.2314333102097,6.561639209327594,1481,312
1763086107446,1763086107535,89,2047.2314333102097,6.561639209327594,1482,312
1763086107477,1763086107565,88,2076.4999065818247,6.655448418531488,1483,312
1763086107507,1763086107598,91,2076.4999065818247,6.655448418531488,1484,312
1763086107538,1763086107629,91,2076.4999065818247,6.655448418531488,1485,312
1763086107568,1763086107661,93,2076.4999065818247,6.655448418531488,1486,312
1763086107600,1763086107691,91,2076.4999065818247,6.655448418531488,1487,312
1763086107631,1763086107722,91,2076.4999065818247,6.655448418531488,1488,312
1763086107661,1763086107752,91,2076.4999065818247,6.655448418531488,1489,312
1763086107693,1763086107783,90,2098.3224255457144,6.725392389569596,1490,312
1763086107725,1763086107815,90,2098.3224255457144,6.725392389569596,1491,312
1763086107755,1763086107846,91,2098.3224255457144,6.725392389569596,1492,312
1763086107786,1763086107877,91,2098.3224255457144,6.725392389569596,1493,312
1763086107818,1763086107908,90,2098.3224255457144,6.725392389569596,1494,312
1763086107849,1763086107939,90,2098.3224255457144,6.725392389569596,1495,312
1763086107880,1763086107970,90,2052.6052955854802,6.578863126876538,1496,312
1763086107912,1763086108001,89,2052.6052955854802,6.578863126876538,1497,312
1763086107942,1763086108031,89,2052.6052955854802,6.578863126876538,1498,312
1763086107972,1763086108064,92,2052.6052955854802,6.578863126876538,1499,312
1763086108003,1763086108095,92,2052.6052955854802,6.578863126876538,1500,312
1763086108035,1763086108126,91,2052.6052955854802,6.578863126876538,1501,312
1763086108067,1763086108158,91,2016.484236468384,6.46309050150123,1502,312
1763086108098,1763086108189,91,2016.484236468384,6.46309050150123,1503,312
1763086108129,1763086108220,91,2016.484236468384,6.46309050150123,1504,312
1763086108161,1763086108252,91,2016.484236468384,6.46309050150123,1505,312
1763086108192,1763086108283,91,2016.484236468384,6.46309050150123,1506,312
1763086108224,1763086108314,90,2016.484236468384,6.46309050150123,1507,312
1763086108255,1763086108346,91,2016.484236468384,6.46309050150123,1508,312
1763086108286,1763086108377,91,2051.1599995194288,6.574230767690476,1509,312
1763086108317,1763086108409,92,2051.1599995194288,6.574230767690476,1510,312
1763086108349,1763086108441,92,2051.1599995194288,6.574230767690476,1511,312
1763086108381,1763086108474,93,2051.1599995194288,6.574230767690476,1512,312
1763086108413,1763086108506,93,2051.1599995194288,6.574230767690476,1513,312
1763086108445,1763086108537,92,2051.1599995194288,6.574230767690476,1514,312
1763086108477,1763086108569,92,2014.6113596174653,6.457087691081618,1515,312
1763086108509,1763086108601,92,2014.6113596174653,6.457087691081618,1516,312
1763086108541,1763086108633,92,2014.6113596174653,6.457087691081618,1517,312
1763086108573,1763086108665,92,2014.6113596174653,6.457087691081618,1518,312
1763086108604,1763086108697,93,2014.6113596174653,6.457087691081618,1519,312
1763086108636,1763086108728,92,2014.6113596174653,6.457087691081618,1520,312
1763086108669,1763086108759,90,2014.6113596174653,6.457087691081618,1521,312
1763086108700,1763086108791,91,2050.013585457415,6.57055636364556,1522,312
1763086108731,1763086108823,92,2050.013585457415,6.57055636364556,1523,312
1763086108763,1763086108854,91,2050.013585457415,6.57055636364556,1524,312
1763086108794,1763086108886,92,2050.013585457415,6.57055636364556,1525,312
1763086108826,1763086108918,92,2050.013585457415,6.57055636364556,1526,312
1763086108857,1763086108949,92,2050.013585457415,6.57055636364556,1527,312
1763086108889,1763086108981,92,2013.8768276095598,6.4547334218255115,1528,312
1763086108922,1763086109014,92,2013.8768276095598,6.4547334218255115,1529,312
1763086108953,1763086109045,92,2013.8768276095598,6.4547334218255115,1530,312
1763086108985,1763086109077,92,2013.8768276095598,6.4547334218255115,1531,312
1763086109017,1763086109109,92,2013.8768276095598,6.4547334218255115,1532,312
1763086109049,1763086109140,91,2013.8768276095598,6.4547334218255115,1533,312
1763086109081,1763086109172,91,2013.8768276095598,6.4547334218255115,1534,312
1763086109112,1763086109203,91,2049.6026938115524,6.569239403242154,1535,312
1763086109143,1763086109234,91,2049.6026938115524,6.569239403242154,1536,312
1763086109175,1763086109265,90,2049.6026938115524,6.569239403242154,1537,312
1763086109206,1763086109297,91,2049.6026938115524,6.569239403242154,1538,312
1763086109237,1763086109328,91,2049.6026938115524,6.569239403242154,1539,312
1763086109268,1763086109359,91,2049.6026938115524,6.569239403242154,1540,312
1763086109300,1763086109390,90,2049.6026938115524,6.569239403242154,1541,312
1763086109330,1763086109424,94,2049.6026938115524,6.569239403242154,1542,312
1763086109362,1763086109454,92,2049.6026938115524,6.569239403242154,1543,312
1763086109394,1763086109485,91,2049.6026938115524,6.569239403242154,1544,312
1763086109425,1763086109516,91,2049.6026938115524,6.569239403242154,1545,312
1763086109456,1763086109546,90,2049.6026938115524,6.569239403242154,1546,312
1763086109487,1763086109578,91,2049.6026938115524,6.569239403242154,1547,312
1763086109517,1763086109608,91,2862.1936028178734,9.173697444929081,1548,312
1763086109549,1763086109640,91,2862.1936028178734,9.173697444929081,1549,312
1763086109580,1763086109671,91,2862.1936028178734,9.173697444929081,1550,312
1763086109611,1763086109705,94,2862.1936028178734,9.173697444929081,1551,312
1763086109642,1763086109735,93,2862.1936028178734,9.173697444929081,1552,312
1763086109673,1763086109767,94,2862.1936028178734,9.173697444929081,1553,312
1763086109705,1763086109799,94,2662.174495048663,8.532610561053406,1554,312
1763086109737,1763086109830,93,2662.174495048663,8.532610561053406,1555,312
1763086109769,1763086109860,91,2662.174495048663,8.532610561053406,1556,312
1763086109800,1763086109892,92,2662.174495048663,8.532610561053406,1557,312
1763086109832,1763086109924,92,2662.174495048663,8.532610561053406,1558,312
1763086109864,1763086109954,90,2662.174495048663,8.532610561053406,1559,312
1763086109895,1763086109985,90,2662.174495048663,8.532610561053406,1560,312
1763086109926,1763086110016,90,2563.6705490686386,8.216892785476405,1561,312
1763086109957,1763086110047,90,2563.6705490686386,8.216892785476405,1562,312
1763086109988,1763086110079,91,2563.6705490686386,8.216892785476405,1563,312
1763086110019,1763086110108,89,2563.6705490686386,8.216892785476405,1564,312
1763086110050,1763086110140,90,2563.6705490686386,8.216892785476405,1565,312
1763086110080,1763086110171,91,2563.6705490686386,8.216892785476405,1566,312
1763086110112,1763086110202,90,2563.6705490686386,8.216892785476405,1567,312
1763086110142,1763086110233,91,2486.9770981567735,7.971080442810171,1568,312
1763086110174,1763086110265,91,2486.9770981567735,7.971080442810171,1569,312
1763086110205,1763086110297,92,2486.9770981567735,7.971080442810171,1570,312
1763086110236,1763086110327,91,2486.9770981567735,7.971080442810171,1571,312
1763086110268,1763086110358,90,2486.9770981567735,7.971080442810171,1572,312
1763086110299,1763086110390,91,2486.9770981567735,7.971080442810171,1573,312
1763086110331,1763086110419,88,2363.366701427262,7.574893273805327,1574,312
1763086110362,1763086110450,88,2363.366701427262,7.574893273805327,1575,312
1763086110392,1763086110481,89,2363.366701427262,7.574893273805327,1576,312
1763086110422,1763086110513,91,2363.366701427262,7.574893273805327,1577,312
1763086110453,1763086110545,92,2363.366701427262,7.574893273805327,1578,312
1763086110484,1763086110575,91,2363.366701427262,7.574893273805327,1579,312
1763086110516,1763086110615,99,2263.619261037528,7.255189939222846,1580,312
1763086110547,1763086110639,92,2263.619261037528,7.255189939222846,1581,312
1763086110578,1763086110669,91,2263.619261037528,7.255189939222846,1582,312
1763086110610,1763086110701,91,2263.619261037528,7.255189939222846,1583,312
1763086110641,1763086110733,92,2263.619261037528,7.255189939222846,1584,312
1763086110672,1763086110765,93,2263.619261037528,7.255189939222846,1585,312
1763086110704,1763086110796,92,2263.619261037528,7.255189939222846,1586,312
1763086110736,1763086110827,91,2247.2973125248345,7.202876001682163,1587,312
1763086110768,1763086110859,91,2247.2973125248345,7.202876001682163,1588,312
1763086110799,1763086110890,91,2247.2973125248345,7.202876001682163,1589,312
1763086110830,1763086110921,91,2247.2973125248345,7.202876001682163,1590,312
1763086110862,1763086110952,90,2247.2973125248345,7.202876001682163,1591,312
1763086110893,1763086110984,91,2247.2973125248345,7.202876001682163,1592,312
1763086110924,1763086111014,90,2247.2973125248345,7.202876001682163,1593,312
1763086110954,1763086111046,92,2234.447958082293,7.1616921733406835,1594,312
1763086110986,1763086111077,91,2234.447958082293,7.1616921733406835,1595,312
1763086111017,1763086111107,90,2234.447958082293,7.1616921733406835,1596,312
1763086111049,1763086111138,89,2234.447958082293,7.1616921733406835,1597,312
1763086111080,1763086111170,90,2234.447958082293,7.1616921733406835,1598,312
1763086111110,1763086111201,91,2234.447958082293,7.1616921733406835,1599,312
1763086111141,1763086111234,93,2161.5959185077522,6.928192046499206,1600,312
1763086111172,1763086111263,91,2161.5959185077522,6.928192046499206,1601,312
1763086111204,1763086111294,90,2161.5959185077522,6.928192046499206,1602,312
1763086111235,1763086111325,90,2161.5959185077522,6.928192046499206,1603,312
1763086111265,1763086111357,92,2161.5959185077522,6.928192046499206,1604,312
1763086111296,1763086111387,91,2161.5959185077522,6.928192046499206,1605,312
1763086111327,1763086111418,91,2161.5959185077522,6.928192046499206,1606,312
1763086111359,1763086111450,91,2166.1439470506784,6.942769061059868,1607,312
1763086111390,1763086111482,92,2166.1439470506784,6.942769061059868,1608,312
1763086111421,1763086111511,90,2166.1439470506784,6.942769061059868,1609,312
1763086111453,1763086111543,90,2166.1439470506784,6.942769061059868,1610,312
1763086111483,1763086111573,90,2166.1439470506784,6.942769061059868,1611,312
1763086111514,1763086111606,92,2166.1439470506784,6.942769061059868,1612,312
1763086111544,1763086111636,92,2106.432725799391,6.751386941664714,1613,312
1763086111576,1763086111668,92,2106.432725799391,6.751386941664714,1614,312
1763086111608,1763086111700,92,2106.432725799391,6.751386941664714,1615,312
1763086111640,1763086111736,96,2106.432725799391,6.751386941664714,1616,312
1763086111672,1763086111764,92,2106.432725799391,6.751386941664714,1617,312
1763086111704,1763086111795,91,2106.432725799391,6.751386941664714,1618,312
1763086111735,1763086111827,92,2059.311747913713,6.600358166390107,1619,312
1763086111766,1763086111858,92,2059.311747913713,6.600358166390107,1620,312
1763086111797,1763086111889,92,2059.311747913713,6.600358166390107,1621,312
1763086111828,1763086111920,92,2059.311747913713,6.600358166390107,1622,312
1763086111861,1763086111954,93,2059.311747913713,6.600358166390107,1623,312
1763086111891,1763086111985,94,2059.311747913713,6.600358166390107,1624,312
1763086111923,1763086112016,93,2059.311747913713,6.600358166390107,1625,312
1763086111955,1763086112046,91,2085.371592599747,6.683883309614575,1626,312
1763086111987,1763086112079,92,2085.371592599747,6.683883309614575,1627,312
1763086112018,1763086112111,93,2085.371592599747,6.683883309614575,1628,312
1763086112050,1763086112143,93,2085.371592599747,6.683883309614575,1629,312
1763086112082,1763086112174,92,2085.371592599747,6.683883309614575,1630,312
1763086112114,1763086112207,93,2085.371592599747,6.683883309614575,1631,312
1763086112146,1763086112239,93,2041.8437877093988,6.5443711144532015,1632,312
1763086112178,1763086112271,93,2041.8437877093988,6.5443711144532015,1633,312
1763086112210,1763086112302,92,2041.8437877093988,6.5443711144532015,1634,312
1763086112242,1763086112335,93,2041.8437877093988,6.5443711144532015,1635,312
1763086112274,1763086112367,93,2041.8437877093988,6.5443711144532015,1636,312
1763086112306,1763086112398,92,2041.8437877093988,6.5443711144532015,1637,312
1763086112338,1763086112430,92,2041.8437877093988,6.5443711144532015,1638,312
1763086112370,1763086112462,92,2071.8387485027156,6.640508809303576,1639,312
1763086112401,1763086112494,93,2071.8387485027156,6.640508809303576,1640,312
1763086112433,1763086112526,93,2071.8387485027156,6.640508809303576,1641,312
1763086112465,1763086112558,93,2071.8387485027156,6.640508809303576,1642,312
1763086112497,1763086112590,93,2071.8387485027156,6.640508809303576,1643,312
1763086112529,1763086112621,92,2071.8387485027156,6.640508809303576,1644,312
1763086112561,1763086112654,93,2031.0716438081615,6.509845012205647,1645,312
1763086112593,1763086112687,94,2031.0716438081615,6.509845012205647,1646,312
1763086112625,1763086112717,92,2031.0716438081615,6.509845012205647,1647,312
1763086112657,1763086112749,92,2031.0716438081615,6.509845012205647,1648,312
1763086112689,1763086112779,90,2031.0716438081615,6.509845012205647,1649,312
1763086112720,1763086112810,90,2031.0716438081615,6.509845012205647,1650,312
1763086112751,1763086112841,90,2031.0716438081615,6.509845012205647,1651,312
1763086112782,1763086112874,92,2062.57488518368,6.610816939691284,1652,312
1763086112813,1763086112904,91,2062.57488518368,6.610816939691284,1653,312
1763086112844,1763086112935,91,2062.57488518368,6.610816939691284,1654,312
1763086112876,1763086112966,90,2062.57488518368,6.610816939691284,1655,312
1763086112906,1763086112997,91,2062.57488518368,6.610816939691284,1656,312
1763086112937,1763086113028,91,2062.57488518368,6.610816939691284,1657,312
1763086112970,1763086113060,90,2062.57488518368,6.610816939691284,1658,312
1763086113000,1763086113092,92,2087.224183491393,6.689821100933953,1659,312
1763086113031,1763086113122,91,2087.224183491393,6.689821100933953,1660,312
1763086113062,1763086113152,90,2087.224183491393,6.689821100933953,1661,312
1763086113094,1763086113183,89,2087.224183491393,6.689821100933953,1662,312
1763086113124,1763086113214,90,2087.224183491393,6.689821100933953,1663,312
1763086113155,1763086113246,91,2087.224183491393,6.689821100933953,1664,312
1763086113187,1763086113278,91,2043.5336742426402,6.54978741744436,1665,312
1763086113218,1763086113309,91,2043.5336742426402,6.54978741744436,1666,312
1763086113250,1763086113341,91,2043.5336742426402,6.54978741744436,1667,312
1763086113281,1763086113373,92,2043.5336742426402,6.54978741744436,1668,312
1763086113312,1763086113405,93,2043.5336742426402,6.54978741744436,1669,312
1763086113344,1763086113436,92,2043.5336742426402,6.54978741744436,1670,312
1763086113375,1763086113468,93,2008.883872045627,6.4387303591205995,1671,312
1763086113407,1763086113497,90,2008.883872045627,6.4387303591205995,1672,312
1763086113438,1763086113528,90,2008.883872045627,6.4387303591205995,1673,312
1763086113469,1763086113558,89,2008.883872045627,6.4387303591205995,1674,312
1763086113500,1763086113590,90,2008.883872045627,6.4387303591205995,1675,312
1763086113531,1763086113621,90,2008.883872045627,6.4387303591205995,1676,312
1763086113562,1763086113653,91,2008.883872045627,6.4387303591205995,1677,312
1763086113592,1763086113684,92,2044.607562148319,6.553229365859997,1678,312
1763086113624,1763086113715,91,2044.607562148319,6.553229365859997,1679,312
1763086113656,1763086113746,90,2044.607562148319,6.553229365859997,1680,312
1763086113687,1763086113779,92,2044.607562148319,6.553229365859997,1681,312
1763086113718,1763086113809,91,2044.607562148319,6.553229365859997,1682,312
1763086113749,1763086113839,90,2044.607562148319,6.553229365859997,1683,312
1763086113780,1763086113871,91,2044.607562148319,6.553229365859997,1684,312
1763086113811,1763086113903,92,2072.90422703221,6.643923804590418,1685,312
1763086113842,1763086113934,92,2072.90422703221,6.643923804590418,1686,312
1763086113874,1763086113966,92,2072.90422703221,6.643923804590418,1687,312
1763086113906,1763086113996,90,2072.90422703221,6.643923804590418,1688,312
1763086113937,1763086114027,90,2072.90422703221,6.643923804590418,1689,312
1763086113968,1763086114058,90,2072.90422703221,6.643923804590418,1690,312
1763086113999,1763086114089,90,2032.3215731717037,6.513851196063154,1691,312
1763086114030,1763086114120,90,2032.3215731717037,6.513851196063154,1692,312
1763086114061,1763086114152,91,2032.3215731717037,6.513851196063154,1693,312
1763086114092,1763086114184,92,2032.3215731717037,6.513851196063154,1694,312
1763086114123,1763086114215,92,2032.3215731717037,6.513851196063154,1695,312
1763086114154,1763086114245,91,2032.3215731717037,6.513851196063154,1696,312
1763086114186,1763086114277,91,2032.3215731717037,6.513851196063154,1697,312
1763086114217,1763086114308,91,2063.112293817848,6.612539403262334,1698,312
1763086114248,1763086114339,91,2063.112293817848,6.612539403262334,1699,312
1763086114280,1763086114370,90,2063.112293817848,6.612539403262334,1700,312
1763086114311,1763086114401,90,2063.112293817848,6.612539403262334,1701,312
1763086114342,1763086114433,91,2063.112293817848,6.612539403262334,1702,312
1763086114373,1763086114463,90,2063.112293817848,6.612539403262334,1703,312
1763086114404,1763086114495,91,2024.3164981728246,6.48819390440008,1704,312
1763086114436,1763086114526,90,2024.3164981728246,6.48819390440008,1705,312
1763086114467,1763086114557,90,2024.3164981728246,6.48819390440008,1706,312
1763086114498,1763086114589,91,2024.3164981728246,6.48819390440008,1707,312
1763086114529,1763086114621,92,2024.3164981728246,6.48819390440008,1708,312
1763086114561,1763086114653,92,2024.3164981728246,6.48819390440008,1709,312
1763086114593,1763086114684,91,1993.7008820400868,6.390066929615664,1710,312
1763086114625,1763086114715,90,1993.7008820400868,6.390066929615664,1711,312
1763086114656,1763086114745,89,1993.7008820400868,6.390066929615664,1712,312
1763086114687,1763086114777,90,1993.7008820400868,6.390066929615664,1713,312
1763086114718,1763086114808,90,1993.7008820400868,6.390066929615664,1714,312
1763086114749,1763086114839,90,1993.7008820400868,6.390066929615664,1715,312
1763086114780,1763086114872,92,1993.7008820400868,6.390066929615664,1716,312
1763086114811,1763086114901,90,2032.712201221869,6.515103209044453,1717,312
1763086114842,1763086114932,90,2032.712201221869,6.515103209044453,1718,312
1763086114873,1763086114963,90,2032.712201221869,6.515103209044453,1719,312
1763086114903,1763086114994,91,2032.712201221869,6.515103209044453,1720,312
1763086114935,1763086115025,90,2032.712201221869,6.515103209044453,1721,312
1763086114966,1763086115057,91,2032.712201221869,6.515103209044453,1722,312
1763086114997,1763086115088,91,2032.712201221869,6.515103209044453,1723,312
1763086115028,1763086115121,93,2063.4236243738296,6.613537257608429,1724,312
1763086115060,1763086115151,91,2063.4236243738296,6.613537257608429,1725,312
1763086115091,1763086115182,91,2063.4236243738296,6.613537257608429,1726,312
1763086115122,1763086115214,92,2063.4236243738296,6.613537257608429,1727,312
1763086115153,1763086115245,92,2063.4236243738296,6.613537257608429,1728,312
1763086115185,1763086115276,91,2063.4236243738296,6.613537257608429,1729,312
1763086115216,1763086115309,93,2024.3732050015683,6.488375657056309,1730,312
1763086115247,1763086115340,93,2024.3732050015683,6.488375657056309,1731,312
1763086115279,1763086115372,93,2024.3732050015683,6.488375657056309,1732,312
1763086115311,1763086115404,93,2024.3732050015683,6.488375657056309,1733,312
1763086115343,1763086115436,93,2024.3732050015683,6.488375657056309,1734,312
1763086115376,1763086115468,92,2024.3732050015683,6.488375657056309,1735,312
1763086115407,1763086115499,92,1993.44144438625,6.389235398673878,1736,312
1763086115439,1763086115529,90,1993.44144438625,6.389235398673878,1737,312
1763086115470,1763086115560,90,1993.44144438625,6.389235398673878,1738,312
1763086115501,1763086115591,90,1993.44144438625,6.389235398673878,1739,312
1763086115532,1763086115623,91,1993.44144438625,6.389235398673878,1740,312
1763086115563,1763086115654,91,1993.44144438625,6.389235398673878,1741,312
1763086115595,1763086115686,91,1993.44144438625,6.389235398673878,1742,312
1763086115627,1763086115718,91,2032.8870653982963,6.515663671148386,1743,312
1763086115658,1763086115750,92,2032.8870653982963,6.515663671148386,1744,312
1763086115690,1763086115782,92,2032.8870653982963,6.515663671148386,1745,312
1763086115722,1763086115815,93,2032.8870653982963,6.515663671148386,1746,312
1763086115754,1763086115846,92,2032.8870653982963,6.515663671148386,1747,312
1763086115786,1763086115878,92,2032.8870653982963,6.515663671148386,1748,312
1763086115818,1763086115910,92,2000.0661040570437,6.410468282234115,1749,312
1763086115850,1763086115943,93,2000.0661040570437,6.410468282234115,1750,312
1763086115882,1763086115977,95,2000.0661040570437,6.410468282234115,1751,312
1763086115914,1763086116005,91,2000.0661040570437,6.410468282234115,1752,312
1763086115946,1763086116041,95,2000.0661040570437,6.410468282234115,1753,312
1763086115977,1763086116070,93,2000.0661040570437,6.410468282234115,1754,312
1763086116009,1763086116102,93,2000.0661040570437,6.410468282234115,1755,312
1763086116041,1763086116134,93,2038.8761561010076,6.534859474682717,1756,312
1763086116073,1763086116166,93,2038.8761561010076,6.534859474682717,1757,312
1763086116105,1763086116198,93,2038.8761561010076,6.534859474682717,1758,312
1763086116137,1763086116229,92,2038.8761561010076,6.534859474682717,1759,312
1763086116169,1763086116262,93,2038.8761561010076,6.534859474682717,1760,312
1763086116201,1763086116294,93,2038.8761561010076,6.534859474682717,1761,312
1763086116233,1763086116325,92,2004.833420256402,6.425748141847443,1762,312
1763086116265,1763086116355,90,2004.833420256402,6.425748141847443,1763,312
1763086116297,1763086116387,90,2004.833420256402,6.425748141847443,1764,312
1763086116327,1763086116419,92,2004.833420256402,6.425748141847443,1765,312
1763086116359,1763086116451,92,2004.833420256402,6.425748141847443,1766,312
1763086116391,1763086116483,92,2004.833420256402,6.425748141847443,1767,312
1763086116423,1763086116514,91,2004.833420256402,6.425748141847443,1768,312
1763086116455,1763086116545,90,2042.1000688430704,6.545192528343175,1769,312
1763086116486,1763086116577,91,2042.1000688430704,6.545192528343175,1770,312
1763086116517,1763086116609,92,2042.1000688430704,6.545192528343175,1771,312
1763086116548,1763086116639,91,2042.1000688430704,6.545192528343175,1772,312
1763086116580,1763086116671,91,2042.1000688430704,6.545192528343175,1773,312
1763086116611,1763086116701,90,2042.1000688430704,6.545192528343175,1774,312
1763086116641,1763086116733,92,2042.1000688430704,6.545192528343175,1775,312
1763086116672,1763086116763,91,2070.7638549367703,6.637063637617853,1776,312
1763086116703,1763086116794,91,2070.7638549367703,6.637063637617853,1777,312
1763086116734,1763086116824,90,2070.7638549367703,6.637063637617853,1778,312
1763086116765,1763086116855,90,2070.7638549367703,6.637063637617853,1779,312
1763086116796,1763086116887,91,2070.7638549367703,6.637063637617853,1780,312
1763086116827,1763086116918,91,2070.7638549367703,6.637063637617853,1781,312
1763086116859,1763086116949,90,2030.4147923846058,6.507739719181429,1782,312
1763086116891,1763086116981,90,2030.4147923846058,6.507739719181429,1783,312
1763086116921,1763086117012,91,2030.4147923846058,6.507739719181429,1784,312
1763086116953,1763086117044,91,2030.4147923846058,6.507739719181429,1785,312
1763086116984,1763086117076,92,2030.4147923846058,6.507739719181429,1786,312
1763086117015,1763086117107,92,2030.4147923846058,6.507739719181429,1787,312
1763086117046,1763086117138,92,2030.4147923846058,6.507739719181429,1788,312
1763086117078,1763086117169,91,2030.4147923846058,6.507739719181429,1789,312
1763086117108,1763086117200,92,2030.4147923846058,6.507739719181429,1790,312
1763086117140,1763086117231,91,2030.4147923846058,6.507739719181429,1791,312
1763086117171,1763086117262,91,2030.4147923846058,6.507739719181429,1792,312
1763086117202,1763086117294,92,2030.4147923846058,6.507739719181429,1793,312
1763086117234,1763086117325,91,2030.4147923846058,6.507739719181429,1794,312
1763086117266,1763086117356,90,2850.7768014688404,9.13710513291295,1795,312
1763086117297,1763086117387,90,2850.7768014688404,9.13710513291295,1796,312
1763086117328,1763086117419,91,2850.7768014688404,9.13710513291295,1797,312
1763086117359,1763086117451,92,2850.7768014688404,9.13710513291295,1798,312
1763086117391,1763086117484,93,2850.7768014688404,9.13710513291295,1799,312
1763086117423,1763086117516,93,2850.7768014688404,9.13710513291295,1800,312
1763086117455,1763086117547,92,2651.106333969197,8.497135685798709,1801,312
1763086117487,1763086117577,90,2651.106333969197,8.497135685798709,1802,312
1763086117519,1763086117608,89,2651.106333969197,8.497135685798709,1803,312
1763086117549,1763086117639,90,2651.106333969197,8.497135685798709,1804,312
1763086117579,1763086117671,92,2651.106333969197,8.497135685798709,1805,312
1763086117611,1763086117702,91,2651.106333969197,8.497135685798709,1806,312
1763086117641,1763086117733,92,2651.106333969197,8.497135685798709,1807,312
1763086117673,1763086117764,91,2555.816641839481,8.191720005895773,1808,312
1763086117703,1763086117796,93,2555.816641839481,8.191720005895773,1809,312
1763086117735,1763086117826,91,2555.816641839481,8.191720005895773,1810,312
1763086117766,1763086117859,93,2555.816641839481,8.191720005895773,1811,312
1763086117797,1763086117889,92,2555.816641839481,8.191720005895773,1812,312
1763086117828,1763086117921,93,2555.816641839481,8.191720005895773,1813,312
1763086117860,1763086117952,92,2418.369496829745,7.751184284710723,1814,312
1763086117892,1763086117984,92,2418.369496829745,7.751184284710723,1815,312
1763086117924,1763086118015,91,2418.369496829745,7.751184284710723,1816,312
1763086117955,1763086118047,92,2418.369496829745,7.751184284710723,1817,312
1763086117986,1763086118077,91,2418.369496829745,7.751184284710723,1818,312
1763086118018,1763086118108,90,2418.369496829745,7.751184284710723,1819,312
1763086118049,1763086118138,89,2418.369496829745,7.751184284710723,1820,312
1763086118080,1763086118170,90,2370.0893804828174,7.596440322060314,1821,312
1763086118111,1763086118202,91,2370.0893804828174,7.596440322060314,1822,312
1763086118141,1763086118233,92,2370.0893804828174,7.596440322060314,1823,312
1763086118172,1763086118262,90,2370.0893804828174,7.596440322060314,1824,312
1763086118204,1763086118295,91,2370.0893804828174,7.596440322060314,1825,312
1763086118235,1763086118324,89,2370.0893804828174,7.596440322060314,1826,312
1763086118265,1763086118356,91,2370.0893804828174,7.596440322060314,1827,312
1763086118296,1763086118386,90,2332.685415005771,7.476555817326191,1828,312
1763086118327,1763086118418,91,2332.685415005771,7.476555817326191,1829,312
1763086118358,1763086118448,90,2332.685415005771,7.476555817326191,1830,312
1763086118390,1763086118479,89,2332.685415005771,7.476555817326191,1831,312
1763086118420,1763086118510,90,2332.685415005771,7.476555817326191,1832,312
1763086118451,1763086118544,93,2332.685415005771,7.476555817326191,1833,312
1763086118482,1763086118574,92,2239.626961174605,7.1782915422263,1834,312
1763086118514,1763086118606,92,2239.626961174605,7.1782915422263,1835,312
1763086118545,1763086118636,91,2239.626961174605,7.1782915422263,1836,312
1763086118576,1763086118668,92,2239.626961174605,7.1782915422263,1837,312
1763086118607,1763086118699,92,2239.626961174605,7.1782915422263,1838,312
1763086118639,1763086118730,91,2239.626961174605,7.1782915422263,1839,312
1763086118671,1763086118762,91,2165.7339419785094,6.941454942238813,1840,312
1763086118701,1763086118794,93,2165.7339419785094,6.941454942238813,1841,312
1763086118733,1763086118825,92,2165.7339419785094,6.941454942238813,1842,312
1763086118764,1763086118855,91,2165.7339419785094,6.941454942238813,1843,312
1763086118795,1763086118886,91,2165.7339419785094,6.941454942238813,1844,312
1763086118827,1763086118918,91,2165.7339419785094,6.941454942238813,1845,312
1763086118857,1763086118950,93,2165.7339419785094,6.941454942238813,1846,312
1763086118890,1763086118981,91,2169.515015988958,6.953573769195379,1847,312
1763086118921,1763086119012,91,2169.515015988958,6.953573769195379,1848,312
1763086118953,1763086119043,90,2169.515015988958,6.953573769195379,1849,312
1763086118983,1763086119074,91,2169.515015988958,6.953573769195379,1850,312
1763086119015,1763086119106,91,2169.515015988958,6.953573769195379,1851,312
1763086119046,1763086119139,93,2169.515015988958,6.953573769195379,1852,312
1763086119078,1763086119169,91,2110.0120127911664,6.7628590153563035,1853,312
1763086119110,1763086119199,89,2110.0120127911664,6.7628590153563035,1854,312
1763086119142,1763086119231,89,2110.0120127911664,6.7628590153563035,1855,312
1763086119172,1763086119262,90,2110.0120127911664,6.7628590153563035,1856,312
1763086119203,1763086119293,90,2110.0120127911664,6.7628590153563035,1857,312
1763086119234,1763086119325,91,2110.0120127911664,6.7628590153563035,1858,312
1763086119265,1763086119357,92,2110.0120127911664,6.7628590153563035,1859,312
1763086119297,1763086119389,92,2125.4015141306036,6.812184340162192,1860,312
1763086119329,1763086119421,92,2125.4015141306036,6.812184340162192,1861,312
1763086119361,1763086119453,92,2125.4015141306036,6.812184340162192,1862,312
1763086119392,1763086119485,93,2125.4015141306036,6.812184340162192,1863,312
1763086119425,1763086119517,92,2125.4015141306036,6.812184340162192,1864,312
1763086119456,1763086119552,96,2125.4015141306036,6.812184340162192,1865,312
1763086119488,1763086119581,93,2073.7076052479606,6.6464987347691045,1866,312
1763086119520,1763086119613,93,2073.7076052479606,6.6464987347691045,1867,312
1763086119553,1763086119645,92,2073.7076052479606,6.6464987347691045,1868,312
1763086119584,1763086119677,93,2073.7076052479606,6.6464987347691045,1869,312
1763086119616,1763086119710,94,2073.7076052479606,6.6464987347691045,1870,312
1763086119649,1763086119741,92,2073.7076052479606,6.6464987347691045,1871,312
1763086119681,1763086119774,93,2073.7076052479606,6.6464987347691045,1872,312
1763086119712,1763086119806,94,2097.199885330145,6.721794504263285,1873,312
1763086119745,1763086119837,92,2097.199885330145,6.721794504263285,1874,312
1763086119777,1763086119869,92,2097.199885330145,6.721794504263285,1875,312
1763086119808,1763086119901,93,2097.199885330145,6.721794504263285,1876,312
1763086119840,1763086119933,93,2097.199885330145,6.721794504263285,1877,312
1763086119873,1763086119965,92,2097.199885330145,6.721794504263285,1878,312
1763086119904,1763086119995,91,2051.934708378786,6.576713808906365,1879,312
1763086119937,1763086120026,89,2051.934708378786,6.576713808906365,1880,312
1763086119968,1763086120059,91,2051.934708378786,6.576713808906365,1881,312
1763086119998,1763086120089,91,2051.934708378786,6.576713808906365,1882,312
1763086120030,1763086120122,92,2051.934708378786,6.576713808906365,1883,312
1763086120061,1763086120154,93,2051.934708378786,6.576713808906365,1884,312
1763086120093,1763086120183,90,2051.934708378786,6.576713808906365,1885,312
1763086120125,1763086120215,90,2079.4042890359988,6.664757336653841,1886,312
1763086120156,1763086120248,92,2079.4042890359988,6.664757336653841,1887,312
1763086120187,1763086120276,89,2079.4042890359988,6.664757336653841,1888,312
1763086120218,1763086120307,89,2079.4042890359988,6.664757336653841,1889,312
1763086120249,1763086120338,89,2079.4042890359988,6.664757336653841,1890,312
1763086120279,1763086120370,91,2079.4042890359988,6.664757336653841,1891,312
1763086120310,1763086120401,91,2079.4042890359988,6.664757336653841,1892,312
1763086120342,1763086120433,91,2100.532622650727,6.732476354649765,1893,312
1763086120373,1763086120465,92,2100.532622650727,6.732476354649765,1894,312
1763086120404,1763086120496,92,2100.532622650727,6.732476354649765,1895,312
1763086120436,1763086120526,90,2100.532622650727,6.732476354649765,1896,312
1763086120467,1763086120559,92,2100.532622650727,6.732476354649765,1897,312
1763086120498,1763086120589,91,2100.532622650727,6.732476354649765,1898,312
1763086120529,1763086120620,91,2054.1405002526294,6.583783654655862,1899,312
1763086120560,1763086120651,91,2054.1405002526294,6.583783654655862,1900,312
1763086120592,1763086120683,91,2054.1405002526294,6.583783654655862,1901,312
1763086120623,1763086120715,92,2054.1405002526294,6.583783654655862,1902,312
1763086120654,1763086120746,92,2054.1405002526294,6.583783654655862,1903,312
1763086120686,1763086120777,91,2054.1405002526294,6.583783654655862,1904,312
1763086120718,1763086120808,90,2017.7124002021035,6.46702692372469,1905,312
1763086120749,1763086120839,90,2017.7124002021035,6.46702692372469,1906,312
1763086120780,1763086120871,91,2017.7124002021035,6.46702692372469,1907,312
1763086120811,1763086120902,91,2017.7124002021035,6.46702692372469,1908,312
1763086120843,1763086120934,91,2017.7124002021035,6.46702692372469,1909,312
1763086120874,1763086120965,91,2017.7124002021035,6.46702692372469,1910,312
1763086120904,1763086120997,93,2017.7124002021035,6.46702692372469,1911,312
1763086120941,1763086121028,87,2052.133933360268,6.57735235051368,1912,312
1763086120969,1763086121060,91,2052.133933360268,6.57735235051368,1913,312
1763086120999,1763086121091,92,2052.133933360268,6.57735235051368,1914,312
1763086121032,1763086121123,91,2052.133933360268,6.57735235051368,1915,312
1763086121063,1763086121154,91,2052.133933360268,6.57735235051368,1916,312
1763086121095,1763086121185,90,2052.133933360268,6.57735235051368,1917,312
1763086121127,1763086121218,91,2015.5667448881338,6.460149823359402,1918,312
1763086121157,1763086121248,91,2015.5667448881338,6.460149823359402,1919,312
1763086121189,1763086121283,94,2015.5667448881338,6.460149823359402,1920,312
1763086121220,1763086121313,93,2015.5667448881338,6.460149823359402,1921,312
1763086121253,1763086121343,90,2015.5667448881338,6.460149823359402,1922,312
1763086121285,1763086121375,90,2015.5667448881338,6.460149823359402,1923,312
1763086121316,1763086121406,90,2015.5667448881338,6.460149823359402,1924,312
1763086121346,1763086121436,90,2050.095562186066,6.570819109570725,1925,312
1763086121377,1763086121467,90,2050.095562186066,6.570819109570725,1926,312
1763086121409,1763086121498,89,2050.095562186066,6.570819109570725,1927,312
1763086121440,1763086121530,90,2050.095562186066,6.570819109570725,1928,312
1763086121471,1763086121560,89,2050.095562186066,6.570819109570725,1929,312
1763086121502,1763086121592,90,2050.095562186066,6.570819109570725,1930,312
1763086121533,1763086121624,91,2014.298354186667,6.45608446854701,1931,312
1763086121564,1763086121656,92,2014.298354186667,6.45608446854701,1932,312
1763086121596,1763086121688,92,2014.298354186667,6.45608446854701,1933,312
1763086121628,1763086121720,92,2014.298354186667,6.45608446854701,1934,312
1763086121660,1763086121752,92,2014.298354186667,6.45608446854701,1935,312
1763086121692,1763086121784,92,2014.298354186667,6.45608446854701,1936,312
1763086121724,1763086121815,91,2014.298354186667,6.45608446854701,1937,312
1763086121757,1763086121846,89,2049.935699807467,6.570306730152137,1938,312
1763086121788,1763086121878,90,2049.935699807467,6.570306730152137,1939,312
1763086121818,1763086121909,91,2049.935699807467,6.570306730152137,1940,312
1763086121849,1763086121939,90,2049.935699807467,6.570306730152137,1941,312
1763086121881,1763086121971,90,2049.935699807467,6.570306730152137,1942,312
1763086121912,1763086122003,91,2049.935699807467,6.570306730152137,1943,312
1763086121943,1763086122034,91,2014.3485598459733,6.45624538412171,1944,312
1763086121975,1763086122066,91,2014.3485598459733,6.45624538412171,1945,312
1763086122006,1763086122098,92,2014.3485598459733,6.45624538412171,1946,312
1763086122038,1763086122130,92,2014.3485598459733,6.45624538412171,1947,312
1763086122070,1763086122162,92,2014.3485598459733,6.45624538412171,1948,312
1763086122102,1763086122194,92,2014.3485598459733,6.45624538412171,1949,312
1763086122134,1763086122225,91,2014.3485598459733,6.45624538412171,1950,312
1763086122166,1763086122255,89,2049.805710838165,6.569890098840272,1951,312
1763086122198,1763086122286,88,2049.805710838165,6.569890098840272,1952,312
1763086122228,1763086122320,92,2049.805710838165,6.569890098840272,1953,312
1763086122259,1763086122348,89,2049.805710838165,6.569890098840272,1954,312
1763086122290,1763086122380,90,2049.805710838165,6.569890098840272,1955,312
1763086122321,1763086122411,90,2049.805710838165,6.569890098840272,1956,312
1763086122352,1763086122442,90,2049.805710838165,6.569890098840272,1957,312
1763086122384,1763086122474,90,2077.0471515380173,6.657202408775697,1958,312
1763086122415,1763086122505,90,2077.0471515380173,6.657202408775697,1959,312
1763086122446,1763086122537,91,2077.0471515380173,6.657202408775697,1960,312
1763086122478,1763086122568,90,2077.0471515380173,6.657202408775697,1961,312
1763086122509,1763086122601,92,2077.0471515380173,6.657202408775697,1962,312
1763086122540,1763086122631,91,2077.0471515380173,6.657202408775697,1963,312
1763086122572,1763086122662,90,2035.4225797757997,6.52379031979423,1964,312
1763086122603,1763086122693,90,2035.4225797757997,6.52379031979423,1965,312
1763086122634,1763086122724,90,2035.4225797757997,6.52379031979423,1966,312
1763086122665,1763086122756,91,2035.4225797757997,6.52379031979423,1967,312
1763086122696,1763086122788,92,2035.4225797757997,6.52379031979423,1968,312
1763086122728,1763086122820,92,2035.4225797757997,6.52379031979423,1969,312
1763086122760,1763086122851,91,2002.4112186610882,6.417984675195796,1970,312
1763086122792,1763086122882,90,2002.4112186610882,6.417984675195796,1971,312
1763086122824,1763086122914,90,2002.4112186610882,6.417984675195796,1972,312
1763086122854,1763086122945,91,2002.4112186610882,6.417984675195796,1973,312
1763086122886,1763086122976,90,2002.4112186610882,6.417984675195796,1974,312
1763086122918,1763086123008,90,2002.4112186610882,6.417984675195796,1975,312
1763086122948,1763086123041,93,2002.4112186610882,6.417984675195796,1976,312
1763086122980,1763086123072,92,2040.3632739609209,6.539625878079875,1977,312
1763086123012,1763086123104,92,2040.3632739609209,6.539625878079875,1978,312
1763086123044,1763086123136,92,2040.3632739609209,6.539625878079875,1979,312
1763086123076,1763086123168,92,2040.3632739609209,6.539625878079875,1980,312
1763086123108,1763086123200,92,2040.3632739609209,6.539625878079875,1981,312
1763086123140,1763086123232,92,2040.3632739609209,6.539625878079875,1982,312
1763086123172,1763086123264,92,2006.017166072893,6.42954219895158,1983,312
1763086123204,1763086123295,91,2006.017166072893,6.42954219895158,1984,312
1763086123236,1763086123327,91,2006.017166072893,6.42954219895158,1985,312
1763086123268,1763086123359,91,2006.017166072893,6.42954219895158,1986,312
1763086123299,1763086123391,92,2006.017166072893,6.42954219895158,1987,312
1763086123332,1763086123423,91,2006.017166072893,6.42954219895158,1988,312
1763086123363,1763086123455,92,2006.017166072893,6.42954219895158,1989,312
1763086123397,1763086123486,89,2043.3935611975853,6.549338337171748,1990,312
1763086123427,1763086123518,91,2043.3935611975853,6.549338337171748,1991,312
1763086123458,1763086123549,91,2043.3935611975853,6.549338337171748,1992,312
1763086123490,1763086123581,91,2043.3935611975853,6.549338337171748,1993,312
1763086123522,1763086123614,92,2043.3935611975853,6.549338337171748,1994,312
1763086123553,1763086123644,91,2043.3935611975853,6.549338337171748,1995,312
1763086123585,1763086123675,90,2008.9434553968706,6.438921331400227,1996,312
1763086123616,1763086123706,90,2008.9434553968706,6.438921331400227,1997,312
1763086123648,1763086123737,89,2008.9434553968706,6.438921331400227,1998,312
1763086123678,1763086123768,90,2008.9434553968706,6.438921331400227,1999,312
1763086123709,1763086123800,91,2008.9434553968706,6.438921331400227,2000,312
1763086123740,1763086123831,91,2008.9434553968706,6.438921331400227,2001,312
1763086123772,1763086123863,91,2008.9434553968706,6.438921331400227,2002,312
1763086123803,1763086123893,90,2045.0051035851152,6.55450353713178,2003,312
1763086123833,1763086123926,93,2045.0051035851152,6.55450353713178,2004,312
1763086123865,1763086123956,91,2045.0051035851152,6.55450353713178,2005,312
1763086123897,1763086123987,90,2045.0051035851152,6.55450353713178,2006,312
1763086123929,1763086124018,89,2045.0051035851152,6.55450353713178,2007,312
1763086123960,1763086124049,89,2045.0051035851152,6.55450353713178,2008,312
1763086123990,1763086124083,93,2010.0580726609219,6.44249382263116,2009,312
1763086124021,1763086124111,90,2010.0580726609219,6.44249382263116,2010,312
1763086124053,1763086124142,89,2010.0580726609219,6.44249382263116,2011,312
1763086124084,1763086124174,90,2010.0580726609219,6.44249382263116,2012,312
1763086124115,1763086124206,91,2010.0580726609219,6.44249382263116,2013,312
1763086124147,1763086124237,90,2010.0580726609219,6.44249382263116,2014,312
1763086124178,1763086124269,91,2010.0580726609219,6.44249382263116,2015,312
1763086124209,1763086124299,90,2045.5422258380938,6.556225082814404,2016,312
1763086124240,1763086124331,91,2045.5422258380938,6.556225082814404,2017,312
1763086124272,1763086124362,90,2045.5422258380938,6.556225082814404,2018,312
1763086124302,1763086124396,94,2045.5422258380938,6.556225082814404,2019,312
1763086124334,1763086124426,92,2045.5422258380938,6.556225082814404,2020,312
1763086124367,1763086124456,89,2045.5422258380938,6.556225082814404,2021,312
1763086124398,1763086124488,90,2010.660238444637,6.4444238411687085,2022,312
1763086124429,1763086124519,90,2010.660238444637,6.4444238411687085,2023,312
1763086124460,1763086124550,90,2010.660238444637,6.4444238411687085,2024,312
1763086124491,1763086124580,89,2010.660238444637,6.4444238411687085,2025,312
1763086124522,1763086124611,89,2010.660238444637,6.4444238411687085,2026,312
1763086124553,1763086124641,88,2010.660238444637,6.4444238411687085,2027,312
1763086124583,1763086124673,90,2010.660238444637,6.4444238411687085,2028,312
1763086124614,1763086124704,90,2045.8482100403755,6.5572058014114605,2029,312
1763086124646,1763086124736,90,2045.8482100403755,6.5572058014114605,2030,312
1763086124676,1763086124767,91,2045.8482100403755,6.5572058014114605,2031,312
1763086124708,1763086124802,94,2045.8482100403755,6.5572058014114605,2032,312
1763086124739,1763086124828,89,2045.8482100403755,6.5572058014114605,2033,312
1763086124770,1763086124860,90,2045.8482100403755,6.5572058014114605,2034,312
1763086124802,1763086124892,90,2010.90471982226,6.445207435327757,2035,312
1763086124833,1763086124924,91,2010.90471982226,6.445207435327757,2036,312
1763086124864,1763086124954,90,2010.90471982226,6.445207435327757,2037,312
1763086124895,1763086124986,91,2010.90471982226,6.445207435327757,2038,312
1763086124927,1763086125018,91,2010.90471982226,6.445207435327757,2039,312
1763086124958,1763086125049,91,2010.90471982226,6.445207435327757,2040,312
1763086124990,1763086125080,90,2010.90471982226,6.445207435327757,2041,312
1763086125022,1763086125111,89,2046.7354428190522,6.560049496214911,2042,312
1763086125053,1763086125145,92,2046.7354428190522,6.560049496214911,2043,312
1763086125084,1763086125174,90,2046.7354428190522,6.560049496214911,2044,312
1763086125115,1763086125205,90,2046.7354428190522,6.560049496214911,2045,312
1763086125147,1763086125235,88,2046.7354428190522,6.560049496214911,2046,312
1763086125178,1763086125267,89,2046.7354428190522,6.560049496214911,2047,312
1763086125208,1763086125298,90,2046.7354428190522,6.560049496214911,2048,312
1763086125239,1763086125330,91,2074.462883369604,6.648919497979499,2049,312
1763086125270,1763086125359,89,2074.462883369604,6.648919497979499,2050,312
1763086125302,1763086125391,89,2074.462883369604,6.648919497979499,2051,312
1763086125333,1763086125422,89,2074.462883369604,6.648919497979499,2052,312
1763086125364,1763086125455,91,2074.462883369604,6.648919497979499,2053,312
1763086125395,1763086125484,89,2074.462883369604,6.648919497979499,2054,312
1763086125426,1763086125515,89,2033.7678438123135,6.518486678885619,2055,312
1763086125457,1763086125546,89,2033.7678438123135,6.518486678885619,2056,312
1763086125487,1763086125577,90,2033.7678438123135,6.518486678885619,2057,312
1763086125519,1763086125607,88,2033.7678438123135,6.518486678885619,2058,312
1763086125549,1763086125640,91,2033.7678438123135,6.518486678885619,2059,312
1763086125580,1763086125671,91,2033.7678438123135,6.518486678885619,2060,312
1763086125611,1763086125703,92,2001.2525072060384,6.41427085642961,2061,312
1763086125643,1763086125735,92,2001.2525072060384,6.41427085642961,2062,312
1763086125675,1763086125765,90,2001.2525072060384,6.41427085642961,2063,312
1763086125707,1763086125797,90,2001.2525072060384,6.41427085642961,2064,312
1763086125737,1763086125829,92,2001.2525072060384,6.41427085642961,2065,312
1763086125769,1763086125859,90,2001.2525072060384,6.41427085642961,2066,312
1763086125801,1763086125890,89,2001.2525072060384,6.41427085642961,2067,312
1763086125832,1763086125921,89,2038.7157432288006,6.53434533086154,2068,312
1763086125863,1763086125952,89,2038.7157432288006,6.53434533086154,2069,312
1763086125893,1763086125983,90,2038.7157432288006,6.53434533086154,2070,312
1763086125924,1763086126014,90,2038.7157432288006,6.53434533086154,2071,312
1763086125956,1763086126045,89,2038.7157432288006,6.53434533086154,2072,312
1763086125987,1763086126077,90,2038.7157432288006,6.53434533086154,2073,312
1763086126018,1763086126108,90,2005.3725945830406,6.427476264689232,2074,312
1763086126049,1763086126139,90,2005.3725945830406,6.427476264689232,2075,312
1763086126081,1763086126171,90,2005.3725945830406,6.427476264689232,2076,312
1763086126112,1763086126202,90,2005.3725945830406,6.427476264689232,2077,312
1763086126143,1763086126233,90,2005.3725945830406,6.427476264689232,2078,312
1763086126175,1763086126264,89,2005.3725945830406,6.427476264689232,2079,312
1763086126206,1763086126296,90,2005.3725945830406,6.427476264689232,2080,312
1763086126237,1763086126327,90,2042.3484675043512,6.545988677898561,2081,312
1763086126268,1763086126359,91,2042.3484675043512,6.545988677898561,2082,312
1763086126300,1763086126390,90,2042.3484675043512,6.545988677898561,2083,312
1763086126332,1763086126422,90,2042.3484675043512,6.545988677898561,2084,312
1763086126362,1763086126455,93,2042.3484675043512,6.545988677898561,2085,312
1763086126394,1763086126485,91,2042.3484675043512,6.545988677898561,2086,312
1763086126426,1763086126516,90,2008.1084255359767,6.43624495364095,2087,312
1763086126457,1763086126548,91,2008.1084255359767,6.43624495364095,2088,312
1763086126488,1763086126578,90,2008.1084255359767,6.43624495364095,2089,312
1763086126520,1763086126609,89,2008.1084255359767,6.43624495364095,2090,312
1763086126551,1763086126641,90,2008.1084255359767,6.43624495364095,2091,312
1763086126582,1763086126673,91,2008.1084255359767,6.43624495364095,2092,312
1763086126613,1763086126705,92,2008.1084255359767,6.43624495364095,2093,312
1763086126645,1763086126737,92,2044.6938730244935,6.5535060032836325,2094,312
1763086126677,1763086126769,92,2044.6938730244935,6.5535060032836325,2095,312
1763086126709,1763086126801,92,2044.6938730244935,6.5535060032836325,2096,312
1763086126741,1763086126833,92,2044.6938730244935,6.5535060032836325,2097,312
1763086126773,1763086126865,92,2044.6938730244935,6.5535060032836325,2098,312
1763086126805,1763086126897,92,2044.6938730244935,6.5535060032836325,2099,312
1763086126837,1763086126929,92,2009.2916290544724,6.440037272610488,2100,312
1763086126869,1763086126962,93,2009.2916290544724,6.440037272610488,2101,312
1763086126901,1763086126992,91,2009.2916290544724,6.440037272610488,2102,312
1763086126933,1763086127023,90,2009.2916290544724,6.440037272610488,2103,312
1763086126964,1763086127055,91,2009.2916290544724,6.440037272610488,2104,312
1763086126995,1763086127087,92,2009.2916290544724,6.440037272610488,2105,312
1763086127027,1763086127119,92,2009.2916290544724,6.440037272610488,2106,312
1763086127059,1763086127151,92,2045.8056785820877,6.557069482634896,2107,312
1763086127091,1763086127183,92,2045.8056785820877,6.557069482634896,2108,312
1763086127123,1763086127214,91,2045.8056785820877,6.557069482634896,2109,312
1763086127155,1763086127245,90,2045.8056785820877,6.557069482634896,2110,312
1763086127186,1763086127276,90,2045.8056785820877,6.557069482634896,2111,312
1763086127218,1763086127307,89,2045.8056785820877,6.557069482634896,2112,312
1763086127248,1763086127339,91,2010.870737187088,6.445098516625282,2113,312
1763086127279,1763086127370,91,2010.870737187088,6.445098516625282,2114,312
1763086127311,1763086127401,90,2010.870737187088,6.445098516625282,2115,312
1763086127342,1763086127433,91,2010.870737187088,6.445098516625282,2116,312
1763086127374,1763086127467,93,2010.870737187088,6.445098516625282,2117,312
1763086127405,1763086127495,90,2010.870737187088,6.445098516625282,2118,312
1763086127437,1763086127527,90,2010.870737187088,6.445098516625282,2119,312
1763086127468,1763086127557,89,2046.535365326548,6.5594082222004735,2120,312
1763086127499,1763086127588,89,2046.535365326548,6.5594082222004735,2121,312
1763086127530,1763086127620,90,2046.535365326548,6.5594082222004735,2122,312
1763086127560,1763086127651,91,2046.535365326548,6.5594082222004735,2123,312
1763086127592,1763086127682,90,2046.535365326548,6.5594082222004735,2124,312
1763086127623,1763086127713,90,2046.535365326548,6.5594082222004735,2125,312
1763086127654,1763086127744,90,2046.535365326548,6.5594082222004735,2126,312
1763086127686,1763086127776,90,2074.3032215305852,6.648407761315978,2127,312
1763086127716,1763086127807,91,2074.3032215305852,6.648407761315978,2128,312
1763086127747,1763086127839,92,2074.3032215305852,6.648407761315978,2129,312
1763086127779,1763086127871,92,2074.3032215305852,6.648407761315978,2130,312
1763086127811,1763086127902,91,2074.3032215305852,6.648407761315978,2131,312
1763086127843,1763086127934,91,2074.3032215305852,6.648407761315978,2132,312
1763086127875,1763086127965,90,2032.8310611168154,6.515484170246203,2133,312
1763086127906,1763086127996,90,2032.8310611168154,6.515484170246203,2134,312
1763086127937,1763086128027,90,2032.8310611168154,6.515484170246203,2135,312
1763086127969,1763086128058,89,2032.8310611168154,6.515484170246203,2136,312
1763086127999,1763086128089,90,2032.8310611168154,6.515484170246203,2137,312
1763086128031,1763086128120,89,2032.8310611168154,6.515484170246203,2138,312
1763086128062,1763086128152,90,2000.6648488934522,6.4123873361969626,2139,312
1763086128093,1763086128182,89,2000.6648488934522,6.4123873361969626,2140,312
1763086128125,1763086128213,88,2000.6648488934522,6.4123873361969626,2141,312
1763086128155,1763086128244,89,2000.6648488934522,6.4123873361969626,2142,312
1763086128185,1763086128275,90,2000.6648488934522,6.4123873361969626,2143,312
1763086128216,1763086128307,91,2000.6648488934522,6.4123873361969626,2144,312
1763086128247,1763086128338,91,2000.6648488934522,6.4123873361969626,2145,312
1763086128279,1763086128370,91,2038.2485548702946,6.532847932276585,2146,312
1763086128310,1763086128400,90,2038.2485548702946,6.532847932276585,2147,312
1763086128341,1763086128431,90,2038.2485548702946,6.532847932276585,2148,312
1763086128373,1763086128463,90,2038.2485548702946,6.532847932276585,2149,312
1763086128404,1763086128495,91,2038.2485548702946,6.532847932276585,2150,312
1763086128435,1763086128526,91,2038.2485548702946,6.532847932276585,2151,312
1763086128467,1763086128556,89,2038.2485548702946,6.532847932276585,2152,312
1763086128498,1763086128587,89,2067.690346786495,6.627212649956715,2153,312
1763086128529,1763086128618,89,2067.690346786495,6.627212649956715,2154,312
1763086128560,1763086128650,90,2067.690346786495,6.627212649956715,2155,312
1763086128591,1763086128681,90,2067.690346786495,6.627212649956715,2156,312
1763086128622,1763086128712,90,2067.690346786495,6.627212649956715,2157,312
1763086128653,1763086128743,90,2067.690346786495,6.627212649956715,2158,312
1763086128685,1763086128774,89,2027.9652063888366,6.499888482015502,2159,312
1763086128719,1763086128806,87,2027.9652063888366,6.499888482015502,2160,312
1763086128747,1763086128838,91,2027.9652063888366,6.499888482015502,2161,312
1763086128778,1763086128870,92,2027.9652063888366,6.499888482015502,2162,312
1763086128810,1763086128901,91,2027.9652063888366,6.499888482015502,2163,312
1763086128841,1763086128933,92,2027.9652063888366,6.499888482015502,2164,312
1763086128874,1763086128965,91,1996.3042694919027,6.3984111201663545,2165,312
1763086128905,1763086128996,91,1996.3042694919027,6.3984111201663545,2166,312
1763086128937,1763086129028,91,1996.3042694919027,6.3984111201663545,2167,312
1763086128969,1763086129059,90,1996.3042694919027,6.3984111201663545,2168,312
1763086129000,1763086129090,90,1996.3042694919027,6.3984111201663545,2169,312
1763086129031,1763086129122,91,1996.3042694919027,6.3984111201663545,2170,312
1763086129062,1763086129153,91,1996.3042694919027,6.3984111201663545,2171,312
1763086129094,1763086129184,90,2035.157285707079,6.522940018291919,2172,312
1763086129126,1763086129215,89,2035.157285707079,6.522940018291919,2173,312
1763086129157,1763086129247,90,2035.157285707079,6.522940018291919,2174,312
1763086129188,1763086129278,90,2035.157285707079,6.522940018291919,2175,312
1763086129219,1763086129309,90,2035.157285707079,6.522940018291919,2176,312
1763086129250,1763086129340,90,2035.157285707079,6.522940018291919,2177,312
1763086129282,1763086129370,88,2035.157285707079,6.522940018291919,2178,312
1763086129312,1763086129402,90,2065.223513994249,6.619306134596951,2179,312
1763086129343,1763086129433,90,2065.223513994249,6.619306134596951,2180,312
1763086129374,1763086129465,91,2065.223513994249,6.619306134596951,2181,312
1763086129406,1763086129498,92,2065.223513994249,6.619306134596951,2182,312
1763086129437,1763086129527,90,2065.223513994249,6.619306134596951,2183,312
1763086129469,1763086129558,89,2065.223513994249,6.619306134596951,2184,312
1763086129499,1763086129587,88,2026.385587681405,6.494825601542964,2185,312
1763086129530,1763086129618,88,2026.385587681405,6.494825601542964,2186,312
1763086129560,1763086129650,90,2026.385587681405,6.494825601542964,2187,312
1763086129591,1763086129681,90,2026.385587681405,6.494825601542964,2188,312
1763086129622,1763086129713,91,2026.385587681405,6.494825601542964,2189,312
1763086129654,1763086129745,91,2026.385587681405,6.494825601542964,2190,312
1763086129685,1763086129777,92,1995.1996989697611,6.3948708300312855,2191,312
1763086129717,1763086129808,91,1995.1996989697611,6.3948708300312855,2192,312
1763086129749,1763086129839,90,1995.1996989697611,6.3948708300312855,2193,312
1763086129781,1763086129871,90,1995.1996989697611,6.3948708300312855,2194,312
1763086129812,1763086129902,90,1995.1996989697611,6.3948708300312855,2195,312
1763086129843,1763086129934,91,1995.1996989697611,6.3948708300312855,2196,312
1763086129875,1763086129966,91,1995.1996989697611,6.3948708300312855,2197,312
1763086129906,1763086129998,92,2034.4701615840509,6.520737697384778,2198,312
1763086129938,1763086130028,90,2034.4701615840509,6.520737697384778,2199,312
1763086129970,1763086130058,88,2034.4701615840509,6.520737697384778,2200,312
1763086130000,1763086130089,89,2034.4701615840509,6.520737697384778,2201,312
1763086130031,1763086130121,90,2034.4701615840509,6.520737697384778,2202,312
1763086130062,1763086130150,88,2034.4701615840509,6.520737697384778,2203,312
1763086130093,1763086130181,88,2034.4701615840509,6.520737697384778,2204,312
1763086130123,1763086130211,88,2066.4695470050638,6.623299830144435,2205,312
1763086130154,1763086130243,89,2066.4695470050638,6.623299830144435,2206,312
1763086130185,1763086130275,90,2066.4695470050638,6.623299830144435,2207,312
1763086130215,1763086130307,92,2066.4695470050638,6.623299830144435,2208,312
1763086130248,1763086130338,90,2066.4695470050638,6.623299830144435,2209,312
1763086130279,1763086130371,92,2066.4695470050638,6.623299830144435,2210,312
1763086130311,1763086130402,91,2026.9922289630358,6.4967699646251145,2211,312
1763086130343,1763086130433,90,2026.9922289630358,6.4967699646251145,2212,312
1763086130374,1763086130464,90,2026.9922289630358,6.4967699646251145,2213,312
1763086130406,1763086130497,91,2026.9922289630358,6.4967699646251145,2214,312
1763086130437,1763086130529,92,2026.9922289630358,6.4967699646251145,2215,312
1763086130469,1763086130560,91,2026.9922289630358,6.4967699646251145,2216,312
1763086130501,1763086130592,91,2026.9922289630358,6.4967699646251145,2217,312
1763086130532,1763086130624,92,2059.8068531097615,6.601945042018466,2218,312
1763086130564,1763086130656,92,2059.8068531097615,6.601945042018466,2219,312
1763086130595,1763086130688,93,2059.8068531097615,6.601945042018466,2220,312
1763086130627,1763086130720,93,2059.8068531097615,6.601945042018466,2221,312
1763086130660,1763086130751,91,2059.8068531097615,6.601945042018466,2222,312
1763086130692,1763086130783,91,2059.8068531097615,6.601945042018466,2223,312
1763086130723,1763086130815,92,2021.4942550753701,6.479148253446699,2224,312
1763086130755,1763086130847,92,2021.4942550753701,6.479148253446699,2225,312
1763086130788,1763086130879,91,2021.4942550753701,6.479148253446699,2226,312
1763086130819,1763086130911,92,2021.4942550753701,6.479148253446699,2227,312
1763086130852,1763086130942,90,2021.4942550753701,6.479148253446699,2228,312
1763086130884,1763086130974,90,2021.4942550753701,6.479148253446699,2229,312
1763086130915,1763086131005,90,2021.4942550753701,6.479148253446699,2230,312
1763086130947,1763086131036,89,2055.295450019693,6.587485416729785,2231,312
1763086130978,1763086131067,89,2055.295450019693,6.587485416729785,2232,312
1763086131008,1763086131098,90,2055.295450019693,6.587485416729785,2233,312
1763086131040,1763086131129,89,2055.295450019693,6.587485416729785,2234,312
1763086131070,1763086131161,91,2055.295450019693,6.587485416729785,2235,312
1763086131102,1763086131193,91,2055.295450019693,6.587485416729785,2236,312
1763086131134,1763086131223,89,2055.295450019693,6.587485416729785,2237,312
1763086131165,1763086131255,90,2081.5511782156755,6.671638391716908,2238,312
1763086131197,1763086131286,89,2081.5511782156755,6.671638391716908,2239,312
1763086131228,1763086131316,88,2081.5511782156755,6.671638391716908,2240,312
1763086131258,1763086131348,90,2081.5511782156755,6.671638391716908,2241,312
1763086131290,1763086131381,91,2081.5511782156755,6.671638391716908,2242,312
1763086131321,1763086131410,89,2081.5511782156755,6.671638391716908,2243,312
1763086131352,1763086131443,91,2039.0122890378934,6.535295798198376,2244,312
1763086131397,1763086131490,93,2039.0122890378934,6.535295798198376,2245,312
1763086131431,1763086131524,93,2039.0122890378934,6.535295798198376,2246,312
1763086131462,1763086131554,92,2039.0122890378934,6.535295798198376,2247,312
1763086131495,1763086131586,91,2039.0122890378934,6.535295798198376,2248,312
1763086131526,1763086131618,92,2039.0122890378934,6.535295798198376,2249,312
1763086131559,1763086131649,90,2004.4407452070495,6.424489567971312,2250,312
1763086131590,1763086131681,91,2004.4407452070495,6.424489567971312,2251,312
1763086131621,1763086131711,90,2004.4407452070495,6.424489567971312,2252,312
1763086131653,1763086131742,89,2004.4407452070495,6.424489567971312,2253,312
1763086131684,1763086131773,89,2004.4407452070495,6.424489567971312,2254,312
1763086131714,1763086131804,90,2004.4407452070495,6.424489567971312,2255,312
1763086131746,1763086131836,90,2004.4407452070495,6.424489567971312,2256,312
1763086131776,1763086131867,91,2040.7117146752255,6.540742675241107,2257,312
1763086131808,1763086131900,92,2040.7117146752255,6.540742675241107,2258,312
1763086131839,1763086131930,91,2040.7117146752255,6.540742675241107,2259,312
1763086131871,1763086131961,90,2040.7117146752255,6.540742675241107,2260,312
1763086131903,1763086131992,89,2040.7117146752255,6.540742675241107,2261,312
1763086131934,1763086132024,90,2040.7117146752255,6.540742675241107,2262,312
1763086131965,1763086132054,89,2006.4632365961547,6.430971912167163,2263,312
1763086131996,1763086132085,89,2006.4632365961547,6.430971912167163,2264,312
1763086132027,1763086132116,89,2006.4632365961547,6.430971912167163,2265,312
1763086132058,1763086132148,90,2006.4632365961547,6.430971912167163,2266,312
1763086132089,1763086132179,90,2006.4632365961547,6.430971912167163,2267,312
1763086132121,1763086132210,89,2006.4632365961547,6.430971912167163,2268,312
1763086132152,1763086132242,90,1979.5705892769238,6.34477752973373,2269,312
1763086132183,1763086132272,89,1979.5705892769238,6.34477752973373,2270,312
1763086132214,1763086132303,89,1979.5705892769238,6.34477752973373,2271,312
1763086132245,1763086132335,90,1979.5705892769238,6.34477752973373,2272,312
1763086132275,1763086132366,91,1979.5705892769238,6.34477752973373,2273,312
1763086132307,1763086132397,90,1979.5705892769238,6.34477752973373,2274,312
1763086132339,1763086132428,89,1979.5705892769238,6.34477752973373,2275,312
1763086132370,1763086132461,91,2021.6830478858774,6.479753358608582,2276,312
1763086132401,1763086132492,91,2021.6830478858774,6.479753358608582,2277,312
1763086132433,1763086132523,90,2021.6830478858774,6.479753358608582,2278,312
1763086132464,1763086132555,91,2021.6830478858774,6.479753358608582,2279,312
1763086132495,1763086132586,91,2021.6830478858774,6.479753358608582,2280,312
1763086132527,1763086132618,91,2021.6830478858774,6.479753358608582,2281,312
1763086132559,1763086132649,90,1991.596755260816,6.383322933528257,2282,312
1763086132590,1763086132680,90,1991.596755260816,6.383322933528257,2283,312
1763086132622,1763086132711,89,1991.596755260816,6.383322933528257,2284,312
1763086132652,1763086132742,90,1991.596755260816,6.383322933528257,2285,312
1763086132683,1763086132772,89,1991.596755260816,6.383322933528257,2286,312
1763086132714,1763086132804,90,1991.596755260816,6.383322933528257,2287,312
1763086132745,1763086132835,90,1991.596755260816,6.383322933528257,2288,312
1763086132776,1763086132866,90,2031.0394204323488,6.509741732154964,2289,312
1763086132807,1763086132898,91,2031.0394204323488,6.509741732154964,2290,312
1763086132838,1763086132930,92,2031.0394204323488,6.509741732154964,2291,312
1763086132870,1763086132962,92,2031.0394204323488,6.509741732154964,2292,312
1763086132902,1763086132994,92,2031.0394204323488,6.509741732154964,2293,312
1763086132934,1763086133026,92,2031.0394204323488,6.509741732154964,2294,312
1763086132966,1763086133057,91,1998.754418084582,6.406264160527506,2295,312
1763086132997,1763086133088,91,1998.754418084582,6.406264160527506,2296,312
1763086133029,1763086133119,90,1998.754418084582,6.406264160527506,2297,312
1763086133061,1763086133150,89,1998.754418084582,6.406264160527506,2298,312
1763086133092,1763086133182,90,1998.754418084582,6.406264160527506,2299,312
1763086133123,1763086133212,89,1998.754418084582,6.406264160527506,2300,312
1763086133154,1763086133244,90,1998.754418084582,6.406264160527506,2301,312
1763086133185,1763086133274,89,2036.7297623772427,6.527980007619368,2302,312
1763086133217,1763086133306,89,2036.7297623772427,6.527980007619368,2303,312
1763086133248,1763086133338,90,2036.7297623772427,6.527980007619368,2304,312
1763086133279,1763086133370,91,2036.7297623772427,6.527980007619368,2305,312
1763086133310,1763086133402,92,2036.7297623772427,6.527980007619368,2306,312
1763086133342,1763086133433,91,2036.7297623772427,6.527980007619368,2307,312
1763086133374,1763086133467,93,2002.9601610899078,6.419744106057397,2308,312
1763086133406,1763086133498,92,2002.9601610899078,6.419744106057397,2309,312
1763086133437,1763086133530,93,2002.9601610899078,6.419744106057397,2310,312
1763086133469,1763086133560,91,2002.9601610899078,6.419744106057397,2311,312
1763086133500,1763086133591,91,2002.9601610899078,6.419744106057397,2312,312
1763086133532,1763086133622,90,2002.9601610899078,6.419744106057397,2313,312
1763086133563,1763086133654,91,2002.9601610899078,6.419744106057397,2314,312
1763086133594,1763086133686,92,2040.2543679053867,6.539276820209573,2315,312
1763086133626,1763086133718,92,2040.2543679053867,6.539276820209573,2316,312
1763086133658,1763086133749,91,2040.2543679053867,6.539276820209573,2317,312
1763086133690,1763086133781,91,2040.2543679053867,6.539276820209573,2318,312
1763086133722,1763086133812,90,2040.2543679053867,6.539276820209573,2319,312
1763086133753,1763086133843,90,2040.2543679053867,6.539276820209573,2320,312
1763086133784,1763086133874,90,2006.435239956404,6.430882179347449,2321,312
1763086133814,1763086133906,92,2006.435239956404,6.430882179347449,2322,312
1763086133846,1763086133938,92,2006.435239956404,6.430882179347449,2323,312
1763086133878,1763086133970,92,2006.435239956404,6.430882179347449,2324,312
1763086133910,1763086134002,92,2006.435239956404,6.430882179347449,2325,312
1763086133942,1763086134035,93,2006.435239956404,6.430882179347449,2326,312
1763086133974,1763086134066,92,2006.435239956404,6.430882179347449,2327,312
1763086134006,1763086134098,92,2044.0789690856463,6.55153515732579,2328,312
1763086134038,1763086134130,92,2044.0789690856463,6.55153515732579,2329,312
1763086134070,1763086134162,92,2044.0789690856463,6.55153515732579,2330,312
1763086134102,1763086134194,92,2044.0789690856463,6.55153515732579,2331,312
1763086134134,1763086134226,92,2044.0789690856463,6.55153515732579,2332,312
1763086134166,1763086134258,92,2044.0789690856463,6.55153515732579,2333,312
1763086134198,1763086134290,92,2008.9748593921745,6.439021985231329,2334,312
1763086134230,1763086134323,93,2008.9748593921745,6.439021985231329,2335,312
1763086134262,1763086134354,92,2008.9748593921745,6.439021985231329,2336,312
1763086134294,1763086134385,91,2008.9748593921745,6.439021985231329,2337,312
1763086134326,1763086134417,91,2008.9748593921745,6.439021985231329,2338,312
1763086134358,1763086134449,91,2008.9748593921745,6.439021985231329,2339,312
1763086134389,1763086134481,92,2008.9748593921745,6.439021985231329,2340,312
1763086134421,1763086134513,92,2045.9051640604257,6.557388346347518,2341,312
1763086134453,1763086134545,92,2045.9051640604257,6.557388346347518,2342,312
1763086134485,1763086134575,90,2045.9051640604257,6.557388346347518,2343,312
1763086134517,1763086134607,90,2045.9051640604257,6.557388346347518,2344,312
1763086134548,1763086134638,90,2045.9051640604257,6.557388346347518,2345,312
1763086134579,1763086134669,90,2045.9051640604257,6.557388346347518,2346,312
1763086134610,1763086134701,91,2011.1241312483405,6.445910677078015,2347,312
1763086134642,1763086134732,90,2011.1241312483405,6.445910677078015,2348,312
1763086134673,1763086134762,89,2011.1241312483405,6.445910677078015,2349,312
1763086134704,1763086134793,89,2011.1241312483405,6.445910677078015,2350,312
1763086134735,1763086134825,90,2011.1241312483405,6.445910677078015,2351,312
1763086134765,1763086134857,92,2011.1241312483405,6.445910677078015,2352,312
1763086134797,1763086134886,89,2011.1241312483405,6.445910677078015,2353,312
1763086134829,1763086134918,89,2046.5636843424306,6.559498988277022,2354,312
1763086134860,1763086134949,89,2046.5636843424306,6.559498988277022,2355,312
1763086134891,1763086134981,90,2046.5636843424306,6.559498988277022,2356,312
1763086134922,1763086135012,90,2046.5636843424306,6.559498988277022,2357,312
1763086134953,1763086135043,90,2046.5636843424306,6.559498988277022,2358,312
1763086134984,1763086135073,89,2046.5636843424306,6.559498988277022,2359,312
1763086135016,1763086135105,89,2046.5636843424306,6.559498988277022,2360,312
1763086135046,1763086135136,90,2074.3258201052595,6.648480192645064,2361,312
1763086135078,1763086135167,89,2074.3258201052595,6.648480192645064,2362,312
1763086135109,1763086135199,90,2074.3258201052595,6.648480192645064,2363,312
1763086135140,1763086135231,91,2074.3258201052595,6.648480192645064,2364,312
1763086135171,1763086135262,91,2074.3258201052595,6.648480192645064,2365,312
1763086135203,1763086135294,91,2074.3258201052595,6.648480192645064,2366,312
1763086135235,1763086135324,89,2033.0513528037866,6.516190233345471,2367,312
1763086135266,1763086135355,89,2033.0513528037866,6.516190233345471,2368,312
1763086135297,1763086135387,90,2033.0513528037866,6.516190233345471,2369,312
1763086135328,1763086135419,91,2033.0513528037866,6.516190233345471,2370,312
1763086135359,1763086135450,91,2033.0513528037866,6.516190233345471,2371,312
1763086135390,1763086135481,91,2033.0513528037866,6.516190233345471,2372,312
1763086135423,1763086135512,89,2000.8410822430292,6.412952186676376,2373,312
1763086135454,1763086135543,89,2000.8410822430292,6.412952186676376,2374,312
1763086135484,1763086135574,90,2000.8410822430292,6.412952186676376,2375,312
1763086135515,1763086135604,89,2000.8410822430292,6.412952186676376,2376,312
1763086135546,1763086135635,89,2000.8410822430292,6.412952186676376,2377,312
1763086135576,1763086135666,90,2000.8410822430292,6.412952186676376,2378,312
1763086135607,1763086135698,91,2000.8410822430292,6.412952186676376,2379,312
1763086135639,1763086135728,89,2038.205501465451,6.532709940594396,2380,312
1763086135670,1763086135760,90,2038.205501465451,6.532709940594396,2381,312
1763086135701,1763086135791,90,2038.205501465451,6.532709940594396,2382,312
1763086135732,1763086135821,89,2038.205501465451,6.532709940594396,2383,312
1763086135764,1763086135852,88,2038.205501465451,6.532709940594396,2384,312
1763086135794,1763086135883,89,2038.205501465451,6.532709940594396,2385,312
1763086135824,1763086135915,91,2038.205501465451,6.532709940594396,2386,312
1763086135855,1763086135946,91,2067.65599016943,6.627102532594328,2387,312
1763086135887,1763086135977,90,2067.65599016943,6.627102532594328,2388,312
1763086135918,1763086136009,91,2067.65599016943,6.627102532594328,2389,312
1763086135950,1763086136039,89,2067.65599016943,6.627102532594328,2390,312
1763086135981,1763086136071,90,2067.65599016943,6.627102532594328,2391,312
1763086136011,1763086136102,91,2067.65599016943,6.627102532594328,2392,312
1763086136043,1763086136134,91,2027.9378241650356,6.499800718477679,2393,312
1763086136074,1763086136164,90,2027.9378241650356,6.499800718477679,2394,312
1763086136105,1763086136196,91,2027.9378241650356,6.499800718477679,2395,312
1763086136136,1763086136227,91,2027.9378241650356,6.499800718477679,2396,312
1763086136168,1763086136258,90,2027.9378241650356,6.499800718477679,2397,312
1763086136200,1763086136289,89,2027.9378241650356,6.499800718477679,2398,312
1763086136231,1763086136321,90,1996.7502593320285,6.399840574782143,2399,312
1763086136262,1763086136352,90,1996.7502593320285,6.399840574782143,2400,312
1763086136293,1763086136384,91,1996.7502593320285,6.399840574782143,2401,312
1763086136324,1763086136415,91,1996.7502593320285,6.399840574782143,2402,312
1763086136356,1763086136446,90,1996.7502593320285,6.399840574782143,2403,312
1763086136387,1763086136477,90,1996.7502593320285,6.399840574782143,2404,312
1763086136419,1763086136508,89,1996.7502593320285,6.399840574782143,2405,312
1763086136450,1763086136540,90,2035.3237059096307,6.523473416377022,2406,312
1763086136481,1763086136570,89,2035.3237059096307,6.523473416377022,2407,312
1763086136512,1763086136601,89,2035.3237059096307,6.523473416377022,2408,312
1763086136543,1763086136632,89,2035.3237059096307,6.523473416377022,2409,312
1763086136573,1763086136663,90,2035.3237059096307,6.523473416377022,2410,312
1763086136604,1763086136694,90,2035.3237059096307,6.523473416377022,2411,312
1763086136635,1763086136726,91,2035.3237059096307,6.523473416377022,2412,312
1763086136667,1763086136757,90,2065.3563173158855,6.619731786268863,2413,312
1763086136699,1763086136787,88,2065.3563173158855,6.619731786268863,2414,312
1763086136729,1763086136819,90,2065.3563173158855,6.619731786268863,2415,312
1763086136760,1763086136850,90,2065.3563173158855,6.619731786268863,2416,312
1763086136792,1763086136882,90,2065.3563173158855,6.619731786268863,2417,312
1763086136823,1763086136913,90,2065.3563173158855,6.619731786268863,2418,312
1763086136854,1763086136944,90,2026.2983412180765,6.494545965442553,2419,312
1763086136885,1763086136976,91,2026.2983412180765,6.494545965442553,2420,312
1763086136916,1763086137008,92,2026.2983412180765,6.494545965442553,2421,312
1763086136948,1763086137039,91,2026.2983412180765,6.494545965442553,2422,312
1763086136979,1763086137071,92,2026.2983412180765,6.494545965442553,2423,312
1763086137011,1763086137103,92,2026.2983412180765,6.494545965442553,2424,312
1763086137043,1763086137134,91,1994.975777950807,6.3941531344577145,2425,312
1763086137075,1763086137164,89,1994.975777950807,6.3941531344577145,2426,312
1763086137106,1763086137196,90,1994.975777950807,6.3941531344577145,2427,312
1763086137137,1763086137227,90,1994.975777950807,6.3941531344577145,2428,312
1763086137168,1763086137257,89,1994.975777950807,6.3941531344577145,2429,312
1763086137200,1763086137287,87,1994.975777950807,6.3941531344577145,2430,312
1763086137230,1763086137319,89,1994.975777950807,6.3941531344577145,2431,312
1763086137260,1763086137350,90,2033.3476950267932,6.517140048162799,2432,312
1763086137291,1763086137381,90,2033.3476950267932,6.517140048162799,2433,312
1763086137322,1763086137413,91,2033.3476950267932,6.517140048162799,2434,312
1763086137354,1763086137444,90,2033.3476950267932,6.517140048162799,2435,312
1763086137385,1763086137477,92,2033.3476950267932,6.517140048162799,2436,312
1763086137416,1763086137507,91,2033.3476950267932,6.517140048162799,2437,312
1763086137447,1763086137539,92,2000.7554606313809,6.412677758433913,2438,312
1763086137479,1763086137571,92,2000.7554606313809,6.412677758433913,2439,312
1763086137511,1763086137605,94,2000.7554606313809,6.412677758433913,2440,312
1763086137543,1763086137635,92,2000.7554606313809,6.412677758433913,2441,312
1763086137575,1763086137665,90,2000.7554606313809,6.412677758433913,2442,312
1763086137607,1763086137697,90,2000.7554606313809,6.412677758433913,2443,312
1763086137638,1763086137730,92,2000.7554606313809,6.412677758433913,2444,312
1763086137669,1763086137761,92,2039.2368138987908,6.536015429162791,2445,312
1763086137701,1763086137793,92,2039.2368138987908,6.536015429162791,2446,312
1763086137733,1763086137825,92,2039.2368138987908,6.536015429162791,2447,312
1763086137765,1763086137857,92,2039.2368138987908,6.536015429162791,2448,312
1763086137797,1763086137890,93,2039.2368138987908,6.536015429162791,2449,312
1763086137829,1763086137921,92,2039.2368138987908,6.536015429162791,2450,312
1763086137862,1763086137953,91,2005.1205038634375,6.426668281613582,2451,312
1763086137893,1763086137985,92,2005.1205038634375,6.426668281613582,2452,312
1763086137925,1763086138020,95,2005.1205038634375,6.426668281613582,2453,312
1763086137958,1763086138049,91,2005.1205038634375,6.426668281613582,2454,312
1763086137989,1763086138080,91,2005.1205038634375,6.426668281613582,2455,312
1763086138021,1763086138113,92,2005.1205038634375,6.426668281613582,2456,312
1763086138053,1763086138143,90,2005.1205038634375,6.426668281613582,2457,312
1763086138083,1763086138175,92,2042.6851980521155,6.54706794247473,2458,312
1763086138115,1763086138207,92,2042.6851980521155,6.54706794247473,2459,312
1763086138147,1763086138239,92,2042.6851980521155,6.54706794247473,2460,312
1763086138179,1763086138271,92,2042.6851980521155,6.54706794247473,2461,312
1763086138211,1763086138303,92,2042.6851980521155,6.54706794247473,2462,312
1763086138243,1763086138335,92,2042.6851980521155,6.54706794247473,2463,312
1763086138275,1763086138367,92,2007.865417649484,6.435466082209885,2464,312
1763086138307,1763086138399,92,2007.865417649484,6.435466082209885,2465,312
1763086138339,1763086138431,92,2007.865417649484,6.435466082209885,2466,312
1763086138371,1763086138463,92,2007.865417649484,6.435466082209885,2467,312
1763086138403,1763086138494,91,2007.865417649484,6.435466082209885,2468,312
1763086138435,1763086138526,91,2007.865417649484,6.435466082209885,2469,312
1763086138467,1763086138559,92,2007.865417649484,6.435466082209885,2470,312
1763086138499,1763086138589,90,2044.8536799430924,6.554018204945809,2471,312
1763086138530,1763086138621,91,2044.8536799430924,6.554018204945809,2472,312
1763086138562,1763086138651,89,2044.8536799430924,6.554018204945809,2473,312
1763086138593,1763086138683,90,2044.8536799430924,6.554018204945809,2474,312
1763086138624,1763086138714,90,2044.8536799430924,6.554018204945809,2475,312
1763086138655,1763086138745,90,2044.8536799430924,6.554018204945809,2476,312
1763086138686,1763086138776,90,2044.8536799430924,6.554018204945809,2477,312
1763086138718,1763086138807,89,2072.9612365945877,6.6441065275467555,2478,312
1763086138749,1763086138838,89,2072.9612365945877,6.6441065275467555,2479,312
1763086138780,1763086138869,89,2072.9612365945877,6.6441065275467555,2480,312
1763086138811,1763086138900,89,2072.9612365945877,6.6441065275467555,2481,312
1763086138842,1763086138932,90,2072.9612365945877,6.6441065275467555,2482,312
1763086138873,1763086138963,90,2072.9612365945877,6.6441065275467555,2483,312
1763086138904,1763086138993,89,2032.367066802481,6.513997008982311,2484,312
1763086138935,1763086139025,90,2032.367066802481,6.513997008982311,2485,312
1763086138966,1763086139056,90,2032.367066802481,6.513997008982311,2486,312
1763086138997,1763086139088,91,2032.367066802481,6.513997008982311,2487,312
1763086139029,1763086139125,96,2032.367066802481,6.513997008982311,2488,312
1763086139061,1763086139153,92,2032.367066802481,6.513997008982311,2489,312
1763086139093,1763086139184,91,1999.8125522415774,6.409655616158902,2490,312
1763086139125,1763086139215,90,1999.8125522415774,6.409655616158902,2491,312
1763086139156,1763086139248,92,1999.8125522415774,6.409655616158902,2492,312
1763086139187,1763086139278,91,1999.8125522415774,6.409655616158902,2493,312
1763086139218,1763086139310,92,1999.8125522415774,6.409655616158902,2494,312
1763086139250,1763086139341,91,1999.8125522415774,6.409655616158902,2495,312
1763086139282,1763086139373,91,1999.8125522415774,6.409655616158902,2496,312
1763086139314,1763086139405,91,2038.1235413753293,6.53244724799785,2497,312
1763086139345,1763086139436,91,2038.1235413753293,6.53244724799785,2498,312
1763086139376,1763086139468,92,2038.1235413753293,6.53244724799785,2499,312
1763086139409,1763086139500,91,2038.1235413753293,6.53244724799785,2500,312
1763086139440,1763086139531,91,2038.1235413753293,6.53244724799785,2501,312
1763086139472,1763086139563,91,2038.1235413753293,6.53244724799785,2502,312
1763086139504,1763086139594,90,2004.5665860175127,6.424892903902284,2503,312
1763086139535,1763086139626,91,2004.5665860175127,6.424892903902284,2504,312
1763086139566,1763086139657,91,2004.5665860175127,6.424892903902284,2505,312
1763086139598,1763086139688,90,2004.5665860175127,6.424892903902284,2506,312
1763086139629,1763086139719,90,2004.5665860175127,6.424892903902284,2507,312
1763086139661,1763086139750,89,2004.5665860175127,6.424892903902284,2508,312
1763086139692,1763086139781,89,2004.5665860175127,6.424892903902284,2509,312
1763086139723,1763086139812,89,2041.5298692979052,6.543364965698414,2510,312
1763086139754,1763086139843,89,2041.5298692979052,6.543364965698414,2511,312
1763086139785,1763086139875,90,2041.5298692979052,6.543364965698414,2512,312
1763086139815,1763086139906,91,2041.5298692979052,6.543364965698414,2513,312
1763086139847,1763086139937,90,2041.5298692979052,6.543364965698414,2514,312
1763086139879,1763086139969,90,2041.5298692979052,6.543364965698414,2515,312
1763086139910,1763086139999,89,2041.5298692979052,6.543364965698414,2516,312
1763086139941,1763086140043,102,2070.308835699728,6.635605242627334,2517,312
1763086139972,1763086140063,91,2070.308835699728,6.635605242627334,2518,312
1763086140002,1763086140093,91,2070.308835699728,6.635605242627334,2519,312
1763086140040,1763086140124,84,2070.308835699728,6.635605242627334,2520,312
1763086140066,1763086140156,90,2070.308835699728,6.635605242627334,2521,312
1763086140097,1763086140187,90,2070.308835699728,6.635605242627334,2522,312
1763086140128,1763086140218,90,2029.8538332169837,6.505941773131358,2523,312
1763086140159,1763086140248,89,2029.8538332169837,6.505941773131358,2524,312
1763086140190,1763086140280,90,2029.8538332169837,6.505941773131358,2525,312
1763086140221,1763086140311,90,2029.8538332169837,6.505941773131358,2526,312
1763086140253,1763086140342,89,2029.8538332169837,6.505941773131358,2527,312
1763086140283,1763086140373,90,2029.8538332169837,6.505941773131358,2528,312
1763086140315,1763086140405,90,2029.8538332169837,6.505941773131358,2529,312
1763086140346,1763086140436,90,2060.991358907153,6.605741534958824,2530,312
1763086140378,1763086140467,89,2060.991358907153,6.605741534958824,2531,312
1763086140409,1763086140499,90,2060.991358907153,6.605741534958824,2532,312
1763086140440,1763086140530,90,2060.991358907153,6.605741534958824,2533,312
1763086140471,1763086140561,90,2060.991358907153,6.605741534958824,2534,312
1763086140503,1763086140592,89,2060.991358907153,6.605741534958824,2535,312
1763086140534,1763086140624,90,2022.6261130490009,6.482776003362183,2536,312
1763086140565,1763086140656,91,2022.6261130490009,6.482776003362183,2537,312
1763086140598,1763086140686,88,2022.6261130490009,6.482776003362183,2538,312
1763086140627,1763086140718,91,2022.6261130490009,6.482776003362183,2539,312
1763086140659,1763086140749,90,2022.6261130490009,6.482776003362183,2540,312
1763086140691,1763086140780,89,2022.6261130490009,6.482776003362183,2541,312
1763086140720,1763086140812,92,1992.3502643261518,6.385738026686384,2542,312
1763086140753,1763086140844,91,1992.3502643261518,6.385738026686384,2543,312
1763086140785,1763086140874,89,1992.3502643261518,6.385738026686384,2544,312
1763086140816,1763086140906,90,1992.3502643261518,6.385738026686384,2545,312
1763086140846,1763086140938,92,1992.3502643261518,6.385738026686384,2546,312
1763086140879,1763086140969,90,1992.3502643261518,6.385738026686384,2547,312
1763086140911,1763086141001,90,1992.3502643261518,6.385738026686384,2548,312
1763086140943,1763086141034,91,2032.405059081986,6.514118779108929,2549,312
1763086140973,1763086141066,93,2032.405059081986,6.514118779108929,2550,312
1763086141006,1763086141097,91,2032.405059081986,6.514118779108929,2551,312
1763086141038,1763086141129,91,2032.405059081986,6.514118779108929,2552,312
1763086141069,1763086141163,94,2032.405059081986,6.514118779108929,2553,312
1763086141102,1763086141194,92,2032.405059081986,6.514118779108929,2554,312
1763086141134,1763086141225,91,1999.682427029261,6.409238548170707,2555,312
1763086141166,1763086141268,102,1999.682427029261,6.409238548170707,2556,312
1763086141198,1763086141302,104,1999.682427029261,6.409238548170707,2557,312
1763086141229,1763086141320,91,1999.682427029261,6.409238548170707,2558,312
1763086141263,1763086141352,89,1999.682427029261,6.409238548170707,2559,312
1763086141297,1763086141384,87,1999.682427029261,6.409238548170707,2560,312
1763086141324,1763086141416,92,1999.682427029261,6.409238548170707,2561,312
1763086141356,1763086141447,91,2038.389117353116,6.533298453054859,2562,312
1763086141388,1763086141481,93,2038.389117353116,6.533298453054859,2563,312
1763086141420,1763086141511,91,2038.389117353116,6.533298453054859,2564,312
1763086141451,1763086141544,93,2038.389117353116,6.533298453054859,2565,312
1763086141483,1763086141575,92,2038.389117353116,6.533298453054859,2566,312
1763086141515,1763086141607,92,2038.389117353116,6.533298453054859,2567,312
1763086141547,1763086141638,91,2004.6121265304334,6.425038867084722,2568,312
1763086141580,1763086141671,91,2004.6121265304334,6.425038867084722,2569,312
1763086141611,1763086141703,92,2004.6121265304334,6.425038867084722,2570,312
1763086141643,1763086141734,91,2004.6121265304334,6.425038867084722,2571,312
1763086141674,1763086141766,92,2004.6121265304334,6.425038867084722,2572,312
1763086141706,1763086141798,92,2004.6121265304334,6.425038867084722,2573,312
1763086141739,1763086141830,91,2004.6121265304334,6.425038867084722,2574,312
1763086141770,1763086141864,94,2042.462967832512,6.546355666129846,2575,312
1763086141802,1763086141894,92,2042.462967832512,6.546355666129846,2576,312
1763086141837,1763086141927,90,2042.462967832512,6.546355666129846,2577,312
1763086141866,1763086141957,91,2042.462967832512,6.546355666129846,2578,312
1763086141898,1763086141990,92,2042.462967832512,6.546355666129846,2579,312
1763086141930,1763086142021,91,2042.462967832512,6.546355666129846,2580,312
1763086141961,1763086142053,92,2007.6885223946797,6.434899110239357,2581,312
1763086141993,1763086142085,92,2007.6885223946797,6.434899110239357,2582,312
1763086142026,1763086142117,91,2007.6885223946797,6.434899110239357,2583,312
1763086142058,1763086142150,92,2007.6885223946797,6.434899110239357,2584,312
1763086142089,1763086142182,93,2007.6885223946797,6.434899110239357,2585,312
1763086142122,1763086142212,90,2007.6885223946797,6.434899110239357,2586,312
1763086142153,1763086142245,92,2007.6885223946797,6.434899110239357,2587,312
1763086142185,1763086142276,91,2044.8902441694022,6.554135397978853,2588,312
1763086142217,1763086142308,91,2044.8902441694022,6.554135397978853,2589,312
1763086142249,1763086142339,90,2044.8902441694022,6.554135397978853,2590,312
1763086142281,1763086142372,91,2044.8902441694022,6.554135397978853,2591,312
1763086142311,1763086142404,93,2044.8902441694022,6.554135397978853,2592,312
1763086142343,1763086142435,92,2044.8902441694022,6.554135397978853,2593,312
1763086142376,1763086142468,92,2009.6206343588442,6.441091776791167,2594,312
1763086142408,1763086142499,91,2009.6206343588442,6.441091776791167,2595,312
1763086142439,1763086142531,92,2009.6206343588442,6.441091776791167,2596,312
1763086142472,1763086142563,91,2009.6206343588442,6.441091776791167,2597,312
1763086142504,1763086142596,92,2009.6206343588442,6.441091776791167,2598,312
1763086142535,1763086142628,93,2009.6206343588442,6.441091776791167,2599,312
1763086142567,1763086142659,92,2009.6206343588442,6.441091776791167,2600,312
1763086142599,1763086142692,93,2046.4146805091282,6.559021411888231,2601,312
1763086142631,1763086142726,95,2046.4146805091282,6.559021411888231,2602,312
1763086142663,1763086142756,93,2046.4146805091282,6.559021411888231,2603,312
1763086142696,1763086142790,94,2046.4146805091282,6.559021411888231,2604,312
1763086142728,1763086142821,93,2046.4146805091282,6.559021411888231,2605,312
1763086142760,1763086142852,92,2046.4146805091282,6.559021411888231,2606,312
1763086142793,1763086142884,91,2010.659671004757,6.4444220224511435,2607,312
1763086142823,1763086142915,92,2010.659671004757,6.4444220224511435,2608,312
1763086142856,1763086142947,91,2010.659671004757,6.4444220224511435,2609,312
1763086142887,1763086142980,93,2010.659671004757,6.4444220224511435,2610,312
1763086142919,1763086143011,92,2010.659671004757,6.4444220224511435,2611,312
1763086142951,1763086143044,93,2010.659671004757,6.4444220224511435,2612,312
1763086142984,1763086143075,91,2010.659671004757,6.4444220224511435,2613,312
1763086143016,1763086143106,90,2047.061140093758,6.561093397736403,2614,312
1763086143048,1763086143138,90,2047.061140093758,6.561093397736403,2615,312
1763086143078,1763086143169,91,2047.061140093758,6.561093397736403,2616,312
1763086143110,1763086143201,91,2047.061140093758,6.561093397736403,2617,312
1763086143141,1763086143232,91,2047.061140093758,6.561093397736403,2618,312
1763086143172,1763086143263,91,2047.061140093758,6.561093397736403,2619,312
1763086143204,1763086143294,90,2012.0489120750065,6.448874718189122,2620,312
1763086143236,1763086143325,89,2012.0489120750065,6.448874718189122,2621,312
1763086143267,1763086143357,90,2012.0489120750065,6.448874718189122,2622,312
1763086143298,1763086143389,91,2012.0489120750065,6.448874718189122,2623,312
1763086143329,1763086143420,91,2012.0489120750065,6.448874718189122,2624,312
1763086143361,1763086143451,90,2012.0489120750065,6.448874718189122,2625,312
1763086143392,1763086143482,90,2012.0489120750065,6.448874718189122,2626,312
1763086143423,1763086143514,91,2047.64278727548,6.562957651523974,2627,312
1763086143455,1763086143545,90,2047.64278727548,6.562957651523974,2628,312
1763086143485,1763086143576,91,2047.64278727548,6.562957651523974,2629,312
1763086143516,1763086143608,92,2047.64278727548,6.562957651523974,2630,312
1763086143548,1763086143639,91,2047.64278727548,6.562957651523974,2631,312
1763086143580,1763086143670,90,2047.64278727548,6.562957651523974,2632,312
1763086143612,1763086143704,92,2011.9873014585576,6.448677248264607,2633,312
1763086143644,1763086143734,90,2011.9873014585576,6.448677248264607,2634,312
1763086143675,1763086143766,91,2011.9873014585576,6.448677248264607,2635,312
1763086143707,1763086143798,91,2011.9873014585576,6.448677248264607,2636,312
1763086143739,1763086143829,90,2011.9873014585576,6.448677248264607,2637,312
1763086143770,1763086143860,90,2011.9873014585576,6.448677248264607,2638,312
1763086143802,1763086143891,89,2011.9873014585576,6.448677248264607,2639,312
1763086143832,1763086143924,92,2047.593930056636,6.562801057873833,2640,312
1763086143863,1763086143955,92,2047.593930056636,6.562801057873833,2641,312
1763086143896,1763086143987,91,2047.593930056636,6.562801057873833,2642,312
1763086143928,1763086144019,91,2047.593930056636,6.562801057873833,2643,312
1763086143959,1763086144050,91,2047.593930056636,6.562801057873833,2644,312
1763086143992,1763086144081,89,2047.593930056636,6.562801057873833,2645,312
1763086144022,1763086144112,90,2012.2995501152523,6.449678045241193,2646,312
1763086144053,1763086144144,91,2012.2995501152523,6.449678045241193,2647,312
1763086144085,1763086144175,90,2012.2995501152523,6.449678045241193,2648,312
1763086144116,1763086144207,91,2012.2995501152523,6.449678045241193,2649,312
1763086144148,1763086144238,90,2012.2995501152523,6.449678045241193,2650,312
1763086144179,1763086144269,90,2012.2995501152523,6.449678045241193,2651,312
1763086144210,1763086144301,91,2012.2995501152523,6.449678045241193,2652,312
1763086144241,1763086144333,92,2048.01324369128,6.564145011831025,2653,312
1763086144273,1763086144364,91,2048.01324369128,6.564145011831025,2654,312
1763086144304,1763086144395,91,2048.01324369128,6.564145011831025,2655,312
1763086144336,1763086144426,90,2048.01324369128,6.564145011831025,2656,312
1763086144368,1763086144457,89,2048.01324369128,6.564145011831025,2657,312
1763086144399,1763086144488,89,2048.01324369128,6.564145011831025,2658,312
1763086144429,1763086144520,91,2012.810594953024,6.45131600946482,2659,312
1763086144461,1763086144550,89,2012.810594953024,6.45131600946482,2660,312
1763086144494,1763086144583,89,2012.810594953024,6.45131600946482,2661,312
1763086144524,1763086144614,90,2012.810594953024,6.45131600946482,2662,312
1763086144554,1763086144646,92,2012.810594953024,6.45131600946482,2663,312
1763086144587,1763086144678,91,2012.810594953024,6.45131600946482,2664,312
1763086144618,1763086144710,92,2012.810594953024,6.45131600946482,2665,312
1763086144649,1763086144740,91,2048.417991202795,6.565442279496137,2666,312
1763086144681,1763086144773,92,2048.417991202795,6.565442279496137,2667,312
1763086144712,1763086144804,92,2048.417991202795,6.565442279496137,2668,312
1763086144745,1763086144835,90,2048.417991202795,6.565442279496137,2669,312
1763086144776,1763086144867,91,2048.417991202795,6.565442279496137,2670,312
1763086144808,1763086144899,91,2048.417991202795,6.565442279496137,2671,312
1763086144839,1763086144930,91,2012.7815569798304,6.451222939037917,2672,312
1763086144872,1763086144962,90,2012.7815569798304,6.451222939037917,2673,312
1763086144902,1763086144994,92,2012.7815569798304,6.451222939037917,2674,312
1763086144934,1763086145025,91,2012.7815569798304,6.451222939037917,2675,312
1763086144966,1763086145056,90,2012.7815569798304,6.451222939037917,2676,312
1763086144997,1763086145088,91,2012.7815569798304,6.451222939037917,2677,312
1763086145028,1763086145120,92,2012.7815569798304,6.451222939037917,2678,312
1763086145060,1763086145151,91,2048.5662115710456,6.565917344778993,2679,312
1763086145092,1763086145183,91,2048.5662115710456,6.565917344778993,2680,312
1763086145124,1763086145215,91,2048.5662115710456,6.565917344778993,2681,312
1763086145155,1763086145246,91,2048.5662115710456,6.565917344778993,2682,312
1763086145187,1763086145278,91,2048.5662115710456,6.565917344778993,2683,312
1763086145218,1763086145310,92,2048.5662115710456,6.565917344778993,2684,312
1763086145250,1763086145342,92,2012.7232706221234,6.451036123788858,2685,312
1763086145282,1763086145374,92,2012.7232706221234,6.451036123788858,2686,312
1763086145314,1763086145406,92,2012.7232706221234,6.451036123788858,2687,312
1763086145346,1763086145437,91,2012.7232706221234,6.451036123788858,2688,312
1763086145378,1763086145469,91,2012.7232706221234,6.451036123788858,2689,312
1763086145409,1763086145500,91,2012.7232706221234,6.451036123788858,2690,312
1763086145441,1763086145533,92,2012.7232706221234,6.451036123788858,2691,312
1763086145473,1763086145564,91,2048.6913837914776,6.566318537793197,2692,312
1763086145504,1763086145596,92,2048.6913837914776,6.566318537793197,2693,312
1763086145536,1763086145628,92,2048.6913837914776,6.566318537793197,2694,312
1763086145568,1763086145660,92,2048.6913837914776,6.566318537793197,2695,312
1763086145600,1763086145693,93,2048.6913837914776,6.566318537793197,2696,312
1763086145632,1763086145725,93,2048.6913837914776,6.566318537793197,2697,312
1763086145664,1763086145759,95,2012.4696501142248,6.450223237545592,2698,312
1763086145696,1763086145788,92,2012.4696501142248,6.450223237545592,2699,312
1763086145727,1763086145819,92,2012.4696501142248,6.450223237545592,2700,312
1763086145759,1763086145850,91,2012.4696501142248,6.450223237545592,2701,312
1763086145791,1763086145881,90,2012.4696501142248,6.450223237545592,2702,312
1763086145822,1763086145914,92,2012.4696501142248,6.450223237545592,2703,312
1763086145853,1763086145943,90,2012.4696501142248,6.450223237545592,2704,312
1763086145885,1763086145974,89,2047.6333718408086,6.562927473848746,2705,312
1763086145916,1763086146005,89,2047.6333718408086,6.562927473848746,2706,312
1763086145947,1763086146037,90,2047.6333718408086,6.562927473848746,2707,312
1763086145978,1763086146068,90,2047.6333718408086,6.562927473848746,2708,312
1763086146009,1763086146099,90,2047.6333718408086,6.562927473848746,2709,312
1763086146040,1763086146130,90,2047.6333718408086,6.562927473848746,2710,312
1763086146071,1763086146160,89,2047.6333718408086,6.562927473848746,2711,312
1763086146102,1763086146193,91,2075.043064100806,6.650779051605149,2712,312
1763086146133,1763086146221,88,2075.043064100806,6.650779051605149,2713,312
1763086146163,1763086146253,90,2075.043064100806,6.650779051605149,2714,312
1763086146194,1763086146284,90,2075.043064100806,6.650779051605149,2715,312
1763086146225,1763086146315,90,2075.043064100806,6.650779051605149,2716,312
1763086146256,1763086146346,90,2075.043064100806,6.650779051605149,2717,312
1763086146288,1763086146377,89,2034.0283651524433,6.519321683180909,2718,312
1763086146318,1763086146409,91,2034.0283651524433,6.519321683180909,2719,312
1763086146350,1763086146440,90,2034.0283651524433,6.519321683180909,2720,312
1763086146381,1763086146471,90,2034.0283651524433,6.519321683180909,2721,312
1763086146412,1763086146502,90,2034.0283651524433,6.519321683180909,2722,312
1763086146444,1763086146534,90,2034.0283651524433,6.519321683180909,2723,312
1763086146474,1763086146566,92,2001.4606637568022,6.414938024861546,2724,312
1763086146506,1763086146605,99,2001.4606637568022,6.414938024861546,2725,312
1763086146538,1763086146629,91,2001.4606637568022,6.414938024861546,2726,312
1763086146569,1763086146659,90,2001.4606637568022,6.414938024861546,2727,312
1763086146601,1763086146691,90,2001.4606637568022,6.414938024861546,2728,312
1763086146631,1763086146722,91,2001.4606637568022,6.414938024861546,2729,312
1763086146663,1763086146753,90,2001.4606637568022,6.414938024861546,2730,312
1763086146694,1763086146785,91,2039.063767022901,6.535460791740068,2731,312
1763086146726,1763086146816,90,2039.063767022901,6.535460791740068,2732,312
1763086146757,1763086146847,90,2039.063767022901,6.535460791740068,2733,312
1763086146790,1763086146877,87,2039.063767022901,6.535460791740068,2734,312
1763086146819,1763086146908,89,2039.063767022901,6.535460791740068,2735,312
1763086146850,1763086146940,90,2039.063767022901,6.535460791740068,2736,312
1763086146880,1763086146971,91,2039.063767022901,6.535460791740068,2737,312
1763086146912,1763086147002,90,2068.195949851298,6.628833172600314,2738,312
1763086146943,1763086147033,90,2068.195949851298,6.628833172600314,2739,312
1763086146974,1763086147065,91,2068.195949851298,6.628833172600314,2740,312
1763086147006,1763086147096,90,2068.195949851298,6.628833172600314,2741,312
1763086147037,1763086147126,89,2068.195949851298,6.628833172600314,2742,312
1763086147068,1763086147157,89,2068.195949851298,6.628833172600314,2743,312
1763086147099,1763086147189,90,2028.3681720314844,6.50118003856245,2744,312
1763086147130,1763086147219,89,2028.3681720314844,6.50118003856245,2745,312
1763086147162,1763086147252,90,2028.3681720314844,6.50118003856245,2746,312
1763086147192,1763086147283,91,2028.3681720314844,6.50118003856245,2747,312
1763086147223,1763086147315,92,2028.3681720314844,6.50118003856245,2748,312
1763086147255,1763086147346,91,2028.3681720314844,6.50118003856245,2749,312
1763086147287,1763086147377,90,1996.938169453156,6.400442850811397,2750,312
1763086147318,1763086147409,91,1996.938169453156,6.400442850811397,2751,312
1763086147350,1763086147441,91,1996.938169453156,6.400442850811397,2752,312
1763086147381,1763086147473,92,1996.938169453156,6.400442850811397,2753,312
1763086147413,1763086147505,92,1996.938169453156,6.400442850811397,2754,312
1763086147446,1763086147537,91,1996.938169453156,6.400442850811397,2755,312
1763086147478,1763086147568,90,1996.938169453156,6.400442850811397,2756,312
1763086147509,1763086147599,90,2036.2211538679933,6.526349852141004,2757,312
1763086147540,1763086147631,91,2036.2211538679933,6.526349852141004,2758,312
1763086147572,1763086147662,90,2036.2211538679933,6.526349852141004,2759,312
1763086147603,1763086147692,89,2036.2211538679933,6.526349852141004,2760,312
1763086147635,1763086147724,89,2036.2211538679933,6.526349852141004,2761,312
1763086147666,1763086147757,91,2036.2211538679933,6.526349852141004,2762,312
1763086147696,1763086147786,90,2036.2211538679933,6.526349852141004,2763,312
1763086147728,1763086147817,89,2066.0724807866586,6.622027182008521,2764,312
1763086147758,1763086147849,91,2066.0724807866586,6.622027182008521,2765,312
1763086147789,1763086147881,92,2066.0724807866586,6.622027182008521,2766,312
1763086147821,1763086147912,91,2066.0724807866586,6.622027182008521,2767,312
1763086147852,1763086147944,92,2066.0724807866586,6.622027182008521,2768,312
1763086147884,1763086147975,91,2066.0724807866586,6.622027182008521,2769,312
1763086147916,1763086148006,90,2026.4816947061802,6.495133636878783,2770,312
1763086147947,1763086148036,89,2026.4816947061802,6.495133636878783,2771,312
1763086147978,1763086148068,90,2026.4816947061802,6.495133636878783,2772,312
1763086148011,1763086148099,88,2026.4816947061802,6.495133636878783,2773,312
1763086148040,1763086148130,90,2026.4816947061802,6.495133636878783,2774,312
1763086148072,1763086148161,89,2026.4816947061802,6.495133636878783,2775,312
1763086148102,1763086148194,92,1995.430874070238,6.395611775866147,2776,312
1763086148134,1763086148223,89,1995.430874070238,6.395611775866147,2777,312
1763086148164,1763086148257,93,1995.430874070238,6.395611775866147,2778,312
1763086148196,1763086148287,91,1995.430874070238,6.395611775866147,2779,312
1763086148228,1763086148318,90,1995.430874070238,6.395611775866147,2780,312
1763086148259,1763086148349,90,1995.430874070238,6.395611775866147,2781,312
1763086148290,1763086148381,91,1995.430874070238,6.395611775866147,2782,312
1763086148321,1763086148412,91,2034.2761140117689,6.5201157500377205,2783,312
1763086148353,1763086148444,91,2034.2761140117689,6.5201157500377205,2784,312
1763086148384,1763086148475,91,2034.2761140117689,6.5201157500377205,2785,312
1763086148416,1763086148506,90,2034.2761140117689,6.5201157500377205,2786,312
1763086148447,1763086148538,91,2034.2761140117689,6.5201157500377205,2787,312
1763086148478,1763086148570,92,2034.2761140117689,6.5201157500377205,2788,312
1763086148511,1763086148602,91,2001.4963389813915,6.415052368530101,2789,312
1763086148542,1763086148634,92,2001.4963389813915,6.415052368530101,2790,312
1763086148573,1763086148665,92,2001.4963389813915,6.415052368530101,2791,312
1763086148606,1763086148696,90,2001.4963389813915,6.415052368530101,2792,312
1763086148638,1763086148728,90,2001.4963389813915,6.415052368530101,2793,312
1763086148669,1763086148761,92,2001.4963389813915,6.415052368530101,2794,312
1763086148700,1763086148790,90,2001.4963389813915,6.415052368530101,2795,312
1763086148732,1763086148821,89,2039.2745968122435,6.53613652824437,2796,312
1763086148762,1763086148853,91,2039.2745968122435,6.53613652824437,2797,312
1763086148794,1763086148884,90,2039.2745968122435,6.53613652824437,2798,312
1763086148826,1763086148916,90,2039.2745968122435,6.53613652824437,2799,312
1763086148857,1763086148947,90,2039.2745968122435,6.53613652824437,2800,312
1763086148888,1763086148979,91,2039.2745968122435,6.53613652824437,2801,312
1763086148919,1763086149010,91,2005.6524028529825,6.428373086067252,2802,312
1763086148951,1763086149043,92,2005.6524028529825,6.428373086067252,2803,312
1763086148983,1763086149075,92,2005.6524028529825,6.428373086067252,2804,312
1763086149014,1763086149106,92,2005.6524028529825,6.428373086067252,2805,312
1763086149047,1763086149137,90,2005.6524028529825,6.428373086067252,2806,312
1763086149078,1763086149170,92,2005.6524028529825,6.428373086067252,2807,312
1763086149109,1763086149201,92,2005.6524028529825,6.428373086067252,2808,312
1763086149141,1763086149234,93,2043.2837458510032,6.548986364907061,2809,312
1763086149174,1763086149266,92,2043.2837458510032,6.548986364907061,2810,312
1763086149205,1763086149297,92,2043.2837458510032,6.548986364907061,2811,312
1763086149238,1763086149329,91,2043.2837458510032,6.548986364907061,2812,312
1763086149269,1763086149361,92,2043.2837458510032,6.548986364907061,2813,312
1763086149301,1763086149392,91,2043.2837458510032,6.548986364907061,2814,312
1763086149333,1763086149423,90,2008.6844291891007,6.4380911191958345,2815,312
1763086149364,1763086149454,90,2008.6844291891007,6.4380911191958345,2816,312
1763086149395,1763086149484,89,2008.6844291891007,6.4380911191958345,2817,312
1763086149427,1763086149517,90,2008.6844291891007,6.4380911191958345,2818,312
1763086149457,1763086149548,91,2008.6844291891007,6.4380911191958345,2819,312
1763086149489,1763086149579,90,2008.6844291891007,6.4380911191958345,2820,312
1763086149520,1763086149611,91,2008.6844291891007,6.4380911191958345,2821,312
1763086149552,1763086149641,89,2044.624121205335,6.553282439760689,2822,312
1763086149583,1763086149675,92,2044.624121205335,6.553282439760689,2823,312
1763086149614,1763086149706,92,2044.624121205335,6.553282439760689,2824,312
1763086149645,1763086149736,91,2044.624121205335,6.553282439760689,2825,312
1763086149677,1763086149767,90,2044.624121205335,6.553282439760689,2826,312
1763086149709,1763086149798,89,2044.624121205335,6.553282439760689,2827,312
1763086149739,1763086149828,89,2044.624121205335,6.553282439760689,2828,312
1763086149770,1763086149860,90,2072.917424600652,6.643966104489269,2829,312
1763086149801,1763086149891,90,2072.917424600652,6.643966104489269,2830,312
1763086149832,1763086149923,91,2072.917424600652,6.643966104489269,2831,312
1763086149863,1763086149954,91,2072.917424600652,6.643966104489269,2832,312
1763086149895,1763086149987,92,2072.917424600652,6.643966104489269,2833,312
1763086149927,1763086150019,92,2072.917424600652,6.643966104489269,2834,312
1763086149958,1763086150050,92,2031.327517708317,6.51066512085999,2835,312
1763086149990,1763086150082,92,2031.327517708317,6.51066512085999,2836,312
1763086150022,1763086150114,92,2031.327517708317,6.51066512085999,2837,312
1763086150054,1763086150145,91,2031.327517708317,6.51066512085999,2838,312
1763086150086,1763086150175,89,2031.327517708317,6.51066512085999,2839,312
1763086150118,1763086150207,89,2031.327517708317,6.51066512085999,2840,312
1763086150148,1763086150238,90,1999.4620141666535,6.408532096687992,2841,312
1763086150180,1763086150271,91,1999.4620141666535,6.408532096687992,2842,312
1763086150210,1763086150300,90,1999.4620141666535,6.408532096687992,2843,312
1763086150241,1763086150330,89,1999.4620141666535,6.408532096687992,2844,312
1763086150272,1763086150361,89,1999.4620141666535,6.408532096687992,2845,312
1763086150303,1763086150393,90,1999.4620141666535,6.408532096687992,2846,312
1763086150333,1763086150424,91,1999.4620141666535,6.408532096687992,2847,312
1763086150365,1763086150455,90,2037.1077632766562,6.529191548963642,2848,312
1763086150396,1763086150485,89,2037.1077632766562,6.529191548963642,2849,312
1763086150427,1763086150516,89,2037.1077632766562,6.529191548963642,2850,312
1763086150458,1763086150548,90,2037.1077632766562,6.529191548963642,2851,312
1763086150489,1763086150578,89,2037.1077632766562,6.529191548963642,2852,312
1763086150520,1763086150609,89,2037.1077632766562,6.529191548963642,2853,312
1763086150551,1763086150641,90,2037.1077632766562,6.529191548963642,2854,312
1763086150582,1763086150673,91,2066.7799950947715,6.624294856072986,2855,312
1763086150613,1763086150703,90,2066.7799950947715,6.624294856072986,2856,312
1763086150645,1763086150734,89,2066.7799950947715,6.624294856072986,2857,312
1763086150675,1763086150765,90,2066.7799950947715,6.624294856072986,2858,312
1763086150706,1763086150796,90,2066.7799950947715,6.624294856072986,2859,312
1763086150737,1763086150827,90,2066.7799950947715,6.624294856072986,2860,312
1763086150768,1763086150858,90,2027.4344360856276,6.498187295146242,2861,312
1763086150799,1763086150889,90,2027.4344360856276,6.498187295146242,2862,312
1763086150831,1763086150921,90,2027.4344360856276,6.498187295146242,2863,312
1763086150861,1763086150951,90,2027.4344360856276,6.498187295146242,2864,312
1763086150893,1763086150982,89,2027.4344360856276,6.498187295146242,2865,312
1763086150924,1763086151014,90,2027.4344360856276,6.498187295146242,2866,312
1763086150955,1763086151045,90,2027.4344360856276,6.498187295146242,2867,312
1763086150986,1763086151077,91,2059.2172455602454,6.600055274231555,2868,312
1763086151018,1763086151108,90,2059.2172455602454,6.600055274231555,2869,312
1763086151050,1763086151140,90,2059.2172455602454,6.600055274231555,2870,312
1763086151080,1763086151170,90,2059.2172455602454,6.600055274231555,2871,312
1763086151111,1763086151201,90,2059.2172455602454,6.600055274231555,2872,312
1763086151146,1763086151231,85,2059.2172455602454,6.600055274231555,2873,312
1763086151173,1763086151264,91,2021.3993619570758,6.478844108836781,2874,312
1763086151204,1763086151295,91,2021.3993619570758,6.478844108836781,2875,312
1763086151237,1763086151327,90,2021.3993619570758,6.478844108836781,2876,312
1763086151267,1763086151358,91,2021.3993619570758,6.478844108836781,2877,312
1763086151299,1763086151389,90,2021.3993619570758,6.478844108836781,2878,312
1763086151331,1763086151420,89,2021.3993619570758,6.478844108836781,2879,312
1763086151361,1763086151452,91,1991.3700902037035,6.382596442960588,2880,312
1763086151393,1763086151482,89,1991.3700902037035,6.382596442960588,2881,312
1763086151424,1763086151513,89,1991.3700902037035,6.382596442960588,2882,312
1763086151455,1763086151544,89,1991.3700902037035,6.382596442960588,2883,312
1763086151486,1763086151575,89,1991.3700902037035,6.382596442960588,2884,312
1763086151517,1763086151606,89,1991.3700902037035,6.382596442960588,2885,312
1763086151548,1763086151637,89,1991.3700902037035,6.382596442960588,2886,312
1763086151579,1763086151669,90,2030.666591802148,6.508546768596628,2887,312
1763086151610,1763086151700,90,2030.666591802148,6.508546768596628,2888,312
1763086151641,1763086151732,91,2030.666591802148,6.508546768596628,2889,312
1763086151672,1763086151761,89,2030.666591802148,6.508546768596628,2890,312
1763086151703,1763086151792,89,2030.666591802148,6.508546768596628,2891,312
1763086151734,1763086151825,91,2030.666591802148,6.508546768596628,2892,312
1763086151765,1763086151856,91,1998.9332734417185,6.406837414877303,2893,312
1763086151796,1763086151888,92,1998.9332734417185,6.406837414877303,2894,312
1763086151829,1763086151919,90,1998.9332734417185,6.406837414877303,2895,312
1763086151859,1763086151952,93,1998.9332734417185,6.406837414877303,2896,312
1763086151892,1763086151983,91,1998.9332734417185,6.406837414877303,2897,312
1763086151923,1763086152015,92,1998.9332734417185,6.406837414877303,2898,312
1763086151955,1763086152045,90,1998.9332734417185,6.406837414877303,2899,312
1763086151986,1763086152076,90,2037.2420858392827,6.529622069997701,2900,312
1763086152017,1763086152107,90,2037.2420858392827,6.529622069997701,2901,312
1763086152049,1763086152138,89,2037.2420858392827,6.529622069997701,2902,312
1763086152080,1763086152169,89,2037.2420858392827,6.529622069997701,2903,312
1763086152111,1763086152201,90,2037.2420858392827,6.529622069997701,2904,312
1763086152141,1763086152232,91,2037.2420858392827,6.529622069997701,2905,312
1763086152173,1763086152263,90,2004.1936686714262,6.4236976559981604,2906,312
1763086152204,1763086152295,91,2004.1936686714262,6.4236976559981604,2907,312
1763086152235,1763086152326,91,2004.1936686714262,6.4236976559981604,2908,312
1763086152267,1763086152357,90,2004.1936686714262,6.4236976559981604,2909,312
1763086152299,1763086152389,90,2004.1936686714262,6.4236976559981604,2910,312
1763086152329,1763086152421,92,2004.1936686714262,6.4236976559981604,2911,312
1763086152361,1763086152454,93,2004.1936686714262,6.4236976559981604,2912,312
1763086152393,1763086152485,92,2041.9529982504266,6.544721148238547,2913,312
1763086152425,1763086152516,91,2041.9529982504266,6.544721148238547,2914,312
1763086152457,1763086152548,91,2041.9529982504266,6.544721148238547,2915,312
1763086152488,1763086152580,92,2041.9529982504266,6.544721148238547,2916,312
1763086152520,1763086152612,92,2041.9529982504266,6.544721148238547,2917,312
1763086152552,1763086152645,93,2041.9529982504266,6.544721148238547,2918,312
1763086152584,1763086152675,91,2007.6224926038403,6.434687476294361,2919,312
1763086152616,1763086152707,91,2007.6224926038403,6.434687476294361,2920,312
1763086152648,1763086152739,91,2007.6224926038403,6.434687476294361,2921,312
1763086152679,1763086152771,92,2007.6224926038403,6.434687476294361,2922,312
1763086152711,1763086152804,93,2007.6224926038403,6.434687476294361,2923,312
1763086152743,1763086152835,92,2007.6224926038403,6.434687476294361,2924,312
1763086152775,1763086152866,91,2007.6224926038403,6.434687476294361,2925,312
1763086152808,1763086152898,90,2044.83814666443,6.55396841879625,2926,312
1763086152838,1763086152930,92,2044.83814666443,6.55396841879625,2927,312
1763086152870,1763086152962,92,2044.83814666443,6.55396841879625,2928,312
1763086152902,1763086152994,92,2044.83814666443,6.55396841879625,2929,312
1763086152934,1763086153026,92,2044.83814666443,6.55396841879625,2930,312
1763086152966,1763086153058,92,2044.83814666443,6.55396841879625,2931,312
1763086152998,1763086153090,92,2009.5791647448864,6.440958861361815,2932,312
1763086153030,1763086153121,91,2009.5791647448864,6.440958861361815,2933,312
1763086153062,1763086153152,90,2009.5791647448864,6.440958861361815,2934,312
1763086153094,1763086153183,89,2009.5791647448864,6.440958861361815,2935,312
1763086153125,1763086153215,90,2009.5791647448864,6.440958861361815,2936,312
1763086153156,1763086153246,90,2009.5791647448864,6.440958861361815,2937,312
1763086153187,1763086153277,90,2009.5791647448864,6.440958861361815,2938,312
1763086153218,1763086153308,90,2045.5098568074397,6.556121335921281,2939,312
1763086153250,1763086153340,90,2045.5098568074397,6.556121335921281,2940,312
1763086153281,1763086153371,90,2045.5098568074397,6.556121335921281,2941,312
1763086153312,1763086153403,91,2045.5098568074397,6.556121335921281,2942,312
1763086153343,1763086153433,90,2045.5098568074397,6.556121335921281,2943,312
1763086153375,1763086153464,89,2045.5098568074397,6.556121335921281,2944,312
1763086153405,1763086153495,90,2045.5098568074397,6.556121335921281,2945,312
1763086153436,1763086153526,90,2073.484865732337,6.645784826065182,2946,312
1763086153468,1763086153557,89,2073.484865732337,6.645784826065182,2947,312
1763086153499,1763086153589,90,2073.484865732337,6.645784826065182,2948,312
1763086153530,1763086153620,90,2073.484865732337,6.645784826065182,2949,312
1763086153561,1763086153651,90,2073.484865732337,6.645784826065182,2950,312
1763086153592,1763086153682,90,2073.484865732337,6.645784826065182,2951,312
1763086153624,1763086153713,89,2032.7849228544048,6.515336291200016,2952,312
1763086153654,1763086153743,89,2032.7849228544048,6.515336291200016,2953,312
1763086153685,1763086153775,90,2032.7849228544048,6.515336291200016,2954,312
1763086153716,1763086153807,91,2032.7849228544048,6.515336291200016,2955,312
1763086153748,1763086153841,93,2032.7849228544048,6.515336291200016,2956,312
1763086153779,1763086153870,91,2032.7849228544048,6.515336291200016,2957,312
1763086153810,1763086153901,91,2000.4671533606695,6.4117536966688125,2958,312
1763086153842,1763086153932,90,2000.4671533606695,6.4117536966688125,2959,312
1763086153873,1763086153963,90,2000.4671533606695,6.4117536966688125,2960,312
1763086153905,1763086153996,91,2000.4671533606695,6.4117536966688125,2961,312
1763086153935,1763086154026,91,2000.4671533606695,6.4117536966688125,2962,312
1763086153967,1763086154057,90,2000.4671533606695,6.4117536966688125,2963,312
1763086153999,1763086154089,90,2000.4671533606695,6.4117536966688125,2964,312
1763086154030,1763086154120,90,2038.2749197683715,6.532932435155037,2965,312
1763086154061,1763086154150,89,2038.2749197683715,6.532932435155037,2966,312
1763086154093,1763086154182,89,2038.2749197683715,6.532932435155037,2967,312
1763086154123,1763086154215,92,2038.2749197683715,6.532932435155037,2968,312
1763086154154,1763086154245,91,2038.2749197683715,6.532932435155037,2969,312
1763086154185,1763086154275,90,2038.2749197683715,6.532932435155037,2970,312
1763086154217,1763086154306,89,2038.2749197683715,6.532932435155037,2971,312
1763086154248,1763086154337,89,2067.857111055392,6.627747150818564,2972,312
1763086154278,1763086154369,91,2067.857111055392,6.627747150818564,2973,312
1763086154311,1763086154400,89,2067.857111055392,6.627747150818564,2974,312
1763086154341,1763086154432,91,2067.857111055392,6.627747150818564,2975,312
1763086154373,1763086154463,90,2067.857111055392,6.627747150818564,2976,312
1763086154404,1763086154494,90,2067.857111055392,6.627747150818564,2977,312
1763086154435,1763086154525,90,2028.0981175111476,6.5003144792023955,2978,312
1763086154467,1763086154556,89,2028.0981175111476,6.5003144792023955,2979,312
1763086154498,1763086154588,90,2028.0981175111476,6.5003144792023955,2980,312
1763086154529,1763086154619,90,2028.0981175111476,6.5003144792023955,2981,312
1763086154561,1763086154649,88,2028.0981175111476,6.5003144792023955,2982,312
1763086154592,1763086154681,89,2028.0981175111476,6.5003144792023955,2983,312
1763086154622,1763086154713,91,1996.878494008918,6.400251583361916,2984,312
1763086154653,1763086154744,91,1996.878494008918,6.400251583361916,2985,312
1763086154684,1763086154775,91,1996.878494008918,6.400251583361916,2986,312
1763086154716,1763086154806,90,1996.878494008918,6.400251583361916,2987,312
1763086154748,1763086154837,89,1996.878494008918,6.400251583361916,2988,312
1763086154779,1763086154868,89,1996.878494008918,6.400251583361916,2989,312
1763086154810,1763086154899,89,1996.878494008918,6.400251583361916,2990,312
1763086154841,1763086154930,89,2035.23840273709,6.523200008772723,2991,312
1763086154872,1763086154961,89,2035.23840273709,6.523200008772723,2992,312
1763086154902,1763086154993,91,2035.23840273709,6.523200008772723,2993,312
1763086154933,1763086155024,91,2035.23840273709,6.523200008772723,2994,312
1763086154965,1763086155056,91,2035.23840273709,6.523200008772723,2995,312
1763086154997,1763086155088,91,2035.23840273709,6.523200008772723,2996,312
1763086155028,1763086155119,91,2002.4274837869348,6.418036807009406,2997,312
1763086155060,1763086155151,91,2002.4274837869348,6.418036807009406,2998,312
1763086155092,1763086155183,91,2002.4274837869348,6.418036807009406,2999,312
1763086155123,1763086155215,92,2002.4274837869348,6.418036807009406,3000,312
1763086155155,1763086155246,91,2002.4274837869348,6.418036807009406,3001,312
1763086155187,1763086155277,90,2002.4274837869348,6.418036807009406,3002,312
1763086155219,1763086155308,89,2002.4274837869348,6.418036807009406,3003,312
1763086155250,1763086155339,89,2040.1945671592523,6.53908515115145,3004,312
1763086155280,1763086155371,91,2040.1945671592523,6.53908515115145,3005,312
1763086155312,1763086155402,90,2040.1945671592523,6.53908515115145,3006,312
1763086155343,1763086155433,90,2040.1945671592523,6.53908515115145,3007,312
1763086155374,1763086155464,90,2040.1945671592523,6.53908515115145,3008,312
1763086155406,1763086155495,89,2040.1945671592523,6.53908515115145,3009,312
1763086155436,1763086155527,91,2006.555653727402,6.4312681209211595,3010,312
1763086155468,1763086155559,91,2006.555653727402,6.4312681209211595,3011,312
1763086155499,1763086155590,91,2006.555653727402,6.4312681209211595,3012,312
1763086155531,1763086155621,90,2006.555653727402,6.4312681209211595,3013,312
1763086155562,1763086155652,90,2006.555653727402,6.4312681209211595,3014,312
1763086155594,1763086155683,89,2006.555653727402,6.4312681209211595,3015,312
1763086155624,1763086155714,90,2006.555653727402,6.4312681209211595,3016,312
1763086155655,1763086155745,90,2042.9317447132846,6.547858156132322,3017,312
1763086155686,1763086155775,89,2042.9317447132846,6.547858156132322,3018,312
1763086155717,1763086155808,91,2042.9317447132846,6.547858156132322,3019,312
1763086155748,1763086155838,90,2042.9317447132846,6.547858156132322,3020,312
1763086155779,1763086155870,91,2042.9317447132846,6.547858156132322,3021,312
1763086155811,1763086155903,92,2042.9317447132846,6.547858156132322,3022,312
1763086155842,1763086155933,91,2008.5744640259145,6.437738666749725,3023,312
1763086155874,1763086155965,91,2008.5744640259145,6.437738666749725,3024,312
1763086155906,1763086155995,89,2008.5744640259145,6.437738666749725,3025,312
1763086155936,1763086156025,89,2008.5744640259145,6.437738666749725,3026,312
1763086155967,1763086156057,90,2008.5744640259145,6.437738666749725,3027,312
1763086155998,1763086156089,91,2008.5744640259145,6.437738666749725,3028,312
1763086156029,1763086156121,92,2008.5744640259145,6.437738666749725,3029,312
1763086156061,1763086156153,92,2045.0629755085242,6.554689024065782,3030,312
1763086156093,1763086156185,92,2045.0629755085242,6.554689024065782,3031,312
1763086156125,1763086156218,93,2045.0629755085242,6.554689024065782,3032,312
1763086156157,1763086156249,92,2045.0629755085242,6.554689024065782,3033,312
1763086156189,1763086156281,92,2045.0629755085242,6.554689024065782,3034,312
1763086156221,1763086156313,92,2045.0629755085242,6.554689024065782,3035,312
1763086156253,1763086156344,91,2009.9311914802938,6.442087152180428,3036,312
1763086156285,1763086156376,91,2009.9311914802938,6.442087152180428,3037,312
1763086156316,1763086156409,93,2009.9311914802938,6.442087152180428,3038,312
1763086156348,1763086156440,92,2009.9311914802938,6.442087152180428,3039,312
1763086156380,1763086156473,93,2009.9311914802938,6.442087152180428,3040,312
1763086156412,1763086156504,92,2009.9311914802938,6.442087152180428,3041,312
1763086156444,1763086156536,92,2009.9311914802938,6.442087152180428,3042,312
1763086156476,1763086156568,92,2046.8337788864715,6.560364675918177,3043,312
1763086156508,1763086156600,92,2046.8337788864715,6.560364675918177,3044,312
1763086156540,1763086156631,91,2046.8337788864715,6.560364675918177,3045,312
1763086156572,1763086156661,89,2046.8337788864715,6.560364675918177,3046,312
1763086156603,1763086156693,90,2046.8337788864715,6.560364675918177,3047,312
1763086156634,1763086156724,90,2046.8337788864715,6.560364675918177,3048,312
1763086156666,1763086156755,89,2046.8337788864715,6.560364675918177,3049,312
1763086156696,1763086156786,90,2074.678521772518,6.649610646706788,3050,312
1763086156728,1763086156817,89,2074.678521772518,6.649610646706788,3051,312
1763086156759,1763086156847,88,2074.678521772518,6.649610646706788,3052,312
1763086156790,1763086156878,88,2074.678521772518,6.649610646706788,3053,312
1763086156820,1763086156910,90,2074.678521772518,6.649610646706788,3054,312
1763086156851,1763086156940,89,2074.678521772518,6.649610646706788,3055,312
1763086156882,1763086156971,89,2034.1428174180141,6.51968851736543,3056,312
1763086156913,1763086157002,89,2034.1428174180141,6.51968851736543,3057,312
1763086156944,1763086157033,89,2034.1428174180141,6.51968851736543,3058,312
1763086156975,1763086157064,89,2034.1428174180141,6.51968851736543,3059,312
1763086157006,1763086157096,90,2034.1428174180141,6.51968851736543,3060,312
1763086157036,1763086157128,92,2034.1428174180141,6.51968851736543,3061,312
1763086157068,1763086157160,92,2001.5521111169933,6.415231125374978,3062,312
1763086157100,1763086157190,90,2001.5521111169933,6.415231125374978,3063,312
1763086157132,1763086157222,90,2001.5521111169933,6.415231125374978,3064,312
1763086157163,1763086157252,89,2001.5521111169933,6.415231125374978,3065,312
1763086157195,1763086157283,88,2001.5521111169933,6.415231125374978,3066,312
1763086157225,1763086157315,90,2001.5521111169933,6.415231125374978,3067,312
1763086157255,1763086157346,91,2001.5521111169933,6.415231125374978,3068,312
1763086157287,1763086157377,90,2038.7714804491266,6.534523975798483,3069,312
1763086157318,1763086157412,94,2038.7714804491266,6.534523975798483,3070,312
1763086157350,1763086157440,90,2038.7714804491266,6.534523975798483,3071,312
1763086157381,1763086157471,90,2038.7714804491266,6.534523975798483,3072,312
1763086157413,1763086157501,88,2038.7714804491266,6.534523975798483,3073,312
1763086157443,1763086157532,89,2038.7714804491266,6.534523975798483,3074,312
1763086157474,1763086157564,90,2038.7714804491266,6.534523975798483,3075,312
1763086157505,1763086157594,89,2068.107641398403,6.62855013268719,3076,312
1763086157536,1763086157626,90,2068.107641398403,6.62855013268719,3077,312
1763086157567,1763086157658,91,2068.107641398403,6.62855013268719,3078,312
1763086157598,1763086157689,91,2068.107641398403,6.62855013268719,3079,312
1763086157630,1763086157720,90,2068.107641398403,6.62855013268719,3080,312
1763086157662,1763086157752,90,2068.107641398403,6.62855013268719,3081,312
1763086157692,1763086157783,91,2028.1016825531287,6.500325905619003,3082,312
1763086157724,1763086157814,90,2028.1016825531287,6.500325905619003,3083,312
1763086157756,1763086157846,90,2028.1016825531287,6.500325905619003,3084,312
1763086157786,1763086157877,91,2028.1016825531287,6.500325905619003,3085,312
1763086157818,1763086157908,90,2028.1016825531287,6.500325905619003,3086,312
1763086157850,1763086157939,89,2028.1016825531287,6.500325905619003,3087,312
1763086157881,1763086157971,90,1996.7252443599498,6.399760398589583,3088,312
1763086157912,1763086158001,89,1996.7252443599498,6.399760398589583,3089,312
1763086157943,1763086158033,90,1996.7252443599498,6.399760398589583,3090,312
1763086157974,1763086158064,90,1996.7252443599498,6.399760398589583,3091,312
1763086158005,1763086158095,90,1996.7252443599498,6.399760398589583,3092,312
1763086158036,1763086158126,90,1996.7252443599498,6.399760398589583,3093,312
1763086158067,1763086158158,91,1996.7252443599498,6.399760398589583,3094,312
1763086158099,1763086158189,90,2035.3038440218002,6.523409756480129,3095,312
1763086158130,1763086158223,93,2035.3038440218002,6.523409756480129,3096,312
1763086158162,1763086158252,90,2035.3038440218002,6.523409756480129,3097,312
1763086158193,1763086158283,90,2035.3038440218002,6.523409756480129,3098,312
1763086158224,1763086158314,90,2035.3038440218002,6.523409756480129,3099,312
1763086158256,1763086158346,90,2035.3038440218002,6.523409756480129,3100,312
1763086158287,1763086158377,90,2002.6430752174401,6.418727805184103,3101,312
1763086158318,1763086158416,98,2002.6430752174401,6.418727805184103,3102,312
1763086158350,1763086158443,93,2002.6430752174401,6.418727805184103,3103,312
1763086158381,1763086158469,88,2002.6430752174401,6.418727805184103,3104,312
1763086158412,1763086158500,88,2002.6430752174401,6.418727805184103,3105,312
1763086158443,1763086158532,89,2002.6430752174401,6.418727805184103,3106,312
1763086158473,1763086158563,90,2002.6430752174401,6.418727805184103,3107,312
1763086158504,1763086158594,90,2039.821244797865,6.537888605121362,3108,312
1763086158535,1763086158625,90,2039.821244797865,6.537888605121362,3109,312
1763086158567,1763086158657,90,2039.821244797865,6.537888605121362,3110,312
1763086158598,1763086158689,91,2039.821244797865,6.537888605121362,3111,312
1763086158629,1763086158720,91,2039.821244797865,6.537888605121362,3112,312
1763086158661,1763086158750,89,2039.821244797865,6.537888605121362,3113,312
1763086158692,1763086158780,88,2039.821244797865,6.537888605121362,3114,312
1763086158724,1763086158812,88,2068.9453533486962,6.631235106886846,3115,312
1763086158754,1763086158843,89,2068.9453533486962,6.631235106886846,3116,312
1763086158784,1763086158874,90,2068.9453533486962,6.631235106886846,3117,312
1763086158816,1763086158906,90,2068.9453533486962,6.631235106886846,3118,312
1763086158847,1763086158937,90,2068.9453533486962,6.631235106886846,3119,312
1763086158878,1763086158968,90,2068.9453533486962,6.631235106886846,3120,312
1763086158910,1763086158999,89,2028.9654466189108,6.503094380188816,3121,312
1763086158941,1763086159029,88,2028.9654466189108,6.503094380188816,3122,312
1763086158971,1763086159061,90,2028.9654466189108,6.503094380188816,3123,312
1763086159002,1763086159093,91,2028.9654466189108,6.503094380188816,3124,312
1763086159034,1763086159125,91,2028.9654466189108,6.503094380188816,3125,312
1763086159065,1763086159157,92,2028.9654466189108,6.503094380188816,3126,312
1763086159097,1763086159189,92,1997.2584264018908,6.401469315390676,3127,312
1763086159129,1763086159219,90,1997.2584264018908,6.401469315390676,3128,312
1763086159161,1763086159251,90,1997.2584264018908,6.401469315390676,3129,312
1763086159192,1763086159282,90,1997.2584264018908,6.401469315390676,3130,312
1763086159223,1763086159314,91,1997.2584264018908,6.401469315390676,3131,312
1763086159256,1763086159345,89,1997.2584264018908,6.401469315390676,3132,312
1763086159286,1763086159377,91,1997.2584264018908,6.401469315390676,3133,312
1763086159317,1763086159408,91,2035.9139321366995,6.525365167104806,3134,312
1763086159350,1763086159439,89,2035.9139321366995,6.525365167104806,3135,312
1763086159380,1763086159471,91,2035.9139321366995,6.525365167104806,3136,312
1763086159412,1763086159503,91,2035.9139321366995,6.525365167104806,3137,312
1763086159442,1763086159534,92,2035.9139321366995,6.525365167104806,3138,312
1763086159475,1763086159566,91,2035.9139321366995,6.525365167104806,3139,312
1763086159506,1763086159598,92,2002.8033178450862,6.419241403349635,3140,312
1763086159538,1763086159629,91,2002.8033178450862,6.419241403349635,3141,312
1763086159570,1763086159661,91,2002.8033178450862,6.419241403349635,3142,312
1763086159601,1763086159693,92,2002.8033178450862,6.419241403349635,3143,312
1763086159633,1763086159725,92,2002.8033178450862,6.419241403349635,3144,312
1763086159665,1763086159758,93,2002.8033178450862,6.419241403349635,3145,312
1763086159698,1763086159789,91,2002.8033178450862,6.419241403349635,3146,312
1763086159729,1763086159822,93,2041.035817779773,6.541781467242862,3147,312
1763086159761,1763086159854,93,2041.035817779773,6.541781467242862,3148,312
1763086159793,1763086159885,92,2041.035817779773,6.541781467242862,3149,312
1763086159825,1763086159917,92,2041.035817779773,6.541781467242862,3150,312
1763086159857,1763086159949,92,2041.035817779773,6.541781467242862,3151,312
1763086159889,1763086159981,92,2041.035817779773,6.541781467242862,3152,312
1763086159922,1763086160014,92,2006.3834751349195,6.430716266458075,3153,312
1763086159954,1763086160046,92,2006.3834751349195,6.430716266458075,3154,312
1763086159985,1763086160076,91,2006.3834751349195,6.430716266458075,3155,312
1763086160017,1763086160108,91,2006.3834751349195,6.430716266458075,3156,312
1763086160049,1763086160140,91,2006.3834751349195,6.430716266458075,3157,312
1763086160080,1763086160172,92,2006.3834751349195,6.430716266458075,3158,312
1763086160112,1763086160204,92,2006.3834751349195,6.430716266458075,3159,312
1763086160145,1763086160235,90,2043.5053288317213,6.549696566768337,3160,312
1763086160176,1763086160266,90,2043.5053288317213,6.549696566768337,3161,312
1763086160208,1763086160297,89,2043.5053288317213,6.549696566768337,3162,312
1763086160239,1763086160328,89,2043.5053288317213,6.549696566768337,3163,312
1763086160269,1763086160359,90,2043.5053288317213,6.549696566768337,3164,312
1763086160301,1763086160390,89,2043.5053288317213,6.549696566768337,3165,312
1763086160331,1763086160421,90,2043.5053288317213,6.549696566768337,3166,312
1763086160362,1763086160451,89,2071.604263065377,6.63975725341467,3167,312
1763086160393,1763086160483,90,2071.604263065377,6.63975725341467,3168,312
1763086160424,1763086160514,90,2071.604263065377,6.63975725341467,3169,312
1763086160455,1763086160546,91,2071.604263065377,6.63975725341467,3170,312
1763086160486,1763086160577,91,2071.604263065377,6.63975725341467,3171,312
1763086160518,1763086160608,90,2071.604263065377,6.63975725341467,3172,312
1763086160550,1763086160639,89,2030.88499340004,6.509246773718077,3173,312
1763086160581,1763086160670,89,2030.88499340004,6.509246773718077,3174,312
1763086160612,1763086160702,90,2030.88499340004,6.509246773718077,3175,312
1763086160643,1763086160734,91,2030.88499340004,6.509246773718077,3176,312
1763086160674,1763086160766,92,2030.88499340004,6.509246773718077,3177,312
1763086160706,1763086160796,90,2030.88499340004,6.509246773718077,3178,312
1763086160738,1763086160828,90,1998.949109726632,6.406888172200744,3179,312
1763086160769,1763086160860,91,1998.949109726632,6.406888172200744,3180,312
1763086160801,1763086160890,89,1998.949109726632,6.406888172200744,3181,312
1763086160832,1763086160921,89,1998.949109726632,6.406888172200744,3182,312
1763086160863,1763086160951,88,1998.949109726632,6.406888172200744,3183,312
1763086160894,1763086160983,89,1998.949109726632,6.406888172200744,3184,312
1763086160924,1763086161013,89,1998.949109726632,6.406888172200744,3185,312
1763086160954,1763086161044,90,2036.5144404521257,6.527289873243993,3186,312
1763086160985,1763086161075,90,2036.5144404521257,6.527289873243993,3187,312
1763086161016,1763086161107,91,2036.5144404521257,6.527289873243993,3188,312
1763086161048,1763086161138,90,2036.5144404521257,6.527289873243993,3189,312
1763086161079,1763086161169,90,2036.5144404521257,6.527289873243993,3190,312
1763086161111,1763086161201,90,2036.5144404521257,6.527289873243993,3191,312
1763086161142,1763086161233,91,2003.2825234807963,6.420777318848707,3192,312
1763086161173,1763086161265,92,2003.2825234807963,6.420777318848707,3193,312
1763086161205,1763086161297,92,2003.2825234807963,6.420777318848707,3194,312
1763086161237,1763086161328,91,2003.2825234807963,6.420777318848707,3195,312
1763086161269,1763086161358,89,2003.2825234807963,6.420777318848707,3196,312
1763086161300,1763086161389,89,2003.2825234807963,6.420777318848707,3197,312
1763086161331,1763086161420,89,2003.2825234807963,6.420777318848707,3198,312
1763086161362,1763086161451,89,2040.3296061672331,6.539517968484722,3199,312
1763086161392,1763086161484,92,2040.3296061672331,6.539517968484722,3200,312
1763086161423,1763086161513,90,2040.3296061672331,6.539517968484722,3201,312
1763086161455,1763086161544,89,2040.3296061672331,6.539517968484722,3202,312
1763086161485,1763086161575,90,2040.3296061672331,6.539517968484722,3203,312
1763086161516,1763086161606,90,2040.3296061672331,6.539517968484722,3204,312
1763086161548,1763086161638,90,2006.6636849337865,6.431614374787777,3205,312
1763086161579,1763086161669,90,2006.6636849337865,6.431614374787777,3206,312
1763086161610,1763086161701,91,2006.6636849337865,6.431614374787777,3207,312
1763086161642,1763086161732,90,2006.6636849337865,6.431614374787777,3208,312
1763086161674,1763086161762,88,2006.6636849337865,6.431614374787777,3209,312
1763086161705,1763086161795,90,2006.6636849337865,6.431614374787777,3210,312
1763086161735,1763086161825,90,2006.6636849337865,6.431614374787777,3211,312
1763086161766,1763086161857,91,2043.1949658374265,6.548701813581495,3212,312
1763086161798,1763086161888,90,2043.1949658374265,6.548701813581495,3213,312
1763086161830,1763086161920,90,2043.1949658374265,6.548701813581495,3214,312
1763086161860,1763086161951,91,2043.1949658374265,6.548701813581495,3215,312
1763086161893,1763086161982,89,2043.1949658374265,6.548701813581495,3216,312
1763086161923,1763086162013,90,2043.1949658374265,6.548701813581495,3217,312
1763086161954,1763086162044,90,2008.9559726699413,6.438961450865196,3218,312
1763086161984,1763086162076,92,2008.9559726699413,6.438961450865196,3219,312
1763086162017,1763086162107,90,2008.9559726699413,6.438961450865196,3220,312
1763086162048,1763086162138,90,2008.9559726699413,6.438961450865196,3221,312
1763086162080,1763086162170,90,2008.9559726699413,6.438961450865196,3222,312
1763086162111,1763086162202,91,2008.9559726699413,6.438961450865196,3223,312
1763086162142,1763086162234,92,2008.9559726699413,6.438961450865196,3224,312
1763086162174,1763086162265,91,2045.3651303545935,6.555657469085235,3225,312
1763086162206,1763086162296,90,2045.3651303545935,6.555657469085235,3226,312
1763086162237,1763086162329,92,2045.3651303545935,6.555657469085235,3227,312
1763086162268,1763086162359,91,2045.3651303545935,6.555657469085235,3228,312
1763086162300,1763086162391,91,2045.3651303545935,6.555657469085235,3229,312
1763086162332,1763086162422,90,2045.3651303545935,6.555657469085235,3230,312
1763086162363,1763086162454,91,2010.3453740229656,6.443414660330017,3231,312
1763086162394,1763086162485,91,2010.3453740229656,6.443414660330017,3232,312
1763086162426,1763086162516,90,2010.3453740229656,6.443414660330017,3233,312
1763086162457,1763086162547,90,2010.3453740229656,6.443414660330017,3234,312
1763086162488,1763086162577,89,2010.3453740229656,6.443414660330017,3235,312
1763086162519,1763086162607,88,2010.3453740229656,6.443414660330017,3236,312
1763086162551,1763086162646,95,2010.3453740229656,6.443414660330017,3237,312
1763086162580,1763086162670,90,2045.7709177222807,6.556958069622693,3238,312
1763086162611,1763086162702,91,2045.7709177222807,6.556958069622693,3239,312
1763086162642,1763086162732,90,2045.7709177222807,6.556958069622693,3240,312
1763086162674,1763086162764,90,2045.7709177222807,6.556958069622693,3241,312
1763086162705,1763086162796,91,2045.7709177222807,6.556958069622693,3242,312
1763086162736,1763086162826,90,2045.7709177222807,6.556958069622693,3243,312
1763086162768,1763086162858,90,2011.0167341778247,6.445566455698154,3244,312
1763086162799,1763086162889,90,2011.0167341778247,6.445566455698154,3245,312
1763086162830,1763086162920,90,2011.0167341778247,6.445566455698154,3246,312
1763086162861,1763086162951,90,2011.0167341778247,6.445566455698154,3247,312
1763086162892,1763086162982,90,2011.0167341778247,6.445566455698154,3248,312
1763086162924,1763086163015,91,2011.0167341778247,6.445566455698154,3249,312
1763086162954,1763086163045,91,2011.0167341778247,6.445566455698154,3250,312
1763086162986,1763086163076,90,2046.6512869371927,6.559779765824334,3251,312
1763086163017,1763086163108,91,2046.6512869371927,6.559779765824334,3252,312
1763086163048,1763086163140,92,2046.6512869371927,6.559779765824334,3253,312
1763086163080,1763086163171,91,2046.6512869371927,6.559779765824334,3254,312
1763086163112,1763086163202,90,2046.6512869371927,6.559779765824334,3255,312
1763086163143,1763086163234,91,2046.6512869371927,6.559779765824334,3256,312
1763086163175,1763086163265,90,2011.546378262817,6.447264032893643,3257,312
1763086163207,1763086163297,90,2011.546378262817,6.447264032893643,3258,312
1763086163238,1763086163330,92,2011.546378262817,6.447264032893643,3259,312
1763086163269,1763086163360,91,2011.546378262817,6.447264032893643,3260,312
1763086163301,1763086163392,91,2011.546378262817,6.447264032893643,3261,312
1763086163333,1763086163424,91,2011.546378262817,6.447264032893643,3262,312
1763086163364,1763086163456,92,2011.546378262817,6.447264032893643,3263,312
1763086163396,1763086163489,93,2047.9340924493627,6.563891321953085,3264,312
1763086163429,1763086163521,92,2047.9340924493627,6.563891321953085,3265,312
1763086163460,1763086163553,93,2047.9340924493627,6.563891321953085,3266,312
1763086163492,1763086163584,92,2047.9340924493627,6.563891321953085,3267,312
1763086163524,1763086163616,92,2047.9340924493627,6.563891321953085,3268,312
1763086163556,1763086163649,93,2047.9340924493627,6.563891321953085,3269,312
1763086163588,1763086163681,93,2011.8676034972434,6.448293600952702,3270,312
1763086163620,1763086163712,92,2011.8676034972434,6.448293600952702,3271,312
1763086163652,1763086163745,93,2011.8676034972434,6.448293600952702,3272,312
1763086163684,1763086163775,91,2011.8676034972434,6.448293600952702,3273,312
1763086163717,1763086163807,90,2011.8676034972434,6.448293600952702,3274,312
1763086163747,1763086163839,92,2011.8676034972434,6.448293600952702,3275,312
1763086163779,1763086163870,91,2011.8676034972434,6.448293600952702,3276,312
1763086163811,1763086163901,90,2047.6711419698167,6.56304853195454,3277,312
1763086163844,1763086163933,89,2047.6711419698167,6.56304853195454,3278,312
1763086163873,1763086163965,92,2047.6711419698167,6.56304853195454,3279,312
1763086163906,1763086163996,90,2047.6711419698167,6.56304853195454,3280,312
1763086163937,1763086164028,91,2047.6711419698167,6.56304853195454,3281,312
1763086163969,1763086164058,89,2047.6711419698167,6.56304853195454,3282,312
1763086163999,1763086164089,90,2012.5369135758533,6.450438825563632,3283,312
1763086164030,1763086164122,92,2012.5369135758533,6.450438825563632,3284,312
1763086164062,1763086164153,91,2012.5369135758533,6.450438825563632,3285,312
1763086164094,1763086164185,91,2012.5369135758533,6.450438825563632,3286,312
1763086164125,1763086164216,91,2012.5369135758533,6.450438825563632,3287,312
1763086164157,1763086164248,91,2012.5369135758533,6.450438825563632,3288,312
1763086164189,1763086164279,90,2012.5369135758533,6.450438825563632,3289,312
1763086164220,1763086164310,90,2048.3726986385,6.565297111020833,3290,312
1763086164251,1763086164342,91,2048.3726986385,6.565297111020833,3291,312
1763086164282,1763086164373,91,2048.3726986385,6.565297111020833,3292,312
1763086164314,1763086164404,90,2048.3726986385,6.565297111020833,3293,312
1763086164345,1763086164436,91,2048.3726986385,6.565297111020833,3294,312
1763086164377,1763086164467,90,2048.3726986385,6.565297111020833,3295,312
1763086164408,1763086164498,90,2013.0981589108,6.452237688816666,3296,312
1763086164440,1763086164532,92,2013.0981589108,6.452237688816666,3297,312
1763086164471,1763086164561,90,2013.0981589108,6.452237688816666,3298,312
1763086164501,1763086164593,92,2013.0981589108,6.452237688816666,3299,312
1763086164533,1763086164624,91,2013.0981589108,6.452237688816666,3300,312
1763086164565,1763086164657,92,2013.0981589108,6.452237688816666,3301,312
1763086164597,1763086164689,92,2013.0981589108,6.452237688816666,3302,312
1763086164628,1763086164720,92,2048.816643698443,6.566720011853983,3303,312
1763086164660,1763086164752,92,2048.816643698443,6.566720011853983,3304,312
1763086164692,1763086164783,91,2048.816643698443,6.566720011853983,3305,312
1763086164724,1763086164814,90,2048.816643698443,6.566720011853983,3306,312
1763086164756,1763086164845,89,2048.816643698443,6.566720011853983,3307,312
1763086164787,1763086164878,91,2048.816643698443,6.566720011853983,3308,312
1763086164817,1763086164908,91,2013.276498315056,6.4528092894713325,3309,312
1763086164849,1763086164938,89,2013.276498315056,6.4528092894713325,3310,312
1763086164880,1763086164969,89,2013.276498315056,6.4528092894713325,3311,312
1763086164911,1763086165000,89,2013.276498315056,6.4528092894713325,3312,312
1763086164941,1763086165033,92,2013.276498315056,6.4528092894713325,3313,312
1763086164973,1763086165062,89,2013.276498315056,6.4528092894713325,3314,312
1763086165003,1763086165094,91,2013.276498315056,6.4528092894713325,3315,312
1763086165034,1763086165126,92,2048.2748161604695,6.564983385129709,3316,312
1763086165066,1763086165157,91,2048.2748161604695,6.564983385129709,3317,312
1763086165098,1763086165188,90,2048.2748161604695,6.564983385129709,3318,312
1763086165130,1763086165219,89,2048.2748161604695,6.564983385129709,3319,312
1763086165161,1763086165250,89,2048.2748161604695,6.564983385129709,3320,312
1763086165192,1763086165281,89,2048.2748161604695,6.564983385129709,3321,312
1763086165223,1763086165312,89,2048.2748161604695,6.564983385129709,3322,312
1763086165253,1763086165343,90,2075.5555781122152,6.6524217247186375,3323,312
1763086165284,1763086165374,90,2075.5555781122152,6.6524217247186375,3324,312
1763086165315,1763086165405,90,2075.5555781122152,6.6524217247186375,3325,312
1763086165346,1763086165437,91,2075.5555781122152,6.6524217247186375,3326,312
1763086165377,1763086165469,92,2075.5555781122152,6.6524217247186375,3327,312
1763086165410,1763086165500,90,2075.5555781122152,6.6524217247186375,3328,312
1763086165441,1763086165534,93,2033.623129021099,6.518022849426599,3329,312
1763086165473,1763086165564,91,2033.623129021099,6.518022849426599,3330,312
1763086165505,1763086165596,91,2033.623129021099,6.518022849426599,3331,312
1763086165536,1763086165628,92,2033.623129021099,6.518022849426599,3332,312
1763086165569,1763086165659,90,2033.623129021099,6.518022849426599,3333,312
1763086165600,1763086165690,90,2033.623129021099,6.518022849426599,3334,312
1763086165631,1763086165721,90,2001.1368800878581,6.413900256691853,3335,312
1763086165662,1763086165753,91,2001.1368800878581,6.413900256691853,3336,312
1763086165693,1763086165784,91,2001.1368800878581,6.413900256691853,3337,312
1763086165725,1763086165815,90,2001.1368800878581,6.413900256691853,3338,312
1763086165757,1763086165846,89,2001.1368800878581,6.413900256691853,3339,312
1763086165788,1763086165877,89,2001.1368800878581,6.413900256691853,3340,312
1763086165818,1763086165908,90,2001.1368800878581,6.413900256691853,3341,312
1763086165850,1763086165940,90,2038.8066827897594,6.534636803813331,3342,312
1763086165880,1763086165971,91,2038.8066827897594,6.534636803813331,3343,312
1763086165912,1763086166002,90,2038.8066827897594,6.534636803813331,3344,312
1763086165944,1763086166036,92,2038.8066827897594,6.534636803813331,3345,312
1763086165974,1763086166066,92,2038.8066827897594,6.534636803813331,3346,312
1763086166006,1763086166097,91,2038.8066827897594,6.534636803813331,3347,312
1763086166038,1763086166128,90,2005.2785395490178,6.4271748062468514,3348,312
1763086166070,1763086166159,89,2005.2785395490178,6.4271748062468514,3349,312
1763086166100,1763086166192,92,2005.2785395490178,6.4271748062468514,3350,312
1763086166132,1763086166223,91,2005.2785395490178,6.4271748062468514,3351,312
1763086166163,1763086166255,92,2005.2785395490178,6.4271748062468514,3352,312
1763086166195,1763086166286,91,2005.2785395490178,6.4271748062468514,3353,312
1763086166226,1763086166317,91,2005.2785395490178,6.4271748062468514,3354,312
1763086166259,1763086166349,90,2042.4526033228221,6.5463224465475065,3355,312
1763086166289,1763086166379,90,2042.4526033228221,6.5463224465475065,3356,312
1763086166321,1763086166411,90,2042.4526033228221,6.5463224465475065,3357,312
1763086166352,1763086166442,90,2042.4526033228221,6.5463224465475065,3358,312
1763086166383,1763086166473,90,2042.4526033228221,6.5463224465475065,3359,312
1763086166414,1763086166505,91,2042.4526033228221,6.5463224465475065,3360,312
1763086166446,1763086166537,91,2008.1916300549349,6.436511634791458,3361,312
1763086166477,1763086166568,91,2008.1916300549349,6.436511634791458,3362,312
1763086166509,1763086166599,90,2008.1916300549349,6.436511634791458,3363,312
1763086166540,1763086166631,91,2008.1916300549349,6.436511634791458,3364,312
1763086166572,1763086166662,90,2008.1916300549349,6.436511634791458,3365,312
1763086166604,1763086166692,88,2008.1916300549349,6.436511634791458,3366,312
1763086166635,1763086166723,88,2008.1916300549349,6.436511634791458,3367,312
1763086166665,1763086166755,90,2044.4081542636184,6.552590238024417,3368,312
1763086166696,1763086166786,90,2044.4081542636184,6.552590238024417,3369,312
1763086166728,1763086166817,89,2044.4081542636184,6.552590238024417,3370,312
1763086166759,1763086166849,90,2044.4081542636184,6.552590238024417,3371,312
1763086166790,1763086166880,90,2044.4081542636184,6.552590238024417,3372,312
1763086166821,1763086166912,91,2044.4081542636184,6.552590238024417,3373,312
1763086166852,1763086166944,92,2009.7541152566312,6.441519600181509,3374,312
1763086166884,1763086166977,93,2009.7541152566312,6.441519600181509,3375,312
1763086166916,1763086167009,93,2009.7541152566312,6.441519600181509,3376,312
1763086166948,1763086167041,93,2009.7541152566312,6.441519600181509,3377,312
1763086166980,1763086167072,92,2009.7541152566312,6.441519600181509,3378,312
1763086167012,1763086167104,92,2009.7541152566312,6.441519600181509,3379,312
1763086167044,1763086167136,92,2009.7541152566312,6.441519600181509,3380,312
1763086167076,1763086167168,92,2046.519996937482,6.559358964543211,3381,312
1763086167108,1763086167200,92,2046.519996937482,6.559358964543211,3382,312
1763086167140,1763086167232,92,2046.519996937482,6.559358964543211,3383,312
1763086167172,1763086167264,92,2046.519996937482,6.559358964543211,3384,312
1763086167204,1763086167296,92,2046.519996937482,6.559358964543211,3385,312
1763086167236,1763086167328,92,2046.519996937482,6.559358964543211,3386,312
1763086167268,1763086167360,92,2010.7433975652982,6.444690376811852,3387,312
1763086167300,1763086167392,92,2010.7433975652982,6.444690376811852,3388,312
1763086167332,1763086167424,92,2010.7433975652982,6.444690376811852,3389,312
1763086167364,1763086167455,91,2010.7433975652982,6.444690376811852,3390,312
1763086167396,1763086167486,90,2010.7433975652982,6.444690376811852,3391,312
1763086167428,1763086167516,88,2010.7433975652982,6.444690376811852,3392,312
1763086167459,1763086167548,89,2010.7433975652982,6.444690376811852,3393,312
1763086167489,1763086167579,90,2046.6075142692814,6.559639468811799,3394,312
1763086167521,1763086167612,91,2046.6075142692814,6.559639468811799,3395,312
1763086167552,1763086167642,90,2046.6075142692814,6.559639468811799,3396,312
1763086167583,1763086167673,90,2046.6075142692814,6.559639468811799,3397,312
1763086167615,1763086167705,90,2046.6075142692814,6.559639468811799,3398,312
1763086167646,1763086167737,91,2046.6075142692814,6.559639468811799,3399,312
1763086167677,1763086167768,91,2011.5114039011557,6.447151935580627,3400,312
1763086167709,1763086167800,91,2011.5114039011557,6.447151935580627,3401,312
1763086167741,1763086167832,91,2011.5114039011557,6.447151935580627,3402,312
1763086167772,1763086167865,93,2011.5114039011557,6.447151935580627,3403,312
1763086167803,1763086167893,90,2011.5114039011557,6.447151935580627,3404,312
1763086167834,1763086167924,90,2011.5114039011557,6.447151935580627,3405,312
1763086167865,1763086167955,90,2011.5114039011557,6.447151935580627,3406,312
1763086167897,1763086167987,90,2047.2165432936165,6.5615914849154375,3407,312
1763086167927,1763086168018,91,2047.2165432936165,6.5615914849154375,3408,312
1763086167959,1763086168049,90,2047.2165432936165,6.5615914849154375,3409,312
1763086167991,1763086168081,90,2047.2165432936165,6.5615914849154375,3410,312
1763086168021,1763086168112,91,2047.2165432936165,6.5615914849154375,3411,312
1763086168053,1763086168143,90,2047.2165432936165,6.5615914849154375,3412,312
1763086168085,1763086168174,89,2047.2165432936165,6.5615914849154375,3413,312
1763086168116,1763086168207,91,2074.846801548306,6.650150004962519,3414,312
1763086168146,1763086168237,91,2074.846801548306,6.650150004962519,3415,312
1763086168177,1763086168269,92,2074.846801548306,6.650150004962519,3416,312
1763086168210,1763086168300,90,2074.846801548306,6.650150004962519,3417,312
1763086168241,1763086168332,91,2074.846801548306,6.650150004962519,3418,312
1763086168272,1763086168364,92,2074.846801548306,6.650150004962519,3419,312
1763086168305,1763086168395,90,2033.2632072309032,6.5168692539452024,3420,312
1763086168336,1763086168427,91,2033.2632072309032,6.5168692539452024,3421,312
1763086168367,1763086168457,90,2033.2632072309032,6.5168692539452024,3422,312
1763086168398,1763086168488,90,2033.2632072309032,6.5168692539452024,3423,312
1763086168429,1763086168520,91,2033.2632072309032,6.5168692539452024,3424,312
1763086168461,1763086168553,92,2033.2632072309032,6.5168692539452024,3425,312
1763086168492,1763086168582,90,2001.0105657847225,6.413495403156162,3426,312
1763086168524,1763086168613,89,2001.0105657847225,6.413495403156162,3427,312
1763086168555,1763086168644,89,2001.0105657847225,6.413495403156162,3428,312
1763086168586,1763086168675,89,2001.0105657847225,6.413495403156162,3429,312
1763086168617,1763086168705,88,2001.0105657847225,6.413495403156162,3430,312
1763086168647,1763086168736,89,2001.0105657847225,6.413495403156162,3431,312
1763086168678,1763086168768,90,2001.0105657847225,6.413495403156162,3432,312
1763086168709,1763086168799,90,2038.3404103646392,6.533142340912305,3433,312
1763086168740,1763086168830,90,2038.3404103646392,6.533142340912305,3434,312
1763086168771,1763086168861,90,2038.3404103646392,6.533142340912305,3435,312
1763086168802,1763086168891,89,2038.3404103646392,6.533142340912305,3436,312
1763086168834,1763086168923,89,2038.3404103646392,6.533142340912305,3437,312
1763086168864,1763086168953,89,2038.3404103646392,6.533142340912305,3438,312
1763086168895,1763086168985,90,2038.3404103646392,6.533142340912305,3439,312
1763086168926,1763086169018,92,2067.9093070606173,6.627914445707107,3440,312
1763086168957,1763086169049,92,2067.9093070606173,6.627914445707107,3441,312
1763086168989,1763086169079,90,2067.9093070606173,6.627914445707107,3442,312
1763086169021,1763086169110,89,2067.9093070606173,6.627914445707107,3443,312
1763086169053,1763086169141,88,2067.9093070606173,6.627914445707107,3444,312
1763086169083,1763086169172,89,2067.9093070606173,6.627914445707107,3445,312
1763086169113,1763086169202,89,2028.5315363414331,6.5017036421199785,3446,312
1763086169145,1763086169234,89,2028.5315363414331,6.5017036421199785,3447,312
1763086169175,1763086169266,91,2028.5315363414331,6.5017036421199785,3448,312
1763086169206,1763086169297,91,2028.5315363414331,6.5017036421199785,3449,312
1763086169237,1763086169328,91,2028.5315363414331,6.5017036421199785,3450,312
1763086169269,1763086169359,90,2028.5315363414331,6.5017036421199785,3451,312
1763086169300,1763086169390,90,1997.2252290731465,6.401362913695983,3452,312
1763086169331,1763086169421,90,1997.2252290731465,6.401362913695983,3453,312
1763086169363,1763086169452,89,1997.2252290731465,6.401362913695983,3454,312
1763086169393,1763086169484,91,1997.2252290731465,6.401362913695983,3455,312
1763086169424,1763086169515,91,1997.2252290731465,6.401362913695983,3456,312
1763086169456,1763086169545,89,1997.2252290731465,6.401362913695983,3457,312
1763086169488,1763086169577,89,1997.2252290731465,6.401362913695983,3458,312
1763086169518,1763086169607,89,2035.5140571131515,6.524083516388306,3459,312
1763086169549,1763086169638,89,2035.5140571131515,6.524083516388306,3460,312
1763086169580,1763086169669,89,2035.5140571131515,6.524083516388306,3461,312
1763086169611,1763086169701,90,2035.5140571131515,6.524083516388306,3462,312
1763086169641,1763086169733,92,2035.5140571131515,6.524083516388306,3463,312
1763086169673,1763086169764,91,2035.5140571131515,6.524083516388306,3464,312
1763086169705,1763086169795,90,2002.8112456905212,6.419266813110645,3465,312
1763086169736,1763086169826,90,2002.8112456905212,6.419266813110645,3466,312
1763086169768,1763086169857,89,2002.8112456905212,6.419266813110645,3467,312
1763086169798,1763086169889,91,2002.8112456905212,6.419266813110645,3468,312
1763086169830,1763086169921,91,2002.8112456905212,6.419266813110645,3469,312
1763086169861,1763086169952,91,2002.8112456905212,6.419266813110645,3470,312
1763086169892,1763086169981,89,2002.8112456905212,6.419266813110645,3471,312
1763086169923,1763086170014,91,2040.1361290782738,6.538897849609852,3472,312
1763086169955,1763086170045,90,2040.1361290782738,6.538897849609852,3473,312
1763086169985,1763086170076,91,2040.1361290782738,6.538897849609852,3474,312
1763086170018,1763086170107,89,2040.1361290782738,6.538897849609852,3475,312
1763086170049,1763086170139,90,2040.1361290782738,6.538897849609852,3476,312
1763086170079,1763086170170,91,2040.1361290782738,6.538897849609852,3477,312
1763086170110,1763086170201,91,2006.508903262619,6.431118279687881,3478,312
1763086170141,1763086170231,90,2006.508903262619,6.431118279687881,3479,312
1763086170173,1763086170262,89,2006.508903262619,6.431118279687881,3480,312
1763086170203,1763086170294,91,2006.508903262619,6.431118279687881,3481,312
1763086170235,1763086170325,90,2006.508903262619,6.431118279687881,3482,312
1763086170267,1763086170355,88,2006.508903262619,6.431118279687881,3483,312
1763086170297,1763086170386,89,2006.508903262619,6.431118279687881,3484,312
1763086170328,1763086170416,88,2042.5395959003074,6.546601268911242,3485,312
1763086170358,1763086170448,90,2042.5395959003074,6.546601268911242,3486,312
1763086170389,1763086170478,89,2042.5395959003074,6.546601268911242,3487,312
1763086170420,1763086170511,91,2042.5395959003074,6.546601268911242,3488,312
1763086170452,1763086170544,92,2042.5395959003074,6.546601268911242,3489,312
1763086170483,1763086170573,90,2042.5395959003074,6.546601268911242,3490,312
1763086170514,1763086170606,92,2008.0905975284454,6.436187812591171,3491,312
1763086170547,1763086170637,90,2008.0905975284454,6.436187812591171,3492,312
1763086170577,1763086170669,92,2008.0905975284454,6.436187812591171,3493,312
1763086170610,1763086170702,92,2008.0905975284454,6.436187812591171,3494,312
1763086170641,1763086170733,92,2008.0905975284454,6.436187812591171,3495,312
1763086170673,1763086170765,92,2008.0905975284454,6.436187812591171,3496,312
1763086170705,1763086170798,93,2008.0905975284454,6.436187812591171,3497,312
1763086170737,1763086170829,92,2045.2074814499433,6.555152184134434,3498,312
1763086170769,1763086170861,92,2045.2074814499433,6.555152184134434,3499,312
1763086170801,1763086170893,92,2045.2074814499433,6.555152184134434,3500,312
1763086170834,1763086170924,90,2045.2074814499433,6.555152184134434,3501,312
1763086170864,1763086170956,92,2045.2074814499433,6.555152184134434,3502,312
1763086170896,1763086170987,91,2045.2074814499433,6.555152184134434,3503,312
1763086170927,1763086171018,91,2010.3927776785047,6.4435665951234125,3504,312
1763086170958,1763086171049,91,2010.3927776785047,6.4435665951234125,3505,312
1763086170991,1763086171080,89,2010.3927776785047,6.4435665951234125,3506,312
1763086171022,1763086171113,91,2010.3927776785047,6.4435665951234125,3507,312
1763086171053,1763086171144,91,2010.3927776785047,6.4435665951234125,3508,312
1763086171085,1763086171176,91,2010.3927776785047,6.4435665951234125,3509,312
1763086171116,1763086171208,92,2010.3927776785047,6.4435665951234125,3510,312
1763086171148,1763086171240,92,2046.676687143697,6.559861176742619,3511,312
1763086171180,1763086171271,91,2046.676687143697,6.559861176742619,3512,312
1763086171212,1763086171302,90,2046.676687143697,6.559861176742619,3513,312
1763086171244,1763086171333,89,2046.676687143697,6.559861176742619,3514,312
1763086171275,1763086171364,89,2046.676687143697,6.559861176742619,3515,312
1763086171306,1763086171396,90,2046.676687143697,6.559861176742619,3516,312
1763086171337,1763086171427,90,2046.676687143697,6.559861176742619,3517,312
1763086171368,1763086171459,91,2074.4159963406705,6.64876921904061,3518,312
1763086171399,1763086171490,91,2074.4159963406705,6.64876921904061,3519,312
1763086171430,1763086171522,92,2074.4159963406705,6.64876921904061,3520,312
1763086171462,1763086171553,91,2074.4159963406705,6.64876921904061,3521,312
1763086171494,1763086171585,91,2074.4159963406705,6.64876921904061,3522,312
1763086171526,1763086171619,93,2074.4159963406705,6.64876921904061,3523,312
1763086171557,1763086171648,91,2032.5158850981518,6.514473990699204,3524,312
1763086171589,1763086171679,90,2032.5158850981518,6.514473990699204,3525,312
1763086171621,1763086171711,90,2032.5158850981518,6.514473990699204,3526,312
1763086171651,1763086171744,93,2032.5158850981518,6.514473990699204,3527,312
1763086171684,1763086171776,92,2032.5158850981518,6.514473990699204,3528,312
1763086171715,1763086171808,93,2032.5158850981518,6.514473990699204,3529,312
1763086171748,1763086171840,92,1999.7706445381289,6.409521296596567,3530,312
1763086171780,1763086171872,92,1999.7706445381289,6.409521296596567,3531,312
1763086171812,1763086171904,92,1999.7706445381289,6.409521296596567,3532,312
1763086171844,1763086171936,92,1999.7706445381289,6.409521296596567,3533,312
1763086171876,1763086171967,91,1999.7706445381289,6.409521296596567,3534,312
1763086171908,1763086171998,90,1999.7706445381289,6.409521296596567,3535,312
1763086171940,1763086172029,89,1999.7706445381289,6.409521296596567,3536,312
1763086171971,1763086172060,89,2038.090350474198,6.532340866904481,3537,312
1763086172002,1763086172092,90,2038.090350474198,6.532340866904481,3538,312
1763086172033,1763086172124,91,2038.090350474198,6.532340866904481,3539,312
1763086172063,1763086172155,92,2038.090350474198,6.532340866904481,3540,312
1763086172095,1763086172187,92,2038.090350474198,6.532340866904481,3541,312
1763086172127,1763086172217,90,2038.090350474198,6.532340866904481,3542,312
1763086172158,1763086172248,90,2004.8722803793585,6.425872693523585,3543,312
1763086172189,1763086172280,91,2004.8722803793585,6.425872693523585,3544,312
1763086172221,1763086172310,89,2004.8722803793585,6.425872693523585,3545,312
1763086172251,1763086172341,90,2004.8722803793585,6.425872693523585,3546,312
1763086172283,1763086172372,89,2004.8722803793585,6.425872693523585,3547,312
1763086172313,1763086172405,92,2004.8722803793585,6.425872693523585,3548,312
1763086172344,1763086172436,92,2004.8722803793585,6.425872693523585,3549,312
1763086172377,1763086172469,92,2041.7725906212106,6.544142918657727,3550,312
1763086172408,1763086172498,90,2041.7725906212106,6.544142918657727,3551,312
1763086172439,1763086172529,90,2041.7725906212106,6.544142918657727,3552,312
1763086172470,1763086172559,89,2041.7725906212106,6.544142918657727,3553,312
1763086172502,1763086172591,89,2041.7725906212106,6.544142918657727,3554,312
1763086172532,1763086172623,91,2041.7725906212106,6.544142918657727,3555,312
1763086172563,1763086172654,91,2041.7725906212106,6.544142918657727,3556,312
1763086172594,1763086172686,92,2070.644754725105,6.6366819061702085,3557,312
1763086172626,1763086172718,92,2070.644754725105,6.6366819061702085,3558,312
1763086172658,1763086172749,91,2070.644754725105,6.6366819061702085,3559,312
1763086172690,1763086172780,90,2070.644754725105,6.6366819061702085,3560,312
1763086172721,1763086172812,91,2070.644754725105,6.6366819061702085,3561,312
1763086172752,1763086172842,90,2070.644754725105,6.6366819061702085,3562,312
1763086172783,1763086172873,90,2030.3198695159087,6.507435479217656,3563,312
1763086172813,1763086172904,91,2030.3198695159087,6.507435479217656,3564,312
1763086172846,1763086172936,90,2030.3198695159087,6.507435479217656,3565,312
1763086172876,1763086172967,91,2030.3198695159087,6.507435479217656,3566,312
1763086172908,1763086172999,91,2030.3198695159087,6.507435479217656,3567,312
1763086172939,1763086173030,91,2030.3198695159087,6.507435479217656,3568,312
1763086172971,1763086173062,91,1998.3392558736953,6.404933512415689,3569,312
1763086173002,1763086173093,91,1998.3392558736953,6.404933512415689,3570,312
1763086173034,1763086173125,91,1998.3392558736953,6.404933512415689,3571,312
1763086173066,1763086173155,89,1998.3392558736953,6.404933512415689,3572,312
1763086173096,1763086173186,90,1998.3392558736953,6.404933512415689,3573,312
1763086173127,1763086173218,91,1998.3392558736953,6.404933512415689,3574,312
1763086173159,1763086173249,90,1998.3392558736953,6.404933512415689,3575,312
1763086173190,1763086173282,92,2036.7710299078403,6.5281122753456415,3576,312
1763086173222,1763086173312,90,2036.7710299078403,6.5281122753456415,3577,312
1763086173254,1763086173343,89,2036.7710299078403,6.5281122753456415,3578,312
1763086173285,1763086173374,89,2036.7710299078403,6.5281122753456415,3579,312
1763086173316,1763086173405,89,2036.7710299078403,6.5281122753456415,3580,312
1763086173347,1763086173436,89,2036.7710299078403,6.5281122753456415,3581,312
1763086173378,1763086173468,90,2036.7710299078403,6.5281122753456415,3582,312
1763086173409,1763086173499,90,2066.3640528963642,6.622961708001168,3583,312
1763086173440,1763086173531,91,2066.3640528963642,6.622961708001168,3584,312
1763086173471,1763086173563,92,2066.3640528963642,6.622961708001168,3585,312
1763086173503,1763086173593,90,2066.3640528963642,6.622961708001168,3586,312
1763086173535,1763086173624,89,2066.3640528963642,6.622961708001168,3587,312
1763086173566,1763086173656,90,2066.3640528963642,6.622961708001168,3588,312
1763086173596,1763086173686,90,2026.9081501584023,6.4965004812769305,3589,312
1763086173627,1763086173717,90,2026.9081501584023,6.4965004812769305,3590,312
1763086173658,1763086173747,89,2026.9081501584023,6.4965004812769305,3591,312
1763086173689,1763086173778,89,2026.9081501584023,6.4965004812769305,3592,312
1763086173719,1763086173808,89,2026.9081501584023,6.4965004812769305,3593,312
1763086173751,1763086173839,88,2026.9081501584023,6.4965004812769305,3594,312
1763086173781,1763086173870,89,2026.9081501584023,6.4965004812769305,3595,312
1763086173812,1763086173902,90,2058.326520126722,6.597200385021544,3596,312
1763086173843,1763086173932,89,2058.326520126722,6.597200385021544,3597,312
1763086173873,1763086173963,90,2058.326520126722,6.597200385021544,3598,312
1763086173904,1763086173994,90,2058.326520126722,6.597200385021544,3599,312