1763085477355,1763085477516,161,0,0,1,312
1763085477377,1763085477524,147,0,0,2,312
1763085477409,1763085477536,127,0,0,3,312
1763085477440,1763085477546,106,0,0,4,312
1763085477472,1763085477561,89,0,0,5,312
1763085477503,1763085477593,90,0,0,6,312
1763085477534,1763085477624,90,381.888,1.224,7,312
1763085477567,1763085477655,88,381.888,1.224,8,312
1763085477597,1763085477686,89,381.888,1.224,9,312
1763085477628,1763085477718,90,381.888,1.224,10,312
1763085477659,1763085477749,90,381.888,1.224,11,312
1763085477692,1763085477781,89,381.888,1.224,12,312
1763085477723,1763085477812,89,381.888,1.224,13,312
1763085477754,1763085477843,89,744.1125119999999,2.384976,14,312
1763085477785,1763085477874,89,744.1125119999999,2.384976,15,312
1763085477816,1763085477904,88,744.1125119999999,2.384976,16,312
1763085477847,1763085477937,90,744.1125119999999,2.384976,17,312
1763085477878,1763085477967,89,744.1125119999999,2.384976,18,312
1763085477909,1763085477998,89,744.1125119999999,2.384976,19,312
1763085477941,1763085478029,88,973.073672064,3.118825872,20,312
1763085477972,1763085478060,88,973.073672064,3.118825872,21,312
1763085478003,1763085478091,88,973.073672064,3.118825872,22,312
1763085478034,1763085478122,88,973.073672064,3.118825872,23,312
1763085478065,1763085478154,89,973.073672064,3.118825872,24,312
1763085478096,1763085478185,89,973.073672064,3.118825872,25,312
1763085478128,1763085478216,88,973.073672064,3.118825872,26,312
1763085478159,1763085478249,90,1217.680790307072,3.902823045856,27,312
1763085478190,1763085478281,91,1217.680790307072,3.902823045856,28,312
1763085478221,1763085478311,90,1217.680790307072,3.902823045856,29,312
1763085478252,1763085478342,90,1217.680790307072,3.902823045856,30,312
1763085478284,1763085478373,89,1217.680790307072,3.902823045856,31,312
1763085478315,1763085478407,92,1217.680790307072,3.902823045856,32,312
1763085478348,1763085478438,90,1352.4705475038152,4.334841498409664,33,312
1763085478378,1763085478468,90,1352.4705475038152,4.334841498409664,34,312
1763085478410,1763085478499,89,1352.4705475038152,4.334841498409664,35,312
1763085478443,1763085478530,87,1352.4705475038152,4.334841498409664,36,312
1763085478473,1763085478562,89,1352.4705475038152,4.334841498409664,37,312
1763085478504,1763085478593,89,1352.4705475038152,4.334841498409664,38,312
1763085478535,1763085478624,89,1352.4705475038152,4.334841498409664,39,312
1763085478567,1763085478655,88,1520.4394969080445,4.8732035157309115,40,312
1763085478598,1763085478688,90,1520.4394969080445,4.8732035157309115,41,312
1763085478629,1763085478718,89,1520.4394969080445,4.8732035157309115,42,312
1763085478659,1763085478750,91,1520.4394969080445,4.8732035157309115,43,312
1763085478691,1763085478781,90,1520.4394969080445,4.8732035157309115,44,312
1763085478723,1763085478811,88,1520.4394969080445,4.8732035157309115,45,312
1763085478754,1763085478842,88,1591.8062790357114,5.101943202037536,46,312
1763085478785,1763085478873,88,1591.8062790357114,5.101943202037536,47,312
1763085478816,1763085478904,88,1591.8062790357114,5.101943202037536,48,312
1763085478847,1763085478937,90,1591.8062790357114,5.101943202037536,49,312
1763085478878,1763085478967,89,1591.8062790357114,5.101943202037536,50,312
1763085478909,1763085478998,89,1591.8062790357114,5.101943202037536,51,312
1763085478941,1763085479029,88,1591.8062790357114,5.101943202037536,52,312
1763085478972,1763085479061,89,1712.021604391462,5.487248732023916,53,312
1763085479004,1763085479092,88,1712.021604391462,5.487248732023916,54,312
1763085479035,1763085479123,88,1712.021604391462,5.487248732023916,55,312
1763085479066,1763085479155,89,1712.021604391462,5.487248732023916,56,312
1763085479097,1763085479186,89,1712.021604391462,5.487248732023916,57,312
1763085479128,1763085479216,88,1712.021604391462,5.487248732023916,58,312
1763085479159,1763085479248,89,1744.3372403043868,5.590824488155085,59,312
1763085479190,1763085479279,89,1744.3372403043868,5.590824488155085,60,312
1763085479222,1763085479311,89,1744.3372403043868,5.590824488155085,61,312
1763085479253,1763085479342,89,1744.3372403043868,5.590824488155085,62,312
1763085479284,1763085479372,88,1744.3372403043868,5.590824488155085,63,312
1763085479316,1763085479404,88,1744.3372403043868,5.590824488155085,64,312
1763085479347,1763085479434,87,1744.3372403043868,5.590824488155085,65,312
1763085479377,1763085479466,89,1833.5887805225964,5.876887117059603,66,312
1763085479409,1763085479498,89,1833.5887805225964,5.876887117059603,67,312
1763085479440,1763085479530,90,1833.5887805225964,5.876887117059603,68,312
1763085479472,1763085479561,89,1833.5887805225964,5.876887117059603,69,312
1763085479503,1763085479593,90,1833.5887805225964,5.876887117059603,70,312
1763085479534,1763085479624,90,1833.5887805225964,5.876887117059603,71,312
1763085479566,1763085479657,91,1841.5014917349415,5.902248370945324,72,312
1763085479598,1763085479687,89,1841.5014917349415,5.902248370945324,73,312
1763085479630,1763085479719,89,1841.5014917349415,5.902248370945324,74,312
1763085479661,1763085479752,91,1841.5014917349415,5.902248370945324,75,312
1763085479693,1763085479784,91,1841.5014917349415,5.902248370945324,76,312
1763085479725,1763085479815,90,1841.5014917349415,5.902248370945324,77,312
1763085479757,1763085479847,90,1847.6316918962182,5.921896448385314,78,312
1763085479789,1763085479880,91,1847.6316918962182,5.921896448385314,79,312
1763085479821,1763085479911,90,1847.6316918962182,5.921896448385314,80,312
1763085479853,1763085479943,90,1847.6316918962182,5.921896448385314,81,312
1763085479885,1763085479976,91,1847.6316918962182,5.921896448385314,82,312
1763085479917,1763085480008,91,1847.6316918962182,5.921896448385314,83,312
1763085479949,1763085480048,99,1852.5053535169745,5.937517158708252,84,312
1763085479981,1763085480074,93,1852.5053535169745,5.937517158708252,85,312
1763085480013,1763085480103,90,1852.5053535169745,5.937517158708252,86,312
1763085480050,1763085480135,85,1852.5053535169745,5.937517158708252,87,312
1763085480078,1763085480167,89,1852.5053535169745,5.937517158708252,88,312
1763085480109,1763085480199,90,1852.5053535169745,5.937517158708252,89,312
1763085480141,1763085480231,90,1852.5053535169745,5.937517158708252,90,312
1763085480173,1763085480262,89,1920.1302613995117,6.154263658331768,91,312
1763085480205,1763085480292,87,1920.1302613995117,6.154263658331768,92,312
1763085480235,1763085480325,90,1920.1302613995117,6.154263658331768,93,312
1763085480266,1763085480357,91,1920.1302613995117,6.154263658331768,94,312
1763085480298,1763085480389,91,1920.1302613995117,6.154263658331768,95,312
1763085480330,1763085480420,90,1920.1302613995117,6.154263658331768,96,312
1763085480362,1763085480452,90,1910.4560788582098,6.123256663007083,97,312
1763085480394,1763085480483,89,1910.4560788582098,6.123256663007083,98,312
1763085480426,1763085480515,89,1910.4560788582098,6.123256663007083,99,312
1763085480457,1763085480545,88,1910.4560788582098,6.123256663007083,100,312
1763085480488,1763085480576,88,1910.4560788582098,6.123256663007083,101,312
1763085480520,1763085480606,86,1910.4560788582098,6.123256663007083,102,312
1763085480550,1763085480636,86,1910.4560788582098,6.123256663007083,103,312
1763085480580,1763085480668,88,1966.5325826922767,6.30298904709063,104,312
1763085480611,1763085480699,88,1966.5325826922767,6.30298904709063,105,312
1763085480641,1763085480730,89,1966.5325826922767,6.30298904709063,106,312
1763085480673,1763085480761,88,1966.5325826922767,6.30298904709063,107,312
1763085480704,1763085480792,88,1966.5325826922767,6.30298904709063,108,312
1763085480735,1763085480824,89,1966.5325826922767,6.30298904709063,109,312
1763085480767,1763085480855,88,1966.5325826922767,6.30298904709063,110,312
1763085480797,1763085480887,90,2010.8959358230522,6.445179281484141,111,312
1763085480829,1763085480918,89,2010.8959358230522,6.445179281484141,112,312
1763085480860,1763085480952,92,2010.8959358230522,6.445179281484141,113,312
1763085480892,1763085480983,91,2010.8959358230522,6.445179281484141,114,312
1763085480924,1763085481012,88,2010.8959358230522,6.445179281484141,115,312
1763085480956,1763085481042,86,2010.8959358230522,6.445179281484141,116,312
1763085480986,1763085481077,91,1982.8389567867957,6.3552530666243445,117,312
1763085481016,1763085481110,94,1982.8389567867957,6.3552530666243445,118,312
1763085481047,1763085481137,90,1982.8389567867957,6.3552530666243445,119,312
1763085481083,1763085481168,85,1982.8389567867957,6.3552530666243445,120,312
1763085481111,1763085481200,89,1982.8389567867957,6.3552530666243445,121,312
1763085481142,1763085481231,89,1982.8389567867957,6.3552530666243445,122,312
1763085481174,1763085481262,88,1982.8389567867957,6.3552530666243445,123,312
1763085481205,1763085481294,89,2024.0769706455026,6.487426187966354,124,312
1763085481236,1763085481327,91,2024.0769706455026,6.487426187966354,125,312
1763085481268,1763085481358,90,2024.0769706455026,6.487426187966354,126,312
1763085481299,1763085481391,92,2024.0769706455026,6.487426187966354,127,312
1763085481331,1763085481422,91,2024.0769706455026,6.487426187966354,128,312
1763085481363,1763085481454,91,2024.0769706455026,6.487426187966354,129,312
1763085481396,1763085481486,90,1992.444960751238,6.3860415408693525,130,312
1763085481428,1763085481517,89,1992.444960751238,6.3860415408693525,131,312
1763085481459,1763085481549,90,1992.444960751238,6.3860415408693525,132,312
1763085481491,1763085481581,90,1992.444960751238,6.3860415408693525,133,312
1763085481522,1763085481613,91,1992.444960751238,6.3860415408693525,134,312
1763085481554,1763085481645,91,1992.444960751238,6.3860415408693525,135,312
1763085481586,1763085481676,90,1968.3559686009905,6.308833232695482,136,312
1763085481618,1763085481707,89,1968.3559686009905,6.308833232695482,137,312
1763085481650,1763085481739,89,1968.3559686009905,6.308833232695482,138,312
1763085481681,1763085481770,89,1968.3559686009905,6.308833232695482,139,312
1763085481712,1763085481803,91,1968.3559686009905,6.308833232695482,140,312
1763085481744,1763085481833,89,1968.3559686009905,6.308833232695482,141,312
1763085481776,1763085481864,88,1968.3559686009905,6.308833232695482,142,312
1763085481807,1763085481895,88,2013.4255711633834,6.453287087062127,143,312
1763085481838,1763085481926,88,2013.4255711633834,6.453287087062127,144,312
1763085481870,1763085481958,88,2013.4255711633834,6.453287087062127,145,312
1763085481900,1763085481989,89,2013.4255711633834,6.453287087062127,146,312
1763085481932,1763085482020,88,2013.4255711633834,6.453287087062127,147,312
1763085481963,1763085482052,89,2013.4255711633834,6.453287087062127,148,312
1763085481994,1763085482085,91,2013.4255711633834,6.453287087062127,149,312
1763085482025,1763085482114,89,2047.5404569307068,6.562629669649701,150,312
1763085482056,1763085482145,89,2047.5404569307068,6.562629669649701,151,312
1763085482089,1763085482176,87,2047.5404569307068,6.562629669649701,152,312
1763085482119,1763085482208,89,2047.5404569307068,6.562629669649701,153,312
1763085482150,1763085482239,89,2047.5404569307068,6.562629669649701,154,312
1763085482181,1763085482270,89,2047.5404569307068,6.562629669649701,155,312
1763085482213,1763085482301,88,2011.379122802981,6.446727957701863,156,312
1763085482245,1763085482333,88,2011.379122802981,6.446727957701863,157,312
1763085482275,1763085482364,89,2011.379122802981,6.446727957701863,158,312
1763085482307,1763085482395,88,2011.379122802981,6.446727957701863,159,312
1763085482338,1763085482426,88,2011.379122802981,6.446727957701863,160,312
1763085482369,1763085482456,87,2011.379122802981,6.446727957701863,161,312
1763085482399,1763085482487,88,2011.379122802981,6.446727957701863,162,312
1763085482430,1763085482519,89,2046.2485399967788,6.558488910246086,163,312
1763085482462,1763085482551,89,2046.2485399967788,6.558488910246086,164,312
1763085482492,1763085482581,89,2046.2485399967788,6.558488910246086,165,312
1763085482524,1763085482612,88,2046.2485399967788,6.558488910246086,166,312
1763085482555,1763085482644,89,2046.2485399967788,6.558488910246086,167,312
1763085482586,1763085482674,88,2046.2485399967788,6.558488910246086,168,312
1763085482617,1763085482705,88,2011.2245834574262,6.446232639286623,169,312
1763085482649,1763085482736,87,2011.2245834574262,6.446232639286623,170,312
1763085482679,1763085482767,88,2011.2245834574262,6.446232639286623,171,312
1763085482709,1763085482799,90,2011.2245834574262,6.446232639286623,172,312
1763085482741,1763085482832,91,2011.2245834574262,6.446232639286623,173,312
1763085482772,1763085482860,88,2011.2245834574262,6.446232639286623,174,312
1763085482804,1763085482892,88,2011.2245834574262,6.446232639286623,175,312
1763085482835,1763085482923,88,2046.2979930155686,6.558647413511438,176,312
1763085482866,1763085482954,88,2046.2979930155686,6.558647413511438,177,312
1763085482897,1763085482985,88,2046.2979930155686,6.558647413511438,178,312
1763085482927,1763085483017,90,2046.2979930155686,6.558647413511438,179,312
1763085482959,1763085483049,90,2046.2979930155686,6.558647413511438,180,312
1763085482991,1763085483080,89,2046.2979930155686,6.558647413511438,181,312
1763085483022,1763085483112,90,2010.566904447377,6.4441246937415935,182,312
1763085483054,1763085483145,91,2010.566904447377,6.4441246937415935,183,312
1763085483085,1763085483176,91,2010.566904447377,6.4441246937415935,184,312
1763085483117,1763085483208,91,2010.566904447377,6.4441246937415935,185,312
1763085483149,1763085483239,90,2010.566904447377,6.4441246937415935,186,312
1763085483181,1763085483271,90,2010.566904447377,6.4441246937415935,187,312
1763085483213,1763085483302,89,1982.8535235579016,6.355299754993275,188,312
1763085483245,1763085483335,90,1982.8535235579016,6.355299754993275,189,312
1763085483276,1763085483365,89,1982.8535235579016,6.355299754993275,190,312
1763085483308,1763085483397,89,1982.8535235579016,6.355299754993275,191,312
1763085483338,1763085483429,91,1982.8535235579016,6.355299754993275,192,312
1763085483370,1763085483461,91,1982.8535235579016,6.355299754993275,193,312
1763085483402,1763085483493,91,1982.8535235579016,6.355299754993275,194,312
1763085483434,1763085483525,91,2025.4965765636264,6.491976206934701,195,312
1763085483466,1763085483557,91,2025.4965765636264,6.491976206934701,196,312
1763085483498,1763085483589,91,2025.4965765636264,6.491976206934701,197,312
1763085483530,1763085483621,91,2025.4965765636264,6.491976206934701,198,312
1763085483562,1763085483653,91,2025.4965765636264,6.491976206934701,199,312
1763085483594,1763085483684,90,2025.4965765636264,6.491976206934701,200,312
1763085483626,1763085483716,90,1994.4902680977739,6.392597013133891,201,312
1763085483658,1763085483748,90,1994.4902680977739,6.392597013133891,202,312
1763085483690,1763085483778,88,1994.4902680977739,6.392597013133891,203,312
1763085483721,1763085483809,88,1994.4902680977739,6.392597013133891,204,312
1763085483752,1763085483841,89,1994.4902680977739,6.392597013133891,205,312
1763085483783,1763085483871,88,1994.4902680977739,6.392597013133891,206,312
1763085483814,1763085483903,89,1994.4902680977739,6.392597013133891,207,312
1763085483845,1763085483936,91,2033.908292333437,6.518936834402042,208,312
1763085483877,1763085483966,89,2033.908292333437,6.518936834402042,209,312
1763085483909,1763085483999,90,2033.908292333437,6.518936834402042,210,312
1763085483940,1763085484029,89,2033.908292333437,6.518936834402042,211,312
1763085483971,1763085484060,89,2033.908292333437,6.518936834402042,212,312
1763085484004,1763085484092,88,2033.908292333437,6.518936834402042,213,312
1763085484034,1763085484123,89,2033.908292333437,6.518936834402042,214,312
1763085484066,1763085484154,88,2064.527000697416,6.617073720184025,215,312
1763085484097,1763085484186,89,2064.527000697416,6.617073720184025,216,312
1763085484128,1763085484217,89,2064.527000697416,6.617073720184025,217,312
1763085484159,1763085484249,90,2064.527000697416,6.617073720184025,218,312
1763085484191,1763085484279,88,2064.527000697416,6.617073720184025,219,312
1763085484222,1763085484310,88,2064.527000697416,6.617073720184025,220,312
1763085484253,1763085484343,90,2025.4440195558407,6.4918077549866675,221,312
1763085484284,1763085484372,88,2025.4440195558407,6.4918077549866675,222,312
1763085484315,1763085484404,89,2025.4440195558407,6.4918077549866675,223,312
1763085484346,1763085484436,90,2025.4440195558407,6.4918077549866675,224,312
1763085484378,1763085484467,89,2025.4440195558407,6.4918077549866675,225,312
1763085484409,1763085484499,90,2025.4440195558407,6.4918077549866675,226,312
1763085484441,1763085484530,89,2025.4440195558407,6.4918077549866675,227,312
1763085484473,1763085484561,88,2057.7894395664493,6.595478972969388,228,312
1763085484504,1763085484592,88,2057.7894395664493,6.595478972969388,229,312
1763085484535,1763085484625,90,2057.7894395664493,6.595478972969388,230,312
1763085484566,1763085484655,89,2057.7894395664493,6.595478972969388,231,312
1763085484597,1763085484684,87,2057.7894395664493,6.595478972969388,232,312
1763085484629,1763085484715,86,2057.7894395664493,6.595478972969388,233,312
1763085484659,1763085484747,88,2020.2599727740267,6.475192220429571,234,312
1763085484689,1763085484779,90,2020.2599727740267,6.475192220429571,235,312
1763085484721,1763085484811,90,2020.2599727740267,6.475192220429571,236,312
1763085484753,1763085484844,91,2020.2599727740267,6.475192220429571,237,312
1763085484785,1763085484874,89,2020.2599727740267,6.475192220429571,238,312
1763085484817,1763085484906,89,2020.2599727740267,6.475192220429571,239,312
1763085484848,1763085484937,89,1990.6079782192214,6.380153776343657,240,312
1763085484879,1763085484968,89,1990.6079782192214,6.380153776343657,241,312
1763085484910,1763085485000,90,1990.6079782192214,6.380153776343657,242,312
1763085484942,1763085485031,89,1990.6079782192214,6.380153776343657,243,312
1763085484973,1763085485062,89,1990.6079782192214,6.380153776343657,244,312
1763085485005,1763085485094,89,1990.6079782192214,6.380153776343657,245,312
1763085485036,1763085485126,90,1990.6079782192214,6.380153776343657,246,312
1763085485068,1763085485157,89,2031.0269107714041,6.509701637087833,247,312
1763085485099,1763085485189,90,2031.0269107714041,6.509701637087833,248,312
1763085485130,1763085485219,89,2031.0269107714041,6.509701637087833,249,312
1763085485162,1763085485250,88,2031.0269107714041,6.509701637087833,250,312
1763085485192,1763085485287,95,2031.0269107714041,6.509701637087833,251,312
1763085485224,1763085485315,91,2031.0269107714041,6.509701637087833,252,312
1763085485265,1763085485360,95,1999.062501706352,6.407251608033178,253,312
1763085485305,1763085485390,85,1999.062501706352,6.407251608033178,254,312
1763085485331,1763085485421,90,1999.062501706352,6.407251608033178,255,312
1763085485363,1763085485453,90,1999.062501706352,6.407251608033178,256,312
1763085485395,1763085485484,89,1999.062501706352,6.407251608033178,257,312
1763085485426,1763085485516,90,1999.062501706352,6.407251608033178,258,312
1763085485458,1763085485548,90,1973.5229388633752,6.325394034818509,259,312
1763085485490,1763085485580,90,1973.5229388633752,6.325394034818509,260,312
1763085485522,1763085485612,90,1973.5229388633752,6.325394034818509,261,312
1763085485554,1763085485644,90,1973.5229388633752,6.325394034818509,262,312
1763085485586,1763085485677,91,1973.5229388633752,6.325394034818509,263,312
1763085485618,1763085485708,90,1973.5229388633752,6.325394034818509,264,312
1763085485650,1763085485740,90,1973.5229388633752,6.325394034818509,265,312
1763085485682,1763085485773,91,2018.5650299466129,6.469759711367348,266,312
1763085485714,1763085485803,89,2018.5650299466129,6.469759711367348,267,312
1763085485746,1763085485834,88,2018.5650299466129,6.469759711367348,268,312
1763085485777,1763085485867,90,2018.5650299466129,6.469759711367348,269,312
1763085485808,1763085485898,90,2018.5650299466129,6.469759711367348,270,312
1763085485839,1763085485929,90,2018.5650299466129,6.469759711367348,271,312
1763085485871,1763085485960,89,2018.5650299466129,6.469759711367348,272,312
1763085485903,1763085485992,89,2052.3137638375038,6.577928730248409,273,312
1763085485934,1763085486024,90,2052.3137638375038,6.577928730248409,274,312
1763085485966,1763085486055,89,2052.3137638375038,6.577928730248409,275,312
1763085485998,1763085486086,88,2052.3137638375038,6.577928730248409,276,312
1763085486028,1763085486117,89,2052.3137638375038,6.577928730248409,277,312
1763085486060,1763085486149,89,2052.3137638375038,6.577928730248409,278,312
1763085486091,1763085486180,89,2015.529756014653,6.460031269277734,279,312
1763085486123,1763085486212,89,2015.529756014653,6.460031269277734,280,312
1763085486154,1763085486243,89,2015.529756014653,6.460031269277734,281,312
1763085486185,1763085486274,89,2015.529756014653,6.460031269277734,282,312
1763085486216,1763085486305,89,2015.529756014653,6.460031269277734,283,312
1763085486248,1763085486336,88,2015.529756014653,6.460031269277734,284,312
1763085486278,1763085486369,91,2015.529756014653,6.460031269277734,285,312
1763085486310,1763085486399,89,2049.2238048117224,6.5680250154221875,286,312
1763085486342,1763085486430,88,2049.2238048117224,6.5680250154221875,287,312
1763085486373,1763085486462,89,2049.2238048117224,6.5680250154221875,288,312
1763085486404,1763085486493,89,2049.2238048117224,6.5680250154221875,289,312
1763085486435,1763085486524,89,2049.2238048117224,6.5680250154221875,290,312
1763085486467,1763085486555,88,2049.2238048117224,6.5680250154221875,291,312
1763085486498,1763085486587,89,2012.5384772156958,6.450443837229795,292,312
1763085486529,1763085486618,89,2012.5384772156958,6.450443837229795,293,312
1763085486561,1763085486649,88,2012.5384772156958,6.450443837229795,294,312
1763085486592,1763085486681,89,2012.5384772156958,6.450443837229795,295,312
1763085486623,1763085486712,89,2012.5384772156958,6.450443837229795,296,312
1763085486654,1763085486743,89,2012.5384772156958,6.450443837229795,297,312
1763085486686,1763085486775,89,2012.5384772156958,6.450443837229795,298,312
1763085486717,1763085486806,89,2047.5166278636939,6.562553294434917,299,312
1763085486748,1763085486838,90,2047.5166278636939,6.562553294434917,300,312
1763085486780,1763085486870,90,2047.5166278636939,6.562553294434917,301,312
1763085486811,1763085486901,90,2047.5166278636939,6.562553294434917,302,312
1763085486843,1763085486933,90,2047.5166278636939,6.562553294434917,303,312
1763085486875,1763085486965,90,2047.5166278636939,6.562553294434917,304,312
1763085486907,1763085486996,89,2011.5357191516366,6.447229869075759,305,312
1763085486938,1763085487028,90,2011.5357191516366,6.447229869075759,306,312
1763085486970,1763085487060,90,2011.5357191516366,6.447229869075759,307,312
1763085487002,1763085487092,90,2011.5357191516366,6.447229869075759,308,312
1763085487033,1763085487124,91,2011.5357191516366,6.447229869075759,309,312
1763085487065,1763085487155,90,2011.5357191516366,6.447229869075759,310,312
1763085487098,1763085487187,89,1983.4890396021576,6.357336665391531,311,312
1763085487128,1763085487219,91,1983.4890396021576,6.357336665391531,312,312
1763085487160,1763085487254,94,1983.4890396021576,6.357336665391531,313,312
1763085487192,1763085487281,89,1983.4890396021576,6.357336665391531,314,312
1763085487225,1763085487313,88,1983.4890396021576,6.357336665391531,315,312
1763085487256,1763085487345,89,1983.4890396021576,6.357336665391531,316,312
1763085487287,1763085487377,90,1983.4890396021576,6.357336665391531,317,312
1763085487319,1763085487409,90,2025.9973632065003,6.4935812923285265,318,312
1763085487350,1763085487441,91,2025.9973632065003,6.4935812923285265,319,312
1763085487382,1763085487473,91,2025.9973632065003,6.4935812923285265,320,312
1763085487414,1763085487504,90,2025.9973632065003,6.4935812923285265,321,312
1763085487446,1763085487536,90,2025.9973632065003,6.4935812923285265,322,312
1763085487477,1763085487567,90,2025.9973632065003,6.4935812923285265,323,312
1763085487510,1763085487599,89,1995.1978905652002,6.394865033862821,324,312
1763085487540,1763085487631,91,1995.1978905652002,6.394865033862821,325,312
1763085487572,1763085487664,92,1995.1978905652002,6.394865033862821,326,312
1763085487604,1763085487695,91,1995.1978905652002,6.394865033862821,327,312
1763085487637,1763085487727,90,1995.1978905652002,6.394865033862821,328,312
1763085487669,1763085487758,89,1995.1978905652002,6.394865033862821,329,312
1763085487700,1763085487790,90,1995.1978905652002,6.394865033862821,330,312
1763085487733,1763085487822,89,2035.4127398748126,6.523758781650041,331,312
1763085487763,1763085487854,91,2035.4127398748126,6.523758781650041,332,312
1763085487796,1763085487886,90,2035.4127398748126,6.523758781650041,333,312
1763085487828,1763085487918,90,2035.4127398748126,6.523758781650041,334,312
1763085487859,1763085487950,91,2035.4127398748126,6.523758781650041,335,312
1763085487891,1763085487981,90,2035.4127398748126,6.523758781650041,336,312
1763085487924,1763085488013,89,2002.5667791599753,6.418483266538383,337,312
1763085487955,1763085488045,90,2002.5667791599753,6.418483266538383,338,312
1763085487986,1763085488077,91,2002.5667791599753,6.418483266538383,339,312
1763085488018,1763085488109,91,2002.5667791599753,6.418483266538383,340,312
1763085488051,1763085488141,90,2002.5667791599753,6.418483266538383,341,312
1763085488083,1763085488173,90,2002.5667791599753,6.418483266538383,342,312
1763085488114,1763085488203,89,2002.5667791599753,6.418483266538383,343,312
1763085488146,1763085488235,89,2041.0306219780605,6.541764814032246,344,312
1763085488177,1763085488267,90,2041.0306219780605,6.541764814032246,345,312
1763085488208,1763085488299,91,2041.0306219780605,6.541764814032246,346,312
1763085488240,1763085488331,91,2041.0306219780605,6.541764814032246,347,312
1763085488272,1763085488363,91,2041.0306219780605,6.541764814032246,348,312
1763085488305,1763085488395,90,2041.0306219780605,6.541764814032246,349,312
1763085488337,1763085488427,90,2006.8864363384923,6.4323283215977325,350,312
1763085488368,1763085488459,91,2006.8864363384923,6.4323283215977325,351,312
1763085488401,1763085488491,90,2006.8864363384923,6.4323283215977325,352,312
1763085488432,1763085488523,91,2006.8864363384923,6.4323283215977325,353,312
1763085488464,1763085488555,91,2006.8864363384923,6.4323283215977325,354,312
1763085488496,1763085488587,91,2006.8864363384923,6.4323283215977325,355,312
1763085488528,1763085488619,91,2006.8864363384923,6.4323283215977325,356,312
1763085488561,1763085488650,89,2044.6116253983935,6.553242389097416,357,312
1763085488592,1763085488682,90,2044.6116253983935,6.553242389097416,358,312
1763085488624,1763085488714,90,2044.6116253983935,6.553242389097416,359,312
1763085488656,1763085488746,90,2044.6116253983935,6.553242389097416,360,312
1763085488687,1763085488778,91,2044.6116253983935,6.553242389097416,361,312
1763085488720,1763085488810,90,2044.6116253983935,6.553242389097416,362,312
1763085488751,1763085488842,91,2009.744077067918,6.441487426499737,363,312
1763085488783,1763085488874,91,2009.744077067918,6.441487426499737,364,312
1763085488815,1763085488906,91,2009.744077067918,6.441487426499737,365,312
1763085488848,1763085488937,89,2009.744077067918,6.441487426499737,366,312
1763085488879,1763085488971,92,2009.744077067918,6.441487426499737,367,312
1763085488910,1763085489001,91,2009.744077067918,6.441487426499737,368,312
1763085488942,1763085489033,91,2009.744077067918,6.441487426499737,369,312
1763085488975,1763085489065,90,2046.8605886524515,6.560450604655293,370,312
1763085489007,1763085489097,90,2046.8605886524515,6.560450604655293,371,312
1763085489038,1763085489129,91,2046.8605886524515,6.560450604655293,372,312
1763085489071,1763085489161,90,2046.8605886524515,6.560450604655293,373,312
1763085489102,1763085489192,90,2046.8605886524515,6.560450604655293,374,312
1763085489134,1763085489223,89,2046.8605886524515,6.560450604655293,375,312
1763085489166,1763085489254,88,2046.8605886524515,6.560450604655293,376,312
1763085489197,1763085489286,89,2074.974167978699,6.650558230700958,377,312
1763085489228,1763085489318,90,2074.974167978699,6.650558230700958,378,312
1763085489260,1763085489349,89,2074.974167978699,6.650558230700958,379,312
1763085489292,1763085489381,89,2074.974167978699,6.650558230700958,380,312
1763085489323,1763085489414,91,2074.974167978699,6.650558230700958,381,312
1763085489354,1763085489443,89,2074.974167978699,6.650558230700958,382,312
1763085489386,1763085489475,89,2033.5674377110442,6.5178443516379625,383,312
1763085489417,1763085489506,89,2033.5674377110442,6.5178443516379625,384,312
1763085489448,1763085489537,89,2033.5674377110442,6.5178443516379625,385,312
1763085489479,1763085489567,88,2033.5674377110442,6.5178443516379625,386,312
1763085489510,1763085489600,90,2033.5674377110442,6.5178443516379625,387,312
1763085489541,1763085489632,91,2033.5674377110442,6.5178443516379625,388,312
1763085489573,1763085489662,89,2033.5674377110442,6.5178443516379625,389,312
1763085489605,1763085489694,89,2064.105247855702,6.615721948255456,390,312
1763085489636,1763085489725,89,2064.105247855702,6.615721948255456,391,312
1763085489667,1763085489756,89,2064.105247855702,6.615721948255456,392,312
1763085489699,1763085489788,89,2064.105247855702,6.615721948255456,393,312
1763085489730,1763085489818,88,2064.105247855702,6.615721948255456,394,312
1763085489762,1763085489850,88,2064.105247855702,6.615721948255456,395,312
1763085489792,1763085489882,90,2024.7236720452831,6.489498948863088,396,312
1763085489824,1763085489913,89,2024.7236720452831,6.489498948863088,397,312
1763085489855,1763085489945,90,2024.7236720452831,6.489498948863088,398,312
1763085489886,1763085489976,90,2024.7236720452831,6.489498948863088,399,312
1763085489918,1763085490008,90,2024.7236720452831,6.489498948863088,400,312
1763085489950,1763085490041,91,2024.7236720452831,6.489498948863088,401,312
1763085489982,1763085490073,91,1994.0262139641811,6.391109660141607,402,312
1763085490014,1763085490103,89,1994.0262139641811,6.391109660141607,403,312
1763085490046,1763085490135,89,1994.0262139641811,6.391109660141607,404,312
1763085490077,1763085490168,91,1994.0262139641811,6.391109660141607,405,312
1763085490109,1763085490199,90,1994.0262139641811,6.391109660141607,406,312
1763085490141,1763085490231,90,1994.0262139641811,6.391109660141607,407,312
1763085490172,1763085490261,89,1994.0262139641811,6.391109660141607,408,312
1763085490204,1763085490293,89,2033.9207090317032,6.51897663151187,409,312
1763085490236,1763085490325,89,2033.9207090317032,6.51897663151187,410,312
1763085490267,1763085490356,89,2033.9207090317032,6.51897663151187,411,312
1763085490299,1763085490387,88,2033.9207090317032,6.51897663151187,412,312
1763085490329,1763085490419,90,2033.9207090317032,6.51897663151187,413,312
1763085490360,1763085490450,90,2033.9207090317032,6.51897663151187,414,312
1763085490392,1763085490485,93,2001.2127258072992,6.414143351946472,415,312
1763085490423,1763085490527,104,2001.2127258072992,6.414143351946472,416,312
1763085490455,1763085490545,90,2001.2127258072992,6.414143351946472,417,312
1763085490488,1763085490577,89,2001.2127258072992,6.414143351946472,418,312
1763085490520,1763085490609,89,2001.2127258072992,6.414143351946472,419,312
1763085490551,1763085490641,90,2001.2127258072992,6.414143351946472,420,312
1763085490583,1763085490672,89,2001.2127258072992,6.414143351946472,421,312
1763085490614,1763085490704,90,2039.4152661135736,6.536587391389659,422,312
1763085490645,1763085490736,91,2039.4152661135736,6.536587391389659,423,312
1763085490677,1763085490767,90,2039.4152661135736,6.536587391389659,424,312
1763085490709,1763085490799,90,2039.4152661135736,6.536587391389659,425,312
1763085490740,1763085490831,91,2039.4152661135736,6.536587391389659,426,312
1763085490772,1763085490862,90,2039.4152661135736,6.536587391389659,427,312
1763085490804,1763085490894,90,2005.9322128908589,6.429269913111727,428,312
1763085490835,1763085490927,92,2005.9322128908589,6.429269913111727,429,312
1763085490867,1763085490958,91,2005.9322128908589,6.429269913111727,430,312
1763085490899,1763085490990,91,2005.9322128908589,6.429269913111727,431,312
1763085490931,1763085491022,91,2005.9322128908589,6.429269913111727,432,312
1763085490963,1763085491054,91,2005.9322128908589,6.429269913111727,433,312
1763085490995,1763085491086,91,2005.9322128908589,6.429269913111727,434,312
1763085491027,1763085491117,90,2043.8606515451058,6.550835421618929,435,312
1763085491059,1763085491150,91,2043.8606515451058,6.550835421618929,436,312
1763085491091,1763085491179,88,2043.8606515451058,6.550835421618929,437,312
1763085491122,1763085491211,89,2043.8606515451058,6.550835421618929,438,312
1763085491154,1763085491242,88,2043.8606515451058,6.550835421618929,439,312
1763085491185,1763085491274,89,2043.8606515451058,6.550835421618929,440,312
1763085491216,1763085491306,90,2043.8606515451058,6.550835421618929,441,312
1763085491247,1763085491338,91,2072.3089392814495,6.642015831030287,442,312
1763085491279,1763085491372,93,2072.3089392814495,6.642015831030287,443,312
1763085491310,1763085491400,90,2072.3089392814495,6.642015831030287,444,312
1763085491342,1763085491432,90,2072.3089392814495,6.642015831030287,445,312
1763085491374,1763085491463,89,2072.3089392814495,6.642015831030287,446,312
1763085491405,1763085491496,91,2072.3089392814495,6.642015831030287,447,312
1763085491436,1763085491526,90,2031.0452977894709,6.509760569838048,448,312
1763085491468,1763085491558,90,2031.0452977894709,6.509760569838048,449,312
1763085491500,1763085491590,90,2031.0452977894709,6.509760569838048,450,312
1763085491531,1763085491622,91,2031.0452977894709,6.509760569838048,451,312
1763085491563,1763085491653,90,2031.0452977894709,6.509760569838048,452,312
1763085491595,1763085491686,91,2031.0452977894709,6.509760569838048,453,312
1763085491627,1763085491716,89,1999.2362382315766,6.4078084558704385,454,312
1763085491658,1763085491747,89,1999.2362382315766,6.4078084558704385,455,312
1763085491690,1763085491780,90,1999.2362382315766,6.4078084558704385,456,312
1763085491721,1763085491811,90,1999.2362382315766,6.4078084558704385,457,312
1763085491753,1763085491843,90,1999.2362382315766,6.4078084558704385,458,312
1763085491785,1763085491874,89,1999.2362382315766,6.4078084558704385,459,312
1763085491816,1763085491905,89,1999.2362382315766,6.4078084558704385,460,312
1763085491847,1763085491938,91,2038.0366282029456,6.532168680137646,461,312
1763085491879,1763085491968,89,2038.0366282029456,6.532168680137646,462,312
1763085491910,1763085491998,88,2038.0366282029456,6.532168680137646,463,312
1763085491941,1763085492030,89,2038.0366282029456,6.532168680137646,464,312
1763085491973,1763085492062,89,2038.0366282029456,6.532168680137646,465,312
1763085492004,1763085492093,89,2038.0366282029456,6.532168680137646,466,312
1763085492036,1763085492124,88,2038.0366282029456,6.532168680137646,467,312
1763085492067,1763085492156,89,2067.813156049545,6.627606269389567,468,312
1763085492098,1763085492187,89,2067.813156049545,6.627606269389567,469,312
1763085492129,1763085492218,89,2067.813156049545,6.627606269389567,470,312
1763085492161,1763085492249,88,2067.813156049545,6.627606269389567,471,312
1763085492192,1763085492280,88,2067.813156049545,6.627606269389567,472,312
1763085492223,1763085492312,89,2067.813156049545,6.627606269389567,473,312
1763085492254,1763085492343,89,2028.2588985275368,6.500829802972874,474,312
1763085492285,1763085492374,89,2028.2588985275368,6.500829802972874,475,312
1763085492316,1763085492406,90,2028.2588985275368,6.500829802972874,476,312
1763085492348,1763085492437,89,2028.2588985275368,6.500829802972874,477,312
1763085492379,1763085492469,90,2028.2588985275368,6.500829802972874,478,312
1763085492410,1763085492500,90,2028.2588985275368,6.500829802972874,479,312
1763085492442,1763085492532,90,2028.2588985275368,6.500829802972874,480,312
1763085492474,1763085492563,89,2059.4071188220296,6.6006638423782995,481,312
1763085492505,1763085492596,91,2059.4071188220296,6.6006638423782995,482,312
1763085492537,1763085492626,89,2059.4071188220296,6.6006638423782995,483,312
1763085492568,1763085492658,90,2059.4071188220296,6.6006638423782995,484,312
1763085492600,1763085492691,91,2059.4071188220296,6.6006638423782995,485,312
1763085492632,1763085492722,90,2059.4071188220296,6.6006638423782995,486,312
1763085492664,1763085492755,91,2019.4894025129372,6.472722443951722,487,312
1763085492696,1763085492786,90,2019.4894025129372,6.472722443951722,488,312
1763085492728,1763085492817,89,2019.4894025129372,6.472722443951722,489,312
1763085492761,1763085492849,88,2019.4894025129372,6.472722443951722,490,312
1763085492791,1763085492879,88,2019.4894025129372,6.472722443951722,491,312
1763085492822,1763085492911,89,2019.4894025129372,6.472722443951722,492,312
1763085492853,1763085492943,90,2019.4894025129372,6.472722443951722,493,312
1763085492884,1763085492972,88,2052.720543205324,6.579232510273474,494,312
1763085492916,1763085493002,86,2052.720543205324,6.579232510273474,495,312
1763085492946,1763085493034,88,2052.720543205324,6.579232510273474,496,312
1763085492977,1763085493065,88,2052.720543205324,6.579232510273474,497,312
1763085493007,1763085493096,89,2052.720543205324,6.579232510273474,498,312
1763085493039,1763085493127,88,2052.720543205324,6.579232510273474,499,312
1763085493071,1763085493158,87,2016.3957140210537,6.462806775708506,500,312
1763085493101,1763085493190,89,2016.3957140210537,6.462806775708506,501,312
1763085493132,1763085493222,90,2016.3957140210537,6.462806775708506,502,312
1763085493163,1763085493253,90,2016.3957140210537,6.462806775708506,503,312
1763085493195,1763085493283,88,2016.3957140210537,6.462806775708506,504,312
1763085493225,1763085493314,89,2016.3957140210537,6.462806775708506,505,312
1763085493256,1763085493345,89,2016.3957140210537,6.462806775708506,506,312
1763085493288,1763085493380,92,2050.41938407478,6.571857000239679,507,312
1763085493319,1763085493408,89,2050.41938407478,6.571857000239679,508,312
1763085493351,1763085493440,89,2050.41938407478,6.571857000239679,509,312
1763085493382,1763085493473,91,2050.41938407478,6.571857000239679,510,312
1763085493413,1763085493501,88,2050.41938407478,6.571857000239679,511,312
1763085493445,1763085493533,88,2050.41938407478,6.571857000239679,512,312
1763085493475,1763085493563,88,2014.3786684916743,6.456341886191264,513,312
1763085493507,1763085493594,87,2014.3786684916743,6.456341886191264,514,312
1763085493537,1763085493626,89,2014.3786684916743,6.456341886191264,515,312
1763085493568,1763085493660,92,2014.3786684916743,6.456341886191264,516,312
1763085493599,1763085493689,90,2014.3786684916743,6.456341886191264,517,312
1763085493632,1763085493720,88,2014.3786684916743,6.456341886191264,518,312
1763085493664,1763085493751,87,2014.3786684916743,6.456341886191264,519,312
1763085493694,1763085493783,89,2048.9814201193726,6.567248141408246,520,312
1763085493725,1763085493814,89,2048.9814201193726,6.567248141408246,521,312
1763085493757,1763085493846,89,2048.9814201193726,6.567248141408246,522,312
1763085493788,1763085493877,89,2048.9814201193726,6.567248141408246,523,312
1763085493819,1763085493907,88,2048.9814201193726,6.567248141408246,524,312
1763085493851,1763085493938,87,2048.9814201193726,6.567248141408246,525,312
1763085493881,1763085493958,77,2013.4081546753787,6.453231264985189,526,312
1763085493912,1763085494001,89,2013.4081546753787,6.453231264985189,527,312
1763085493944,1763085494034,90,2013.4081546753787,6.453231264985189,528,312
1763085493975,1763085494065,90,2013.4081546753787,6.453231264985189,529,312
1763085494007,1763085494096,89,2013.4081546753787,6.453231264985189,530,312
1763085494038,1763085494128,90,2013.4081546753787,6.453231264985189,531,312
1763085494070,1763085494160,90,1984.8437074309522,6.361678549458181,532,312
1763085494101,1763085494192,91,1984.8437074309522,6.361678549458181,533,312
1763085494134,1763085494224,90,1984.8437074309522,6.361678549458181,534,312
1763085494166,1763085494256,90,1984.8437074309522,6.361678549458181,535,312
1763085494197,1763085494288,91,1984.8437074309522,6.361678549458181,536,312
1763085494230,1763085494319,89,1984.8437074309522,6.361678549458181,537,312
1763085494262,1763085494351,89,1984.8437074309522,6.361678549458181,538,312
1763085494293,1763085494383,90,2027.2639977481595,6.497641018423588,539,312
1763085494324,1763085494415,91,2027.2639977481595,6.497641018423588,540,312
1763085494356,1763085494447,91,2027.2639977481595,6.497641018423588,541,312
1763085494388,1763085494478,90,2027.2639977481595,6.497641018423588,542,312
1763085494420,1763085494510,90,2027.2639977481595,6.497641018423588,543,312
1763085494452,1763085494542,90,2027.2639977481595,6.497641018423588,544,312
1763085494483,1763085494574,91,1996.0559342007793,6.397615173720447,545,312
1763085494515,1763085494606,91,1996.0559342007793,6.397615173720447,546,312
1763085494547,1763085494638,91,1996.0559342007793,6.397615173720447,547,312
1763085494579,1763085494670,91,1996.0559342007793,6.397615173720447,548,312
1763085494611,1763085494702,91,1996.0559342007793,6.397615173720447,549,312
1763085494643,1763085494733,90,1996.0559342007793,6.397615173720447,550,312
1763085494675,1763085494763,88,1996.0559342007793,6.397615173720447,551,312
1763085494706,1763085494795,89,2035.7121320844149,6.524718372065433,552,312
1763085494737,1763085494827,90,2035.7121320844149,6.524718372065433,553,312
1763085494769,1763085494858,89,2035.7121320844149,6.524718372065433,554,312
1763085494800,1763085494890,90,2035.7121320844149,6.524718372065433,555,312
1763085494833,1763085494921,88,2035.7121320844149,6.524718372065433,556,312
1763085494863,1763085494952,89,2035.7121320844149,6.524718372065433,557,312
1763085494895,1763085494983,88,2035.7121320844149,6.524718372065433,558,312
1763085494926,1763085495014,88,2065.962857139194,6.621675824164084,559,312
1763085494957,1763085495046,89,2065.962857139194,6.621675824164084,560,312
1763085494988,1763085495078,90,2065.962857139194,6.621675824164084,561,312
1763085495020,1763085495109,89,2065.962857139194,6.621675824164084,562,312
1763085495052,1763085495141,89,2065.962857139194,6.621675824164084,563,312
1763085495083,1763085495172,89,2065.962857139194,6.621675824164084,564,312
1763085495114,1763085495203,89,2026.3944342827986,6.4948539560346115,565,312
1763085495146,1763085495235,89,2026.3944342827986,6.4948539560346115,566,312
1763085495177,1763085495265,88,2026.3944342827986,6.4948539560346115,567,312
1763085495209,1763085495296,87,2026.3944342827986,6.4948539560346115,568,312
1763085495239,1763085495327,88,2026.3944342827986,6.4948539560346115,569,312
1763085495271,1763085495359,88,2026.3944342827986,6.4948539560346115,570,312
1763085495301,1763085495391,90,2026.3944342827986,6.4948539560346115,571,312
1763085495332,1763085495421,89,2058.230758557673,6.59689345691562,572,312
1763085495364,1763085495452,88,2058.230758557673,6.59689345691562,573,312
1763085495395,1763085495484,89,2058.230758557673,6.59689345691562,574,312
1763085495426,1763085495516,90,2058.230758557673,6.59689345691562,575,312
1763085495457,1763085495545,88,2058.230758557673,6.59689345691562,576,312
1763085495488,1763085495579,91,2058.230758557673,6.59689345691562,577,312
1763085495519,1763085495608,89,2020.4259145704655,6.475724085161749,578,312
1763085495551,1763085495639,88,2020.4259145704655,6.475724085161749,579,312
1763085495584,1763085495670,86,2020.4259145704655,6.475724085161749,580,312
1763085495613,1763085495702,89,2020.4259145704655,6.475724085161749,581,312
1763085495645,1763085495733,88,2020.4259145704655,6.475724085161749,582,312
1763085495676,1763085495765,89,2020.4259145704655,6.475724085161749,583,312
1763085495708,1763085495795,87,2020.4259145704655,6.475724085161749,584,312
1763085495738,1763085495827,89,2053.631453912661,6.582152095873914,585,312
1763085495770,1763085495857,87,2053.631453912661,6.582152095873914,586,312
1763085495800,1763085495888,88,2053.631453912661,6.582152095873914,587,312
1763085495831,1763085495921,90,2053.631453912661,6.582152095873914,588,312
1763085495862,1763085495950,88,2053.631453912661,6.582152095873914,589,312
1763085495892,1763085495981,89,2053.631453912661,6.582152095873914,590,312
1763085495924,1763085496014,90,2017.1235316762163,6.4651395246032575,591,312
1763085495954,1763085496044,90,2017.1235316762163,6.4651395246032575,592,312
1763085495986,1763085496075,89,2017.1235316762163,6.4651395246032575,593,312
1763085496018,1763085496107,89,2017.1235316762163,6.4651395246032575,594,312
1763085496049,1763085496138,89,2017.1235316762163,6.4651395246032575,595,312
1763085496081,1763085496168,87,2017.1235316762163,6.4651395246032575,596,312
1763085496112,1763085496200,88,2017.1235316762163,6.4651395246032575,597,312
1763085496143,1763085496233,90,2051.166331214268,6.574251061584193,598,312
1763085496174,1763085496263,89,2051.166331214268,6.574251061584193,599,312
1763085496206,1763085496294,88,2051.166331214268,6.574251061584193,600,312
1763085496237,1763085496326,89,2051.166331214268,6.574251061584193,601,312
1763085496269,1763085496357,88,2051.166331214268,6.574251061584193,602,312
1763085496299,1763085496389,90,2051.166331214268,6.574251061584193,603,312
1763085496331,1763085496420,89,2014.6163996465575,6.457103845021018,604,312
1763085496363,1763085496451,88,2014.6163996465575,6.457103845021018,605,312
1763085496394,1763085496483,89,2014.6163996465575,6.457103845021018,606,312
1763085496426,1763085496514,88,2014.6163996465575,6.457103845021018,607,312
1763085496456,1763085496545,89,2014.6163996465575,6.457103845021018,608,312
1763085496487,1763085496577,90,2014.6163996465575,6.457103845021018,609,312
1763085496519,1763085496608,89,2014.6163996465575,6.457103845021018,610,312
1763085496550,1763085496639,89,2049.0012705183062,6.567311764481751,611,312
1763085496582,1763085496670,88,2049.0012705183062,6.567311764481751,612,312
1763085496613,1763085496703,90,2049.0012705183062,6.567311764481751,613,312
1763085496644,1763085496732,88,2049.0012705183062,6.567311764481751,614,312
1763085496675,1763085496764,89,2049.0012705183062,6.567311764481751,615,312
1763085496706,1763085496796,90,2049.0012705183062,6.567311764481751,616,312
1763085496738,1763085496827,89,2013.0700126030902,6.452147476291955,617,312
1763085496769,1763085496857,88,2013.0700126030902,6.452147476291955,618,312
1763085496800,1763085496889,89,2013.0700126030902,6.452147476291955,619,312
1763085496832,1763085496920,88,2013.0700126030902,6.452147476291955,620,312
1763085496863,1763085496950,87,2013.0700126030902,6.452147476291955,621,312
1763085496894,1763085496983,89,2013.0700126030902,6.452147476291955,622,312
1763085496925,1763085497015,90,2013.0700126030902,6.452147476291955,623,312
1763085496956,1763085497046,90,2047.7688000446628,6.563361538604688,624,312
1763085496987,1763085497076,89,2047.7688000446628,6.563361538604688,625,312
1763085497019,1763085497106,87,2047.7688000446628,6.563361538604688,626,312
1763085497049,1763085497138,89,2047.7688000446628,6.563361538604688,627,312
1763085497082,1763085497169,87,2047.7688000446628,6.563361538604688,628,312
1763085497112,1763085497201,89,2047.7688000446628,6.563361538604688,629,312
1763085497143,1763085497232,89,2012.0877336355964,6.448999146267937,630,312
1763085497174,1763085497263,89,2012.0877336355964,6.448999146267937,631,312
1763085497206,1763085497294,88,2012.0877336355964,6.448999146267937,632,312
1763085497237,1763085497325,88,2012.0877336355964,6.448999146267937,633,312
1763085497268,1763085497355,87,2012.0877336355964,6.448999146267937,634,312
1763085497299,1763085497387,88,2012.0877336355964,6.448999146267937,635,312
1763085497330,1763085497418,88,2012.0877336355964,6.448999146267937,636,312
1763085497360,1763085497449,89,2046.6420991748414,6.559750317868081,637,312
1763085497392,1763085497480,88,2046.6420991748414,6.559750317868081,638,312
1763085497423,1763085497511,88,2046.6420991748414,6.559750317868081,639,312
1763085497454,1763085497542,88,2046.6420991748414,6.559750317868081,640,312
1763085497485,1763085497573,88,2046.6420991748414,6.559750317868081,641,312
1763085497516,1763085497605,89,2046.6420991748414,6.559750317868081,642,312
1763085497547,1763085497637,90,2011.0151109431738,6.445561253022992,643,312
1763085497578,1763085497668,90,2011.0151109431738,6.445561253022992,644,312
1763085497610,1763085497701,91,2011.0151109431738,6.445561253022992,645,312
1763085497642,1763085497733,91,2011.0151109431738,6.445561253022992,646,312
1763085497674,1763085497764,90,2011.0151109431738,6.445561253022992,647,312
1763085497706,1763085497796,90,2011.0151109431738,6.445561253022992,648,312
1763085497738,1763085497827,89,1983.212088754539,6.356449002418394,649,312
1763085497770,1763085497859,89,1983.212088754539,6.356449002418394,650,312
1763085497802,1763085497892,90,1983.212088754539,6.356449002418394,651,312
1763085497833,1763085497923,90,1983.212088754539,6.356449002418394,652,312
1763085497865,1763085497955,90,1983.212088754539,6.356449002418394,653,312
1763085497897,1763085497987,90,1983.212088754539,6.356449002418394,654,312
1763085497929,1763085498019,90,1983.212088754539,6.356449002418394,655,312
1763085497961,1763085498053,92,2026.1807017610677,6.4941689159008575,656,312
1763085497993,1763085498083,90,2026.1807017610677,6.4941689159008575,657,312
1763085498025,1763085498115,90,2026.1807017610677,6.4941689159008575,658,312
1763085498056,1763085498147,91,2026.1807017610677,6.4941689159008575,659,312
1763085498088,1763085498179,91,2026.1807017610677,6.4941689159008575,660,312
1763085498121,1763085498211,90,2026.1807017610677,6.4941689159008575,661,312
1763085498153,1763085498243,90,1995.036200005332,6.394346794888884,662,312
1763085498185,1763085498275,90,1995.036200005332,6.394346794888884,663,312
1763085498216,1763085498307,91,1995.036200005332,6.394346794888884,664,312
1763085498248,1763085498340,92,1995.036200005332,6.394346794888884,665,312
1763085498281,1763085498370,89,1995.036200005332,6.394346794888884,666,312
1763085498312,1763085498401,89,1995.036200005332,6.394346794888884,667,312
1763085498344,1763085498432,88,1995.036200005332,6.394346794888884,668,312
1763085498375,1763085498464,89,2034.7185980042123,6.521533967962219,669,312
1763085498406,1763085498496,90,2034.7185980042123,6.521533967962219,670,312
1763085498437,1763085498526,89,2034.7185980042123,6.521533967962219,671,312
1763085498469,1763085498558,89,2034.7185980042123,6.521533967962219,672,312
1763085498500,1763085498590,90,2034.7185980042123,6.521533967962219,673,312
1763085498532,1763085498620,88,2034.7185980042123,6.521533967962219,674,312
1763085498565,1763085498650,85,2034.7185980042123,6.521533967962219,675,312
1763085498594,1763085498683,89,2065.022722609357,6.6186625724658885,676,312
1763085498625,1763085498714,89,2065.022722609357,6.6186625724658885,677,312
1763085498656,1763085498746,90,2065.022722609357,6.6186625724658885,678,312
1763085498688,1763085498776,88,2065.022722609357,6.6186625724658885,679,312
1763085498719,1763085498810,91,2065.022722609357,6.6186625724658885,680,312
1763085498750,1763085498841,91,2065.022722609357,6.6186625724658885,681,312
1763085498782,1763085498871,89,2025.4530644744389,6.491836745110382,682,312
1763085498814,1763085498902,88,2025.4530644744389,6.491836745110382,683,312
1763085498845,1763085498934,89,2025.4530644744389,6.491836745110382,684,312
1763085498877,1763085498966,89,2025.4530644744389,6.491836745110382,685,312
1763085498908,1763085498996,88,2025.4530644744389,6.491836745110382,686,312
1763085498939,1763085499027,88,2025.4530644744389,6.491836745110382,687,312
1763085498970,1763085499059,89,2025.4530644744389,6.491836745110382,688,312
1763085499002,1763085499090,88,2057.638092386128,6.594993885852974,689,312
1763085499033,1763085499120,87,2057.638092386128,6.594993885852974,690,312
1763085499064,1763085499150,86,2057.638092386128,6.594993885852974,691,312
1763085499094,1763085499182,88,2057.638092386128,6.594993885852974,692,312
1763085499125,1763085499213,88,2057.638092386128,6.594993885852974,693,312
1763085499156,1763085499244,88,2057.638092386128,6.594993885852974,694,312
1763085499187,1763085499276,89,2020.3248358165163,6.475400114796526,695,312
1763085499218,1763085499307,89,2020.3248358165163,6.475400114796526,696,312
1763085499250,1763085499339,89,2020.3248358165163,6.475400114796526,697,312
1763085499281,1763085499369,88,2020.3248358165163,6.475400114796526,698,312
1763085499312,1763085499400,88,2020.3248358165163,6.475400114796526,699,312
1763085499343,1763085499432,89,2020.3248358165163,6.475400114796526,700,312
1763085499374,1763085499463,89,2020.3248358165163,6.475400114796526,701,312
1763085499405,1763085499494,89,2053.714569309947,6.582418491378035,702,312
1763085499437,1763085499526,89,2053.714569309947,6.582418491378035,703,312
1763085499468,1763085499557,89,2053.714569309947,6.582418491378035,704,312
1763085499500,1763085499589,89,2053.714569309947,6.582418491378035,705,312
1763085499531,1763085499619,88,2053.714569309947,6.582418491378035,706,312
1763085499562,1763085499651,89,2053.714569309947,6.582418491378035,707,312
1763085499593,1763085499682,89,2017.0082263093377,6.464769956119672,708,312
1763085499625,1763085499704,79,2017.0082263093377,6.464769956119672,709,312
1763085499656,1763085499743,87,2017.0082263093377,6.464769956119672,710,312
1763085499686,1763085499790,104,2017.0082263093377,6.464769956119672,711,312
1763085499716,1763085499806,90,2017.0082263093377,6.464769956119672,712,312
1763085499748,1763085499838,90,2017.0082263093377,6.464769956119672,713,312
1763085499780,1763085499868,88,2017.0082263093377,6.464769956119672,714,312
1763085499811,1763085499898,87,2050.7405645948515,6.572886424983498,715,312
1763085499842,1763085499930,88,2050.7405645948515,6.572886424983498,716,312
1763085499873,1763085499960,87,2050.7405645948515,6.572886424983498,717,312
1763085499904,1763085499992,88,2050.7405645948515,6.572886424983498,718,312
1763085499935,1763085500023,88,2050.7405645948515,6.572886424983498,719,312
1763085499966,1763085500053,87,2050.7405645948515,6.572886424983498,720,312
1763085499996,1763085500084,88,2014.8137111112865,6.457736253561815,721,312
1763085500028,1763085500115,87,2014.8137111112865,6.457736253561815,722,312
1763085500058,1763085500147,89,2014.8137111112865,6.457736253561815,723,312
1763085500090,1763085500178,88,2014.8137111112865,6.457736253561815,724,312
1763085500120,1763085500209,89,2014.8137111112865,6.457736253561815,725,312
1763085500152,1763085500241,89,2014.8137111112865,6.457736253561815,726,312
1763085500183,1763085500273,90,2014.8137111112865,6.457736253561815,727,312
1763085500214,1763085500305,91,2049.4969003334727,6.568900321581642,728,312
1763085500246,1763085500337,91,2049.4969003334727,6.568900321581642,729,312
1763085500279,1763085500368,89,2049.4969003334727,6.568900321581642,730,312
1763085500311,1763085500399,88,2049.4969003334727,6.568900321581642,731,312
1763085500343,1763085500430,87,2049.4969003334727,6.568900321581642,732,312
1763085500374,1763085500461,87,2049.4969003334727,6.568900321581642,733,312
1763085500404,1763085500492,88,2013.4650295657777,6.453413556300569,734,312
1763085500435,1763085500524,89,2013.4650295657777,6.453413556300569,735,312
1763085500466,1763085500554,88,2013.4650295657777,6.453413556300569,736,312
1763085500497,1763085500585,88,2013.4650295657777,6.453413556300569,737,312
1763085500528,1763085500617,89,2013.4650295657777,6.453413556300569,738,312
1763085500559,1763085500649,90,2013.4650295657777,6.453413556300569,739,312
1763085500590,1763085500680,90,2013.4650295657777,6.453413556300569,740,312
1763085500621,1763085500712,91,2013.4650295657777,6.453413556300569,741,312
1763085500653,1763085500742,89,2013.4650295657777,6.453413556300569,742,312
1763085500684,1763085500773,89,2013.4650295657777,6.453413556300569,743,312
1763085500716,1763085500803,87,2013.4650295657777,6.453413556300569,744,312
1763085500747,1763085500835,88,2013.4650295657777,6.453413556300569,745,312
1763085500777,1763085500867,90,2013.4650295657777,6.453413556300569,746,312
1763085500809,1763085500899,90,2840.6916925916375,9.10478106599884,747,312
1763085500841,1763085500929,88,2840.6916925916375,9.10478106599884,748,312
1763085500871,1763085500961,90,2840.6916925916375,9.10478106599884,749,312
1763085500903,1763085500993,90,2840.6916925916375,9.10478106599884,750,312
1763085500934,1763085501023,89,2840.6916925916375,9.10478106599884,751,312
1763085500966,1763085501055,89,2840.6916925916375,9.10478106599884,752,312
1763085500997,1763085501088,91,2646.95335407331,8.48382485279907,753,312
1763085501029,1763085501118,89,2646.95335407331,8.48382485279907,754,312
1763085501061,1763085501149,88,2646.95335407331,8.48382485279907,755,312
1763085501091,1763085501180,89,2646.95335407331,8.48382485279907,756,312
1763085501122,1763085501212,90,2646.95335407331,8.48382485279907,757,312
1763085501154,1763085501242,88,2646.95335407331,8.48382485279907,758,312
1763085501185,1763085501274,89,2646.95335407331,8.48382485279907,759,312
1763085501216,1763085501307,91,2550.196103071988,8.173705458564065,760,312
1763085501248,1763085501338,90,2550.196103071988,8.173705458564065,761,312
1763085501279,1763085501370,91,2550.196103071988,8.173705458564065,762,312
1763085501311,1763085501402,91,2550.196103071988,8.173705458564065,763,312
1763085501343,1763085501434,91,2550.196103071988,8.173705458564065,764,312
1763085501375,1763085501466,91,2550.196103071988,8.173705458564065,765,312
1763085501408,1763085501498,90,2413.2004902514464,7.734616955934124,766,312
1763085501439,1763085501530,91,2413.2004902514464,7.734616955934124,767,312
1763085501472,1763085501561,89,2413.2004902514464,7.734616955934124,768,312
1763085501504,1763085501593,89,2413.2004902514464,7.734616955934124,769,312
1763085501535,1763085501624,89,2413.2004902514464,7.734616955934124,770,312
1763085501566,1763085501656,90,2413.2004902514464,7.734616955934124,771,312
1763085501597,1763085501688,91,2413.2004902514464,7.734616955934124,772,312
1763085501630,1763085501721,91,2364.60998631814,7.57887816127609,773,312
1763085501661,1763085501753,92,2364.60998631814,7.57887816127609,774,312
1763085501694,1763085501784,90,2364.60998631814,7.57887816127609,775,312
1763085501726,1763085501816,90,2364.60998631814,7.57887816127609,776,312
1763085501757,1763085501848,91,2364.60998631814,7.57887816127609,777,312
1763085501789,1763085501880,91,2364.60998631814,7.57887816127609,778,312
1763085501821,1763085501912,91,2265.1027690818755,7.2599447726983195,779,312
1763085501854,1763085501944,90,2265.1027690818755,7.2599447726983195,780,312
1763085501885,1763085501975,90,2265.1027690818755,7.2599447726983195,781,312
1763085501917,1763085502007,90,2265.1027690818755,7.2599447726983195,782,312
1763085501948,1763085502037,89,2265.1027690818755,7.2599447726983195,783,312
1763085501980,1763085502068,88,2265.1027690818755,7.2599447726983195,784,312
1763085502011,1763085502099,88,2265.1027690818755,7.2599447726983195,785,312
1763085502042,1763085502131,89,2248.1522903437635,7.205616315204371,786,312
1763085502073,1763085502163,90,2248.1522903437635,7.205616315204371,787,312
1763085502104,1763085502194,90,2248.1522903437635,7.205616315204371,788,312
1763085502136,1763085502225,89,2248.1522903437635,7.205616315204371,789,312
1763085502167,1763085502256,89,2248.1522903437635,7.205616315204371,790,312
1763085502199,1763085502286,87,2248.1522903437635,7.205616315204371,791,312
1763085502230,1763085502318,88,2248.1522903437635,7.205616315204371,792,312
1763085502260,1763085502349,89,2235.193527694323,7.164081819533088,793,312
1763085502292,1763085502380,88,2235.193527694323,7.164081819533088,794,312
1763085502323,1763085502411,88,2235.193527694323,7.164081819533088,795,312
1763085502354,1763085502443,89,2235.193527694323,7.164081819533088,796,312
1763085502385,1763085502475,90,2235.193527694323,7.164081819533088,797,312
1763085502417,1763085502507,90,2235.193527694323,7.164081819533088,798,312
1763085502448,1763085502538,90,2161.1020480446814,6.926609128348338,799,312
1763085502480,1763085502568,88,2161.1020480446814,6.926609128348338,800,312
1763085502511,1763085502600,89,2161.1020480446814,6.926609128348338,801,312
1763085502542,1763085502631,89,2161.1020480446814,6.926609128348338,802,312
1763085502574,1763085502661,87,2161.1020480446814,6.926609128348338,803,312
1763085502605,1763085502692,87,2161.1020480446814,6.926609128348338,804,312
1763085502636,1763085502724,88,2161.1020480446814,6.926609128348338,805,312
1763085502667,1763085502754,87,2165.7274343396557,6.9414340844219735,806,312
1763085502697,1763085502786,89,2165.7274343396557,6.9414340844219735,807,312
1763085502729,1763085502816,87,2165.7274343396557,6.9414340844219735,808,312
1763085502759,1763085502847,88,2165.7274343396557,6.9414340844219735,809,312
1763085502790,1763085502879,89,2165.7274343396557,6.9414340844219735,810,312
1763085502821,1763085502911,90,2165.7274343396557,6.9414340844219735,811,312
1763085502852,1763085502942,90,2106.3944926030454,6.7512643993687345,812,312
1763085502883,1763085502972,89,2106.3944926030454,6.7512643993687345,813,312
1763085502914,1763085503004,90,2106.3944926030454,6.7512643993687345,814,312
1763085502945,1763085503035,90,2106.3944926030454,6.7512643993687345,815,312
1763085502977,1763085503066,89,2106.3944926030454,6.7512643993687345,816,312
1763085503009,1763085503097,88,2106.3944926030454,6.7512643993687345,817,312
1763085503039,1763085503130,91,2106.3944926030454,6.7512643993687345,818,312
1763085503071,1763085503161,90,2122.226016112024,6.802006461897513,819,312
1763085503103,1763085503191,88,2122.226016112024,6.802006461897513,820,312
1763085503135,1763085503222,87,2122.226016112024,6.802006461897513,821,312
1763085503166,1763085503254,88,2122.226016112024,6.802006461897513,822,312
1763085503196,1763085503285,89,2122.226016112024,6.802006461897513,823,312
1763085503227,1763085503315,88,2122.226016112024,6.802006461897513,824,312
1763085503259,1763085503346,87,2072.180812889619,6.6416051695180105,825,312
1763085503290,1763085503377,87,2072.180812889619,6.6416051695180105,826,312
1763085503320,1763085503408,88,2072.180812889619,6.6416051695180105,827,312
1763085503351,1763085503439,88,2072.180812889619,6.6416051695180105,828,312
1763085503382,1763085503470,88,2072.180812889619,6.6416051695180105,829,312
1763085503413,1763085503501,88,2072.180812889619,6.6416051695180105,830,312
1763085503444,1763085503533,89,2072.180812889619,6.6416051695180105,831,312
1763085503475,1763085503564,89,2094.8801078730266,6.714359320105855,832,312
1763085503506,1763085503594,88,2094.8801078730266,6.714359320105855,833,312
1763085503538,1763085503625,87,2094.8801078730266,6.714359320105855,834,312
1763085503569,1763085503656,87,2094.8801078730266,6.714359320105855,835,312
1763085503600,1763085503687,87,2094.8801078730266,6.714359320105855,836,312
1763085503631,1763085503719,88,2094.8801078730266,6.714359320105855,837,312
1763085503661,1763085503751,90,2049.635445974802,6.569344378124367,838,312
1763085503693,1763085503782,89,2049.635445974802,6.569344378124367,839,312
1763085503725,1763085503813,88,2049.635445974802,6.569344378124367,840,312
1763085503756,1763085503844,88,2049.635445974802,6.569344378124367,841,312
1763085503786,1763085503875,89,2049.635445974802,6.569344378124367,842,312
1763085503818,1763085503907,89,2049.635445974802,6.569344378124367,843,312
1763085503849,1763085503939,90,2049.635445974802,6.569344378124367,844,312
1763085503881,1763085503970,89,2076.911450441917,6.65676746936512,845,312
1763085503912,1763085504001,89,2076.911450441917,6.65676746936512,846,312
1763085503943,1763085504032,89,2076.911450441917,6.65676746936512,847,312
1763085503974,1763085504063,89,2076.911450441917,6.65676746936512,848,312
1763085504006,1763085504097,91,2076.911450441917,6.65676746936512,849,312
1763085504037,1763085504126,89,2076.911450441917,6.65676746936512,850,312
1763085504069,1763085504157,88,2035.314426002208,6.523443673084001,851,312
1763085504100,1763085504188,88,2035.314426002208,6.523443673084001,852,312
1763085504131,1763085504219,88,2035.314426002208,6.523443673084001,853,312
1763085504162,1763085504250,88,2035.314426002208,6.523443673084001,854,312
1763085504193,1763085504283,90,2035.314426002208,6.523443673084001,855,312
1763085504224,1763085504313,89,2035.314426002208,6.523443673084001,856,312
1763085504257,1763085504344,87,2035.314426002208,6.523443673084001,857,312
1763085504287,1763085504375,88,2065.49759752376,6.620184607447949,858,312
1763085504318,1763085504407,89,2065.49759752376,6.620184607447949,859,312
1763085504349,1763085504438,89,2065.49759752376,6.620184607447949,860,312
1763085504381,1763085504469,88,2065.49759752376,6.620184607447949,861,312
1763085504412,1763085504502,90,2065.49759752376,6.620184607447949,862,312
1763085504443,1763085504532,89,2065.49759752376,6.620184607447949,863,312
1763085504475,1763085504563,88,2026.2175852264365,6.494287132136015,864,312
1763085504506,1763085504595,89,2026.2175852264365,6.494287132136015,865,312
1763085504537,1763085504626,89,2026.2175852264365,6.494287132136015,866,312
1763085504568,1763085504660,92,2026.2175852264365,6.494287132136015,867,312
1763085504600,1763085504688,88,2026.2175852264365,6.494287132136015,868,312
1763085504631,1763085504719,88,2026.2175852264365,6.494287132136015,869,312
1763085504662,1763085504751,89,2026.2175852264365,6.494287132136015,870,312
1763085504693,1763085504782,89,2058.089633010696,6.59644113144454,871,312
1763085504725,1763085504812,87,2058.089633010696,6.59644113144454,872,312
1763085504755,1763085504843,88,2058.089633010696,6.59644113144454,873,312
1763085504786,1763085504876,90,2058.089633010696,6.59644113144454,874,312
1763085504817,1763085504906,89,2058.089633010696,6.59644113144454,875,312
1763085504848,1763085504938,90,2058.089633010696,6.59644113144454,876,312
1763085504880,1763085504969,89,2020.1273478765142,6.474767140629854,877,312
1763085504911,1763085505001,90,2020.1273478765142,6.474767140629854,878,312
1763085504942,1763085505033,91,2020.1273478765142,6.474767140629854,879,312
1763085504974,1763085505065,91,2020.1273478765142,6.474767140629854,880,312
1763085505006,1763085505097,91,2020.1273478765142,6.474767140629854,881,312
1763085505038,1763085505129,91,2020.1273478765142,6.474767140629854,882,312
1763085505070,1763085505160,90,1990.3537509533348,6.379338945363254,883,312
1763085505102,1763085505192,90,1990.3537509533348,6.379338945363254,884,312
1763085505134,1763085505224,90,1990.3537509533348,6.379338945363254,885,312
1763085505165,1763085505256,91,1990.3537509533348,6.379338945363254,886,312
1763085505197,1763085505288,91,1990.3537509533348,6.379338945363254,887,312
1763085505229,1763085505320,91,1990.3537509533348,6.379338945363254,888,312
1763085505261,1763085505352,91,1990.3537509533348,6.379338945363254,889,312
1763085505293,1763085505384,91,2031.7940482493211,6.512160411055517,890,312
1763085505325,1763085505416,91,2031.7940482493211,6.512160411055517,891,312
1763085505357,1763085505448,91,2031.7940482493211,6.512160411055517,892,312
1763085505390,1763085505480,90,2031.7940482493211,6.512160411055517,893,312
1763085505423,1763085505512,89,2031.7940482493211,6.512160411055517,894,312
1763085505453,1763085505544,91,2031.7940482493211,6.512160411055517,895,312
1763085505485,1763085505575,90,1999.6754445512076,6.409216168433359,896,312
1763085505517,1763085505606,89,1999.6754445512076,6.409216168433359,897,312
1763085505549,1763085505637,88,1999.6754445512076,6.409216168433359,898,312
1763085505580,1763085505669,89,1999.6754445512076,6.409216168433359,899,312
1763085505611,1763085505700,89,1999.6754445512076,6.409216168433359,900,312
1763085505643,1763085505732,89,1999.6754445512076,6.409216168433359,901,312
1763085505673,1763085505762,89,1999.6754445512076,6.409216168433359,902,312
1763085505704,1763085505793,89,2038.0149520845564,6.53209920539922,903,312
1763085505736,1763085505824,88,2038.0149520845564,6.53209920539922,904,312
1763085505770,1763085505855,85,2038.0149520845564,6.53209920539922,905,312
1763085505798,1763085505887,89,2038.0149520845564,6.53209920539922,906,312
1763085505830,1763085505919,89,2038.0149520845564,6.53209920539922,907,312
1763085505860,1763085505950,90,2038.0149520845564,6.53209920539922,908,312
1763085505892,1763085505982,90,2038.0149520845564,6.53209920539922,909,312
1763085505924,1763085506013,89,2067.795901859307,6.627550967497779,910,312
1763085505955,1763085506057,102,2067.795901859307,6.627550967497779,911,312
1763085505986,1763085506077,91,2067.795901859307,6.627550967497779,912,312
1763085506019,1763085506109,90,2067.795901859307,6.627550967497779,913,312
1763085506055,1763085506141,86,2067.795901859307,6.627550967497779,914,312
1763085506083,1763085506174,91,2067.795901859307,6.627550967497779,915,312
1763085506115,1763085506205,90,2027.070354272571,6.497020366258241,916,312
1763085506146,1763085506237,91,2027.070354272571,6.497020366258241,917,312
1763085506179,1763085506269,90,2027.070354272571,6.497020366258241,918,312
1763085506210,1763085506301,91,2027.070354272571,6.497020366258241,919,312
1763085506242,1763085506332,90,2027.070354272571,6.497020366258241,920,312
1763085506273,1763085506362,89,2027.070354272571,6.497020366258241,921,312
1763085506305,1763085506394,89,2027.070354272571,6.497020366258241,922,312
1763085506336,1763085506425,89,2059.0840020009664,6.599628211541559,923,312
1763085506368,1763085506457,89,2059.0840020009664,6.599628211541559,924,312
1763085506398,1763085506489,91,2059.0840020009664,6.599628211541559,925,312
1763085506430,1763085506520,90,2059.0840020009664,6.599628211541559,926,312
1763085506462,1763085506552,90,2059.0840020009664,6.599628211541559,927,312
1763085506494,1763085506584,90,2059.0840020009664,6.599628211541559,928,312
1763085506526,1763085506616,90,2020.3576135867663,6.475505171752457,929,312
1763085506558,1763085506648,90,2020.3576135867663,6.475505171752457,930,312
1763085506590,1763085506681,91,2020.3576135867663,6.475505171752457,931,312
1763085506622,1763085506712,90,2020.3576135867663,6.475505171752457,932,312
1763085506654,1763085506744,90,2020.3576135867663,6.475505171752457,933,312
1763085506685,1763085506776,91,2020.3576135867663,6.475505171752457,934,312
1763085506717,1763085506808,91,1990.3893756422394,6.3794531270584605,935,312
1763085506750,1763085506839,89,1990.3893756422394,6.3794531270584605,936,312
1763085506781,1763085506870,89,1990.3893756422394,6.3794531270584605,937,312
1763085506812,1763085506902,90,1990.3893756422394,6.3794531270584605,938,312
1763085506843,1763085506934,91,1990.3893756422394,6.3794531270584605,939,312
1763085506876,1763085506965,89,1990.3893756422394,6.3794531270584605,940,312
1763085506908,1763085506997,89,1990.3893756422394,6.3794531270584605,941,312
1763085506939,1763085507029,90,2031.241217381727,6.510388517249125,942,312
1763085506971,1763085507061,90,2031.241217381727,6.510388517249125,943,312
1763085507002,1763085507094,92,2031.241217381727,6.510388517249125,944,312
1763085507035,1763085507125,90,2031.241217381727,6.510388517249125,945,312
1763085507067,1763085507156,89,2031.241217381727,6.510388517249125,946,312
1763085507099,1763085507189,90,2031.241217381727,6.510388517249125,947,312
1763085507129,1763085507224,95,1999.233732688,6.407800425282051,948,312
1763085507161,1763085507252,91,1999.233732688,6.407800425282051,949,312
1763085507194,1763085507284,90,1999.233732688,6.407800425282051,950,312
1763085507226,1763085507316,90,1999.233732688,6.407800425282051,951,312
1763085507258,1763085507348,90,1999.233732688,6.407800425282051,952,312
1763085507289,1763085507380,91,1999.233732688,6.407800425282051,953,312
1763085507322,1763085507411,89,1999.233732688,6.407800425282051,954,312
1763085507353,1763085507444,91,2038.5889476254558,6.533938934696974,955,312
1763085507386,1763085507475,89,2038.5889476254558,6.533938934696974,956,312
1763085507417,1763085507506,89,2038.5889476254558,6.533938934696974,957,312
1763085507449,1763085507537,88,2038.5889476254558,6.533938934696974,958,312
1763085507480,1763085507569,89,2038.5889476254558,6.533938934696974,959,312
1763085507511,1763085507601,90,2038.5889476254558,6.533938934696974,960,312
1763085507543,1763085507633,90,2005.2711581003646,6.427151147757579,961,312
1763085507574,1763085507665,91,2005.2711581003646,6.427151147757579,962,312
1763085507606,1763085507698,92,2005.2711581003646,6.427151147757579,963,312
1763085507638,1763085507729,91,2005.2711581003646,6.427151147757579,964,312
1763085507671,1763085507761,90,2005.2711581003646,6.427151147757579,965,312
1763085507703,1763085507793,90,2005.2711581003646,6.427151147757579,966,312
1763085507735,1763085507823,88,2005.2711581003646,6.427151147757579,967,312
1763085507767,1763085507855,88,2043.1616725830872,6.548595104432972,968,312
1763085507798,1763085507887,89,2043.1616725830872,6.548595104432972,969,312
1763085507829,1763085507917,88,2043.1616725830872,6.548595104432972,970,312
1763085507860,1763085507949,89,2043.1616725830872,6.548595104432972,971,312
1763085507891,1763085507982,91,2043.1616725830872,6.548595104432972,972,312
1763085507923,1763085508012,89,2043.1616725830872,6.548595104432972,973,312
1763085507954,1763085508045,91,2043.1616725830872,6.548595104432972,974,312
1763085507986,1763085508076,90,2043.1616725830872,6.548595104432972,975,312
1763085508017,1763085508107,90,2043.1616725830872,6.548595104432972,976,312
1763085508049,1763085508139,90,2043.1616725830872,6.548595104432972,977,312
1763085508081,1763085508170,89,2043.1616725830872,6.548595104432972,978,312
1763085508113,1763085508204,91,2043.1616725830872,6.548595104432972,979,312
1763085508144,1763085508232,88,2043.1616725830872,6.548595104432972,980,312
1763085508175,1763085508263,88,2864.3997101691875,9.180768301824319,981,312
1763085508207,1763085508294,87,2864.3997101691875,9.180768301824319,982,312
1763085508237,1763085508328,91,2864.3997101691875,9.180768301824319,983,312
1763085508268,1763085508358,90,2864.3997101691875,9.180768301824319,984,312
1763085508300,1763085508389,89,2864.3997101691875,9.180768301824319,985,312
1763085508332,1763085508420,88,2864.3997101691875,9.180768301824319,986,312
1763085508363,1763085508452,89,2864.3997101691875,9.180768301824319,987,312
1763085508394,1763085508483,89,2726.2785690048427,8.738072336553982,988,312
1763085508425,1763085508515,90,2726.2785690048427,8.738072336553982,989,312
1763085508456,1763085508544,88,2726.2785690048427,8.738072336553982,990,312
1763085508487,1763085508576,89,2726.2785690048427,8.738072336553982,991,312
1763085508520,1763085508608,88,2726.2785690048427,8.738072336553982,992,312
1763085508550,1763085508640,90,2726.2785690048427,8.738072336553982,993,312
1763085508582,1763085508672,90,2550.297183789845,8.174029435223861,994,312
1763085508614,1763085508705,91,2550.297183789845,8.174029435223861,995,312
1763085508646,1763085508735,89,2550.297183789845,8.174029435223861,996,312
1763085508678,1763085508767,89,2550.297183789845,8.174029435223861,997,312
1763085508709,1763085508799,90,2550.297183789845,8.174029435223861,998,312
1763085508741,1763085508831,90,2550.297183789845,8.174029435223861,999,312
1763085508773,1763085508864,91,2413.2811526642963,7.734875489308641,1000,312
1763085508805,1763085508896,91,2413.2811526642963,7.734875489308641,1001,312
1763085508837,1763085508927,90,2413.2811526642963,7.734875489308641,1002,312
1763085508869,1763085508958,89,2413.2811526642963,7.734875489308641,1003,312
1763085508901,1763085508990,89,2413.2811526642963,7.734875489308641,1004,312
1763085508932,1763085509021,89,2413.2811526642963,7.734875489308641,1005,312
1763085508951,1763085509038,87,2413.2811526642963,7.734875489308641,1006,312
1763085508979,1763085509069,90,2366.2785163681156,7.58422601400037,1007,312
1763085509011,1763085509101,90,2366.2785163681156,7.58422601400037,1008,312
1763085509043,1763085509133,90,2366.2785163681156,7.58422601400037,1009,312
1763085509075,1763085509165,90,2366.2785163681156,7.58422601400037,1010,312
1763085509107,1763085509197,90,2366.2785163681156,7.58422601400037,1011,312
1763085509139,1763085509229,90,2366.2785163681156,7.58422601400037,1012,312
1763085509171,1763085509261,90,2366.2785163681156,7.58422601400037,1013,312
1763085509204,1763085509294,90,2327.453192381707,7.459785873018291,1014,312
1763085509234,1763085509324,90,2327.453192381707,7.459785873018291,1015,312
1763085509266,1763085509356,90,2327.453192381707,7.459785873018291,1016,312
1763085509298,1763085509388,90,2327.453192381707,7.459785873018291,1017,312
1763085509329,1763085509421,92,2327.453192381707,7.459785873018291,1018,312
1763085509361,1763085509453,92,2327.453192381707,7.459785873018291,1019,312
1763085509393,1763085509482,89,2236.3625539053655,7.167828698414633,1020,312
1763085509425,1763085509513,88,2236.3625539053655,7.167828698414633,1021,312
1763085509455,1763085509544,89,2236.3625539053655,7.167828698414633,1022,312
1763085509487,1763085509576,89,2236.3625539053655,7.167828698414633,1023,312
1763085509518,1763085509609,91,2236.3625539053655,7.167828698414633,1024,312
1763085509550,1763085509639,89,2236.3625539053655,7.167828698414633,1025,312
1763085509569,1763085509655,86,2236.3625539053655,7.167828698414633,1026,312
1763085509589,1763085509671,82,2236.3625539053655,7.167828698414633,1027,312
1763085509613,1763085509703,90,2291.1460550313336,7.3434168430491455,1028,312
1763085509645,1763085509733,88,2291.1460550313336,7.3434168430491455,1029,312
1763085509677,1763085509766,89,2291.1460550313336,7.3434168430491455,1030,312
1763085509708,1763085509797,89,2291.1460550313336,7.3434168430491455,1031,312
1763085509738,1763085509828,90,2291.1460550313336,7.3434168430491455,1032,312
1763085509769,1763085509860,91,2291.1460550313336,7.3434168430491455,1033,312
1763085509801,1763085509894,93,2207.316844025067,7.074733474439316,1034,312
1763085509832,1763085509923,91,2207.316844025067,7.074733474439316,1035,312
1763085509864,1763085509953,89,2207.316844025067,7.074733474439316,1036,312
1763085509896,1763085509986,90,2207.316844025067,7.074733474439316,1037,312
1763085509927,1763085510017,90,2207.316844025067,7.074733474439316,1038,312
1763085509959,1763085510048,89,2207.316844025067,7.074733474439316,1039,312
1763085509990,1763085510078,88,2207.316844025067,7.074733474439316,1040,312
1763085510022,1763085510112,90,2202.466940467853,7.059188911755939,1041,312
1763085510053,1763085510143,90,2202.466940467853,7.059188911755939,1042,312
1763085510085,1763085510173,88,2202.466940467853,7.059188911755939,1043,312
1763085510116,1763085510205,89,2202.466940467853,7.059188911755939,1044,312
1763085510146,1763085510236,90,2202.466940467853,7.059188911755939,1045,312
1763085510179,1763085510268,89,2202.466940467853,7.059188911755939,1046,312
1763085510210,1763085510300,90,2202.466940467853,7.059188911755939,1047,312
1763085510242,1763085510331,89,2202.466940467853,7.059188911755939,1048,312
1763085510273,1763085510362,89,2202.466940467853,7.059188911755939,1049,312
1763085510304,1763085510393,89,2202.466940467853,7.059188911755939,1050,312
1763085510335,1763085510423,88,2202.466940467853,7.059188911755939,1051,312
1763085510367,1763085510454,87,2202.466940467853,7.059188911755939,1052,312
1763085510397,1763085510486,89,2202.466940467853,7.059188911755939,1053,312
1763085510428,1763085510517,89,2955.0013626379045,9.471158213583028,1054,312
1763085510464,1763085510548,84,2955.0013626379045,9.471158213583028,1055,312
1763085510493,1763085510579,86,2955.0013626379045,9.471158213583028,1056,312
1763085510522,1763085510610,88,2955.0013626379045,9.471158213583028,1057,312
1763085510553,1763085510642,89,2955.0013626379045,9.471158213583028,1058,312
1763085510584,1763085510673,89,2955.0013626379045,9.471158213583028,1059,312
1763085510616,1763085510704,88,2955.0013626379045,9.471158213583028,1060,312
1763085510647,1763085510738,91,2799.2590873850477,8.971984254439256,1061,312
1763085510678,1763085510767,89,2799.2590873850477,8.971984254439256,1062,312
1763085510709,1763085510798,89,2799.2590873850477,8.971984254439256,1063,312
1763085510742,1763085510829,87,2799.2590873850477,8.971984254439256,1064,312
1763085510772,1763085510862,90,2799.2590873850477,8.971984254439256,1065,312
1763085510803,1763085510893,90,2799.2590873850477,8.971984254439256,1066,312
1763085510834,1763085510924,90,2609.170974471113,8.362727482279208,1067,312
1763085510866,1763085510955,89,2609.170974471113,8.362727482279208,1068,312
1763085510898,1763085510986,88,2609.170974471113,8.362727482279208,1069,312
1763085510929,1763085511017,88,2609.170974471113,8.362727482279208,1070,312
1763085510960,1763085511048,88,2609.170974471113,8.362727482279208,1071,312
1763085510990,1763085511080,90,2609.170974471113,8.362727482279208,1072,312
1763085511022,1763085511110,88,2609.170974471113,8.362727482279208,1073,312
1763085511053,1763085511143,90,2523.286437627948,8.087456530858809,1074,312
1763085511084,1763085511173,89,2523.286437627948,8.087456530858809,1075,312
1763085511116,1763085511204,88,2523.286437627948,8.087456530858809,1076,312
1763085511147,1763085511237,90,2523.286437627948,8.087456530858809,1077,312
1763085511177,1763085511284,107,2523.286437627948,8.087456530858809,1078,312
1763085511209,1763085511298,89,2523.286437627948,8.087456530858809,1079,312
1763085511241,1763085511330,89,2390.4240043518466,7.661615398563612,1080,312
1763085511274,1763085511362,88,2390.4240043518466,7.661615398563612,1081,312
1763085511303,1763085511394,91,2390.4240043518466,7.661615398563612,1082,312
1763085511336,1763085511426,90,2390.4240043518466,7.661615398563612,1083,312
1763085511368,1763085511458,90,2390.4240043518466,7.661615398563612,1084,312
1763085511399,1763085511490,91,2390.4240043518466,7.661615398563612,1085,312
1763085511431,1763085511521,90,2286.2207794771257,7.327630703452326,1086,312
1763085511464,1763085511553,89,2286.2207794771257,7.327630703452326,1087,312
1763085511495,1763085511584,89,2286.2207794771257,7.327630703452326,1088,312
1763085511527,1763085511616,89,2286.2207794771257,7.327630703452326,1089,312
1763085511558,1763085511647,89,2286.2207794771257,7.327630703452326,1090,312
1763085511590,1763085511678,88,2286.2207794771257,7.327630703452326,1091,312
1763085511620,1763085511710,90,2286.2207794771257,7.327630703452326,1092,312
1763085511651,1763085511743,92,2264.9588573458836,7.2594835171342424,1093,312
1763085511683,1763085511771,88,2264.9588573458836,7.2594835171342424,1094,312
1763085511714,1763085511803,89,2264.9588573458836,7.2594835171342424,1095,312
1763085511745,1763085511835,90,2264.9588573458836,7.2594835171342424,1096,312
1763085511777,1763085511866,89,2264.9588573458836,7.2594835171342424,1097,312
1763085511808,1763085511897,89,2264.9588573458836,7.2594835171342424,1098,312
1763085511841,1763085511928,87,2264.9588573458836,7.2594835171342424,1099,312
1763085511870,1763085511959,89,2248.767085876707,7.207586813707394,1100,312
1763085511902,1763085511989,87,2248.767085876707,7.207586813707394,1101,312
1763085511932,1763085512021,89,2248.767085876707,7.207586813707394,1102,312
1763085511963,1763085512051,88,2248.767085876707,7.207586813707394,1103,312
1763085511994,1763085512082,88,2248.767085876707,7.207586813707394,1104,312
1763085512025,1763085512113,88,2248.767085876707,7.207586813707394,1105,312
1763085512056,1763085512145,89,2171.153066186105,6.958823930083671,1106,312
1763085512087,1763085512178,91,2171.153066186105,6.958823930083671,1107,312
1763085512119,1763085512209,90,2171.153066186105,6.958823930083671,1108,312
1763085512151,1763085512240,89,2171.153066186105,6.958823930083671,1109,312
1763085512182,1763085512271,89,2171.153066186105,6.958823930083671,1110,312
1763085512214,1763085512303,89,2171.153066186105,6.958823930083671,1111,312
1763085512245,1763085512335,90,2111.3224529488843,6.767059144066937,1112,312
1763085512276,1763085512365,89,2111.3224529488843,6.767059144066937,1113,312
1763085512308,1763085512397,89,2111.3224529488843,6.767059144066937,1114,312
1763085512339,1763085512432,93,2111.3224529488843,6.767059144066937,1115,312
1763085512371,1763085512461,90,2111.3224529488843,6.767059144066937,1116,312
1763085512402,1763085512492,90,2111.3224529488843,6.767059144066937,1117,312
1763085512434,1763085512525,91,2111.3224529488843,6.767059144066937,1118,312
1763085512466,1763085512555,89,2126.5847378296185,6.81597672381288,1119,312
1763085512498,1763085512586,88,2126.5847378296185,6.81597672381288,1120,312
1763085512530,1763085512618,88,2126.5847378296185,6.81597672381288,1121,312
1763085512561,1763085512650,89,2126.5847378296185,6.81597672381288,1122,312
1763085512592,1763085512682,90,2126.5847378296185,6.81597672381288,1123,312
1763085512624,1763085512713,89,2126.5847378296185,6.81597672381288,1124,312
1763085512656,1763085512745,89,2075.6677902636948,6.652781379050304,1125,312
1763085512687,1763085512777,90,2075.6677902636948,6.652781379050304,1126,312
1763085512719,1763085512810,91,2075.6677902636948,6.652781379050304,1127,312
1763085512751,1763085512841,90,2075.6677902636948,6.652781379050304,1128,312
1763085512783,1763085512873,90,2075.6677902636948,6.652781379050304,1129,312
1763085512815,1763085512905,90,2075.6677902636948,6.652781379050304,1130,312
1763085512847,1763085512937,90,2075.6677902636948,6.652781379050304,1131,312
1763085512879,1763085512968,89,2098.742550937528,6.726738945312589,1132,312
1763085512911,1763085513000,89,2098.742550937528,6.726738945312589,1133,312
1763085512943,1763085513030,87,2098.742550937528,6.726738945312589,1134,312
1763085512974,1763085513061,87,2098.742550937528,6.726738945312589,1135,312
1763085513004,1763085513093,89,2098.742550937528,6.726738945312589,1136,312
1763085513035,1763085513125,90,2098.742550937528,6.726738945312589,1137,312
1763085513067,1763085513156,89,2098.742550937528,6.726738945312589,1138,312
1763085513098,1763085513187,89,2116.0498130972096,6.782210939414133,1139,312
1763085513129,1763085513218,89,2116.0498130972096,6.782210939414133,1140,312
1763085513161,1763085513249,88,2116.0498130972096,6.782210939414133,1141,312
1763085513191,1763085513281,90,2116.0498130972096,6.782210939414133,1142,312
1763085513223,1763085513311,88,2116.0498130972096,6.782210939414133,1143,312
1763085513254,1763085513342,88,2116.0498130972096,6.782210939414133,1144,312
1763085513285,1763085513373,88,2066.7517508515734,6.624204329652478,1145,312
1763085513316,1763085513404,88,2066.7517508515734,6.624204329652478,1146,312
1763085513347,1763085513436,89,2066.7517508515734,6.624204329652478,1147,312
1763085513378,1763085513467,89,2066.7517508515734,6.624204329652478,1148,312
1763085513410,1763085513498,88,2066.7517508515734,6.624204329652478,1149,312
1763085513441,1763085513529,88,2066.7517508515734,6.624204329652478,1150,312
1763085513472,1763085513559,87,2066.7517508515734,6.624204329652478,1151,312
1763085513503,1763085513591,88,2090.4358971795555,6.700115055062677,1152,312
1763085513534,1763085513622,88,2090.4358971795555,6.700115055062677,1153,312
1763085513565,1763085513654,89,2090.4358971795555,6.700115055062677,1154,312
1763085513596,1763085513684,88,2090.4358971795555,6.700115055062677,1155,312
1763085513627,1763085513717,90,2090.4358971795555,6.700115055062677,1156,312
1763085513659,1763085513748,89,2090.4358971795555,6.700115055062677,1157,312
1763085513690,1763085513780,90,2046.0934100521058,6.557991698884954,1158,312
1763085513721,1763085513810,89,2046.0934100521058,6.557991698884954,1159,312
1763085513754,1763085513842,88,2046.0934100521058,6.557991698884954,1160,312
1763085513783,1763085513874,91,2046.0934100521058,6.557991698884954,1161,312
1763085513815,1763085513905,90,2046.0934100521058,6.557991698884954,1162,312
1763085513847,1763085513937,90,2046.0934100521058,6.557991698884954,1163,312
1763085513879,1763085513969,90,2011.2747280416847,6.446393359107963,1164,312
1763085513910,1763085514001,91,2011.2747280416847,6.446393359107963,1165,312
1763085513942,1763085514031,89,2011.2747280416847,6.446393359107963,1166,312
1763085513973,1763085514062,89,2011.2747280416847,6.446393359107963,1167,312
1763085514005,1763085514093,88,2011.2747280416847,6.446393359107963,1168,312
1763085514036,1763085514124,88,2011.2747280416847,6.446393359107963,1169,312
1763085514067,1763085514156,89,2011.2747280416847,6.446393359107963,1170,312
1763085514098,1763085514187,89,2047.3743098809725,6.562097147054399,1171,312
1763085514130,1763085514218,88,2047.3743098809725,6.562097147054399,1172,312
1763085514161,1763085514252,91,2047.3743098809725,6.562097147054399,1173,312
1763085514193,1763085514282,89,2047.3743098809725,6.562097147054399,1174,312
1763085514223,1763085514311,88,2047.3743098809725,6.562097147054399,1175,312
1763085514255,1763085514342,87,2047.3743098809725,6.562097147054399,1176,312
1763085514286,1763085514375,89,2047.3743098809725,6.562097147054399,1177,312
1763085514317,1763085514406,89,2075.109324975135,6.650991426202356,1178,312
1763085514348,1763085514438,90,2075.109324975135,6.650991426202356,1179,312
1763085514380,1763085514470,90,2075.109324975135,6.650991426202356,1180,312
1763085514412,1763085514502,90,2075.109324975135,6.650991426202356,1181,312
1763085514444,1763085514533,89,2075.109324975135,6.650991426202356,1182,312
1763085514476,1763085514564,88,2075.109324975135,6.650991426202356,1183,312
1763085514507,1763085514596,89,2033.4719133552326,6.517538183830873,1184,312
1763085514538,1763085514627,89,2033.4719133552326,6.517538183830873,1185,312
1763085514569,1763085514657,88,2033.4719133552326,6.517538183830873,1186,312
1763085514601,1763085514688,87,2033.4719133552326,6.517538183830873,1187,312
1763085514632,1763085514720,88,2033.4719133552326,6.517538183830873,1188,312
1763085514662,1763085514751,89,2033.4719133552326,6.517538183830873,1189,312
1763085514694,1763085514783,89,2033.4719133552326,6.517538183830873,1190,312
1763085514725,1763085514813,88,2064.0291149441205,6.615477932513206,1191,312
1763085514757,1763085514844,87,2064.0291149441205,6.615477932513206,1192,312
1763085514787,1763085514876,89,2064.0291149441205,6.615477932513206,1193,312
1763085514818,1763085514906,88,2064.0291149441205,6.615477932513206,1194,312
1763085514849,1763085514937,88,2064.0291149441205,6.615477932513206,1195,312
1763085514880,1763085514969,89,2064.0291149441205,6.615477932513206,1196,312
1763085514911,1763085515001,90,2025.047204610464,6.490535912213025,1197,312
1763085514943,1763085515032,89,2025.047204610464,6.490535912213025,1198,312
1763085514975,1763085515063,88,2025.047204610464,6.490535912213025,1199,312
1763085515006,1763085515095,89,2025.047204610464,6.490535912213025,1200,312
1763085515038,1763085515126,88,2025.047204610464,6.490535912213025,1201,312
1763085515069,1763085515157,88,2025.047204610464,6.490535912213025,1202,312
1763085515100,1763085515187,87,2025.047204610464,6.490535912213025,1203,312
1763085515131,1763085515218,87,2056.996716483761,6.592938193858207,1204,312
1763085515162,1763085515248,86,2056.996716483761,6.592938193858207,1205,312
1763085515192,1763085515278,86,2056.996716483761,6.592938193858207,1206,312
1763085515222,1763085515309,87,2056.996716483761,6.592938193858207,1207,312
1763085515253,1763085515341,88,2056.996716483761,6.592938193858207,1208,312
1763085515283,1763085515372,89,2056.996716483761,6.592938193858207,1209,312
1763085515314,1763085515405,91,2019.812376470525,6.473757616892708,1210,312
1763085515346,1763085515435,89,2019.812376470525,6.473757616892708,1211,312
1763085515377,1763085515465,88,2019.812376470525,6.473757616892708,1212,312
1763085515409,1763085515496,87,2019.812376470525,6.473757616892708,1213,312
1763085515439,1763085515529,90,2019.812376470525,6.473757616892708,1214,312
1763085515470,1763085515560,90,2019.812376470525,6.473757616892708,1215,312
1763085515501,1763085515590,89,2019.812376470525,6.473757616892708,1216,312
1763085515533,1763085515622,89,2052.9782764234787,6.58005857828038,1217,312
1763085515564,1763085515654,90,2052.9782764234787,6.58005857828038,1218,312
1763085515595,1763085515684,89,2052.9782764234787,6.58005857828038,1219,312
1763085515626,1763085515714,88,2052.9782764234787,6.58005857828038,1220,312
1763085515658,1763085515746,88,2052.9782764234787,6.58005857828038,1221,312
1763085515688,1763085515776,88,2052.9782764234787,6.58005857828038,1222,312
1763085515719,1763085515808,89,2016.6016428623595,6.463466804046024,1223,312
1763085515750,1763085515838,88,2016.6016428623595,6.463466804046024,1224,312
1763085515780,1763085515868,88,2016.6016428623595,6.463466804046024,1225,312
1763085515811,1763085515900,89,2016.6016428623595,6.463466804046024,1226,312
1763085515842,1763085515931,89,2016.6016428623595,6.463466804046024,1227,312
1763085515874,1763085515964,90,2016.6016428623595,6.463466804046024,1228,312
1763085515905,1763085515995,90,2016.6016428623595,6.463466804046024,1229,312
1763085515937,1763085516028,91,2050.918306075576,6.573456109216589,1230,312
1763085515969,1763085516060,91,2050.918306075576,6.573456109216589,1231,312
1763085516001,1763085516091,90,2050.918306075576,6.573456109216589,1232,312
1763085516033,1763085516123,90,2050.918306075576,6.573456109216589,1233,312
1763085516065,1763085516158,93,2050.918306075576,6.573456109216589,1234,312
1763085516097,1763085516187,90,2050.918306075576,6.573456109216589,1235,312
1763085516129,1763085516219,90,2013.7032984118562,6.454177238499538,1236,312
1763085516161,1763085516251,90,2013.7032984118562,6.454177238499538,1237,312
1763085516193,1763085516284,91,2013.7032984118562,6.454177238499538,1238,312
1763085516225,1763085516317,92,2013.7032984118562,6.454177238499538,1239,312
1763085516257,1763085516347,90,2013.7032984118562,6.454177238499538,1240,312
1763085516289,1763085516379,90,2013.7032984118562,6.454177238499538,1241,312
1763085516321,1763085516412,91,1985.0792321326612,6.362433436322632,1242,312
1763085516353,1763085516443,90,1985.0792321326612,6.362433436322632,1243,312
1763085516385,1763085516475,90,1985.0792321326612,6.362433436322632,1244,312
1763085516417,1763085516510,93,1985.0792321326612,6.362433436322632,1245,312
1763085516449,1763085516539,90,1985.0792321326612,6.362433436322632,1246,312
1763085516486,1763085516572,86,1985.0792321326612,6.362433436322632,1247,312
1763085516513,1763085516603,90,1985.0792321326612,6.362433436322632,1248,312
1763085516545,1763085516635,90,2027.6482764562718,6.498872680949589,1249,312
1763085516577,1763085516667,90,2027.6482764562718,6.498872680949589,1250,312
1763085516609,1763085516699,90,2027.6482764562718,6.498872680949589,1251,312
1763085516641,1763085516731,90,2027.6482764562718,6.498872680949589,1252,312
1763085516673,1763085516762,89,2027.6482764562718,6.498872680949589,1253,312
1763085516705,1763085516793,88,2027.6482764562718,6.498872680949589,1254,312
1763085516736,1763085516827,91,1996.3629728885612,6.398599272078721,1255,312
1763085516767,1763085516856,89,1996.3629728885612,6.398599272078721,1256,312
1763085516798,1763085516887,89,1996.3629728885612,6.398599272078721,1257,312
1763085516830,1763085516918,88,1996.3629728885612,6.398599272078721,1258,312
1763085516861,1763085516950,89,1996.3629728885612,6.398599272078721,1259,312
1763085516892,1763085516982,90,1996.3629728885612,6.398599272078721,1260,312
1763085516924,1763085517014,90,1996.3629728885612,6.398599272078721,1261,312
1763085516955,1763085517044,89,2035.3914745277405,6.523690623486347,1262,312
1763085516987,1763085517078,91,2035.3914745277405,6.523690623486347,1263,312
1763085517018,1763085517108,90,2035.3914745277405,6.523690623486347,1264,312
1763085517049,1763085517139,90,2035.3914745277405,6.523690623486347,1265,312
1763085517081,1763085517171,90,2035.3914745277405,6.523690623486347,1266,312
1763085517113,1763085517202,89,2035.3914745277405,6.523690623486347,1267,312
1763085517145,1763085517234,89,2002.7131796221925,6.418952498789078,1268,312
1763085517176,1763085517265,89,2002.7131796221925,6.418952498789078,1269,312
1763085517207,1763085517297,90,2002.7131796221925,6.418952498789078,1270,312
1763085517238,1763085517330,92,2002.7131796221925,6.418952498789078,1271,312
1763085517270,1763085517360,90,2002.7131796221925,6.418952498789078,1272,312
1763085517302,1763085517392,90,2002.7131796221925,6.418952498789078,1273,312
1763085517334,1763085517424,90,2002.7131796221925,6.418952498789078,1274,312
1763085517365,1763085517455,90,2040.9646987219098,6.541553521544582,1275,312
1763085517397,1763085517488,91,2040.9646987219098,6.541553521544582,1276,312
1763085517429,1763085517520,91,2040.9646987219098,6.541553521544582,1277,312
1763085517461,1763085517552,91,2040.9646987219098,6.541553521544582,1278,312
1763085517493,1763085517583,90,2040.9646987219098,6.541553521544582,1279,312
1763085517525,1763085517615,90,2040.9646987219098,6.541553521544582,1280,312
1763085517557,1763085517647,90,2006.833829580084,6.432159710192576,1281,312
1763085517589,1763085517678,89,2006.833829580084,6.432159710192576,1282,312
1763085517620,1763085517710,90,2006.833829580084,6.432159710192576,1283,312
1763085517651,1763085517742,91,2006.833829580084,6.432159710192576,1284,312
1763085517683,1763085517773,90,2006.833829580084,6.432159710192576,1285,312
1763085517715,1763085517805,90,2006.833829580084,6.432159710192576,1286,312
1763085517747,1763085517838,91,2006.833829580084,6.432159710192576,1287,312
1763085517779,1763085517869,90,2044.3930577091062,6.55254185163175,1288,312
1763085517810,1763085517900,90,2044.3930577091062,6.55254185163175,1289,312
1763085517842,1763085517932,90,2044.3930577091062,6.55254185163175,1290,312
1763085517874,1763085517963,89,2044.3930577091062,6.55254185163175,1291,312
1763085517905,1763085517996,91,2044.3930577091062,6.55254185163175,1292,312
1763085517937,1763085518026,89,2044.3930577091062,6.55254185163175,1293,312
1763085517969,1763085518057,88,2044.3930577091062,6.55254185163175,1294,312
1763085518001,1763085518089,88,2072.7332669941575,6.643375855750505,1295,312
1763085518031,1763085518119,88,2072.7332669941575,6.643375855750505,1296,312
1763085518062,1763085518151,89,2072.7332669941575,6.643375855750505,1297,312
1763085518094,1763085518182,88,2072.7332669941575,6.643375855750505,1298,312
1763085518124,1763085518213,89,2072.7332669941575,6.643375855750505,1299,312
1763085518156,1763085518244,88,2072.7332669941575,6.643375855750505,1300,312
1763085518187,1763085518277,90,2031.7836805273494,6.5121271811774015,1301,312
1763085518218,1763085518308,90,2031.7836805273494,6.5121271811774015,1302,312
1763085518251,1763085518339,88,2031.7836805273494,6.5121271811774015,1303,312
1763085518281,1763085518369,88,2031.7836805273494,6.5121271811774015,1304,312
1763085518312,1763085518400,88,2031.7836805273494,6.5121271811774015,1305,312
1763085518343,1763085518432,89,2031.7836805273494,6.5121271811774015,1306,312
1763085518374,1763085518463,89,2031.7836805273494,6.5121271811774015,1307,312
1763085518405,1763085518494,89,2062.683593380297,6.611165363398389,1308,312
1763085518437,1763085518526,89,2062.683593380297,6.611165363398389,1309,312
1763085518469,1763085518558,89,2062.683593380297,6.611165363398389,1310,312
1763085518500,1763085518591,91,2062.683593380297,6.611165363398389,1311,312
1763085518532,1763085518622,90,2062.683593380297,6.611165363398389,1312,312
1763085518564,1763085518653,89,2062.683593380297,6.611165363398389,1313,312
1763085518596,1763085518684,88,2023.5934567373363,6.48587646390172,1314,312
1763085518627,1763085518715,88,2023.5934567373363,6.48587646390172,1315,312
1763085518658,1763085518745,87,2023.5934567373363,6.48587646390172,1316,312
1763085518689,1763085518776,87,2023.5934567373363,6.48587646390172,1317,312
1763085518720,1763085518807,87,2023.5934567373363,6.48587646390172,1318,312
1763085518750,1763085518838,88,2023.5934567373363,6.48587646390172,1319,312
1763085518781,1763085518868,87,2023.5934567373363,6.48587646390172,1320,312
1763085518812,1763085518900,88,2058.080863538809,6.5964130241628505,1321,312
1763085518842,1763085518931,89,2058.080863538809,6.5964130241628505,1322,312
1763085518873,1763085518961,88,2058.080863538809,6.5964130241628505,1323,312
1763085518904,1763085518992,88,2058.080863538809,6.5964130241628505,1324,312
1763085518935,1763085519023,88,2058.080863538809,6.5964130241628505,1325,312
1763085518965,1763085519056,91,2058.080863538809,6.5964130241628505,1326,312
1763085518997,1763085519086,89,2058.080863538809,6.5964130241628505,1327,312
1763085519028,1763085519118,90,2083.642448240431,6.678341180257791,1328,312
1763085519060,1763085519150,90,2083.642448240431,6.678341180257791,1329,312
1763085519091,1763085519183,92,2083.642448240431,6.678341180257791,1330,312
1763085519123,1763085519213,90,2083.642448240431,6.678341180257791,1331,312
1763085519155,1763085519244,89,2083.642448240431,6.678341180257791,1332,312
1763085519186,1763085519276,90,2083.642448240431,6.678341180257791,1333,312
1763085519218,1763085519307,89,2040.2557463511425,6.539281238304945,1334,312
1763085519249,1763085519338,89,2040.2557463511425,6.539281238304945,1335,312
1763085519281,1763085519370,89,2040.2557463511425,6.539281238304945,1336,312
1763085519312,1763085519401,89,2040.2557463511425,6.539281238304945,1337,312
1763085519343,1763085519432,89,2040.2557463511425,6.539281238304945,1338,312
1763085519375,1763085519463,88,2040.2557463511425,6.539281238304945,1339,312
1763085519406,1763085519494,88,2040.2557463511425,6.539281238304945,1340,312
1763085519437,1763085519525,88,2069.4358298418606,6.632807146929041,1341,312
1763085519468,1763085519556,88,2069.4358298418606,6.632807146929041,1342,312
1763085519500,1763085519588,88,2069.4358298418606,6.632807146929041,1343,312
1763085519530,1763085519620,90,2069.4358298418606,6.632807146929041,1344,312
1763085519562,1763085519652,90,2069.4358298418606,6.632807146929041,1345,312
1763085519594,1763085519683,89,2069.4358298418606,6.632807146929041,1346,312
1763085519625,1763085519715,90,2028.9614847242792,6.503081681808587,1347,312
1763085519657,1763085519746,89,2028.9614847242792,6.503081681808587,1348,312
1763085519689,1763085519778,89,2028.9614847242792,6.503081681808587,1349,312
1763085519721,1763085519810,89,2028.9614847242792,6.503081681808587,1350,312
1763085519752,1763085519843,91,2028.9614847242792,6.503081681808587,1351,312
1763085519784,1763085519873,89,2028.9614847242792,6.503081681808587,1352,312
1763085519817,1763085519906,89,1997.4122262946992,6.4019622637650615,1353,312
1763085519848,1763085519938,90,1997.4122262946992,6.4019622637650615,1354,312
1763085519879,1763085519969,90,1997.4122262946992,6.4019622637650615,1355,312
1763085519911,1763085520002,91,1997.4122262946992,6.4019622637650615,1356,312
1763085519943,1763085520033,90,1997.4122262946992,6.4019622637650615,1357,312
1763085519975,1763085520064,89,1997.4122262946992,6.4019622637650615,1358,312
1763085520007,1763085520096,89,1997.4122262946992,6.4019622637650615,1359,312
1763085520039,1763085520128,89,2036.9688343202229,6.528746263846869,1360,312
1763085520070,1763085520159,89,2036.9688343202229,6.528746263846869,1361,312
1763085520102,1763085520192,90,2036.9688343202229,6.528746263846869,1362,312
1763085520134,1763085520223,89,2036.9688343202229,6.528746263846869,1363,312
1763085520165,1763085520255,90,2036.9688343202229,6.528746263846869,1364,312
1763085520197,1763085520287,90,2036.9688343202229,6.528746263846869,1365,312
1763085520229,1763085520319,90,2003.810098621858,6.422468264813648,1366,312
1763085520261,1763085520351,90,2003.810098621858,6.422468264813648,1367,312
1763085520293,1763085520382,89,2003.810098621858,6.422468264813648,1368,312
1763085520324,1763085520413,89,2003.810098621858,6.422468264813648,1369,312
1763085520356,1763085520445,89,2003.810098621858,6.422468264813648,1370,312
1763085520387,1763085520479,92,2003.810098621858,6.422468264813648,1371,312
1763085520419,1763085520509,90,2003.810098621858,6.422468264813648,1372,312
1763085520450,1763085520540,90,2041.830167812646,6.544327460937968,1373,312
1763085520481,1763085520571,90,2041.830167812646,6.544327460937968,1374,312
1763085520514,1763085520602,88,2041.830167812646,6.544327460937968,1375,312
1763085520545,1763085520634,89,2041.830167812646,6.544327460937968,1376,312
1763085520576,1763085520667,91,2041.830167812646,6.544327460937968,1377,312
1763085520608,1763085520697,89,2041.830167812646,6.544327460937968,1378,312
1763085520640,1763085520729,89,2041.830167812646,6.544327460937968,1379,312
1763085520671,1763085520758,87,2070.690643746679,6.6368289863675605,1380,312
1763085520702,1763085520790,88,2070.690643746679,6.6368289863675605,1381,312
1763085520732,1763085520820,88,2070.690643746679,6.6368289863675605,1382,312
1763085520763,1763085520852,89,2070.690643746679,6.6368289863675605,1383,312
1763085520794,1763085520883,89,2070.690643746679,6.6368289863675605,1384,312
1763085520825,1763085520916,91,2070.690643746679,6.6368289863675605,1385,312
1763085520857,1763085520946,89,2030.3564430661033,6.507552702134945,1386,312
1763085520888,1763085520977,89,2030.3564430661033,6.507552702134945,1387,312
1763085520920,1763085521010,90,2030.3564430661033,6.507552702134945,1388,312
1763085520951,1763085521040,89,2030.3564430661033,6.507552702134945,1389,312
1763085520982,1763085521071,89,2030.3564430661033,6.507552702134945,1390,312
1763085521013,1763085521102,89,2030.3564430661033,6.507552702134945,1391,312
1763085521045,1763085521134,89,2030.3564430661033,6.507552702134945,1392,312
1763085521075,1763085521165,90,2061.5460851236844,6.6075195036015515,1393,312
1763085521107,1763085521196,89,2061.5460851236844,6.6075195036015515,1394,312
1763085521139,1763085521227,88,2061.5460851236844,6.6075195036015515,1395,312
1763085521170,1763085521259,89,2061.5460851236844,6.6075195036015515,1396,312
1763085521202,1763085521291,89,2061.5460851236844,6.6075195036015515,1397,312
1763085521233,1763085521322,89,2061.5460851236844,6.6075195036015515,1398,312
1763085521264,1763085521354,90,2022.8786837584528,6.483585524866835,1399,312
1763085521296,1763085521385,89,2022.8786837584528,6.483585524866835,1400,312
1763085521328,1763085521418,90,2022.8786837584528,6.483585524866835,1401,312
1763085521359,1763085521448,89,2022.8786837584528,6.483585524866835,1402,312
1763085521391,1763085521479,88,2022.8786837584528,6.483585524866835,1403,312
1763085521422,1763085521511,89,2022.8786837584528,6.483585524866835,1404,312
1763085521452,1763085521542,90,2022.8786837584528,6.483585524866835,1405,312
1763085521484,1763085521573,89,2055.7474322717285,6.588934077794001,1406,312
1763085521517,1763085521625,108,2055.7474322717285,6.588934077794001,1407,312
1763085521547,1763085521640,93,2055.7474322717285,6.588934077794001,1408,312
1763085521578,1763085521668,90,2055.7474322717285,6.588934077794001,1409,312
1763085521617,1763085521700,83,2055.7474322717285,6.588934077794001,1410,312
1763085521643,1763085521732,89,2055.7474322717285,6.588934077794001,1411,312
1763085521673,1763085521764,91,2017.8954612237524,6.467613657768436,1412,312
1763085521705,1763085521795,90,2017.8954612237524,6.467613657768436,1413,312
1763085521737,1763085521827,90,2017.8954612237524,6.467613657768436,1414,312
1763085521769,1763085521858,89,2017.8954612237524,6.467613657768436,1415,312
1763085521800,1763085521889,89,2017.8954612237524,6.467613657768436,1416,312
1763085521832,1763085521920,88,2017.8954612237524,6.467613657768436,1417,312
1763085521863,1763085521951,88,2017.8954612237524,6.467613657768436,1418,312
1763085521894,1763085521982,88,2051.6146825953306,6.575688085241444,1419,312
1763085521925,1763085522016,91,2051.6146825953306,6.575688085241444,1420,312
1763085521956,1763085522045,89,2051.6146825953306,6.575688085241444,1421,312
1763085521987,1763085522076,89,2051.6146825953306,6.575688085241444,1422,312
1763085522019,1763085522107,88,2051.6146825953306,6.575688085241444,1423,312
1763085522049,1763085522139,90,2051.6146825953306,6.575688085241444,1424,312
1763085522081,1763085522170,89,2014.9732873458831,6.458247715852189,1425,312
1763085522112,1763085522201,89,2014.9732873458831,6.458247715852189,1426,312
1763085522144,1763085522232,88,2014.9732873458831,6.458247715852189,1427,312
1763085522175,1763085522263,88,2014.9732873458831,6.458247715852189,1428,312
1763085522206,1763085522295,89,2014.9732873458831,6.458247715852189,1429,312
1763085522237,1763085522326,89,2014.9732873458831,6.458247715852189,1430,312
1763085522268,1763085522356,88,2014.9732873458831,6.458247715852189,1431,312
1763085522299,1763085522390,91,2049.1166833020147,6.567681677250047,1432,312
1763085522331,1763085522420,89,2049.1166833020147,6.567681677250047,1433,312
1763085522362,1763085522451,89,2049.1166833020147,6.567681677250047,1434,312
1763085522394,1763085522483,89,2049.1166833020147,6.567681677250047,1435,312
1763085522424,1763085522516,92,2049.1166833020147,6.567681677250047,1436,312
1763085522456,1763085522544,88,2049.1166833020147,6.567681677250047,1437,312
1763085522487,1763085522574,87,2013.3391132750078,6.453009978445537,1438,312
1763085522518,1763085522605,87,2013.3391132750078,6.453009978445537,1439,312
1763085522548,1763085522636,88,2013.3391132750078,6.453009978445537,1440,312
1763085522578,1763085522668,90,2013.3391132750078,6.453009978445537,1441,312
1763085522610,1763085522700,90,2013.3391132750078,6.453009978445537,1442,312
1763085522642,1763085522731,89,2013.3391132750078,6.453009978445537,1443,312
1763085522674,1763085522762,88,2013.3391132750078,6.453009978445537,1444,312
1763085522705,1763085522793,88,2047.9832732801813,6.564048952821093,1445,312
1763085522736,1763085522825,89,2047.9832732801813,6.564048952821093,1446,312
1763085522767,1763085522855,88,2047.9832732801813,6.564048952821093,1447,312
1763085522798,1763085522887,89,2047.9832732801813,6.564048952821093,1448,312
1763085522830,1763085522920,90,2047.9832732801813,6.564048952821093,1449,312
1763085522860,1763085522949,89,2047.9832732801813,6.564048952821093,1450,312
1763085522892,1763085522980,88,2012.4346520775846,6.450111064351232,1451,312
1763085522924,1763085523012,88,2012.4346520775846,6.450111064351232,1452,312
1763085522954,1763085523043,89,2012.4346520775846,6.450111064351232,1453,312
1763085522984,1763085523072,88,2012.4346520775846,6.450111064351232,1454,312
1763085523015,1763085523104,89,2012.4346520775846,6.450111064351232,1455,312
1763085523047,1763085523135,88,2012.4346520775846,6.450111064351232,1456,312
1763085523078,1763085523167,89,2012.4346520775846,6.450111064351232,1457,312
1763085523109,1763085523199,90,2047.4339830537574,6.562288407223581,1458,312
1763085523140,1763085523230,90,2047.4339830537574,6.562288407223581,1459,312
1763085523172,1763085523262,90,2047.4339830537574,6.562288407223581,1460,312
1763085523204,1763085523293,89,2047.4339830537574,6.562288407223581,1461,312
1763085523235,1763085523325,90,2047.4339830537574,6.562288407223581,1462,312
1763085523268,1763085523356,88,2047.4339830537574,6.562288407223581,1463,312
1763085523299,1763085523388,89,2011.4700165277372,6.447019283742747,1464,312
1763085523329,1763085523420,91,2011.4700165277372,6.447019283742747,1465,312
1763085523361,1763085523452,91,2011.4700165277372,6.447019283742747,1466,312
1763085523393,1763085523484,91,2011.4700165277372,6.447019283742747,1467,312
1763085523425,1763085523516,91,2011.4700165277372,6.447019283742747,1468,312
1763085523457,1763085523548,91,2011.4700165277372,6.447019283742747,1469,312
1763085523489,1763085523580,91,1983.2970731891344,6.3567213884267115,1470,312
1763085523521,1763085523613,92,1983.2970731891344,6.3567213884267115,1471,312
1763085523553,1763085523644,91,1983.2970731891344,6.3567213884267115,1472,312
1763085523585,1763085523676,91,1983.2970731891344,6.3567213884267115,1473,312
1763085523617,1763085523708,91,1983.2970731891344,6.3567213884267115,1474,312
1763085523649,1763085523740,91,1983.2970731891344,6.3567213884267115,1475,312
1763085523682,1763085523772,90,1983.2970731891344,6.3567213884267115,1476,312
1763085523714,1763085523804,90,2026.2474995266596,6.494383011303396,1477,312
1763085523745,1763085523837,92,2026.2474995266596,6.494383011303396,1478,312
1763085523777,1763085523866,89,2026.2474995266596,6.494383011303396,1479,312
1763085523810,1763085523898,88,2026.2474995266596,6.494383011303396,1480,312
1763085523840,1763085523929,89,2026.2474995266596,6.494383011303396,1481,312
1763085523871,1763085523961,90,2026.2474995266596,6.494383011303396,1482,312
1763085523903,1763085523992,89,2026.2474995266596,6.494383011303396,1483,312
1763085523935,1763085524024,89,2058.2712571227476,6.597023260008807,1484,312
1763085523966,1763085524055,89,2058.2712571227476,6.597023260008807,1485,312
1763085523997,1763085524086,89,2058.2712571227476,6.597023260008807,1486,312
1763085524029,1763085524117,88,2058.2712571227476,6.597023260008807,1487,312
1763085524060,1763085524148,88,2058.2712571227476,6.597023260008807,1488,312
1763085524091,1763085524179,88,2058.2712571227476,6.597023260008807,1489,312
1763085524122,1763085524210,88,2020.4581919268298,6.475827538227019,1490,312
1763085524154,1763085524241,87,2020.4581919268298,6.475827538227019,1491,312
1763085524184,1763085524272,88,2020.4581919268298,6.475827538227019,1492,312
1763085524215,1763085524303,88,2020.4581919268298,6.475827538227019,1493,312
1763085524246,1763085524334,88,2020.4581919268298,6.475827538227019,1494,312
1763085524277,1763085524365,88,2020.4581919268298,6.475827538227019,1495,312
1763085524308,1763085524396,88,2020.4581919268298,6.475827538227019,1496,312
1763085524338,1763085524429,91,2053.3300953495373,6.581186203043388,1497,312
1763085524370,1763085524458,88,2053.3300953495373,6.581186203043388,1498,312
1763085524401,1763085524490,89,2053.3300953495373,6.581186203043388,1499,312
1763085524431,1763085524521,90,2053.3300953495373,6.581186203043388,1500,312
1763085524463,1763085524552,89,2053.3300953495373,6.581186203043388,1501,312
1763085524494,1763085524582,88,2053.3300953495373,6.581186203043388,1502,312
1763085524525,1763085524614,89,2016.5200859935812,6.46320540382558,1503,312
1763085524556,1763085524645,89,2016.5200859935812,6.46320540382558,1504,312
1763085524588,1763085524676,88,2016.5200859935812,6.46320540382558,1505,312
1763085524619,1763085524709,90,2016.5200859935812,6.46320540382558,1506,312
1763085524650,1763085524740,90,2016.5200859935812,6.46320540382558,1507,312
1763085524682,1763085524771,89,2016.5200859935812,6.46320540382558,1508,312
1763085524714,1763085524803,89,2016.5200859935812,6.46320540382558,1509,312
1763085524744,1763085524833,89,2050.016068794865,6.570564323060465,1510,312
1763085524776,1763085524865,89,2050.016068794865,6.570564323060465,1511,312
1763085524808,1763085524897,89,2050.016068794865,6.570564323060465,1512,312
1763085524839,1763085524929,90,2050.016068794865,6.570564323060465,1513,312
1763085524871,1763085524959,88,2050.016068794865,6.570564323060465,1514,312
1763085524903,1763085524990,87,2050.016068794865,6.570564323060465,1515,312
1763085524933,1763085525021,88,2013.166742554328,6.452457508186948,1516,312
1763085524965,1763085525052,87,2013.166742554328,6.452457508186948,1517,312
1763085524995,1763085525084,89,2013.166742554328,6.452457508186948,1518,312
1763085525026,1763085525116,90,2013.166742554328,6.452457508186948,1519,312
1763085525058,1763085525146,88,2013.166742554328,6.452457508186948,1520,312
1763085525089,1763085525178,89,2013.166742554328,6.452457508186948,1521,312
1763085525121,1763085525209,88,2013.166742554328,6.452457508186948,1522,312
1763085525152,1763085525240,88,2047.8458938157994,6.563608634024998,1523,312
1763085525182,1763085525272,90,2047.8458938157994,6.563608634024998,1524,312
1763085525214,1763085525303,89,2047.8458938157994,6.563608634024998,1525,312
1763085525246,1763085525335,89,2047.8458938157994,6.563608634024998,1526,312
1763085525277,1763085525365,88,2047.8458938157994,6.563608634024998,1527,312
1763085525308,1763085525396,88,2047.8458938157994,6.563608634024998,1528,312
1763085525340,1763085525427,87,2012.149177371192,6.449196081317924,1529,312
1763085525371,1763085525458,87,2012.149177371192,6.449196081317924,1530,312
1763085525401,1763085525490,89,2012.149177371192,6.449196081317924,1531,312
1763085525432,1763085525522,90,2012.149177371192,6.449196081317924,1532,312
1763085525464,1763085525553,89,2012.149177371192,6.449196081317924,1533,312
1763085525495,1763085525583,88,2012.149177371192,6.449196081317924,1534,312
1763085525527,1763085525615,88,2012.149177371192,6.449196081317924,1535,312
1763085525558,1763085525645,87,2047.03489436484,6.561009276810386,1536,312
1763085525588,1763085525677,89,2047.03489436484,6.561009276810386,1537,312
1763085525619,1763085525708,89,2047.03489436484,6.561009276810386,1538,312
1763085525651,1763085525739,88,2047.03489436484,6.561009276810386,1539,312
1763085525682,1763085525769,87,2047.03489436484,6.561009276810386,1540,312
1763085525712,1763085525800,88,2047.03489436484,6.561009276810386,1541,312
1763085525743,1763085525832,89,2011.8528805975072,6.448246412171498,1542,312
1763085525775,1763085525863,88,2011.8528805975072,6.448246412171498,1543,312
1763085525806,1763085525896,90,2011.8528805975072,6.448246412171498,1544,312
1763085525837,1763085525926,89,2011.8528805975072,6.448246412171498,1545,312
1763085525868,1763085525958,90,2011.8528805975072,6.448246412171498,1546,312
1763085525900,1763085525988,88,2011.8528805975072,6.448246412171498,1547,312
1763085525931,1763085526019,88,2011.8528805975072,6.448246412171498,1548,312
1763085525962,1763085526050,88,2046.7987458362134,6.5602523905006835,1549,312
1763085525993,1763085526081,88,2046.7987458362134,6.5602523905006835,1550,312
1763085526024,1763085526113,89,2046.7987458362134,6.5602523905006835,1551,312
1763085526055,1763085526144,89,2046.7987458362134,6.5602523905006835,1552,312
1763085526086,1763085526176,90,2046.7987458362134,6.5602523905006835,1553,312
1763085526118,1763085526207,89,2046.7987458362134,6.5602523905006835,1554,312
1763085526149,1763085526239,90,2010.9650029397897,6.445400650448043,1555,312
1763085526180,1763085526270,90,2010.9650029397897,6.445400650448043,1556,312
1763085526213,1763085526302,89,2010.9650029397897,6.445400650448043,1557,312
1763085526244,1763085526334,90,2010.9650029397897,6.445400650448043,1558,312
1763085526276,1763085526366,90,2010.9650029397897,6.445400650448043,1559,312
1763085526307,1763085526395,88,2010.9650029397897,6.445400650448043,1560,312
1763085526338,1763085526426,88,2010.9650029397897,6.445400650448043,1561,312
1763085526370,1763085526456,86,2045.9180723459522,6.557429719057539,1562,312
1763085526400,1763085526489,89,2045.9180723459522,6.557429719057539,1563,312
1763085526431,1763085526520,89,2045.9180723459522,6.557429719057539,1564,312
1763085526461,1763085526552,91,2045.9180723459522,6.557429719057539,1565,312
1763085526494,1763085526582,88,2045.9180723459522,6.557429719057539,1566,312
1763085526526,1763085526613,87,2045.9180723459522,6.557429719057539,1567,312
1763085526557,1763085526644,87,2010.6127036597238,6.444271486088859,1568,312
1763085526587,1763085526675,88,2010.6127036597238,6.444271486088859,1569,312
1763085526618,1763085526707,89,2010.6127036597238,6.444271486088859,1570,312
1763085526649,1763085526739,90,2010.6127036597238,6.444271486088859,1571,312
1763085526680,1763085526768,88,2010.6127036597238,6.444271486088859,1572,312
1763085526712,1763085526799,87,2010.6127036597238,6.444271486088859,1573,312
1763085526742,1763085526831,89,2010.6127036597238,6.444271486088859,1574,312
1763085526773,1763085526862,89,2045.6369375204597,6.556528645898909,1575,312
1763085526804,1763085526893,89,2045.6369375204597,6.556528645898909,1576,312
1763085526836,1763085526924,88,2045.6369375204597,6.556528645898909,1577,312
1763085526866,1763085526956,90,2045.6369375204597,6.556528645898909,1578,312
1763085526898,1763085526988,90,2045.6369375204597,6.556528645898909,1579,312
1763085526930,1763085527020,90,2045.6369375204597,6.556528645898909,1580,312
1763085526962,1763085527052,90,2009.867728391245,6.441883744843733,1581,312
1763085526994,1763085527084,90,2009.867728391245,6.441883744843733,1582,312
1763085527026,1763085527116,90,2009.867728391245,6.441883744843733,1583,312
1763085527058,1763085527148,90,2009.867728391245,6.441883744843733,1584,312
1763085527090,1763085527180,90,2009.867728391245,6.441883744843733,1585,312
1763085527122,1763085527212,90,2009.867728391245,6.441883744843733,1586,312
1763085527154,1763085527243,89,1982.1563149846047,6.3530651121301425,1587,312
1763085527186,1763085527276,90,1982.1563149846047,6.3530651121301425,1588,312
1763085527217,1763085527307,90,1982.1563149846047,6.3530651121301425,1589,312
1763085527249,1763085527339,90,1982.1563149846047,6.3530651121301425,1590,312
1763085527281,1763085527371,90,1982.1563149846047,6.3530651121301425,1591,312
1763085527313,1763085527404,91,1982.1563149846047,6.3530651121301425,1592,312
1763085527345,1763085527435,90,1982.1563149846047,6.3530651121301425,1593,312
1763085527377,1763085527467,90,2025.3508635778994,6.491509178134292,1594,312
1763085527409,1763085527498,89,2025.3508635778994,6.491509178134292,1595,312
1763085527441,1763085527530,89,2025.3508635778994,6.491509178134292,1596,312
1763085527474,1763085527561,87,2025.3508635778994,6.491509178134292,1597,312
1763085527504,1763085527593,89,2025.3508635778994,6.491509178134292,1598,312
1763085527535,1763085527623,88,2025.3508635778994,6.491509178134292,1599,312
1763085527567,1763085527655,88,2025.3508635778994,6.491509178134292,1600,312
1763085527598,1763085527686,88,2057.556638271586,6.594732814973031,1601,312
1763085527629,1763085527718,89,2057.556638271586,6.594732814973031,1602,312
1763085527660,1763085527749,89,2057.556638271586,6.594732814973031,1603,312
1763085527692,1763085527780,88,2057.556638271586,6.594732814973031,1604,312
1763085527723,1763085527810,87,2057.556638271586,6.594732814973031,1605,312
1763085527753,1763085527842,89,2057.556638271586,6.594732814973031,1606,312
1763085527784,1763085527873,89,2019.888640702454,6.474002053533505,1607,312
1763085527815,1763085527906,91,2019.888640702454,6.474002053533505,1608,312
1763085527847,1763085527936,89,2019.888640702454,6.474002053533505,1609,312
1763085527878,1763085527967,89,2019.888640702454,6.474002053533505,1610,312
1763085527910,1763085527999,89,2019.888640702454,6.474002053533505,1611,312
1763085527941,1763085528032,91,2019.888640702454,6.474002053533505,1612,312
1763085527973,1763085528063,90,1990.3109125619633,6.379201642826804,1613,312
1763085528005,1763085528094,89,1990.3109125619633,6.379201642826804,1614,312
1763085528037,1763085528126,89,1990.3109125619633,6.379201642826804,1615,312
1763085528068,1763085528157,89,1990.3109125619633,6.379201642826804,1616,312
1763085528100,1763085528188,88,1990.3109125619633,6.379201642826804,1617,312
1763085528131,1763085528218,87,1990.3109125619633,6.379201642826804,1618,312
1763085528162,1763085528250,88,1990.3109125619633,6.379201642826804,1619,312
1763085528193,1763085528282,89,2030.5982427490749,6.508327701118829,1620,312
1763085528223,1763085528313,90,2030.5982427490749,6.508327701118829,1621,312
1763085528255,1763085528344,89,2030.5982427490749,6.508327701118829,1622,312
1763085528287,1763085528374,87,2030.5982427490749,6.508327701118829,1623,312
1763085528318,1763085528405,87,2030.5982427490749,6.508327701118829,1624,312
1763085528349,1763085528436,87,2030.5982427490749,6.508327701118829,1625,312
1763085528380,1763085528467,87,2030.5982427490749,6.508327701118829,1626,312
1763085528410,1763085528501,91,2061.5853977137617,6.607645505492826,1627,312
1763085528441,1763085528530,89,2061.5853977137617,6.607645505492826,1628,312
1763085528473,1763085528561,88,2061.5853977137617,6.607645505492826,1629,312
1763085528504,1763085528594,90,2061.5853977137617,6.607645505492826,1630,312
1763085528535,1763085528625,90,2061.5853977137617,6.607645505492826,1631,312
1763085528567,1763085528656,89,2061.5853977137617,6.607645505492826,1632,312
1763085528598,1763085528687,89,2022.9099765801543,6.48368582237229,1633,312
1763085528630,1763085528719,89,2022.9099765801543,6.48368582237229,1634,312
1763085528661,1763085528750,89,2022.9099765801543,6.48368582237229,1635,312
1763085528692,1763085528781,89,2022.9099765801543,6.48368582237229,1636,312
1763085528723,1763085528811,88,2022.9099765801543,6.48368582237229,1637,312
1763085528753,1763085528843,90,2022.9099765801543,6.48368582237229,1638,312
1763085528785,1763085528873,88,2022.9099765801543,6.48368582237229,1639,312
1763085528817,1763085528904,87,2055.2890712875433,6.58746497207546,1640,312
1763085528847,1763085528936,89,2055.2890712875433,6.58746497207546,1641,312
1763085528877,1763085528966,89,2055.2890712875433,6.58746497207546,1642,312
1763085528909,1763085528997,88,2055.2890712875433,6.58746497207546,1643,312
1763085528940,1763085529029,89,2055.2890712875433,6.58746497207546,1644,312
1763085528971,1763085529059,88,2055.2890712875433,6.58746497207546,1645,312
1763085529001,1763085529089,88,2018.447967958747,6.4693845126882925,1646,312
1763085529032,1763085529120,88,2018.447967958747,6.4693845126882925,1647,312
1763085529063,1763085529154,91,2018.447967958747,6.4693845126882925,1648,312
1763085529094,1763085529183,89,2018.447967958747,6.4693845126882925,1649,312
1763085529126,1763085529215,89,2018.447967958747,6.4693845126882925,1650,312
1763085529157,1763085529246,89,2018.447967958747,6.4693845126882925,1651,312
1763085529189,1763085529278,89,2018.447967958747,6.4693845126882925,1652,312
1763085529220,1763085529309,89,2051.5583743669977,6.575507610150634,1653,312
1763085529253,1763085529342,89,2051.5583743669977,6.575507610150634,1654,312
1763085529283,1763085529371,88,2051.5583743669977,6.575507610150634,1655,312
1763085529314,1763085529403,89,2051.5583743669977,6.575507610150634,1656,312
1763085529346,1763085529436,90,2051.5583743669977,6.575507610150634,1657,312
1763085529377,1763085529467,90,2051.5583743669977,6.575507610150634,1658,312
1763085529409,1763085529498,89,2014.030674124295,6.455226519629152,1659,312
1763085529441,1763085529530,89,2014.030674124295,6.455226519629152,1660,312
1763085529472,1763085529562,90,2014.030674124295,6.455226519629152,1661,312
1763085529504,1763085529594,90,2014.030674124295,6.455226519629152,1662,312
1763085529535,1763085529624,89,2014.030674124295,6.455226519629152,1663,312
1763085529567,1763085529655,88,2014.030674124295,6.455226519629152,1664,312
1763085529599,1763085529686,87,2014.030674124295,6.455226519629152,1665,312
1763085529629,1763085529718,89,2014.030674124295,6.455226519629152,1666,312
1763085529660,1763085529749,89,2014.030674124295,6.455226519629152,1667,312
1763085529693,1763085529780,87,2014.030674124295,6.455226519629152,1668,312
1763085529723,1763085529811,88,2014.030674124295,6.455226519629152,1669,312
1763085529754,1763085529843,89,2014.030674124295,6.455226519629152,1670,312
1763085529785,1763085529873,88,2014.030674124295,6.455226519629152,1671,312
1763085529816,1763085529903,87,2841.0282511039554,9.105859779179346,1672,312
1763085529847,1763085529934,87,2841.0282511039554,9.105859779179346,1673,312
1763085529878,1763085529965,87,2841.0282511039554,9.105859779179346,1674,312
1763085529908,1763085529997,89,2841.0282511039554,9.105859779179346,1675,312
1763085529939,1763085530029,90,2841.0282511039554,9.105859779179346,1676,312
1763085529971,1763085530059,88,2841.0282511039554,9.105859779179346,1677,312
1763085530002,1763085530090,88,2841.0282511039554,9.105859779179346,1678,312
1763085530033,1763085530122,89,2708.3085443809564,8.680476103785118,1679,312
1763085530064,1763085530152,88,2708.3085443809564,8.680476103785118,1680,312
1763085530095,1763085530184,89,2708.3085443809564,8.680476103785118,1681,312
1763085530126,1763085530217,91,2708.3085443809564,8.680476103785118,1682,312
1763085530158,1763085530248,90,2708.3085443809564,8.680476103785118,1683,312
1763085530190,1763085530279,89,2708.3085443809564,8.680476103785118,1684,312
1763085530221,1763085530311,90,2537.7016013272414,8.133658978612953,1685,312
1763085530252,1763085530340,88,2537.7016013272414,8.133658978612953,1686,312
1763085530283,1763085530370,87,2537.7016013272414,8.133658978612953,1687,312
1763085530313,1763085530401,88,2537.7016013272414,8.133658978612953,1688,312
1763085530345,1763085530433,88,2537.7016013272414,8.133658978612953,1689,312
1763085530375,1763085530464,89,2537.7016013272414,8.133658978612953,1690,312
1763085530406,1763085530495,89,2537.7016013272414,8.133658978612953,1691,312
1763085530438,1763085530527,89,2466.253877859139,7.904659864933136,1692,312
1763085530469,1763085530559,90,2466.253877859139,7.904659864933136,1693,312
1763085530501,1763085530591,90,2466.253877859139,7.904659864933136,1694,312
1763085530532,1763085530623,91,2466.253877859139,7.904659864933136,1695,312
1763085530565,1763085530655,90,2466.253877859139,7.904659864933136,1696,312
1763085530596,1763085530687,91,2466.253877859139,7.904659864933136,1697,312
1763085530628,1763085530719,91,2343.243325142297,7.510395272891977,1698,312
1763085530660,1763085530750,90,2343.243325142297,7.510395272891977,1699,312
1763085530692,1763085530783,91,2343.243325142297,7.510395272891977,1700,312
1763085530724,1763085530815,91,2343.243325142297,7.510395272891977,1701,312
1763085530756,1763085530846,90,2343.243325142297,7.510395272891977,1702,312
1763085530788,1763085530878,90,2343.243325142297,7.510395272891977,1703,312
1763085530819,1763085530910,91,2248.052173463553,7.205295427767798,1704,312
1763085530851,1763085530941,90,2248.052173463553,7.205295427767798,1705,312
1763085530883,1763085530973,90,2248.052173463553,7.205295427767798,1706,312
1763085530915,1763085531003,88,2248.052173463553,7.205295427767798,1707,312
1763085530946,1763085531036,90,2248.052173463553,7.205295427767798,1708,312
1763085530977,1763085531068,91,2248.052173463553,7.205295427767798,1709,312
1763085531009,1763085531099,90,2248.052173463553,7.205295427767798,1710,312
1763085531041,1763085531132,91,2234.47311268928,7.161772797081024,1711,312
1763085531073,1763085531164,91,2234.47311268928,7.161772797081024,1712,312
1763085531105,1763085531196,91,2234.47311268928,7.161772797081024,1713,312
1763085531137,1763085531227,90,2234.47311268928,7.161772797081024,1714,312
1763085531169,1763085531259,90,2234.47311268928,7.161772797081024,1715,312
1763085531201,1763085531290,89,2234.47311268928,7.161772797081024,1716,312
1763085531233,1763085531321,88,2234.47311268928,7.161772797081024,1717,312
1763085531264,1763085531352,88,2224.1261245879773,7.1286093736794145,1718,312
1763085531295,1763085531383,88,2224.1261245879773,7.1286093736794145,1719,312
1763085531326,1763085531415,89,2224.1261245879773,7.1286093736794145,1720,312
1763085531357,1763085531446,89,2224.1261245879773,7.1286093736794145,1721,312
1763085531389,1763085531478,89,2224.1261245879773,7.1286093736794145,1722,312
1763085531420,1763085531510,90,2224.1261245879773,7.1286093736794145,1723,312
1763085531451,1763085531541,90,2152.996647421206,6.9006302801961725,1724,312
1763085531483,1763085531572,89,2152.996647421206,6.9006302801961725,1725,312
1763085531514,1763085531602,88,2152.996647421206,6.9006302801961725,1726,312
1763085531545,1763085531635,90,2152.996647421206,6.9006302801961725,1727,312
1763085531576,1763085531667,91,2152.996647421206,6.9006302801961725,1728,312
1763085531608,1763085531698,90,2152.996647421206,6.9006302801961725,1729,312
1763085531640,1763085531731,91,2096.2353246421226,6.718702963596546,1730,312
1763085531672,1763085531763,91,2096.2353246421226,6.718702963596546,1731,312
1763085531704,1763085531795,91,2096.2353246421226,6.718702963596546,1732,312
1763085531736,1763085531825,89,2096.2353246421226,6.718702963596546,1733,312
1763085531768,1763085531858,90,2096.2353246421226,6.718702963596546,1734,312
1763085531800,1763085531889,89,2096.2353246421226,6.718702963596546,1735,312
1763085531831,1763085531921,90,2096.2353246421226,6.718702963596546,1736,312
1763085531863,1763085531953,90,2114.7536711426346,6.778056638277675,1737,312
1763085531895,1763085531984,89,2114.7536711426346,6.778056638277675,1738,312
1763085531926,1763085532018,92,2114.7536711426346,6.778056638277675,1739,312
1763085531958,1763085532048,90,2114.7536711426346,6.778056638277675,1740,312
1763085531990,1763085532081,91,2114.7536711426346,6.778056638277675,1741,312
1763085532022,1763085532112,90,2114.7536711426346,6.778056638277675,1742,312
1763085532054,1763085532144,90,2065.7174295718223,6.620889197345584,1743,312
1763085532086,1763085532175,89,2065.7174295718223,6.620889197345584,1744,312
1763085532118,1763085532207,89,2065.7174295718223,6.620889197345584,1745,312
1763085532149,1763085532239,90,2065.7174295718223,6.620889197345584,1746,312
1763085532181,1763085532271,90,2065.7174295718223,6.620889197345584,1747,312
1763085532213,1763085532302,89,2065.7174295718223,6.620889197345584,1748,312
1763085532244,1763085532333,89,2065.7174295718223,6.620889197345584,1749,312
1763085532276,1763085532364,88,2090.5567693617395,6.7005024659030115,1750,312
1763085532306,1763085532395,89,2090.5567693617395,6.7005024659030115,1751,312
1763085532338,1763085532426,88,2090.5567693617395,6.7005024659030115,1752,312
1763085532369,1763085532457,88,2090.5567693617395,6.7005024659030115,1753,312
1763085532400,1763085532488,88,2090.5567693617395,6.7005024659030115,1754,312
1763085532431,1763085532520,89,2090.5567693617395,6.7005024659030115,1755,312
1763085532462,1763085532551,89,2090.5567693617395,6.7005024659030115,1756,312
1763085532493,1763085532582,89,2109.5257451813063,6.7613004653247,1757,312
1763085532525,1763085532614,89,2109.5257451813063,6.7613004653247,1758,312
1763085532557,1763085532646,89,2109.5257451813063,6.7613004653247,1759,312
1763085532588,1763085532677,89,2109.5257451813063,6.7613004653247,1760,312
1763085532619,1763085532708,89,2109.5257451813063,6.7613004653247,1761,312
1763085532651,1763085532739,88,2109.5257451813063,6.7613004653247,1762,312
1763085532682,1763085532771,89,2061.07049316432,6.605995170398462,1763,312
1763085532713,1763085532802,89,2061.07049316432,6.605995170398462,1764,312
1763085532744,1763085532833,89,2061.07049316432,6.605995170398462,1765,312
1763085532777,1763085532866,89,2061.07049316432,6.605995170398462,1766,312
1763085532808,1763085532897,89,2061.07049316432,6.605995170398462,1767,312
1763085532839,1763085532928,89,2061.07049316432,6.605995170398462,1768,312
1763085532871,1763085532959,88,2061.07049316432,6.605995170398462,1769,312
1763085532902,1763085532991,89,2061.07049316432,6.605995170398462,1770,312
1763085532933,1763085533022,89,2061.07049316432,6.605995170398462,1771,312
1763085532964,1763085533053,89,2061.07049316432,6.605995170398462,1772,312
1763085532996,1763085533083,87,2061.07049316432,6.605995170398462,1773,312
1763085533027,1763085533114,87,2061.07049316432,6.605995170398462,1774,312
1763085533057,1763085533146,89,2061.07049316432,6.605995170398462,1775,312
1763085533088,1763085533178,90,2873.0068024464417,9.208355136046288,1776,312
1763085533120,1763085533210,90,2873.0068024464417,9.208355136046288,1777,312
1763085533151,1763085533240,89,2873.0068024464417,9.208355136046288,1778,312
1763085533183,1763085533272,89,2873.0068024464417,9.208355136046288,1779,312
1763085533215,1763085533304,89,2873.0068024464417,9.208355136046288,1780,312
1763085533245,1763085533336,91,2873.0068024464417,9.208355136046288,1781,312
1763085533277,1763085533367,90,2873.0068024464417,9.208355136046288,1782,312
1763085533310,1763085533399,89,2873.0068024464417,9.208355136046288,1783,312
1763085533341,1763085533430,89,2873.0068024464417,9.208355136046288,1784,312
1763085533372,1763085533461,89,2873.0068024464417,9.208355136046288,1785,312
1763085533403,1763085533494,91,2873.0068024464417,9.208355136046288,1786,312
1763085533435,1763085533524,89,2873.0068024464417,9.208355136046288,1787,312
1763085533466,1763085533556,90,2873.0068024464417,9.208355136046288,1788,312
1763085533498,1763085533588,90,3356.851020245847,10.759137885403357,1789,312
1763085533529,1763085533622,93,3356.851020245847,10.759137885403357,1790,312
1763085533561,1763085533651,90,3356.851020245847,10.759137885403357,1791,312
1763085533592,1763085533682,90,3356.851020245847,10.759137885403357,1792,312
1763085533624,1763085533714,90,3356.851020245847,10.759137885403357,1793,312
1763085533656,1763085533744,88,3356.851020245847,10.759137885403357,1794,312
1763085533687,1763085533776,89,3356.851020245847,10.759137885403357,1795,312
1763085533720,1763085533808,88,3116.4165610954483,9.98851461889567,1796,312
1763085533750,1763085533839,89,3116.4165610954483,9.98851461889567,1797,312
1763085533782,1763085533870,88,3116.4165610954483,9.98851461889567,1798,312
1763085533813,1763085533902,89,3116.4165610954483,9.98851461889567,1799,312
1763085533844,1763085533933,89,3116.4165610954483,9.98851461889567,1800,312
1763085533876,1763085533966,90,3116.4165610954483,9.98851461889567,1801,312
1763085533907,1763085533997,90,2862.555582631977,9.174857636640953,1802,312
1763085533939,1763085534028,89,2862.555582631977,9.174857636640953,1803,312
1763085533971,1763085534059,88,2862.555582631977,9.174857636640953,1804,312
1763085534002,1763085534090,88,2862.555582631977,9.174857636640953,1805,312
1763085534032,1763085534122,90,2862.555582631977,9.174857636640953,1806,312
1763085534064,1763085534153,89,2862.555582631977,9.174857636640953,1807,312
1763085534096,1763085534184,88,2862.555582631977,9.174857636640953,1808,312
1763085534127,1763085534215,88,2724.1302437750537,8.731186678766198,1809,312
1763085534158,1763085534246,88,2724.1302437750537,8.731186678766198,1810,312
1763085534189,1763085534277,88,2724.1302437750537,8.731186678766198,1811,312
1763085534221,1763085534309,88,2724.1302437750537,8.731186678766198,1812,312
1763085534252,1763085534342,90,2724.1302437750537,8.731186678766198,1813,312
1763085534282,1763085534372,90,2724.1302437750537,8.731186678766198,1814,312
1763085534314,1763085534404,90,2550.2956740449426,8.174024596297894,1815,312
1763085534346,1763085534436,90,2550.2956740449426,8.174024596297894,1816,312
1763085534378,1763085534466,88,2550.2956740449426,8.174024596297894,1817,312
1763085534409,1763085534498,89,2550.2956740449426,8.174024596297894,1818,312
1763085534441,1763085534530,89,2550.2956740449426,8.174024596297894,1819,312
1763085534472,1763085534561,89,2550.2956740449426,8.174024596297894,1820,312
1763085534504,1763085534593,89,2550.2956740449426,8.174024596297894,1821,312
1763085534535,1763085534625,90,2475.2050608657296,7.933349554056826,1822,312
1763085534567,1763085534658,91,2475.2050608657296,7.933349554056826,1823,312
1763085534599,1763085534689,90,2475.2050608657296,7.933349554056826,1824,312
1763085534631,1763085534721,90,2475.2050608657296,7.933349554056826,1825,312
1763085534663,1763085534753,90,2475.2050608657296,7.933349554056826,1826,312
1763085534695,1763085534785,90,2475.2050608657296,7.933349554056826,1827,312
1763085534727,1763085534817,90,2349.738408205658,7.531212846813006,1828,312
1763085534759,1763085534849,90,2349.738408205658,7.531212846813006,1829,312
1763085534791,1763085534880,89,2349.738408205658,7.531212846813006,1830,312
1763085534823,1763085534911,88,2349.738408205658,7.531212846813006,1831,312
1763085534854,1763085534943,89,2349.738408205658,7.531212846813006,1832,312
1763085534885,1763085534974,89,2349.738408205658,7.531212846813006,1833,312
1763085534916,1763085535005,89,2349.738408205658,7.531212846813006,1834,312
1763085534948,1763085535037,89,2315.9277729317037,7.422845426063153,1835,312
1763085534979,1763085535068,89,2315.9277729317037,7.422845426063153,1836,312
1763085535011,1763085535099,88,2315.9277729317037,7.422845426063153,1837,312
1763085535042,1763085535131,89,2315.9277729317037,7.422845426063153,1838,312
1763085535073,1763085535163,90,2315.9277729317037,7.422845426063153,1839,312
1763085535104,1763085535195,91,2315.9277729317037,7.422845426063153,1840,312
1763085535137,1763085535227,90,2224.9225794807044,7.131162113720207,1841,312
1763085535169,1763085535258,89,2224.9225794807044,7.131162113720207,1842,312
1763085535201,1763085535290,89,2224.9225794807044,7.131162113720207,1843,312
1763085535232,1763085535322,90,2224.9225794807044,7.131162113720207,1844,312
1763085535263,1763085535351,88,2224.9225794807044,7.131162113720207,1845,312
1763085535294,1763085535382,88,2224.9225794807044,7.131162113720207,1846,312
1763085535325,1763085535413,88,2224.9225794807044,7.131162113720207,1847,312
1763085535355,1763085535442,87,2216.7380635845634,7.1049296909761654,1848,312
1763085535386,1763085535473,87,2216.7380635845634,7.1049296909761654,1849,312
1763085535416,1763085535504,88,2216.7380635845634,7.1049296909761654,1850,312
1763085535448,1763085535536,88,2216.7380635845634,7.1049296909761654,1851,312
1763085535478,1763085535568,90,2216.7380635845634,7.1049296909761654,1852,312
1763085535509,1763085535601,92,2216.7380635845634,7.1049296909761654,1853,312
1763085535541,1763085535630,89,2146.4114986133127,6.879524034017027,1854,312
1763085535573,1763085535661,88,2146.4114986133127,6.879524034017027,1855,312
1763085535604,1763085535692,88,2146.4114986133127,6.879524034017027,1856,312
1763085535635,1763085535723,88,2146.4114986133127,6.879524034017027,1857,312
1763085535666,1763085535755,89,2146.4114986133127,6.879524034017027,1858,312
1763085535697,1763085535785,88,2146.4114986133127,6.879524034017027,1859,312
1763085535728,1763085535816,88,2146.4114986133127,6.879524034017027,1860,312
1763085535759,1763085535847,88,2154.0043758934235,6.903860179145588,1861,312
1763085535790,1763085535881,91,2154.0043758934235,6.903860179145588,1862,312
1763085535821,1763085535910,89,2154.0043758934235,6.903860179145588,1863,312
1763085535852,1763085535942,90,2154.0043758934235,6.903860179145588,1864,312
1763085535885,1763085535976,91,2154.0043758934235,6.903860179145588,1865,312
1763085535915,1763085536006,91,2154.0043758934235,6.903860179145588,1866,312
1763085535945,1763085536035,90,2097.039491962952,6.721280422958179,1867,312
1763085535977,1763085536066,89,2097.039491962952,6.721280422958179,1868,312
1763085536008,1763085536098,90,2097.039491962952,6.721280422958179,1869,312
1763085536040,1763085536130,90,2097.039491962952,6.721280422958179,1870,312
1763085536072,1763085536161,89,2097.039491962952,6.721280422958179,1871,312
1763085536103,1763085536192,89,2097.039491962952,6.721280422958179,1872,312
1763085536134,1763085536223,89,2097.039491962952,6.721280422958179,1873,312
1763085536166,1763085536254,88,2114.7794356025097,6.7781392166747105,1874,312
1763085536197,1763085536285,88,2114.7794356025097,6.7781392166747105,1875,312
1763085536228,1763085536317,89,2114.7794356025097,6.7781392166747105,1876,312
1763085536259,1763085536348,89,2114.7794356025097,6.7781392166747105,1877,312
1763085536290,1763085536379,89,2114.7794356025097,6.7781392166747105,1878,312
1763085536322,1763085536411,89,2114.7794356025097,6.7781392166747105,1879,312
1763085536353,1763085536442,89,2065.252430739598,6.61939881647307,1880,312
1763085536385,1763085536475,90,2065.252430739598,6.61939881647307,1881,312
1763085536416,1763085536505,89,2065.252430739598,6.61939881647307,1882,312
1763085536447,1763085536535,88,2065.252430739598,6.61939881647307,1883,312
1763085536478,1763085536568,90,2065.252430739598,6.61939881647307,1884,312
1763085536509,1763085536598,89,2065.252430739598,6.61939881647307,1885,312
1763085536540,1763085536630,90,2065.252430739598,6.61939881647307,1886,312
1763085536572,1763085536661,89,2089.3581872994596,6.696660856729037,1887,312
1763085536603,1763085536693,90,2089.3581872994596,6.696660856729037,1888,312
1763085536634,1763085536722,88,2089.3581872994596,6.696660856729037,1889,312
1763085536665,1763085536754,89,2089.3581872994596,6.696660856729037,1890,312
1763085536696,1763085536783,87,2089.3581872994596,6.696660856729037,1891,312
1763085536727,1763085536815,88,2089.3581872994596,6.696660856729037,1892,312
1763085536757,1763085536846,89,2045.8865498395676,6.557328685383229,1893,312
1763085536788,1763085536878,90,2045.8865498395676,6.557328685383229,1894,312
1763085536819,1763085536908,89,2045.8865498395676,6.557328685383229,1895,312
1763085536850,1763085536939,89,2045.8865498395676,6.557328685383229,1896,312
1763085536883,1763085536971,88,2045.8865498395676,6.557328685383229,1897,312
1763085536913,1763085537003,90,2045.8865498395676,6.557328685383229,1898,312
1763085536944,1763085537034,90,2045.8865498395676,6.557328685383229,1899,312
1763085536976,1763085537066,90,2074.061693672296,6.64763363356505,1900,312
1763085537007,1763085537096,89,2074.061693672296,6.64763363356505,1901,312
1763085537038,1763085537129,91,2074.061693672296,6.64763363356505,1902,312
1763085537070,1763085537158,88,2074.061693672296,6.64763363356505,1903,312
1763085537101,1763085537190,89,2074.061693672296,6.64763363356505,1904,312
1763085537132,1763085537222,90,2074.061693672296,6.64763363356505,1905,312
1763085537168,1763085537254,86,2032.6390464694753,6.514868738684215,1906,312
1763085537196,1763085537285,89,2032.6390464694753,6.514868738684215,1907,312
1763085537228,1763085537317,89,2032.6390464694753,6.514868738684215,1908,312
1763085537260,1763085537348,88,2032.6390464694753,6.514868738684215,1909,312
1763085537291,1763085537380,89,2032.6390464694753,6.514868738684215,1910,312
1763085537322,1763085537411,89,2032.6390464694753,6.514868738684215,1911,312
1763085537353,1763085537443,90,2032.6390464694753,6.514868738684215,1912,312
1763085537385,1763085537474,89,2063.5166809897023,6.613835515992635,1913,312
1763085537417,1763085537504,87,2063.5166809897023,6.613835515992635,1914,312
1763085537448,1763085537535,87,2063.5166809897023,6.613835515992635,1915,312
1763085537478,1763085537568,90,2063.5166809897023,6.613835515992635,1916,312
1763085537508,1763085537598,90,2063.5166809897023,6.613835515992635,1917,312
1763085537540,1763085537629,89,2063.5166809897023,6.613835515992635,1918,312
1763085537571,1763085537661,90,2024.8303114297823,6.489840741762123,1919,312
1763085537602,1763085537694,92,2024.8303114297823,6.489840741762123,1920,312
1763085537634,1763085537724,90,2024.8303114297823,6.489840741762123,1921,312
1763085537666,1763085537755,89,2024.8303114297823,6.489840741762123,1922,312
1763085537698,1763085537786,88,2024.8303114297823,6.489840741762123,1923,312
1763085537728,1763085537817,89,2024.8303114297823,6.489840741762123,1924,312
1763085537760,1763085537848,88,2024.8303114297823,6.489840741762123,1925,312
1763085537792,1763085537881,89,2057.1417582095364,6.593403071184412,1926,312
1763085537822,1763085537912,90,2057.1417582095364,6.593403071184412,1927,312
1763085537854,1763085537943,89,2057.1417582095364,6.593403071184412,1928,312
1763085537885,1763085537976,91,2057.1417582095364,6.593403071184412,1929,312
1763085537917,1763085538008,91,2057.1417582095364,6.593403071184412,1930,312
1763085537949,1763085538039,90,2057.1417582095364,6.593403071184412,1931,312
1763085537981,1763085538070,89,2018.632272501953,6.469975232378054,1932,312
1763085538013,1763085538102,89,2018.632272501953,6.469975232378054,1933,312
1763085538045,1763085538135,90,2018.632272501953,6.469975232378054,1934,312
1763085538077,1763085538167,90,2018.632272501953,6.469975232378054,1935,312
1763085538109,1763085538200,91,2018.632272501953,6.469975232378054,1936,312
1763085538141,1763085538231,90,2018.632272501953,6.469975232378054,1937,312
1763085538173,1763085538262,89,1989.3058180015623,6.375980185902444,1938,312
1763085538205,1763085538292,87,1989.3058180015623,6.375980185902444,1939,312
1763085538236,1763085538324,88,1989.3058180015623,6.375980185902444,1940,312
1763085538268,1763085538357,89,1989.3058180015623,6.375980185902444,1941,312
1763085538299,1763085538388,89,1989.3058180015623,6.375980185902444,1942,312
1763085538331,1763085538420,89,1989.3058180015623,6.375980185902444,1943,312
1763085538363,1763085538452,89,1989.3058180015623,6.375980185902444,1944,312
1763085538395,1763085538484,89,2030.970372949228,6.5095204261193205,1945,312
1763085538427,1763085538518,91,2030.970372949228,6.5095204261193205,1946,312
1763085538459,1763085538549,90,2030.970372949228,6.5095204261193205,1947,312
1763085538491,1763085538579,88,2030.970372949228,6.5095204261193205,1948,312
1763085538523,1763085538611,88,2030.970372949228,6.5095204261193205,1949,312
1763085538555,1763085538642,87,2030.970372949228,6.5095204261193205,1950,312
1763085538585,1763085538674,89,2030.970372949228,6.5095204261193205,1951,312
1763085538616,1763085538706,90,2062.1884168675856,6.609578259190979,1952,312
1763085538650,1763085538738,88,2062.1884168675856,6.609578259190979,1953,312
1763085538679,1763085538769,90,2062.1884168675856,6.609578259190979,1954,312
1763085538712,1763085538801,89,2062.1884168675856,6.609578259190979,1955,312
1763085538743,1763085538833,90,2062.1884168675856,6.609578259190979,1956,312
1763085538774,1763085538866,92,2062.1884168675856,6.609578259190979,1957,312
1763085538806,1763085538896,90,2023.009602992863,6.484005137797637,1958,312
1763085538838,1763085538927,89,2023.009602992863,6.484005137797637,1959,312
1763085538871,1763085538957,86,2023.009602992863,6.484005137797637,1960,312
1763085538901,1763085538989,88,2023.009602992863,6.484005137797637,1961,312
1763085538932,1763085539020,88,2023.009602992863,6.484005137797637,1962,312
1763085538963,1763085539052,89,2023.009602992863,6.484005137797637,1963,312
1763085538995,1763085539083,88,2023.009602992863,6.484005137797637,1964,312
1763085539026,1763085539114,88,2055.690653585312,6.5887520948247165,1965,312
1763085539058,1763085539146,88,2055.690653585312,6.5887520948247165,1966,312
1763085539089,1763085539177,88,2055.690653585312,6.5887520948247165,1967,312
1763085539120,1763085539207,87,2055.690653585312,6.5887520948247165,1968,312
1763085539152,1763085539238,86,2055.690653585312,6.5887520948247165,1969,312
1763085539183,1763085539268,85,2055.690653585312,6.5887520948247165,1970,312
1763085539214,1763085539300,86,2018.585141561079,6.4698241716701235,1971,312
1763085539244,1763085539333,89,2018.585141561079,6.4698241716701235,1972,312
1763085539275,1763085539365,90,2018.585141561079,6.4698241716701235,1973,312
1763085539306,1763085539395,89,2018.585141561079,6.4698241716701235,1974,312
1763085539338,1763085539427,89,2018.585141561079,6.4698241716701235,1975,312
1763085539369,1763085539458,89,2018.585141561079,6.4698241716701235,1976,312
1763085539401,1763085539490,89,2018.585141561079,6.4698241716701235,1977,312
1763085539432,1763085539522,90,2051.668113248863,6.575859337336099,1978,312
1763085539463,1763085539551,88,2051.668113248863,6.575859337336099,1979,312
1763085539495,1763085539582,87,2051.668113248863,6.575859337336099,1980,312
1763085539526,1763085539615,89,2051.668113248863,6.575859337336099,1981,312
1763085539557,1763085539645,88,2051.668113248863,6.575859337336099,1982,312
1763085539588,1763085539677,89,2051.668113248863,6.575859337336099,1983,312
1763085539620,1763085539707,87,2014.6564819195971,6.457232313844862,1984,312
1763085539650,1763085539737,87,2014.6564819195971,6.457232313844862,1985,312
1763085539681,1763085539767,86,2014.6564819195971,6.457232313844862,1986,312
1763085539712,1763085539798,86,2014.6564819195971,6.457232313844862,1987,312
1763085539742,1763085539831,89,2014.6564819195971,6.457232313844862,1988,312
1763085539773,1763085539863,90,2014.6564819195971,6.457232313844862,1989,312
1763085539804,1763085539893,89,2014.6564819195971,6.457232313844862,1990,312
1763085539836,1763085539923,87,2048.8638725718383,6.5668713864482005,1991,312
1763085539868,1763085539955,87,2048.8638725718383,6.5668713864482005,1992,312
1763085539898,1763085539985,87,2048.8638725718383,6.5668713864482005,1993,312
1763085539929,1763085540017,88,2048.8638725718383,6.5668713864482005,1994,312
1763085539960,1763085540048,88,2048.8638725718383,6.5668713864482005,1995,312
1763085539991,1763085540081,90,2048.8638725718383,6.5668713864482005,1996,312
1763085540024,1763085540113,89,2012.6067786946114,6.45066275222632,1997,312
1763085540055,1763085540144,89,2012.6067786946114,6.45066275222632,1998,312
1763085540087,1763085540176,89,2012.6067786946114,6.45066275222632,1999,312
1763085540119,1763085540206,87,2012.6067786946114,6.45066275222632,2000,312
1763085540150,1763085540238,88,2012.6067786946114,6.45066275222632,2001,312
1763085540181,1763085540269,88,2012.6067786946114,6.45066275222632,2002,312
1763085540212,1763085540300,88,2012.6067786946114,6.45066275222632,2003,312
1763085540244,1763085540332,88,2047.5709958409107,6.56272755077215,2004,312
1763085540275,1763085540363,88,2047.5709958409107,6.56272755077215,2005,312
1763085540307,1763085540396,89,2047.5709958409107,6.56272755077215,2006,312
1763085540338,1763085540428,90,2047.5709958409107,6.56272755077215,2007,312
1763085540370,1763085540459,89,2047.5709958409107,6.56272755077215,2008,312
1763085540402,1763085540490,88,2047.5709958409107,6.56272755077215,2009,312
1763085540433,1763085540521,88,2011.9300836852058,6.448493857965404,2010,312
1763085540463,1763085540551,88,2011.9300836852058,6.448493857965404,2011,312
1763085540495,1763085540582,87,2011.9300836852058,6.448493857965404,2012,312
1763085540525,1763085540613,88,2011.9300836852058,6.448493857965404,2013,312
1763085540556,1763085540646,90,2011.9300836852058,6.448493857965404,2014,312
1763085540588,1763085540676,88,2011.9300836852058,6.448493857965404,2015,312
1763085540618,1763085540706,88,2011.9300836852058,6.448493857965404,2016,312
1763085540650,1763085540737,87,2046.3440669481647,6.558795086372323,2017,312
1763085540680,1763085540768,88,2046.3440669481647,6.558795086372323,2018,312
1763085540710,1763085540799,89,2046.3440669481647,6.558795086372323,2019,312
1763085540742,1763085540831,89,2046.3440669481647,6.558795086372323,2020,312
1763085540773,1763085540862,89,2046.3440669481647,6.558795086372323,2021,312
1763085540805,1763085540893,88,2046.3440669481647,6.558795086372323,2022,312
1763085540837,1763085540925,88,2010.603533223791,6.444242093665997,2023,312
1763085540868,1763085540956,88,2010.603533223791,6.444242093665997,2024,312
1763085540899,1763085540987,88,2010.603533223791,6.444242093665997,2025,312
1763085540931,1763085541018,87,2010.603533223791,6.444242093665997,2026,312
1763085540962,1763085541049,87,2010.603533223791,6.444242093665997,2027,312
1763085540993,1763085541081,88,2010.603533223791,6.444242093665997,2028,312
1763085541024,1763085541113,89,2010.603533223791,6.444242093665997,2029,312
1763085541056,1763085541146,90,2045.8030159793614,6.5570609486518,2030,312
1763085541087,1763085541177,90,2045.8030159793614,6.5570609486518,2031,312
1763085541119,1763085541210,91,2045.8030159793614,6.5570609486518,2032,312
1763085541151,1763085541238,87,2045.8030159793614,6.5570609486518,2033,312
1763085541182,1763085541269,87,2045.8030159793614,6.5570609486518,2034,312
1763085541212,1763085541300,88,2045.8030159793614,6.5570609486518,2035,312
1763085541243,1763085541331,88,2010.6948067515305,6.4445346370241365,2036,312
1763085541274,1763085541363,89,2010.6948067515305,6.4445346370241365,2037,312
1763085541305,1763085541393,88,2010.6948067515305,6.4445346370241365,2038,312
1763085541337,1763085541425,88,2010.6948067515305,6.4445346370241365,2039,312
1763085541367,1763085541456,89,2010.6948067515305,6.4445346370241365,2040,312
1763085541398,1763085541489,91,2010.6948067515305,6.4445346370241365,2041,312
1763085541430,1763085541519,89,2010.6948067515305,6.4445346370241365,2042,312
1763085541462,1763085541552,90,2046.0490661742183,6.557849571071213,2043,312
1763085541493,1763085541583,90,2046.0490661742183,6.557849571071213,2044,312
1763085541524,1763085541614,90,2046.0490661742183,6.557849571071213,2045,312
1763085541556,1763085541645,89,2046.0490661742183,6.557849571071213,2046,312
1763085541587,1763085541676,89,2046.0490661742183,6.557849571071213,2047,312
1763085541619,1763085541708,89,2046.0490661742183,6.557849571071213,2048,312
1763085541650,1763085541741,91,2010.1949585423292,6.442932559430543,2049,312
1763085541682,1763085541772,90,2010.1949585423292,6.442932559430543,2050,312
1763085541714,1763085541804,90,2010.1949585423292,6.442932559430543,2051,312
1763085541746,1763085541836,90,2010.1949585423292,6.442932559430543,2052,312
1763085541778,1763085541868,90,2010.1949585423292,6.442932559430543,2053,312
1763085541810,1763085541900,90,2010.1949585423292,6.442932559430543,2054,312
1763085541842,1763085541931,89,1982.417771875321,6.353903114985004,2055,312
1763085541874,1763085541962,88,1982.417771875321,6.353903114985004,2056,312
1763085541906,1763085541994,88,1982.417771875321,6.353903114985004,2057,312
1763085541937,1763085542026,89,1982.417771875321,6.353903114985004,2058,312
1763085541969,1763085542059,90,1982.417771875321,6.353903114985004,2059,312
1763085542001,1763085542089,88,1982.417771875321,6.353903114985004,2060,312
1763085542033,1763085542120,87,1982.417771875321,6.353903114985004,2061,312
1763085542064,1763085542152,88,2025.153204237753,6.490875654608183,2062,312
1763085542095,1763085542184,89,2025.153204237753,6.490875654608183,2063,312
1763085542127,1763085542216,89,2025.153204237753,6.490875654608183,2064,312
1763085542159,1763085542247,88,2025.153204237753,6.490875654608183,2065,312
1763085542191,1763085542277,86,2025.153204237753,6.490875654608183,2066,312
1763085542222,1763085542309,87,2025.153204237753,6.490875654608183,2067,312
1763085542253,1763085542341,88,2025.153204237753,6.490875654608183,2068,312
1763085542284,1763085542372,88,2057.240256981727,6.59371877237733,2069,312
1763085542314,1763085542404,90,2057.240256981727,6.59371877237733,2070,312
1763085542346,1763085542434,88,2057.240256981727,6.59371877237733,2071,312
1763085542377,1763085542466,89,2057.240256981727,6.59371877237733,2072,312
1763085542408,1763085542496,88,2057.240256981727,6.59371877237733,2073,312
1763085542440,1763085542528,88,2057.240256981727,6.59371877237733,2074,312
1763085542471,1763085542560,89,2019.4512445574546,6.472600142812355,2075,312
1763085542502,1763085542591,89,2019.4512445574546,6.472600142812355,2076,312
1763085542533,1763085542622,89,2019.4512445574546,6.472600142812355,2077,312
1763085542565,1763085542653,88,2019.4512445574546,6.472600142812355,2078,312
1763085542597,1763085542684,87,2019.4512445574546,6.472600142812355,2079,312
1763085542627,1763085542717,90,2019.4512445574546,6.472600142812355,2080,312
1763085542658,1763085542746,88,2019.4512445574546,6.472600142812355,2081,312
1763085542690,1763085542778,88,2052.690093156849,6.579134913964259,2082,312
1763085542720,1763085542809,89,2052.690093156849,6.579134913964259,2083,312
1763085542751,1763085542840,89,2052.690093156849,6.579134913964259,2084,312
1763085542782,1763085542872,90,2052.690093156849,6.579134913964259,2085,312
1763085542814,1763085542902,88,2052.690093156849,6.579134913964259,2086,312
1763085542846,1763085542935,89,2052.690093156849,6.579134913964259,2087,312
1763085542877,1763085542966,89,2016.0100042460085,6.461570526429514,2088,312
1763085542907,1763085542996,89,2016.0100042460085,6.461570526429514,2089,312
1763085542939,1763085543027,88,2016.0100042460085,6.461570526429514,2090,312
1763085542970,1763085543058,88,2016.0100042460085,6.461570526429514,2091,312
1763085543001,1763085543090,89,2016.0100042460085,6.461570526429514,2092,312
1763085543033,1763085543120,87,2016.0100042460085,6.461570526429514,2093,312
1763085543063,1763085543151,88,2016.0100042460085,6.461570526429514,2094,312
1763085543094,1763085543183,89,2049.943983388315,6.570333280090752,2095,312
1763085543125,1763085543214,89,2049.943983388315,6.570333280090752,2096,312
1763085543156,1763085543245,89,2049.943983388315,6.570333280090752,2097,312
1763085543188,1763085543276,88,2049.943983388315,6.570333280090752,2098,312
1763085543220,1763085543309,89,2049.943983388315,6.570333280090752,2099,312
1763085543251,1763085543340,89,2049.943983388315,6.570333280090752,2100,312
1763085543282,1763085543372,90,2013.4654667937102,6.453414957672148,2101,312
1763085543314,1763085543403,89,2013.4654667937102,6.453414957672148,2102,312
1763085543346,1763085543435,89,2013.4654667937102,6.453414957672148,2103,312
1763085543377,1763085543464,87,2013.4654667937102,6.453414957672148,2104,312
1763085543409,1763085543496,87,2013.4654667937102,6.453414957672148,2105,312
1763085543440,1763085543527,87,2013.4654667937102,6.453414957672148,2106,312
1763085543471,1763085543557,86,2013.4654667937102,6.453414957672148,2107,312
1763085543502,1763085543588,86,2047.9134425013808,6.563825136222374,2108,312
1763085543532,1763085543619,87,2047.9134425013808,6.563825136222374,2109,312
1763085543563,1763085543652,89,2047.9134425013808,6.563825136222374,2110,312
1763085543594,1763085543684,90,2047.9134425013808,6.563825136222374,2111,312
1763085543625,1763085543714,89,2047.9134425013808,6.563825136222374,2112,312
1763085543657,1763085543745,88,2047.9134425013808,6.563825136222374,2113,312
1763085543688,1763085543776,88,2012.378927116102,6.4499324587054545,2114,312
1763085543719,1763085543808,89,2012.378927116102,6.4499324587054545,2115,312
1763085543750,1763085543839,89,2012.378927116102,6.4499324587054545,2116,312
1763085543781,1763085543870,89,2012.378927116102,6.4499324587054545,2117,312
1763085543813,1763085543904,91,2012.378927116102,6.4499324587054545,2118,312
1763085543844,1763085543933,89,2012.378927116102,6.4499324587054545,2119,312
1763085543876,1763085543963,87,2012.378927116102,6.4499324587054545,2120,312
1763085543907,1763085543995,88,2047.2180049115332,6.561596169588247,2121,312
1763085543937,1763085544025,88,2047.2180049115332,6.561596169588247,2122,312
1763085543968,1763085544056,88,2047.2180049115332,6.561596169588247,2123,312
1763085543999,1763085544087,88,2047.2180049115332,6.561596169588247,2124,312
1763085544031,1763085544119,88,2047.2180049115332,6.561596169588247,2125,312
1763085544062,1763085544150,88,2047.2180049115332,6.561596169588247,2126,312
1763085544094,1763085544182,88,2011.4735319095805,6.4470305509922445,2127,312
1763085544125,1763085544213,88,2011.4735319095805,6.4470305509922445,2128,312
1763085544157,1763085544245,88,2011.4735319095805,6.4470305509922445,2129,312
1763085544188,1763085544277,89,2011.4735319095805,6.4470305509922445,2130,312
1763085544220,1763085544308,88,2011.4735319095805,6.4470305509922445,2131,312
1763085544251,1763085544340,89,2011.4735319095805,6.4470305509922445,2132,312
1763085544283,1763085544372,89,1983.5788255276643,6.357624440793796,2133,312
1763085544315,1763085544404,89,1983.5788255276643,6.357624440793796,2134,312
1763085544347,1763085544435,88,1983.5788255276643,6.357624440793796,2135,312
1763085544379,1763085544467,88,1983.5788255276643,6.357624440793796,2136,312
1763085544410,1763085544497,87,1983.5788255276643,6.357624440793796,2137,312
1763085544441,1763085544529,88,1983.5788255276643,6.357624440793796,2138,312
1763085544473,1763085544561,88,1983.5788255276643,6.357624440793796,2139,312
1763085544504,1763085544592,88,2025.4668509923824,6.491880932667892,2140,312
1763085544535,1763085544623,88,2025.4668509923824,6.491880932667892,2141,312
1763085544566,1763085544655,89,2025.4668509923824,6.491880932667892,2142,312
1763085544596,1763085544685,89,2025.4668509923824,6.491880932667892,2143,312
1763085544628,1763085544716,88,2025.4668509923824,6.491880932667892,2144,312
1763085544659,1763085544747,88,2025.4668509923824,6.491880932667892,2145,312
1763085544690,1763085544778,88,2025.4668509923824,6.491880932667892,2146,312
1763085544720,1763085544809,89,2057.3320139429134,6.594012865201646,2147,312
1763085544751,1763085544840,89,2057.3320139429134,6.594012865201646,2148,312
1763085544783,1763085544872,89,2057.3320139429134,6.594012865201646,2149,312
1763085544814,1763085544905,91,2057.3320139429134,6.594012865201646,2150,312
1763085544846,1763085544934,88,2057.3320139429134,6.594012865201646,2151,312
1763085544877,1763085544966,89,2057.3320139429134,6.594012865201646,2152,312
1763085544908,1763085545004,96,2019.524283098559,6.47283424070051,2153,312
1763085544939,1763085545028,89,2019.524283098559,6.47283424070051,2154,312
1763085544972,1763085545059,87,2019.524283098559,6.47283424070051,2155,312
1763085545007,1763085545092,85,2019.524283098559,6.47283424070051,2156,312
1763085545034,1763085545123,89,2019.524283098559,6.47283424070051,2157,312
1763085545066,1763085545154,88,2019.524283098559,6.47283424070051,2158,312
1763085545098,1763085545185,87,2019.524283098559,6.47283424070051,2159,312
1763085545130,1763085545217,87,2053.241805063354,6.580903221356905,2160,312
1763085545160,1763085545248,88,2053.241805063354,6.580903221356905,2161,312
1763085545192,1763085545280,88,2053.241805063354,6.580903221356905,2162,312
1763085545223,1763085545312,89,2053.241805063354,6.580903221356905,2163,312
1763085545255,1763085545344,89,2053.241805063354,6.580903221356905,2164,312
1763085545287,1763085545376,89,2053.241805063354,6.580903221356905,2165,312
1763085545319,1763085545408,89,2015.7247514152398,6.460656254536026,2166,312
1763085545351,1763085545440,89,2015.7247514152398,6.460656254536026,2167,312
1763085545383,1763085545472,89,2015.7247514152398,6.460656254536026,2168,312
1763085545414,1763085545503,89,2015.7247514152398,6.460656254536026,2169,312
1763085545447,1763085545535,88,2015.7247514152398,6.460656254536026,2170,312
1763085545479,1763085545567,88,2015.7247514152398,6.460656254536026,2171,312
1763085545510,1763085545601,91,1986.6923516293614,6.367603691119749,2172,312
1763085545542,1763085545630,88,1986.6923516293614,6.367603691119749,2173,312
1763085545574,1763085545662,88,1986.6923516293614,6.367603691119749,2174,312
1763085545605,1763085545694,89,1986.6923516293614,6.367603691119749,2175,312
1763085545637,1763085545726,89,1986.6923516293614,6.367603691119749,2176,312
1763085545669,1763085545758,89,1986.6923516293614,6.367603691119749,2177,312
1763085545701,1763085545790,89,1986.6923516293614,6.367603691119749,2178,312
1763085545733,1763085545822,89,2028.5215730839368,6.5016717086023625,2179,312
1763085545765,1763085545853,88,2028.5215730839368,6.5016717086023625,2180,312
1763085545796,1763085545885,89,2028.5215730839368,6.5016717086023625,2181,312
1763085545828,1763085545915,87,2028.5215730839368,6.5016717086023625,2182,312
1763085545858,1763085545947,89,2028.5215730839368,6.5016717086023625,2183,312
1763085545890,1763085545977,87,2028.5215730839368,6.5016717086023625,2184,312
1763085545920,1763085546009,89,2028.5215730839368,6.5016717086023625,2185,312
1763085545951,1763085546041,90,2059.9282153209815,6.602334023464685,2186,312
1763085545983,1763085546072,89,2059.9282153209815,6.602334023464685,2187,312
1763085546014,1763085546104,90,2059.9282153209815,6.602334023464685,2188,312
1763085546046,1763085546135,89,2059.9282153209815,6.602334023464685,2189,312
1763085546078,1763085546166,88,2059.9282153209815,6.602334023464685,2190,312
1763085546109,1763085546196,87,2059.9282153209815,6.602334023464685,2191,312
1763085546140,1763085546227,87,2021.7787876108223,6.480060216701355,2192,312
1763085546171,1763085546258,87,2021.7787876108223,6.480060216701355,2193,312
1763085546202,1763085546292,90,2021.7787876108223,6.480060216701355,2194,312
1763085546233,1763085546322,89,2021.7787876108223,6.480060216701355,2195,312
1763085546265,1763085546352,87,2021.7787876108223,6.480060216701355,2196,312
1763085546297,1763085546382,85,2021.7787876108223,6.480060216701355,2197,312
1763085546328,1763085546414,86,2021.7787876108223,6.480060216701355,2198,312
1763085546357,1763085546447,90,2054.8719149382146,6.5861279324942785,2199,312
1763085546389,1763085546479,90,2054.8719149382146,6.5861279324942785,2200,312
1763085546421,1763085546511,90,2054.8719149382146,6.5861279324942785,2201,312
1763085546453,1763085546541,88,2054.8719149382146,6.5861279324942785,2202,312
1763085546483,1763085546572,89,2054.8719149382146,6.5861279324942785,2203,312
1763085546514,1763085546603,89,2054.8719149382146,6.5861279324942785,2204,312
1763085546546,1763085546635,89,2017.748916205757,6.46714396219794,2205,312
1763085546577,1763085546665,88,2017.748916205757,6.46714396219794,2206,312
1763085546608,1763085546696,88,2017.748916205757,6.46714396219794,2207,312
1763085546640,1763085546726,86,2017.748916205757,6.46714396219794,2208,312
1763085546670,1763085546758,88,2017.748916205757,6.46714396219794,2209,312
1763085546701,1763085546789,88,2017.748916205757,6.46714396219794,2210,312
1763085546732,1763085546820,88,2017.748916205757,6.46714396219794,2211,312
1763085546763,1763085546852,89,2051.331635132194,6.574780881833957,2212,312
1763085546795,1763085546884,89,2051.331635132194,6.574780881833957,2213,312
1763085546826,1763085546914,88,2051.331635132194,6.574780881833957,2214,312
1763085546857,1763085546946,89,2051.331635132194,6.574780881833957,2215,312
1763085546888,1763085546975,87,2051.331635132194,6.574780881833957,2216,312
1763085546919,1763085547006,87,2051.331635132194,6.574780881833957,2217,312
1763085546950,1763085547037,87,2015.106644835491,6.4586751437034975,2218,312
1763085546981,1763085547067,86,2015.106644835491,6.4586751437034975,2219,312
1763085547013,1763085547099,86,2015.106644835491,6.4586751437034975,2220,312
1763085547043,1763085547131,88,2015.106644835491,6.4586751437034975,2221,312
1763085547074,1763085547163,89,2015.106644835491,6.4586751437034975,2222,312
1763085547105,1763085547196,91,2015.106644835491,6.4586751437034975,2223,312
1763085547137,1763085547226,89,2015.106644835491,6.4586751437034975,2224,312
1763085547169,1763085547257,88,2049.3919959338864,6.568564089531687,2225,312
1763085547200,1763085547288,88,2049.3919959338864,6.568564089531687,2226,312
1763085547231,1763085547320,89,2049.3919959338864,6.568564089531687,2227,312
1763085547262,1763085547351,89,2049.3919959338864,6.568564089531687,2228,312
1763085547294,1763085547382,88,2049.3919959338864,6.568564089531687,2229,312
1763085547325,1763085547413,88,2049.3919959338864,6.568564089531687,2230,312
1763085547355,1763085547445,90,2013.3814207593075,6.453145579356755,2231,312
1763085547387,1763085547476,89,2013.3814207593075,6.453145579356755,2232,312
1763085547419,1763085547508,89,2013.3814207593075,6.453145579356755,2233,312
1763085547450,1763085547539,89,2013.3814207593075,6.453145579356755,2234,312
1763085547482,1763085547570,88,2013.3814207593075,6.453145579356755,2235,312
1763085547513,1763085547602,89,2013.3814207593075,6.453145579356755,2236,312
1763085547544,1763085547631,87,2013.3814207593075,6.453145579356755,2237,312
1763085547574,1763085547662,88,2048.016992345168,6.564157026747334,2238,312
1763085547607,1763085547694,87,2048.016992345168,6.564157026747334,2239,312
1763085547637,1763085547726,89,2048.016992345168,6.564157026747334,2240,312
1763085547669,1763085547757,88,2048.016992345168,6.564157026747334,2241,312
1763085547700,1763085547789,89,2048.016992345168,6.564157026747334,2242,312
1763085547732,1763085547821,89,2048.016992345168,6.564157026747334,2243,312
1763085547763,1763085547853,90,2011.9335089144085,6.448504836264131,2244,312
1763085547794,1763085547883,89,2011.9335089144085,6.448504836264131,2245,312
1763085547826,1763085547914,88,2011.9335089144085,6.448504836264131,2246,312
1763085547857,1763085547949,92,2011.9335089144085,6.448504836264131,2247,312
1763085547888,1763085547978,90,2011.9335089144085,6.448504836264131,2248,312
1763085547920,1763085548009,89,2011.9335089144085,6.448504836264131,2249,312
1763085547951,1763085548039,88,2011.9335089144085,6.448504836264131,2250,312
1763085547982,1763085548071,89,2046.690940113698,6.559906859338776,2251,312
1763085548013,1763085548102,89,2046.690940113698,6.559906859338776,2252,312
1763085548044,1763085548133,89,2046.690940113698,6.559906859338776,2253,312
1763085548076,1763085548163,87,2046.690940113698,6.559906859338776,2254,312
1763085548107,1763085548194,87,2046.690940113698,6.559906859338776,2255,312
1763085548138,1763085548224,86,2046.690940113698,6.559906859338776,2256,312
1763085548169,1763085548257,88,2011.403370210731,6.446805673752343,2257,312
1763085548200,1763085548288,88,2011.403370210731,6.446805673752343,2258,312
1763085548230,1763085548320,90,2011.403370210731,6.446805673752343,2259,312
1763085548262,1763085548351,89,2011.403370210731,6.446805673752343,2260,312
1763085548293,1763085548382,89,2011.403370210731,6.446805673752343,2261,312
1763085548326,1763085548412,86,2011.403370210731,6.446805673752343,2262,312
1763085548355,1763085548443,88,2011.403370210731,6.446805673752343,2263,312
1763085548387,1763085548476,89,2046.4404860579527,6.559104121980617,2264,312
1763085548418,1763085548507,89,2046.4404860579527,6.559104121980617,2265,312
1763085548449,1763085548539,90,2046.4404860579527,6.559104121980617,2266,312
1763085548481,1763085548570,89,2046.4404860579527,6.559104121980617,2267,312
1763085548513,1763085548602,89,2046.4404860579527,6.559104121980617,2268,312
1763085548544,1763085548632,88,2046.4404860579527,6.559104121980617,2269,312
1763085548575,1763085548663,88,2011.0290673881884,6.445605985218552,2270,312
1763085548606,1763085548695,89,2011.0290673881884,6.445605985218552,2271,312
1763085548637,1763085548725,88,2011.0290673881884,6.445605985218552,2272,312
1763085548668,1763085548757,89,2011.0290673881884,6.445605985218552,2273,312
1763085548699,1763085548793,94,2011.0290673881884,6.445605985218552,2274,312
1763085548731,1763085548819,88,2011.0290673881884,6.445605985218552,2275,312
1763085548762,1763085548851,89,2011.0290673881884,6.445605985218552,2276,312
1763085548794,1763085548883,89,2046.48810857361,6.559256758248749,2277,312
1763085548826,1763085548915,89,2046.48810857361,6.559256758248749,2278,312
1763085548858,1763085548946,88,2046.48810857361,6.559256758248749,2279,312
1763085548890,1763085548978,88,2046.48810857361,6.559256758248749,2280,312
1763085548920,1763085549011,91,2046.48810857361,6.559256758248749,2281,312
1763085548953,1763085549041,88,2046.48810857361,6.559256758248749,2282,312
1763085548984,1763085549073,89,2010.5435582074463,6.4440498660495065,2283,312
1763085549015,1763085549105,90,2010.5435582074463,6.4440498660495065,2284,312
1763085549048,1763085549137,89,2010.5435582074463,6.4440498660495065,2285,312
1763085549079,1763085549169,90,2010.5435582074463,6.4440498660495065,2286,312
1763085549111,1763085549201,90,2010.5435582074463,6.4440498660495065,2287,312
1763085549144,1763085549233,89,2010.5435582074463,6.4440498660495065,2288,312
1763085549176,1763085549265,89,1982.5577594495421,6.354351793107506,2289,312
1763085549208,1763085549298,90,1982.5577594495421,6.354351793107506,2290,312
1763085549239,1763085549328,89,1982.5577594495421,6.354351793107506,2291,312
1763085549271,1763085549359,88,1982.5577594495421,6.354351793107506,2292,312
1763085549303,1763085549391,88,1982.5577594495421,6.354351793107506,2293,312
1763085549334,1763085549422,88,1982.5577594495421,6.354351793107506,2294,312
1763085549365,1763085549454,89,1982.5577594495421,6.354351793107506,2295,312
1763085549398,1763085549486,88,2024.8606299651383,6.48993791655493,2296,312
1763085549428,1763085549518,90,2024.8606299651383,6.48993791655493,2297,312
1763085549460,1763085549549,89,2024.8606299651383,6.48993791655493,2298,312
1763085549492,1763085549579,87,2024.8606299651383,6.48993791655493,2299,312
1763085549523,1763085549613,90,2024.8606299651383,6.48993791655493,2300,312
1763085549555,1763085549642,87,2024.8606299651383,6.48993791655493,2301,312
1763085549585,1763085549672,87,2024.8606299651383,6.48993791655493,2302,312
1763085549617,1763085549705,88,2057.32506145225,6.593990581577724,2303,312
1763085549648,1763085549736,88,2057.32506145225,6.593990581577724,2304,312
1763085549679,1763085549765,86,2057.32506145225,6.593990581577724,2305,312
1763085549710,1763085549800,90,2057.32506145225,6.593990581577724,2306,312
1763085549741,1763085549830,89,2057.32506145225,6.593990581577724,2307,312
1763085549772,1763085549861,89,2057.32506145225,6.593990581577724,2308,312
1763085549803,1763085549891,88,2020.0747241003476,6.474598474680602,2309,312
1763085549834,1763085549923,89,2020.0747241003476,6.474598474680602,2310,312
1763085549865,1763085549954,89,2020.0747241003476,6.474598474680602,2311,312
1763085549896,1763085549986,90,2020.0747241003476,6.474598474680602,2312,312
1763085549928,1763085550015,87,2020.0747241003476,6.474598474680602,2313,312
1763085549960,1763085550046,86,2020.0747241003476,6.474598474680602,2314,312
1763085549990,1763085550078,88,2020.0747241003476,6.474598474680602,2315,312
1763085550021,1763085550110,89,2053.515480383877,6.581780385845759,2316,312
1763085550052,1763085550142,90,2053.515480383877,6.581780385845759,2317,312
1763085550084,1763085550173,89,2053.515480383877,6.581780385845759,2318,312
1763085550115,1763085550205,90,2053.515480383877,6.581780385845759,2319,312
1763085550147,1763085550238,91,2053.515480383877,6.581780385845759,2320,312
1763085550179,1763085550268,89,2053.515480383877,6.581780385845759,2321,312
1763085550211,1763085550301,90,2016.486322385566,6.463097187133224,2322,312
1763085550242,1763085550331,89,2016.486322385566,6.463097187133224,2323,312
1763085550273,1763085550362,89,2016.486322385566,6.463097187133224,2324,312
1763085550305,1763085550394,89,2016.486322385566,6.463097187133224,2325,312
1763085550337,1763085550427,90,2016.486322385566,6.463097187133224,2326,312
1763085550369,1763085550459,90,2016.486322385566,6.463097187133224,2327,312
1763085550401,1763085550490,89,1987.4445715860672,6.370014652519446,2328,312
1763085550433,1763085550521,88,1987.4445715860672,6.370014652519446,2329,312
1763085550464,1763085550553,89,1987.4445715860672,6.370014652519446,2330,312
1763085550495,1763085550585,90,1987.4445715860672,6.370014652519446,2331,312
1763085550527,1763085550617,90,1987.4445715860672,6.370014652519446,2332,312
1763085550559,1763085550649,90,1987.4445715860672,6.370014652519446,2333,312
1763085550591,1763085550680,89,1987.4445715860672,6.370014652519446,2334,312
1763085550623,1763085550712,89,2029.310877838235,6.504201531532804,2335,312
1763085550655,1763085550744,89,2029.310877838235,6.504201531532804,2336,312
1763085550687,1763085550775,88,2029.310877838235,6.504201531532804,2337,312
1763085550717,1763085550808,91,2029.310877838235,6.504201531532804,2338,312
1763085550749,1763085550837,88,2029.310877838235,6.504201531532804,2339,312
1763085550780,1763085550869,89,2029.310877838235,6.504201531532804,2340,312
1763085550811,1763085550900,89,2029.310877838235,6.504201531532804,2341,312
1763085550843,1763085550929,86,2060.5580805149116,6.604352822163177,2342,312
1763085550874,1763085550961,87,2060.5580805149116,6.604352822163177,2343,312
1763085550905,1763085550992,87,2060.5580805149116,6.604352822163177,2344,312
1763085550935,1763085551025,90,2060.5580805149116,6.604352822163177,2345,312
1763085550966,1763085551057,91,2060.5580805149116,6.604352822163177,2346,312
1763085550998,1763085551088,90,2060.5580805149116,6.604352822163177,2347,312
1763085551030,1763085551119,89,2022.0922320898696,6.481064846441889,2348,312
1763085551062,1763085551150,88,2022.0922320898696,6.481064846441889,2349,312
1763085551093,1763085551181,88,2022.0922320898696,6.481064846441889,2350,312
1763085551124,1763085551213,89,2022.0922320898696,6.481064846441889,2351,312
1763085551155,1763085551242,87,2022.0922320898696,6.481064846441889,2352,312
1763085551186,1763085551274,88,2022.0922320898696,6.481064846441889,2353,312
1763085551217,1763085551305,88,2022.0922320898696,6.481064846441889,2354,312
1763085551248,1763085551337,89,2054.797601207716,6.5858897474606275,2355,312
1763085551280,1763085551368,88,2054.797601207716,6.5858897474606275,2356,312
1763085551311,1763085551399,88,2054.797601207716,6.5858897474606275,2357,312
1763085551342,1763085551429,87,2054.797601207716,6.5858897474606275,2358,312
1763085551373,1763085551460,87,2054.797601207716,6.5858897474606275,2359,312
1763085551404,1763085551492,88,2054.797601207716,6.5858897474606275,2360,312
1763085551434,1763085551523,89,2017.8724857637574,6.4675400184735805,2361,312
1763085551466,1763085551554,88,2017.8724857637574,6.4675400184735805,2362,312
1763085551497,1763085551587,90,2017.8724857637574,6.4675400184735805,2363,312
1763085551528,1763085551619,91,2017.8724857637574,6.4675400184735805,2364,312
1763085551559,1763085551649,90,2017.8724857637574,6.4675400184735805,2365,312
1763085551592,1763085551680,88,2017.8724857637574,6.4675400184735805,2366,312
1763085551624,1763085551711,87,2017.8724857637574,6.4675400184735805,2367,312
1763085551654,1763085551742,88,2051.7624986679507,6.57616185470497,2368,312
1763085551685,1763085551774,89,2051.7624986679507,6.57616185470497,2369,312
1763085551716,1763085551805,89,2051.7624986679507,6.57616185470497,2370,312
1763085551748,1763085551836,88,2051.7624986679507,6.57616185470497,2371,312
1763085551779,1763085551866,87,2051.7624986679507,6.57616185470497,2372,312
1763085551809,1763085551897,88,2051.7624986679507,6.57616185470497,2373,312
1763085551841,1763085551929,88,2015.4504739370248,6.459777160054566,2374,312
1763085551871,1763085551961,90,2015.4504739370248,6.459777160054566,2375,312
1763085551903,1763085551991,88,2015.4504739370248,6.459777160054566,2376,312
1763085551934,1763085552023,89,2015.4504739370248,6.459777160054566,2377,312
1763085551965,1763085552054,89,2015.4504739370248,6.459777160054566,2378,312
1763085551997,1763085552086,89,2015.4504739370248,6.459777160054566,2379,312
1763085552028,1763085552117,89,2015.4504739370248,6.459777160054566,2380,312
1763085552059,1763085552149,90,2049.834577253872,6.569982619403435,2381,312
1763085552090,1763085552181,91,2049.834577253872,6.569982619403435,2382,312
1763085552122,1763085552210,88,2049.834577253872,6.569982619403435,2383,312
1763085552153,1763085552242,89,2049.834577253872,6.569982619403435,2384,312
1763085552185,1763085552273,88,2049.834577253872,6.569982619403435,2385,312
1763085552216,1763085552304,88,2049.834577253872,6.569982619403435,2386,312
1763085552248,1763085552340,92,2013.556323494082,6.453706165045134,2387,312
1763085552280,1763085552367,87,2013.556323494082,6.453706165045134,2388,312
1763085552310,1763085552398,88,2013.556323494082,6.453706165045134,2389,312
1763085552341,1763085552430,89,2013.556323494082,6.453706165045134,2390,312
1763085552372,1763085552460,88,2013.556323494082,6.453706165045134,2391,312
1763085552403,1763085552492,89,2013.556323494082,6.453706165045134,2392,312
1763085552435,1763085552523,88,2013.556323494082,6.453706165045134,2393,312
1763085552466,1763085552555,89,2048.156389824783,6.564603813540972,2394,312
1763085552498,1763085552587,89,2048.156389824783,6.564603813540972,2395,312
1763085552529,1763085552619,90,2048.156389824783,6.564603813540972,2396,312
1763085552561,1763085552651,90,2048.156389824783,6.564603813540972,2397,312
1763085552593,1763085552683,90,2048.156389824783,6.564603813540972,2398,312
1763085552625,1763085552714,89,2048.156389824783,6.564603813540972,2399,312
1763085552657,1763085552747,90,2011.5158607412284,6.44716622032445,2400,312
1763085552689,1763085552779,90,2011.5158607412284,6.44716622032445,2401,312
1763085552721,1763085552811,90,2011.5158607412284,6.44716622032445,2402,312
1763085552753,1763085552852,99,2011.5158607412284,6.44716622032445,2403,312
1763085552785,1763085552882,97,2011.5158607412284,6.44716622032445,2404,312
1763085552816,1763085552906,90,2011.5158607412284,6.44716622032445,2405,312
1763085552855,1763085552938,83,1983.6126885929827,6.357732976259561,2406,312
1763085552881,1763085552969,88,1983.6126885929827,6.357732976259561,2407,312
1763085552911,1763085553000,89,1983.6126885929827,6.357732976259561,2408,312
1763085552943,1763085553032,89,1983.6126885929827,6.357732976259561,2409,312
1763085552974,1763085553063,89,1983.6126885929827,6.357732976259561,2410,312
1763085553006,1763085553095,89,1983.6126885929827,6.357732976259561,2411,312
1763085553038,1763085553127,89,1983.6126885929827,6.357732976259561,2412,312
1763085553070,1763085553159,89,2026.2951859226773,6.494535852316274,2413,312
1763085553102,1763085553191,89,2026.2951859226773,6.494535852316274,2414,312
1763085553134,1763085553221,87,2026.2951859226773,6.494535852316274,2415,312
1763085553166,1763085553253,87,2026.2951859226773,6.494535852316274,2416,312
1763085553197,1763085553285,88,2026.2951859226773,6.494535852316274,2417,312
1763085553227,1763085553316,89,2026.2951859226773,6.494535852316274,2418,312
1763085553259,1763085553348,89,2026.2951859226773,6.494535852316274,2419,312
1763085553290,1763085553379,89,2058.309263180374,6.597145074296071,2420,312
1763085553321,1763085553410,89,2058.309263180374,6.597145074296071,2421,312
1763085553356,1763085553442,86,2058.309263180374,6.597145074296071,2422,312
1763085553384,1763085553473,89,2058.309263180374,6.597145074296071,2423,312
1763085553416,1763085553504,88,2058.309263180374,6.597145074296071,2424,312
1763085553447,1763085553536,89,2058.309263180374,6.597145074296071,2425,312
1763085553478,1763085553567,89,2020.488482754758,6.4759246242139685,2426,312
1763085553509,1763085553599,90,2020.488482754758,6.4759246242139685,2427,312
1763085553541,1763085553632,91,2020.488482754758,6.4759246242139685,2428,312
1763085553572,1763085553661,89,2020.488482754758,6.4759246242139685,2429,312
1763085553604,1763085553691,87,2020.488482754758,6.4759246242139685,2430,312
1763085553635,1763085553722,87,2020.488482754758,6.4759246242139685,2431,312
1763085553665,1763085553753,88,2020.488482754758,6.4759246242139685,2432,312
1763085553696,1763085553784,88,2053.354297721052,6.581263774746961,2433,312
1763085553727,1763085553815,88,2053.354297721052,6.581263774746961,2434,312
1763085553758,1763085553846,88,2053.354297721052,6.581263774746961,2435,312
1763085553789,1763085553876,87,2053.354297721052,6.581263774746961,2436,312
1763085553819,1763085553907,88,2053.354297721052,6.581263774746961,2437,312
1763085553850,1763085553938,88,2053.354297721052,6.581263774746961,2438,312
1763085553881,1763085553970,89,2016.7207295813994,6.463848492248075,2439,312
1763085553913,1763085554000,87,2016.7207295813994,6.463848492248075,2440,312
1763085553944,1763085554031,87,2016.7207295813994,6.463848492248075,2441,312
1763085553975,1763085554062,87,2016.7207295813994,6.463848492248075,2442,312
1763085554007,1763085554093,86,2016.7207295813994,6.463848492248075,2443,312
1763085554037,1763085554124,87,2016.7207295813994,6.463848492248075,2444,312
1763085554068,1763085554154,86,2016.7207295813994,6.463848492248075,2445,312
1763085554099,1763085554187,88,2050.5111422059567,6.572151096813964,2446,312
1763085554130,1763085554225,95,2050.5111422059567,6.572151096813964,2447,312
1763085554161,1763085554250,89,2050.5111422059567,6.572151096813964,2448,312
1763085554192,1763085554283,91,2050.5111422059567,6.572151096813964,2449,312
1763085554225,1763085554313,88,2050.5111422059567,6.572151096813964,2450,312
1763085554256,1763085554346,90,2050.5111422059567,6.572151096813964,2451,312
1763085554288,1763085554376,88,2013.9163580537356,6.454860121967101,2452,312
1763085554319,1763085554406,87,2013.9163580537356,6.454860121967101,2453,312
1763085554350,1763085554438,88,2013.9163580537356,6.454860121967101,2454,312
1763085554381,1763085554468,87,2013.9163580537356,6.454860121967101,2455,312
1763085554412,1763085554500,88,2013.9163580537356,6.454860121967101,2456,312
1763085554443,1763085554530,87,2013.9163580537356,6.454860121967101,2457,312
1763085554474,1763085554562,88,2013.9163580537356,6.454860121967101,2458,312
1763085554505,1763085554594,89,2048.273253726881,6.564978377329747,2459,312
1763085554537,1763085554626,89,2048.273253726881,6.564978377329747,2460,312
1763085554568,1763085554658,90,2048.273253726881,6.564978377329747,2461,312
1763085554600,1763085554690,90,2048.273253726881,6.564978377329747,2462,312
1763085554632,1763085554722,90,2048.273253726881,6.564978377329747,2463,312
1763085554664,1763085554754,90,2048.273253726881,6.564978377329747,2464,312
1763085554696,1763085554786,90,2011.6084169516898,6.44746287484516,2465,312
1763085554728,1763085554817,89,2011.6084169516898,6.44746287484516,2466,312
1763085554760,1763085554850,90,2011.6084169516898,6.44746287484516,2467,312
1763085554791,1763085554881,90,2011.6084169516898,6.44746287484516,2468,312
1763085554823,1763085554913,90,2011.6084169516898,6.44746287484516,2469,312
1763085554856,1763085554945,89,2011.6084169516898,6.44746287484516,2470,312
1763085554887,1763085554978,91,1983.5471251444,6.357522837001283,2471,312
1763085554919,1763085555009,90,1983.5471251444,6.357522837001283,2472,312
1763085554951,1763085555041,90,1983.5471251444,6.357522837001283,2473,312
1763085554983,1763085555073,90,1983.5471251444,6.357522837001283,2474,312
1763085555015,1763085555104,89,1983.5471251444,6.357522837001283,2475,312
1763085555047,1763085555136,89,1983.5471251444,6.357522837001283,2476,312
1763085555078,1763085555168,90,1983.5471251444,6.357522837001283,2477,312
1763085555110,1763085555200,90,2026.2435874886428,6.49437047272001,2478,312
1763085555142,1763085555231,89,2026.2435874886428,6.49437047272001,2479,312
1763085555174,1763085555265,91,2026.2435874886428,6.49437047272001,2480,312
1763085555206,1763085555296,90,2026.2435874886428,6.49437047272001,2481,312
1763085555238,1763085555329,91,2026.2435874886428,6.49437047272001,2482,312
1763085555270,1763085555359,89,2026.2435874886428,6.49437047272001,2483,312
1763085555302,1763085555392,90,1995.086382815937,6.394507637230568,2484,312
1763085555334,1763085555424,90,1995.086382815937,6.394507637230568,2485,312
1763085555366,1763085555454,88,1995.086382815937,6.394507637230568,2486,312
1763085555398,1763085555487,89,1995.086382815937,6.394507637230568,2487,312
1763085555430,1763085555519,89,1995.086382815937,6.394507637230568,2488,312
1763085555461,1763085555550,89,1995.086382815937,6.394507637230568,2489,312
1763085555493,1763085555582,89,1995.086382815937,6.394507637230568,2490,312
1763085555525,1763085555614,89,2035.1360696589584,6.522872018137687,2491,312
1763085555556,1763085555646,90,2035.1360696589584,6.522872018137687,2492,312
1763085555588,1763085555677,89,2035.1360696589584,6.522872018137687,2493,312
1763085555620,1763085555710,90,2035.1360696589584,6.522872018137687,2494,312
1763085555652,1763085555742,90,2035.1360696589584,6.522872018137687,2495,312
1763085555684,1763085555775,91,2035.1360696589584,6.522872018137687,2496,312
1763085555716,1763085555807,91,2002.1825835878487,6.417251870473875,2497,312
1763085555748,1763085555839,91,2002.1825835878487,6.417251870473875,2498,312
1763085555780,1763085555870,90,2002.1825835878487,6.417251870473875,2499,312
1763085555812,1763085555902,90,2002.1825835878487,6.417251870473875,2500,312
1763085555844,1763085555934,90,2002.1825835878487,6.417251870473875,2501,312
1763085555876,1763085555966,90,2002.1825835878487,6.417251870473875,2502,312
1763085555908,1763085555998,90,2002.1825835878487,6.417251870473875,2503,312
1763085555939,1763085556029,90,2040.909693283637,6.541377222062939,2504,312
1763085555972,1763085556061,89,2040.909693283637,6.541377222062939,2505,312
1763085556003,1763085556094,91,2040.909693283637,6.541377222062939,2506,312
1763085556035,1763085556126,91,2040.909693283637,6.541377222062939,2507,312
1763085556067,1763085556158,91,2040.909693283637,6.541377222062939,2508,312
1763085556099,1763085556191,92,2040.909693283637,6.541377222062939,2509,312
1763085556130,1763085556221,91,2006.9588449336259,6.432560400428288,2510,312
1763085556162,1763085556252,90,2006.9588449336259,6.432560400428288,2511,312
1763085556195,1763085556283,88,2006.9588449336259,6.432560400428288,2512,312
1763085556225,1763085556314,89,2006.9588449336259,6.432560400428288,2513,312
1763085556257,1763085556346,89,2006.9588449336259,6.432560400428288,2514,312
1763085556288,1763085556378,90,2006.9588449336259,6.432560400428288,2515,312
1763085556320,1763085556409,89,2006.9588449336259,6.432560400428288,2516,312
1763085556352,1763085556441,89,2044.3145286526308,6.55229015593792,2517,312
1763085556384,1763085556473,89,2044.3145286526308,6.55229015593792,2518,312
1763085556415,1763085556504,89,2044.3145286526308,6.55229015593792,2519,312
1763085556447,1763085556536,89,2044.3145286526308,6.55229015593792,2520,312
1763085556479,1763085556568,89,2044.3145286526308,6.55229015593792,2521,312
1763085556510,1763085556600,90,2044.3145286526308,6.55229015593792,2522,312
1763085556542,1763085556632,90,2009.679308393452,6.441279834594398,2523,312
1763085556574,1763085556664,90,2009.679308393452,6.441279834594398,2524,312
1763085556607,1763085556696,89,2009.679308393452,6.441279834594398,2525,312
1763085556638,1763085556728,90,2009.679308393452,6.441279834594398,2526,312
1763085556670,1763085556761,91,2009.679308393452,6.441279834594398,2527,312
1763085556702,1763085556792,90,2009.679308393452,6.441279834594398,2528,312
1763085556734,1763085556824,90,2009.679308393452,6.441279834594398,2529,312
1763085556766,1763085556855,89,2046.9839363972533,6.560845949991196,2530,312
1763085556798,1763085556887,89,2046.9839363972533,6.560845949991196,2531,312
1763085556830,1763085556920,90,2046.9839363972533,6.560845949991196,2532,312
1763085556862,1763085556951,89,2046.9839363972533,6.560845949991196,2533,312
1763085556894,1763085556983,89,2046.9839363972533,6.560845949991196,2534,312
1763085556925,1763085557015,90,2046.9839363972533,6.560845949991196,2535,312
1763085556957,1763085557047,90,2011.8121651814054,6.448115914042966,2536,312
1763085556989,1763085557079,90,2011.8121651814054,6.448115914042966,2537,312
1763085557021,1763085557110,89,2011.8121651814054,6.448115914042966,2538,312
1763085557053,1763085557142,89,2011.8121651814054,6.448115914042966,2539,312
1763085557085,1763085557175,90,2011.8121651814054,6.448115914042966,2540,312
1763085557116,1763085557206,90,2011.8121651814054,6.448115914042966,2541,312
1763085557148,1763085557238,90,2011.8121651814054,6.448115914042966,2542,312
1763085557180,1763085557270,90,2048.488173997766,6.565667224351815,2543,312
1763085557212,1763085557301,89,2048.488173997766,6.565667224351815,2544,312
1763085557244,1763085557333,89,2048.488173997766,6.565667224351815,2545,312
1763085557276,1763085557364,88,2048.488173997766,6.565667224351815,2546,312
1763085557307,1763085557395,88,2048.488173997766,6.565667224351815,2547,312
1763085557338,1763085557426,88,2048.488173997766,6.565667224351815,2548,312
1763085557370,1763085557456,86,2048.488173997766,6.565667224351815,2549,312
1763085557400,1763085557488,88,2075.861562850217,6.653402445032748,2550,312
1763085557431,1763085557520,89,2075.861562850217,6.653402445032748,2551,312
1763085557463,1763085557551,88,2075.861562850217,6.653402445032748,2552,312
1763085557493,1763085557583,90,2075.861562850217,6.653402445032748,2553,312
1763085557525,1763085557614,89,2075.861562850217,6.653402445032748,2554,312
1763085557556,1763085557646,90,2075.861562850217,6.653402445032748,2555,312
1763085557588,1763085557677,89,2034.477665591623,6.5207617486911005,2556,312
1763085557619,1763085557707,88,2034.477665591623,6.5207617486911005,2557,312
1763085557650,1763085557738,88,2034.477665591623,6.5207617486911005,2558,312
1763085557681,1763085557769,88,2034.477665591623,6.5207617486911005,2559,312
1763085557711,1763085557800,89,2034.477665591623,6.5207617486911005,2560,312
1763085557743,1763085557832,89,2034.477665591623,6.5207617486911005,2561,312
1763085557775,1763085557862,87,2034.477665591623,6.5207617486911005,2562,312
1763085557805,1763085557893,88,2064.6811771421153,6.6175678754554985,2563,312
1763085557836,1763085557926,90,2064.6811771421153,6.6175678754554985,2564,312
1763085557868,1763085557957,89,2064.6811771421153,6.6175678754554985,2565,312
1763085557900,1763085557994,94,2064.6811771421153,6.6175678754554985,2566,312
1763085557932,1763085558023,91,2064.6811771421153,6.6175678754554985,2567,312
1763085557964,1763085558053,89,2064.6811771421153,6.6175678754554985,2568,312
1763085557996,1763085558084,88,2024.7961734736975,6.48973132523621,2569,312
1763085558027,1763085558116,89,2024.7961734736975,6.48973132523621,2570,312
1763085558060,1763085558148,88,2024.7961734736975,6.48973132523621,2571,312
1763085558091,1763085558179,88,2024.7961734736975,6.48973132523621,2572,312
1763085558122,1763085558211,89,2024.7961734736975,6.48973132523621,2573,312
1763085558155,1763085558243,88,2024.7961734736975,6.48973132523621,2574,312
1763085558185,1763085558275,90,1994.2369387789581,6.391785060188968,2575,312
1763085558217,1763085558305,88,1994.2369387789581,6.391785060188968,2576,312
1763085558249,1763085558336,87,1994.2369387789581,6.391785060188968,2577,312
1763085558280,1763085558367,87,1994.2369387789581,6.391785060188968,2578,312
1763085558311,1763085558398,87,1994.2369387789581,6.391785060188968,2579,312
1763085558342,1763085558431,89,1994.2369387789581,6.391785060188968,2580,312
1763085558373,1763085558463,90,1994.2369387789581,6.391785060188968,2581,312
1763085558404,1763085558494,90,2033.8974185741558,6.518901982609473,2582,312
1763085558436,1763085558525,89,2033.8974185741558,6.518901982609473,2583,312
1763085558468,1763085558556,88,2033.8974185741558,6.518901982609473,2584,312
1763085558498,1763085558587,89,2033.8974185741558,6.518901982609473,2585,312
1763085558530,1763085558618,88,2033.8974185741558,6.518901982609473,2586,312
1763085558561,1763085558650,89,2033.8974185741558,6.518901982609473,2587,312
1763085558592,1763085558683,91,2033.8974185741558,6.518901982609473,2588,312
1763085558623,1763085558713,90,2064.368242603602,6.61656488013975,2589,312
1763085558655,1763085558743,88,2064.368242603602,6.61656488013975,2590,312
1763085558687,1763085558775,88,2064.368242603602,6.61656488013975,2591,312
1763085558717,1763085558806,89,2064.368242603602,6.61656488013975,2592,312
1763085558748,1763085558836,88,2064.368242603602,6.61656488013975,2593,312
1763085558780,1763085558868,88,2064.368242603602,6.61656488013975,2594,312
1763085558811,1763085558899,88,2025.5098575976745,6.4920187743515205,2595,312
1763085558841,1763085558931,90,2025.5098575976745,6.4920187743515205,2596,312
1763085558873,1763085558961,88,2025.5098575976745,6.4920187743515205,2597,312
1763085558904,1763085558993,89,2025.5098575976745,6.4920187743515205,2598,312
1763085558936,1763085559024,88,2025.5098575976745,6.4920187743515205,2599,312
1763085558968,1763085559056,88,2025.5098575976745,6.4920187743515205,2600,312
1763085558999,1763085559086,87,2025.5098575976745,6.4920187743515205,2601,312
1763085559030,1763085559118,88,2057.8418466477488,6.595646944383811,2602,312
1763085559061,1763085559149,88,2057.8418466477488,6.595646944383811,2603,312
1763085559093,1763085559182,89,2057.8418466477488,6.595646944383811,2604,312
1763085559124,1763085559211,87,2057.8418466477488,6.595646944383811,2605,312
1763085559155,1763085559242,87,2057.8418466477488,6.595646944383811,2606,312
1763085559186,1763085559273,87,2057.8418466477488,6.595646944383811,2607,312
1763085559216,1763085559305,89,2020.4876354715514,6.475921908562665,2608,312
1763085559247,1763085559335,88,2020.4876354715514,6.475921908562665,2609,312
1763085559278,1763085559367,89,2020.4876354715514,6.475921908562665,2610,312
1763085559309,1763085559397,88,2020.4876354715514,6.475921908562665,2611,312
1763085559341,1763085559430,89,2020.4876354715514,6.475921908562665,2612,312
1763085559372,1763085559463,91,2020.4876354715514,6.475921908562665,2613,312
1763085559403,1763085559491,88,2020.4876354715514,6.475921908562665,2614,312
1763085559435,1763085559523,88,2053.680645470826,6.582309761124444,2615,312
1763085559466,1763085559553,87,2053.680645470826,6.582309761124444,2616,312
1763085559497,1763085559585,88,2053.680645470826,6.582309761124444,2617,312
1763085559528,1763085559616,88,2053.680645470826,6.582309761124444,2618,312
1763085559559,1763085559649,90,2053.680645470826,6.582309761124444,2619,312
1763085559590,1763085559679,89,2053.680645470826,6.582309761124444,2620,312
1763085559622,1763085559711,89,2016.9811550857194,6.464683189377306,2621,312
1763085559652,1763085559741,89,2016.9811550857194,6.464683189377306,2622,312
1763085559684,1763085559772,88,2016.9811550857194,6.464683189377306,2623,312
1763085559715,1763085559803,88,2016.9811550857194,6.464683189377306,2624,312
1763085559746,1763085559833,87,2016.9811550857194,6.464683189377306,2625,312
1763085559777,1763085559865,88,2016.9811550857194,6.464683189377306,2626,312
1763085559809,1763085559896,87,2016.9811550857194,6.464683189377306,2627,312
1763085559840,1763085559927,87,2051.220018293147,6.574423135554958,2628,312
1763085559872,1763085559958,86,2051.220018293147,6.574423135554958,2629,312
1763085559903,1763085559992,89,2051.220018293147,6.574423135554958,2630,312
1763085559933,1763085560022,89,2051.220018293147,6.574423135554958,2631,312
1763085559965,1763085560055,90,2051.220018293147,6.574423135554958,2632,312
1763085559996,1763085560085,89,2051.220018293147,6.574423135554958,2633,312
1763085560028,1763085560117,89,2014.4799145430518,6.456666392766191,2634,312
1763085560060,1763085560149,89,2014.4799145430518,6.456666392766191,2635,312
1763085560092,1763085560181,89,2014.4799145430518,6.456666392766191,2636,312
1763085560124,1763085560213,89,2014.4799145430518,6.456666392766191,2637,312
1763085560155,1763085560244,89,2014.4799145430518,6.456666392766191,2638,312
1763085560187,1763085560275,88,2014.4799145430518,6.456666392766191,2639,312
1763085560218,1763085560307,89,2014.4799145430518,6.456666392766191,2640,312
1763085560250,1763085560339,89,2049.4010521471832,6.5685931158563555,2641,312
1763085560282,1763085560372,90,2049.4010521471832,6.5685931158563555,2642,312
1763085560314,1763085560403,89,2049.4010521471832,6.5685931158563555,2643,312
1763085560346,1763085560436,90,2049.4010521471832,6.5685931158563555,2644,312
1763085560378,1763085560467,89,2049.4010521471832,6.5685931158563555,2645,312
1763085560410,1763085560499,89,2049.4010521471832,6.5685931158563555,2646,312
1763085560442,1763085560533,91,2012.6790343527164,6.45089434087409,2647,312
1763085560474,1763085560564,90,2012.6790343527164,6.45089434087409,2648,312
1763085560506,1763085560594,88,2012.6790343527164,6.45089434087409,2649,312
1763085560540,1763085560626,86,2012.6790343527164,6.45089434087409,2650,312
1763085560569,1763085560657,88,2012.6790343527164,6.45089434087409,2651,312
1763085560601,1763085560689,88,2012.6790343527164,6.45089434087409,2652,312
1763085560633,1763085560721,88,1984.543227482173,6.360715472699272,2653,312
1763085560664,1763085560753,89,1984.543227482173,6.360715472699272,2654,312
1763085560696,1763085560784,88,1984.543227482173,6.360715472699272,2655,312
1763085560727,1763085560816,89,1984.543227482173,6.360715472699272,2656,312
1763085560759,1763085560847,88,1984.543227482173,6.360715472699272,2657,312
1763085560790,1763085560878,88,1984.543227482173,6.360715472699272,2658,312
1763085560821,1763085560910,89,1984.543227482173,6.360715472699272,2659,312
1763085560852,1763085560942,90,2026.4291497109168,6.494965223432424,2660,312
1763085560885,1763085560973,88,2026.4291497109168,6.494965223432424,2661,312
1763085560915,1763085561004,89,2026.4291497109168,6.494965223432424,2662,312
1763085560947,1763085561035,88,2026.4291497109168,6.494965223432424,2663,312
1763085560978,1763085561065,87,2026.4291497109168,6.494965223432424,2664,312
1763085561009,1763085561095,86,2026.4291497109168,6.494965223432424,2665,312
1763085561039,1763085561128,89,2026.4291497109168,6.494965223432424,2666,312
1763085561070,1763085561159,89,2058.1008906190227,6.596477213522507,2667,312
1763085561101,1763085561190,89,2058.1008906190227,6.596477213522507,2668,312
1763085561133,1763085561221,88,2058.1008906190227,6.596477213522507,2669,312
1763085561164,1763085561254,90,2058.1008906190227,6.596477213522507,2670,312
1763085561195,1763085561284,89,2058.1008906190227,6.596477213522507,2671,312
1763085561226,1763085561316,90,2058.1008906190227,6.596477213522507,2672,312
1763085561258,1763085561346,88,2020.322409823361,6.475392339177438,2673,312
1763085561289,1763085561376,87,2020.322409823361,6.475392339177438,2674,312
1763085561321,1763085561407,86,2020.322409823361,6.475392339177438,2675,312
1763085561351,1763085561438,87,2020.322409823361,6.475392339177438,2676,312
1763085561382,1763085561470,88,2020.322409823361,6.475392339177438,2677,312
1763085561413,1763085561505,92,2020.322409823361,6.475392339177438,2678,312
1763085561445,1763085561533,88,2020.322409823361,6.475392339177438,2679,312
1763085561476,1763085561565,89,2053.7126382193956,6.582412301985241,2680,312
1763085561508,1763085561595,87,2053.7126382193956,6.582412301985241,2681,312
1763085561539,1763085561625,86,2053.7126382193956,6.582412301985241,2682,312
1763085561570,1763085561657,87,2053.7126382193956,6.582412301985241,2683,312
1763085561600,1763085561688,88,2053.7126382193956,6.582412301985241,2684,312
1763085561631,1763085561720,89,2053.7126382193956,6.582412301985241,2685,312
1763085561662,1763085561753,91,2017.0066852990776,6.464765016984222,2686,312
1763085561693,1763085561783,90,2017.0066852990776,6.464765016984222,2687,312
1763085561725,1763085561814,89,2017.0066852990776,6.464765016984222,2688,312
1763085561756,1763085561845,89,2017.0066852990776,6.464765016984222,2689,312
1763085561788,1763085561877,89,2017.0066852990776,6.464765016984222,2690,312
1763085561819,1763085561909,90,2017.0066852990776,6.464765016984222,2691,312
1763085561851,1763085561939,88,2017.0066852990776,6.464765016984222,2692,312
1763085561882,1763085561970,88,2050.7393348686637,6.572882483553409,2693,312
1763085561913,1763085562003,90,2050.7393348686637,6.572882483553409,2694,312
1763085561944,1763085562032,88,2050.7393348686637,6.572882483553409,2695,312
1763085561975,1763085562065,90,2050.7393348686637,6.572882483553409,2696,312
1763085562006,1763085562094,88,2050.7393348686637,6.572882483553409,2697,312
1763085562038,1763085562128,90,2050.7393348686637,6.572882483553409,2698,312
1763085562069,1763085562157,88,2014.2765105554563,6.456014456908513,2699,312
1763085562100,1763085562188,88,2014.2765105554563,6.456014456908513,2700,312
1763085562131,1763085562221,90,2014.2765105554563,6.456014456908513,2701,312
1763085562163,1763085562251,88,2014.2765105554563,6.456014456908513,2702,312
1763085562195,1763085562282,87,2014.2765105554563,6.456014456908513,2703,312
1763085562225,1763085562312,87,2014.2765105554563,6.456014456908513,2704,312
1763085562257,1763085562342,85,2014.2765105554563,6.456014456908513,2705,312
1763085562287,1763085562375,88,2048.560655423254,6.565899536612994,2706,312
1763085562318,1763085562405,87,2048.560655423254,6.565899536612994,2707,312
1763085562349,1763085562437,88,2048.560655423254,6.565899536612994,2708,312
1763085562380,1763085562469,89,2048.560655423254,6.565899536612994,2709,312
1763085562411,1763085562500,89,2048.560655423254,6.565899536612994,2710,312
1763085562442,1763085562533,91,2048.560655423254,6.565899536612994,2711,312
1763085562474,1763085562564,90,2012.54228171691,6.450456031143943,2712,312
1763085562505,1763085562595,90,2012.54228171691,6.450456031143943,2713,312
1763085562538,1763085562626,88,2012.54228171691,6.450456031143943,2714,312
1763085562569,1763085562658,89,2012.54228171691,6.450456031143943,2715,312
1763085562599,1763085562688,89,2012.54228171691,6.450456031143943,2716,312
1763085562631,1763085562718,87,2012.54228171691,6.450456031143943,2717,312
1763085562663,1763085562749,86,2012.54228171691,6.450456031143943,2718,312
1763085562693,1763085562781,88,2047.0052830918112,6.560914368884011,2719,312
1763085562724,1763085562811,87,2047.0052830918112,6.560914368884011,2720,312
1763085562754,1763085562842,88,2047.0052830918112,6.560914368884011,2721,312
1763085562786,1763085562873,87,2047.0052830918112,6.560914368884011,2722,312
1763085562816,1763085562904,88,2047.0052830918112,6.560914368884011,2723,312
1763085562847,1763085562935,88,2047.0052830918112,6.560914368884011,2724,312
1763085562878,1763085562969,91,2011.8292211903572,6.448170580738324,2725,312
1763085562909,1763085562999,90,2011.8292211903572,6.448170580738324,2726,312
1763085562940,1763085563030,90,2011.8292211903572,6.448170580738324,2727,312
1763085562972,1763085563060,88,2011.8292211903572,6.448170580738324,2728,312
1763085563002,1763085563092,90,2011.8292211903572,6.448170580738324,2729,312
1763085563034,1763085563124,90,2011.8292211903572,6.448170580738324,2730,312
1763085563066,1763085563156,90,1983.7235477310953,6.358088294009921,2731,312
1763085563098,1763085563188,90,1983.7235477310953,6.358088294009921,2732,312
1763085563130,1763085563220,90,1983.7235477310953,6.358088294009921,2733,312
1763085563162,1763085563251,89,1983.7235477310953,6.358088294009921,2734,312
1763085563194,1763085563283,89,1983.7235477310953,6.358088294009921,2735,312
1763085563226,1763085563314,88,1983.7235477310953,6.358088294009921,2736,312
1763085563257,1763085563345,88,1983.7235477310953,6.358088294009921,2737,312
1763085563288,1763085563376,88,2025.5813262552965,6.492247840561848,2738,312
1763085563318,1763085563407,89,2025.5813262552965,6.492247840561848,2739,312
1763085563349,1763085563438,89,2025.5813262552965,6.492247840561848,2740,312
1763085563380,1763085563469,89,2025.5813262552965,6.492247840561848,2741,312
1763085563412,1763085563501,89,2025.5813262552965,6.492247840561848,2742,312
1763085563444,1763085563533,89,2025.5813262552965,6.492247840561848,2743,312
1763085563476,1763085563564,88,2025.5813262552965,6.492247840561848,2744,312
1763085563507,1763085563595,88,2058.0571543729607,6.596337033246669,2745,312
1763085563539,1763085563627,88,2058.0571543729607,6.596337033246669,2746,312
1763085563570,1763085563659,89,2058.0571543729607,6.596337033246669,2747,312
1763085563602,1763085563690,88,2058.0571543729607,6.596337033246669,2748,312
1763085563633,1763085563722,89,2058.0571543729607,6.596337033246669,2749,312
1763085563665,1763085563754,89,2058.0571543729607,6.596337033246669,2750,312
1763085563696,1763085563786,90,2019.7293805721308,6.4734916043978545,2751,312
1763085563729,1763085563817,88,2019.7293805721308,6.4734916043978545,2752,312
1763085563761,1763085563849,88,2019.7293805721308,6.4734916043978545,2753,312
1763085563792,1763085563881,89,2019.7293805721308,6.4734916043978545,2754,312
1763085563824,1763085563913,89,2019.7293805721308,6.4734916043978545,2755,312
1763085563856,1763085563945,89,2019.7293805721308,6.4734916043978545,2756,312
1763085563887,1763085563977,90,1990.0357750771325,6.378319791913886,2757,312
1763085563920,1763085564010,90,1990.0357750771325,6.378319791913886,2758,312
1763085563951,1763085564039,88,1990.0357750771325,6.378319791913886,2759,312
1763085563984,1763085564071,87,1990.0357750771325,6.378319791913886,2760,312
1763085564015,1763085564103,88,1990.0357750771325,6.378319791913886,2761,312
1763085564046,1763085564135,89,1990.0357750771325,6.378319791913886,2762,312
1763085564077,1763085564166,89,1990.0357750771325,6.378319791913886,2763,312
1763085564110,1763085564201,91,2031.1561907607804,6.5101159960281425,2764,312
1763085564142,1763085564230,88,2031.1561907607804,6.5101159960281425,2765,312
1763085564173,1763085564260,87,2031.1561907607804,6.5101159960281425,2766,312
1763085564205,1763085564291,86,2031.1561907607804,6.5101159960281425,2767,312
1763085564235,1763085564323,88,2031.1561907607804,6.5101159960281425,2768,312
1763085564267,1763085564355,88,2031.1561907607804,6.5101159960281425,2769,312
1763085564297,1763085564385,88,2031.1561907607804,6.5101159960281425,2770,312
1763085564329,1763085564416,87,2062.0306402271026,6.609072564830457,2771,312
1763085564360,1763085564448,88,2062.0306402271026,6.609072564830457,2772,312
1763085564391,1763085564479,88,2062.0306402271026,6.609072564830457,2773,312
1763085564423,1763085564511,88,2062.0306402271026,6.609072564830457,2774,312
1763085564455,1763085564542,87,2062.0306402271026,6.609072564830457,2775,312
1763085564486,1763085564573,87,2062.0306402271026,6.609072564830457,2776,312
1763085564517,1763085564604,87,2023.6444509012279,6.486039906734705,2777,312
1763085564547,1763085564634,87,2023.6444509012279,6.486039906734705,2778,312
1763085564577,1763085564666,89,2023.6444509012279,6.486039906734705,2779,312
1763085564609,1763085564696,87,2023.6444509012279,6.486039906734705,2780,312
1763085564640,1763085564728,88,2023.6444509012279,6.486039906734705,2781,312
1763085564670,1763085564758,88,2023.6444509012279,6.486039906734705,2782,312
1763085564701,1763085564789,88,2023.6444509012279,6.486039906734705,2783,312
1763085564732,1763085564820,88,2055.8759162700812,6.58934588548103,2784,312
1763085564763,1763085564851,88,2055.8759162700812,6.58934588548103,2785,312
1763085564794,1763085564883,89,2055.8759162700812,6.58934588548103,2786,312
1763085564825,1763085564914,89,2055.8759162700812,6.58934588548103,2787,312
1763085564857,1763085564946,89,2055.8759162700812,6.58934588548103,2788,312
1763085564889,1763085564978,89,2055.8759162700812,6.58934588548103,2789,312
1763085564920,1763085565009,89,2018.1813534347145,6.468529978957418,2790,312
1763085564953,1763085565040,87,2018.1813534347145,6.468529978957418,2791,312
1763085564984,1763085565071,87,2018.1813534347145,6.468529978957418,2792,312
1763085565015,1763085565102,87,2018.1813534347145,6.468529978957418,2793,312
1763085565047,1763085565134,87,2018.1813534347145,6.468529978957418,2794,312
1763085565077,1763085565166,89,2018.1813534347145,6.468529978957418,2795,312
1763085565109,1763085565199,90,2018.1813534347145,6.468529978957418,2796,312
1763085565140,1763085565230,90,2051.345082747772,6.574823983165935,2797,312
1763085565172,1763085565260,88,2051.345082747772,6.574823983165935,2798,312
1763085565203,1763085565291,88,2051.345082747772,6.574823983165935,2799,312
1763085565234,1763085565321,87,2051.345082747772,6.574823983165935,2800,312
1763085565266,1763085565353,87,2051.345082747772,6.574823983165935,2801,312
1763085565296,1763085565384,88,2051.345082747772,6.574823983165935,2802,312
1763085565328,1763085565415,87,2014.3999957017309,6.456410242633752,2803,312
1763085565358,1763085565445,87,2014.3999957017309,6.456410242633752,2804,312
1763085565390,1763085565478,88,2014.3999957017309,6.456410242633752,2805,312
1763085565421,1763085565508,87,2014.3999957017309,6.456410242633752,2806,312
1763085565451,1763085565539,88,2014.3999957017309,6.456410242633752,2807,312
1763085565483,1763085565572,89,2014.3999957017309,6.456410242633752,2808,312
1763085565514,1763085565603,89,2014.3999957017309,6.456410242633752,2809,312
1763085565546,1763085565633,87,2048.9983965785777,6.567302553136467,2810,312
1763085565577,1763085565665,88,2048.9983965785777,6.567302553136467,2811,312
1763085565609,1763085565695,86,2048.9983965785777,6.567302553136467,2812,312
1763085565639,1763085565727,88,2048.9983965785777,6.567302553136467,2813,312
1763085565670,1763085565757,87,2048.9983965785777,6.567302553136467,2814,312
1763085565701,1763085565788,87,2048.9983965785777,6.567302553136467,2815,312
1763085565732,1763085565821,89,2013.244720469705,6.452707437402901,2816,312
1763085565763,1763085565852,89,2013.244720469705,6.452707437402901,2817,312
1763085565795,1763085565884,89,2013.244720469705,6.452707437402901,2818,312
1763085565827,1763085565916,89,2013.244720469705,6.452707437402901,2819,312
1763085565859,1763085565947,88,2013.244720469705,6.452707437402901,2820,312
1763085565891,1763085565979,88,2013.244720469705,6.452707437402901,2821,312
1763085565923,1763085566013,90,1984.7132869348247,6.361260535047514,2822,312
1763085565954,1763085566045,91,1984.7132869348247,6.361260535047514,2823,312
1763085565986,1763085566076,90,1984.7132869348247,6.361260535047514,2824,312
1763085566018,1763085566107,89,1984.7132869348247,6.361260535047514,2825,312
1763085566050,1763085566138,88,1984.7132869348247,6.361260535047514,2826,312
1763085566082,1763085566172,90,1984.7132869348247,6.361260535047514,2827,312
1763085566113,1763085566202,89,1984.7132869348247,6.361260535047514,2828,312
1763085566145,1763085566234,89,2026.962070104642,6.496673301617442,2829,312
1763085566177,1763085566267,90,2026.962070104642,6.496673301617442,2830,312
1763085566209,1763085566299,90,2026.962070104642,6.496673301617442,2831,312
1763085566241,1763085566331,90,2026.962070104642,6.496673301617442,2832,312
1763085566273,1763085566363,90,2026.962070104642,6.496673301617442,2833,312
1763085566305,1763085566394,89,2026.962070104642,6.496673301617442,2834,312
1763085566337,1763085566427,90,1995.6597319435043,6.396345294690718,2835,312
1763085566369,1763085566457,88,1995.6597319435043,6.396345294690718,2836,312
1763085566400,1763085566488,88,1995.6597319435043,6.396345294690718,2837,312
1763085566431,1763085566521,90,1995.6597319435043,6.396345294690718,2838,312
1763085566462,1763085566559,97,1995.6597319435043,6.396345294690718,2839,312
1763085566494,1763085566582,88,1995.6597319435043,6.396345294690718,2840,312
1763085566530,1763085566613,83,1995.6597319435043,6.396345294690718,2841,312
1763085566557,1763085566644,87,2034.6461674311988,6.521301818689739,2842,312
1763085566588,1763085566677,89,2034.6461674311988,6.521301818689739,2843,312
1763085566619,1763085566708,89,2034.6461674311988,6.521301818689739,2844,312
1763085566650,1763085566740,90,2034.6461674311988,6.521301818689739,2845,312
1763085566682,1763085566770,88,2034.6461674311988,6.521301818689739,2846,312
1763085566713,1763085566801,88,2034.6461674311988,6.521301818689739,2847,312
1763085566744,1763085566833,89,2034.6461674311988,6.521301818689739,2848,312
1763085566775,1763085566864,89,2064.9649954426654,6.618477549495722,2849,312
1763085566806,1763085566896,90,2064.9649954426654,6.618477549495722,2850,312
1763085566838,1763085566927,89,2064.9649954426654,6.618477549495722,2851,312
1763085566870,1763085566958,88,2064.9649954426654,6.618477549495722,2852,312
1763085566901,1763085566988,87,2064.9649954426654,6.618477549495722,2853,312
1763085566932,1763085567022,90,2064.9649954426654,6.618477549495722,2854,312
1763085566963,1763085567052,89,2025.6001363723617,6.4923081293985945,2855,312
1763085566994,1763085567083,89,2025.6001363723617,6.4923081293985945,2856,312
1763085567026,1763085567114,88,2025.6001363723617,6.4923081293985945,2857,312
1763085567056,1763085567144,88,2025.6001363723617,6.4923081293985945,2858,312
1763085567088,1763085567176,88,2025.6001363723617,6.4923081293985945,2859,312
1763085567119,1763085567207,88,2025.6001363723617,6.4923081293985945,2860,312
1763085567150,1763085567239,89,2025.6001363723617,6.4923081293985945,2861,312
1763085567181,1763085567271,90,2057.9137085524,6.595877271001282,2862,312
1763085567213,1763085567302,89,2057.9137085524,6.595877271001282,2863,312
1763085567245,1763085567334,89,2057.9137085524,6.595877271001282,2864,312
1763085567277,1763085567365,88,2057.9137085524,6.595877271001282,2865,312
1763085567308,1763085567397,89,2057.9137085524,6.595877271001282,2866,312
1763085567340,1763085567430,90,2057.9137085524,6.595877271001282,2867,312
1763085567372,1763085567462,90,2019.429570882053,6.472530675904016,2868,312
1763085567404,1763085567493,89,2019.429570882053,6.472530675904016,2869,312
1763085567436,1763085567526,90,2019.429570882053,6.472530675904016,2870,312
1763085567468,1763085567558,90,2019.429570882053,6.472530675904016,2871,312
1763085567500,1763085567591,91,2019.429570882053,6.472530675904016,2872,312
1763085567532,1763085567621,89,2019.429570882053,6.472530675904016,2873,312
1763085567564,1763085567654,90,1989.6487975638784,6.377079479371405,2874,312
1763085567596,1763085567686,90,1989.6487975638784,6.377079479371405,2875,312
1763085567628,1763085567718,90,1989.6487975638784,6.377079479371405,2876,312
1763085567661,1763085567750,89,1989.6487975638784,6.377079479371405,2877,312
1763085567692,1763085567781,89,1989.6487975638784,6.377079479371405,2878,312
1763085567724,1763085567814,90,1989.6487975638784,6.377079479371405,2879,312
1763085567756,1763085567846,90,1989.6487975638784,6.377079479371405,2880,312
1763085567788,1763085567876,88,2031.0456036827723,6.509761550265296,2881,312
1763085567820,1763085567908,88,2031.0456036827723,6.509761550265296,2882,312
1763085567851,1763085567941,90,2031.0456036827723,6.509761550265296,2883,312
1763085567883,1763085567971,88,2031.0456036827723,6.509761550265296,2884,312
1763085567914,1763085568002,88,2031.0456036827723,6.509761550265296,2885,312
1763085567945,1763085568033,88,2031.0456036827723,6.509761550265296,2886,312
1763085567976,1763085568064,88,2031.0456036827723,6.509761550265296,2887,312
1763085568007,1763085568098,91,2061.789437342535,6.608299478661971,2888,312
1763085568038,1763085568128,90,2061.789437342535,6.608299478661971,2889,312
1763085568069,1763085568160,91,2061.789437342535,6.608299478661971,2890,312
1763085568101,1763085568191,90,2061.789437342535,6.608299478661971,2891,312
1763085568133,1763085568222,89,2061.789437342535,6.608299478661971,2892,312
1763085568164,1763085568254,90,2061.789437342535,6.608299478661971,2893,312
1763085568196,1763085568285,89,2022.692813249973,6.482989786057605,2894,312
1763085568227,1763085568316,89,2022.692813249973,6.482989786057605,2895,312
1763085568259,1763085568347,88,2022.692813249973,6.482989786057605,2896,312
1763085568290,1763085568378,88,2022.692813249973,6.482989786057605,2897,312
1763085568320,1763085568408,88,2022.692813249973,6.482989786057605,2898,312
1763085568351,1763085568439,88,2022.692813249973,6.482989786057605,2899,312
1763085568382,1763085568470,88,2022.692813249973,6.482989786057605,2900,312
1763085568413,1763085568503,90,2055.1155577867285,6.586908839060026,2901,312
1763085568444,1763085568533,89,2055.1155577867285,6.586908839060026,2902,312
1763085568476,1763085568564,88,2055.1155577867285,6.586908839060026,2903,312
1763085568507,1763085568595,88,2055.1155577867285,6.586908839060026,2904,312
1763085568539,1763085568627,88,2055.1155577867285,6.586908839060026,2905,312
1763085568569,1763085568657,88,2055.1155577867285,6.586908839060026,2906,312
1763085568600,1763085568688,88,2017.9430995560226,6.4677663447308404,2907,312
1763085568632,1763085568721,89,2017.9430995560226,6.4677663447308404,2908,312
1763085568664,1763085568753,89,2017.9430995560226,6.4677663447308404,2909,312
1763085568694,1763085568784,90,2017.9430995560226,6.4677663447308404,2910,312
1763085568727,1763085568815,88,2017.9430995560226,6.4677663447308404,2911,312
1763085568758,1763085568846,88,2017.9430995560226,6.4677663447308404,2912,312
1763085568789,1763085568877,88,2017.9430995560226,6.4677663447308404,2913,312
1763085568819,1763085568909,90,2051.65265034615,6.5758097767504795,2914,312
1763085568851,1763085568939,88,2051.65265034615,6.5758097767504795,2915,312
1763085568882,1763085568969,87,2051.65265034615,6.5758097767504795,2916,312
1763085568912,1763085569000,88,2051.65265034615,6.5758097767504795,2917,312
1763085568943,1763085569031,88,2051.65265034615,6.5758097767504795,2918,312
1763085568974,1763085569062,88,2051.65265034615,6.5758097767504795,2919,312
1763085569005,1763085569092,87,2015.3628149762278,6.459496201846883,2920,312
1763085569036,1763085569125,89,2015.3628149762278,6.459496201846883,2921,312
1763085569067,1763085569155,88,2015.3628149762278,6.459496201846883,2922,312
1763085569098,1763085569187,89,2015.3628149762278,6.459496201846883,2923,312
1763085569129,1763085569218,89,2015.3628149762278,6.459496201846883,2924,312
1763085569161,1763085569249,88,2015.3628149762278,6.459496201846883,2925,312
1763085569192,1763085569280,88,2015.3628149762278,6.459496201846883,2926,312
1763085569223,1763085569312,89,2049.42752635103,6.568677969073812,2927,312
1763085569254,1763085569342,88,2049.42752635103,6.568677969073812,2928,312
1763085569285,1763085569375,90,2049.42752635103,6.568677969073812,2929,312
1763085569317,1763085569406,89,2049.42752635103,6.568677969073812,2930,312
1763085569349,1763085569438,89,2049.42752635103,6.568677969073812,2931,312
1763085569381,1763085569471,90,2049.42752635103,6.568677969073812,2932,312
1763085569413,1763085569503,90,2012.5226008700156,6.450392951506459,2933,312
1763085569445,1763085569534,89,2012.5226008700156,6.450392951506459,2934,312
1763085569477,1763085569566,89,2012.5226008700156,6.450392951506459,2935,312
1763085569508,1763085569598,90,2012.5226008700156,6.450392951506459,2936,312
1763085569540,1763085569630,90,2012.5226008700156,6.450392951506459,2937,312
1763085569572,1763085569660,88,2012.5226008700156,6.450392951506459,2938,312
1763085569604,1763085569693,89,1984.4180806960126,6.360314361205168,2939,312
1763085569635,1763085569724,89,1984.4180806960126,6.360314361205168,2940,312
1763085569667,1763085569755,88,1984.4180806960126,6.360314361205168,2941,312
1763085569699,1763085569787,88,1984.4180806960126,6.360314361205168,2942,312
1763085569730,1763085569819,89,1984.4180806960126,6.360314361205168,2943,312
1763085569761,1763085569851,90,1984.4180806960126,6.360314361205168,2944,312
1763085569793,1763085569884,91,1984.4180806960126,6.360314361205168,2945,312
1763085569826,1763085569917,91,2026.7294475884578,6.495927716629672,2946,312
1763085569858,1763085569948,90,2026.7294475884578,6.495927716629672,2947,312
1763085569890,1763085569979,89,2026.7294475884578,6.495927716629672,2948,312
1763085569921,1763085570011,90,2026.7294475884578,6.495927716629672,2949,312
1763085569952,1763085570041,89,2026.7294475884578,6.495927716629672,2950,312
1763085569984,1763085570072,88,2026.7294475884578,6.495927716629672,2951,312
1763085570015,1763085570102,87,2026.7294475884578,6.495927716629672,2952,312
1763085570046,1763085570134,88,2058.4980991755892,6.597750317870478,2953,312
1763085570077,1763085570163,86,2058.4980991755892,6.597750317870478,2954,312
1763085570107,1763085570194,87,2058.4980991755892,6.597750317870478,2955,312
1763085570138,1763085570226,88,2058.4980991755892,6.597750317870478,2956,312
1763085570170,1763085570258,88,2058.4980991755892,6.597750317870478,2957,312
1763085570200,1763085570290,90,2058.4980991755892,6.597750317870478,2958,312
1763085570232,1763085570319,87,2020.6389850429446,6.4764070033427705,2959,312
1763085570263,1763085570351,88,2020.6389850429446,6.4764070033427705,2960,312
1763085570295,1763085570382,87,2020.6389850429446,6.4764070033427705,2961,312
1763085570325,1763085570413,88,2020.6389850429446,6.4764070033427705,2962,312
1763085570356,1763085570446,90,2020.6389850429446,6.4764070033427705,2963,312
1763085570388,1763085570477,89,2020.6389850429446,6.4764070033427705,2964,312
1763085570419,1763085570509,90,2020.6389850429446,6.4764070033427705,2965,312
1763085570451,1763085570538,87,2053.801271079227,6.582696381664188,2966,312
1763085570482,1763085570569,87,2053.801271079227,6.582696381664188,2967,312
1763085570513,1763085570600,87,2053.801271079227,6.582696381664188,2968,312
1763085570544,1763085570632,88,2053.801271079227,6.582696381664188,2969,312
1763085570575,1763085570664,89,2053.801271079227,6.582696381664188,2970,312
1763085570606,1763085570696,90,2053.801271079227,6.582696381664188,2971,312
1763085570638,1763085570726,88,2017.077414321223,6.464991712568022,2972,312
1763085570669,1763085570757,88,2017.077414321223,6.464991712568022,2973,312
1763085570701,1763085570788,87,2017.077414321223,6.464991712568022,2974,312
1763085570731,1763085570819,88,2017.077414321223,6.464991712568022,2975,312
1763085570763,1763085570851,88,2017.077414321223,6.464991712568022,2976,312
1763085570793,1763085570882,89,2017.077414321223,6.464991712568022,2977,312
1763085570825,1763085570915,90,2017.077414321223,6.464991712568022,2978,312
1763085570857,1763085570946,89,2051.2965443853723,6.574668411491578,2979,312
1763085570888,1763085570978,90,2051.2965443853723,6.574668411491578,2980,312
1763085570920,1763085571010,90,2051.2965443853723,6.574668411491578,2981,312
1763085570953,1763085571041,88,2051.2965443853723,6.574668411491578,2982,312
1763085570984,1763085571073,89,2051.2965443853723,6.574668411491578,2983,312
1763085571015,1763085571105,90,2051.2965443853723,6.574668411491578,2984,312
1763085571048,1763085571137,89,2014.1821596976001,6.455712050312821,2985,312
1763085571079,1763085571169,90,2014.1821596976001,6.455712050312821,2986,312
1763085571111,1763085571201,90,2014.1821596976001,6.455712050312821,2987,312
1763085571143,1763085571234,91,2014.1821596976001,6.455712050312821,2988,312
1763085571175,1763085571265,90,2014.1821596976001,6.455712050312821,2989,312
1763085571208,1763085571297,89,2014.1821596976001,6.455712050312821,2990,312
1763085571239,1763085571328,89,1985.7457277580802,6.364569640250257,2991,312
1763085571270,1763085571358,88,1985.7457277580802,6.364569640250257,2992,312
1763085571301,1763085571390,89,1985.7457277580802,6.364569640250257,2993,312
1763085571333,1763085571422,89,1985.7457277580802,6.364569640250257,2994,312
1763085571364,1763085571454,90,1985.7457277580802,6.364569640250257,2995,312
1763085571396,1763085571486,90,1985.7457277580802,6.364569640250257,2996,312
1763085571428,1763085571517,89,1985.7457277580802,6.364569640250257,2997,312
1763085571460,1763085571549,89,2027.7756334733672,6.4992808765172025,2998,312
1763085571492,1763085571582,90,2027.7756334733672,6.4992808765172025,2999,312
1763085571524,1763085571611,87,2027.7756334733672,6.4992808765172025,3000,312
1763085571555,1763085571645,90,2027.7756334733672,6.4992808765172025,3001,312
1763085571586,1763085571676,90,2027.7756334733672,6.4992808765172025,3002,312
1763085571618,1763085571709,91,2027.7756334733672,6.4992808765172025,3003,312
1763085571650,1763085571737,87,2027.7756334733672,6.4992808765172025,3004,312
1763085571680,1763085571768,88,2059.6454042448004,6.601427577707693,3005,312
1763085571711,1763085571799,88,2059.6454042448004,6.601427577707693,3006,312
1763085571743,1763085571832,89,2059.6454042448004,6.601427577707693,3007,312
1763085571774,1763085571863,89,2059.6454042448004,6.601427577707693,3008,312
1763085571806,1763085571894,88,2059.6454042448004,6.601427577707693,3009,312
1763085571837,1763085571926,89,2059.6454042448004,6.601427577707693,3010,312
1763085571868,1763085571957,89,2021.553387183106,6.479337779433032,3011,312
1763085571899,1763085571988,89,2021.553387183106,6.479337779433032,3012,312
1763085571931,1763085572018,87,2021.553387183106,6.479337779433032,3013,312
1763085571962,1763085572050,88,2021.553387183106,6.479337779433032,3014,312
1763085571993,1763085572081,88,2021.553387183106,6.479337779433032,3015,312
1763085572025,1763085572112,87,2021.553387183106,6.479337779433032,3016,312
1763085572056,1763085572144,88,2021.553387183106,6.479337779433032,3017,312
1763085572087,1763085572175,88,2054.5300495849356,6.5850322102081265,3018,312
1763085572118,1763085572206,88,2054.5300495849356,6.5850322102081265,3019,312
1763085572150,1763085572238,88,2054.5300495849356,6.5850322102081265,3020,312
1763085572181,1763085572269,88,2054.5300495849356,6.5850322102081265,3021,312
1763085572212,1763085572300,88,2054.5300495849356,6.5850322102081265,3022,312
1763085572243,1763085572331,88,2054.5300495849356,6.5850322102081265,3023,312
1763085572274,1763085572362,88,2017.6589795687785,6.466855703746085,3024,312
1763085572305,1763085572392,87,2017.6589795687785,6.466855703746085,3025,312
1763085572336,1763085572424,88,2017.6589795687785,6.466855703746085,3026,312
1763085572367,1763085572455,88,2017.6589795687785,6.466855703746085,3027,312
1763085572399,1763085572486,87,2017.6589795687785,6.466855703746085,3028,312
1763085572430,1763085572516,86,2017.6589795687785,6.466855703746085,3029,312
1763085572461,1763085572547,86,2017.6589795687785,6.466855703746085,3030,312
1763085572492,1763085572580,88,2051.2598656958853,6.574550851589376,3031,312
1763085572523,1763085572612,89,2051.2598656958853,6.574550851589376,3032,312
1763085572553,1763085572644,91,2051.2598656958853,6.574550851589376,3033,312
1763085572586,1763085572676,90,2051.2598656958853,6.574550851589376,3034,312
1763085572618,1763085572706,88,2051.2598656958853,6.574550851589376,3035,312
1763085572649,1763085572736,87,2051.2598656958853,6.574550851589376,3036,312
1763085572680,1763085572768,88,2014.6908530939247,6.457342477865144,3037,312
1763085572710,1763085572797,87,2014.6908530939247,6.457342477865144,3038,312
1763085572742,1763085572829,87,2014.6908530939247,6.457342477865144,3039,312
1763085572773,1763085572861,88,2014.6908530939247,6.457342477865144,3040,312
1763085572803,1763085572893,90,2014.6908530939247,6.457342477865144,3041,312
1763085572835,1763085572924,89,2014.6908530939247,6.457342477865144,3042,312
1763085572866,1763085572956,90,2014.6908530939247,6.457342477865144,3043,312
1763085572898,1763085572986,88,2049.060609915858,6.567501954858519,3044,312
1763085572929,1763085573015,86,2049.060609915858,6.567501954858519,3045,312
1763085572960,1763085573047,87,2049.060609915858,6.567501954858519,3046,312
1763085572990,1763085573079,89,2049.060609915858,6.567501954858519,3047,312
1763085573022,1763085573110,88,2049.060609915858,6.567501954858519,3048,312
1763085573054,1763085573143,89,2049.060609915858,6.567501954858519,3049,312
1763085573085,1763085573173,88,2013.2943667128548,6.452866559977099,3050,312
1763085573116,1763085573203,87,2013.2943667128548,6.452866559977099,3051,312
1763085573147,1763085573234,87,2013.2943667128548,6.452866559977099,3052,312
1763085573178,1763085573266,88,2013.2943667128548,6.452866559977099,3053,312
1763085573208,1763085573297,89,2013.2943667128548,6.452866559977099,3054,312
1763085573239,1763085573328,89,2013.2943667128548,6.452866559977099,3055,312
1763085573271,1763085573360,89,2013.2943667128548,6.452866559977099,3056,312
1763085573302,1763085573391,89,2047.9476102701453,6.563934648301748,3057,312
1763085573333,1763085573423,90,2047.9476102701453,6.563934648301748,3058,312
1763085573365,1763085573454,89,2047.9476102701453,6.563934648301748,3059,312
1763085573396,1763085573486,90,2047.9476102701453,6.563934648301748,3060,312
1763085573428,1763085573516,88,2047.9476102701453,6.563934648301748,3061,312
1763085573459,1763085573547,88,2047.9476102701453,6.563934648301748,3062,312
1763085573490,1763085573578,88,2012.406192995576,6.450019849344795,3063,312
1763085573521,1763085573609,88,2012.406192995576,6.450019849344795,3064,312
1763085573552,1763085573641,89,2012.406192995576,6.450019849344795,3065,312
1763085573583,1763085573671,88,2012.406192995576,6.450019849344795,3066,312
1763085573614,1763085573706,92,2012.406192995576,6.450019849344795,3067,312
1763085573645,1763085573734,89,2012.406192995576,6.450019849344795,3068,312
1763085573676,1763085573765,89,2012.406192995576,6.450019849344795,3069,312
1763085573708,1763085573796,88,2047.2397358174742,6.561665819927802,3070,312
1763085573739,1763085573829,90,2047.2397358174742,6.561665819927802,3071,312
1763085573771,1763085573859,88,2047.2397358174742,6.561665819927802,3072,312
1763085573803,1763085573891,88,2047.2397358174742,6.561665819927802,3073,312
1763085573834,1763085573923,89,2047.2397358174742,6.561665819927802,3074,312
1763085573865,1763085573954,89,2047.2397358174742,6.561665819927802,3075,312
1763085573897,1763085573985,88,2011.4908297107095,6.44708599266253,3076,312
1763085573928,1763085574016,88,2011.4908297107095,6.44708599266253,3077,312
1763085573959,1763085574051,92,2011.4908297107095,6.44708599266253,3078,312
1763085573990,1763085574078,88,2011.4908297107095,6.44708599266253,3079,312
1763085574022,1763085574111,89,2011.4908297107095,6.44708599266253,3080,312
1763085574053,1763085574143,90,2011.4908297107095,6.44708599266253,3081,312
1763085574085,1763085574175,90,1983.4531729388568,6.357221708137362,3082,312
1763085574117,1763085574208,91,1983.4531729388568,6.357221708137362,3083,312
1763085574149,1763085574237,88,1983.4531729388568,6.357221708137362,3084,312
1763085574180,1763085574269,89,1983.4531729388568,6.357221708137362,3085,312
1763085574211,1763085574300,89,1983.4531729388568,6.357221708137362,3086,312
1763085574243,1763085574331,88,1983.4531729388568,6.357221708137362,3087,312
1763085574275,1763085574362,87,1983.4531729388568,6.357221708137362,3088,312
1763085574305,1763085574394,89,2025.3674597946358,6.491562371136653,3089,312
1763085574337,1763085574427,90,2025.3674597946358,6.491562371136653,3090,312
1763085574369,1763085574456,87,2025.3674597946358,6.491562371136653,3091,312
1763085574400,1763085574488,88,2025.3674597946358,6.491562371136653,3092,312
1763085574431,1763085574519,88,2025.3674597946358,6.491562371136653,3093,312
1763085574463,1763085574550,87,2025.3674597946358,6.491562371136653,3094,312
1763085574494,1763085574582,88,2025.3674597946358,6.491562371136653,3095,312
1763085574525,1763085574613,88,2057.72849799653,6.595283647424775,3096,312
1763085574556,1763085574645,89,2057.72849799653,6.595283647424775,3097,312
1763085574588,1763085574677,89,2057.72849799653,6.595283647424775,3098,312
1763085574619,1763085574709,90,2057.72849799653,6.595283647424775,3099,312
1763085574651,1763085574741,90,2057.72849799653,6.595283647424775,3100,312
1763085574683,1763085574773,90,2057.72849799653,6.595283647424775,3101,312
1763085574716,1763085574808,92,2019.468427409245,6.472655216055272,3102,312
1763085574747,1763085574837,90,2019.468427409245,6.472655216055272,3103,312
1763085574780,1763085574868,88,2019.468427409245,6.472655216055272,3104,312
1763085574811,1763085574900,89,2019.468427409245,6.472655216055272,3105,312
1763085574843,1763085574932,89,2019.468427409245,6.472655216055272,3106,312
1763085574874,1763085574964,90,2019.468427409245,6.472655216055272,3107,312
1763085574906,1763085574996,90,1989.6798050725774,6.377178862412107,3108,312
1763085574939,1763085575028,89,1989.6798050725774,6.377178862412107,3109,312
1763085574970,1763085575061,91,1989.6798050725774,6.377178862412107,3110,312
1763085575002,1763085575093,91,1989.6798050725774,6.377178862412107,3111,312
1763085575034,1763085575125,91,1989.6798050725774,6.377178862412107,3112,312
1763085575066,1763085575156,90,1989.6798050725774,6.377178862412107,3113,312
1763085575098,1763085575188,90,1989.6798050725774,6.377178862412107,3114,312
1763085575130,1763085575221,91,2030.875686397191,6.50921694358074,3115,312
1763085575162,1763085575250,88,2030.875686397191,6.50921694358074,3116,312
1763085575193,1763085575282,89,2030.875686397191,6.50921694358074,3117,312
1763085575224,1763085575313,89,2030.875686397191,6.50921694358074,3118,312
1763085575256,1763085575344,88,2030.875686397191,6.50921694358074,3119,312
1763085575287,1763085575375,88,2030.875686397191,6.50921694358074,3120,312
1763085575318,1763085575406,88,2030.875686397191,6.50921694358074,3121,312
1763085575349,1763085575438,89,2061.806797744958,6.60835512097743,3122,312
1763085575380,1763085575467,87,2061.806797744958,6.60835512097743,3123,312
1763085575410,1763085575497,87,2061.806797744958,6.60835512097743,3124,312
1763085575442,1763085575528,86,2061.806797744958,6.60835512097743,3125,312
1763085575473,1763085575560,87,2061.806797744958,6.60835512097743,3126,312
1763085575504,1763085575590,86,2061.806797744958,6.60835512097743,3127,312
1763085575535,1763085575623,88,2023.2760178027318,6.4848590314190115,3128,312
1763085575566,1763085575655,89,2023.2760178027318,6.4848590314190115,3129,312
1763085575597,1763085575686,89,2023.2760178027318,6.4848590314190115,3130,312
1763085575629,1763085575718,89,2023.2760178027318,6.4848590314190115,3131,312
1763085575661,1763085575749,88,2023.2760178027318,6.4848590314190115,3132,312
1763085575693,1763085575782,89,2023.2760178027318,6.4848590314190115,3133,312
1763085575724,1763085575813,89,1993.0208142421855,6.387887225135209,3134,312
1763085575756,1763085575844,88,1993.0208142421855,6.387887225135209,3135,312
1763085575787,1763085575874,87,1993.0208142421855,6.387887225135209,3136,312
1763085575818,1763085575906,88,1993.0208142421855,6.387887225135209,3137,312
1763085575849,1763085575935,86,1993.0208142421855,6.387887225135209,3138,312
1763085575879,1763085575967,88,1993.0208142421855,6.387887225135209,3139,312
1763085575910,1763085575997,87,1993.0208142421855,6.387887225135209,3140,312
1763085575941,1763085576029,88,2032.1715473225374,6.5133703439824915,3141,312
1763085575972,1763085576060,88,2032.1715473225374,6.5133703439824915,3142,312
1763085576002,1763085576090,88,2032.1715473225374,6.5133703439824915,3143,312
1763085576033,1763085576122,89,2032.1715473225374,6.5133703439824915,3144,312
1763085576064,1763085576154,90,2032.1715473225374,6.5133703439824915,3145,312
1763085576095,1763085576184,89,2032.1715473225374,6.5133703439824915,3146,312
1763085576127,1763085576215,88,2032.1715473225374,6.5133703439824915,3147,312
1763085576158,1763085576247,89,2062.8408947633848,6.611669534498028,3148,312
1763085576190,1763085576279,89,2062.8408947633848,6.611669534498028,3149,312
1763085576221,1763085576311,90,2062.8408947633848,6.611669534498028,3150,312
1763085576253,1763085576342,89,2062.8408947633848,6.611669534498028,3151,312
1763085576285,1763085576373,88,2062.8408947633848,6.611669534498028,3152,312
1763085576316,1763085576404,88,2062.8408947633848,6.611669534498028,3153,312
1763085576346,1763085576434,88,2024.1001931264177,6.487500618994928,3154,312
1763085576377,1763085576465,88,2024.1001931264177,6.487500618994928,3155,312
1763085576409,1763085576495,86,2024.1001931264177,6.487500618994928,3156,312
1763085576439,1763085576528,89,2024.1001931264177,6.487500618994928,3157,312
1763085576470,1763085576557,87,2024.1001931264177,6.487500618994928,3158,312
1763085576501,1763085576590,89,2024.1001931264177,6.487500618994928,3159,312
1763085576533,1763085576621,88,2024.1001931264177,6.487500618994928,3160,312
1763085576564,1763085576654,90,2056.3999541148814,6.591025493957953,3161,312
1763085576595,1763085576684,89,2056.3999541148814,6.591025493957953,3162,312
1763085576626,1763085576715,89,2056.3999541148814,6.591025493957953,3163,312
1763085576658,1763085576748,90,2056.3999541148814,6.591025493957953,3164,312
1763085576689,1763085576779,90,2056.3999541148814,6.591025493957953,3165,312
1763085576720,1763085576809,89,2056.3999541148814,6.591025493957953,3166,312
1763085576752,1763085576841,89,2018.5979635213307,6.469865267696573,3167,312
1763085576784,1763085576873,89,2018.5979635213307,6.469865267696573,3168,312
1763085576815,1763085576903,88,2018.5979635213307,6.469865267696573,3169,312
1763085576846,1763085576935,89,2018.5979635213307,6.469865267696573,3170,312
1763085576877,1763085576964,87,2018.5979635213307,6.469865267696573,3171,312
1763085576909,1763085576994,85,2018.5979635213307,6.469865267696573,3172,312
1763085576939,1763085577026,87,2018.5979635213307,6.469865267696573,3173,312
1763085576970,1763085577059,89,2052.174576926501,6.577482618354169,3174,312
1763085577001,1763085577091,90,2052.174576926501,6.577482618354169,3175,312
1763085577033,1763085577122,89,2052.174576926501,6.577482618354169,3176,312
1763085577065,1763085577154,89,2052.174576926501,6.577482618354169,3177,312
1763085577096,1763085577185,89,2052.174576926501,6.577482618354169,3178,312
1763085577128,1763085577216,88,2052.174576926501,6.577482618354169,3179,312
1763085577159,1763085577250,91,2015.4189632334947,6.4596761642099185,3180,312
1763085577190,1763085577278,88,2015.4189632334947,6.4596761642099185,3181,312
1763085577222,1763085577310,88,2015.4189632334947,6.4596761642099185,3182,312
1763085577252,1763085577341,89,2015.4189632334947,6.4596761642099185,3183,312
1763085577284,1763085577371,87,2015.4189632334947,6.4596761642099185,3184,312
1763085577315,1763085577403,88,2015.4189632334947,6.4596761642099185,3185,312
1763085577346,1763085577435,89,2015.4189632334947,6.4596761642099185,3186,312
1763085577377,1763085577466,89,2049.472332660329,6.568821579039515,3187,312
1763085577408,1763085577497,89,2049.472332660329,6.568821579039515,3188,312
1763085577440,1763085577528,88,2049.472332660329,6.568821579039515,3189,312
1763085577471,1763085577559,88,2049.472332660329,6.568821579039515,3190,312
1763085577503,1763085577590,87,2049.472332660329,6.568821579039515,3191,312
1763085577533,1763085577625,92,2049.472332660329,6.568821579039515,3192,312
1763085577564,1763085577652,88,2013.4454491302822,6.453350798494493,3193,312
1763085577595,1763085577684,89,2013.4454491302822,6.453350798494493,3194,312
1763085577627,1763085577716,89,2013.4454491302822,6.453350798494493,3195,312
1763085577658,1763085577746,88,2013.4454491302822,6.453350798494493,3196,312
1763085577690,1763085577778,88,2013.4454491302822,6.453350798494493,3197,312
1763085577720,1763085577808,88,2013.4454491302822,6.453350798494493,3198,312
1763085577752,1763085577840,88,2013.4454491302822,6.453350798494493,3199,312
1763085577783,1763085577871,88,2048.0680229568347,6.564320586400111,3200,312
1763085577814,1763085577903,89,2048.0680229568347,6.564320586400111,3201,312
1763085577846,1763085577934,88,2048.0680229568347,6.564320586400111,3202,312
1763085577876,1763085577964,88,2048.0680229568347,6.564320586400111,3203,312
1763085577907,1763085577996,89,2048.0680229568347,6.564320586400111,3204,312
1763085577939,1763085578027,88,2048.0680229568347,6.564320586400111,3205,312
1763085577970,1763085578059,89,2012.3262142965973,6.449763507360888,3206,312
1763085578002,1763085578089,87,2012.3262142965973,6.449763507360888,3207,312
1763085578033,1763085578121,88,2012.3262142965973,6.449763507360888,3208,312
1763085578065,1763085578152,87,2012.3262142965973,6.449763507360888,3209,312
1763085578096,1763085578184,88,2012.3262142965973,6.449763507360888,3210,312
1763085578127,1763085578216,89,2012.3262142965973,6.449763507360888,3211,312
1763085578159,1763085578249,90,1984.1206452229812,6.35936104238135,3212,312
1763085578191,1763085578280,89,1984.1206452229812,6.35936104238135,3213,312
1763085578223,1763085578312,89,1984.1206452229812,6.35936104238135,3214,312
1763085578255,1763085578344,89,1984.1206452229812,6.35936104238135,3215,312
1763085578287,1763085578377,90,1984.1206452229812,6.35936104238135,3216,312
1763085578319,1763085578408,89,1984.1206452229812,6.35936104238135,3217,312
1763085578351,1763085578441,90,1984.1206452229812,6.35936104238135,3218,312
1763085578383,1763085578473,90,2026.8948271452632,6.496457779311741,3219,312
1763085578415,1763085578505,90,2026.8948271452632,6.496457779311741,3220,312
1763085578447,1763085578537,90,2026.8948271452632,6.496457779311741,3221,312
1763085578479,1763085578568,89,2026.8948271452632,6.496457779311741,3222,312
1763085578511,1763085578600,89,2026.8948271452632,6.496457779311741,3223,312
1763085578543,1763085578632,89,2026.8948271452632,6.496457779311741,3224,312
1763085578575,1763085578665,90,1995.7609668890652,6.396669765670081,3225,312
1763085578607,1763085578696,89,1995.7609668890652,6.396669765670081,3226,312
1763085578639,1763085578727,88,1995.7609668890652,6.396669765670081,3227,312
1763085578671,1763085578758,87,1995.7609668890652,6.396669765670081,3228,312
1763085578703,1763085578789,86,1995.7609668890652,6.396669765670081,3229,312
1763085578734,1763085578820,86,1995.7609668890652,6.396669765670081,3230,312
1763085578764,1763085578851,87,1995.7609668890652,6.396669765670081,3231,312
1763085578795,1763085578882,87,2034.9146857761395,6.522162454410704,3232,312
1763085578826,1763085578913,87,2034.9146857761395,6.522162454410704,3233,312
1763085578857,1763085578944,87,2034.9146857761395,6.522162454410704,3234,312
1763085578888,1763085578976,88,2034.9146857761395,6.522162454410704,3235,312
1763085578919,1763085579008,89,2034.9146857761395,6.522162454410704,3236,312
1763085578950,1763085579039,89,2034.9146857761395,6.522162454410704,3237,312
1763085578982,1763085579071,89,2034.9146857761395,6.522162454410704,3238,312
1763085579014,1763085579102,88,2065.477175192031,6.62011915125651,3239,312
1763085579045,1763085579133,88,2065.477175192031,6.62011915125651,3240,312
1763085579077,1763085579164,87,2065.477175192031,6.62011915125651,3241,312
1763085579109,1763085579196,87,2065.477175192031,6.62011915125651,3242,312
1763085579139,1763085579227,88,2065.477175192031,6.62011915125651,3243,312
1763085579171,1763085579260,89,2065.477175192031,6.62011915125651,3244,312
1763085579202,1763085579291,89,2026.2013086280488,6.494234963551438,3245,312
1763085579233,1763085579322,89,2026.2013086280488,6.494234963551438,3246,312
1763085579265,1763085579353,88,2026.2013086280488,6.494234963551438,3247,312
1763085579296,1763085579385,89,2026.2013086280488,6.494234963551438,3248,312
1763085579327,1763085579416,89,2026.2013086280488,6.494234963551438,3249,312
1763085579359,1763085579448,89,2026.2013086280488,6.494234963551438,3250,312
1763085579390,1763085579479,89,2026.2013086280488,6.494234963551438,3251,312
1763085579421,1763085579510,89,2058.5500403592987,6.5979167960233935,3252,312
1763085579453,1763085579541,88,2058.5500403592987,6.5979167960233935,3253,312
1763085579485,1763085579572,87,2058.5500403592987,6.5979167960233935,3254,312
1763085579516,1763085579604,88,2058.5500403592987,6.5979167960233935,3255,312
1763085579547,1763085579636,89,2058.5500403592987,6.5979167960233935,3256,312
1763085579578,1763085579667,89,2058.5500403592987,6.5979167960233935,3257,312
1763085579609,1763085579697,88,2020.8669322067203,6.477137603226668,3258,312
1763085579640,1763085579728,88,2020.8669322067203,6.477137603226668,3259,312
1763085579672,1763085579759,87,2020.8669322067203,6.477137603226668,3260,312
1763085579703,1763085579789,86,2020.8669322067203,6.477137603226668,3261,312
1763085579734,1763085579820,86,2020.8669322067203,6.477137603226668,3262,312
1763085579764,1763085579851,87,2020.8669322067203,6.477137603226668,3263,312
1763085579795,1763085579882,87,2020.8669322067203,6.477137603226668,3264,312
1763085579826,1763085579913,87,2055.9405417822754,6.589553018532934,3265,312
1763085579856,1763085579943,87,2055.9405417822754,6.589553018532934,3266,312
1763085579887,1763085579975,88,2055.9405417822754,6.589553018532934,3267,312
1763085579918,1763085580005,87,2055.9405417822754,6.589553018532934,3268,312
1763085579949,1763085580036,87,2055.9405417822754,6.589553018532934,3269,312
1763085579981,1763085580068,87,2055.9405417822754,6.589553018532934,3270,312
1763085580011,1763085580100,89,2055.9405417822754,6.589553018532934,3271,312
1763085580043,1763085580132,89,2082.0646712586913,6.673284202752216,3272,312
1763085580074,1763085580164,90,2082.0646712586913,6.673284202752216,3273,312
1763085580106,1763085580196,90,2082.0646712586913,6.673284202752216,3274,312
1763085580138,1763085580227,89,2082.0646712586913,6.673284202752216,3275,312
1763085580170,1763085580258,88,2082.0646712586913,6.673284202752216,3276,312
1763085580200,1763085580289,89,2082.0646712586913,6.673284202752216,3277,312
1763085580232,1763085580317,85,2039.8416723356943,6.537954077999021,3278,312
1763085580262,1763085580348,86,2039.8416723356943,6.537954077999021,3279,312
1763085580292,1763085580379,87,2039.8416723356943,6.537954077999021,3280,312
1763085580323,1763085580410,87,2039.8416723356943,6.537954077999021,3281,312
1763085580354,1763085580442,88,2039.8416723356943,6.537954077999021,3282,312
1763085580385,1763085580474,89,2039.8416723356943,6.537954077999021,3283,312
1763085580415,1763085580503,88,2039.8416723356943,6.537954077999021,3284,312
1763085580447,1763085580537,90,2068.961654523884,6.631287354243218,3285,312
1763085580478,1763085580569,91,2068.961654523884,6.631287354243218,3286,312
1763085580510,1763085580600,90,2068.961654523884,6.631287354243218,3287,312
1763085580542,1763085580631,89,2068.961654523884,6.631287354243218,3288,312
1763085580574,1763085580661,87,2068.961654523884,6.631287354243218,3289,312
1763085580605,1763085580693,88,2068.961654523884,6.631287354243218,3290,312
1763085580635,1763085580725,90,2028.584515346488,6.5018734466233585,3291,312
1763085580666,1763085580756,90,2028.584515346488,6.5018734466233585,3292,312
1763085580698,1763085580786,88,2028.584515346488,6.5018734466233585,3293,312
1763085580730,1763085580817,87,2028.584515346488,6.5018734466233585,3294,312
1763085580761,1763085580848,87,2028.584515346488,6.5018734466233585,3295,312
1763085580792,1763085580881,89,2028.584515346488,6.5018734466233585,3296,312
1763085580823,1763085580912,89,2028.584515346488,6.5018734466233585,3297,312
1763085580854,1763085580943,89,2059.9784432464976,6.60249501040544,3298,312
1763085580886,1763085580974,88,2059.9784432464976,6.60249501040544,3299,312
1763085580917,1763085581006,89,2059.9784432464976,6.60249501040544,3300,312
1763085580948,1763085581037,89,2059.9784432464976,6.60249501040544,3301,312
1763085580979,1763085581069,90,2059.9784432464976,6.60249501040544,3302,312
1763085581010,1763085581099,89,2059.9784432464976,6.60249501040544,3303,312
1763085581042,1763085581129,87,2021.8188192674586,6.480188523293136,3304,312
1763085581073,1763085581162,89,2021.8188192674586,6.480188523293136,3305,312
1763085581104,1763085581193,89,2021.8188192674586,6.480188523293136,3306,312
1763085581136,1763085581225,89,2021.8188192674586,6.480188523293136,3307,312
1763085581168,1763085581256,88,2021.8188192674586,6.480188523293136,3308,312
1763085581199,1763085581288,89,2021.8188192674586,6.480188523293136,3309,312
1763085581231,1763085581320,89,1991.7052365946995,6.383670630111216,3310,312
1763085581262,1763085581349,87,1991.7052365946995,6.383670630111216,3311,312
1763085581292,1763085581381,89,1991.7052365946995,6.383670630111216,3312,312
1763085581324,1763085581412,88,1991.7052365946995,6.383670630111216,3313,312
1763085581355,1763085581443,88,1991.7052365946995,6.383670630111216,3314,312
1763085581386,1763085581473,87,1991.7052365946995,6.383670630111216,3315,312
1763085581417,1763085581506,89,1991.7052365946995,6.383670630111216,3316,312
1763085581448,1763085581537,89,2031.3179578561915,6.510634480308306,3317,312
1763085581480,1763085581569,89,2031.3179578561915,6.510634480308306,3318,312
1763085581510,1763085581601,91,2031.3179578561915,6.510634480308306,3319,312
1763085581542,1763085581633,91,2031.3179578561915,6.510634480308306,3320,312
1763085581574,1763085581665,91,2031.3179578561915,6.510634480308306,3321,312
1763085581606,1763085581695,89,2031.3179578561915,6.510634480308306,3322,312
1763085581638,1763085581725,87,2031.3179578561915,6.510634480308306,3323,312
1763085581669,1763085581757,88,2062.6177764956724,6.610954411845103,3324,312
1763085581700,1763085581789,89,2062.6177764956724,6.610954411845103,3325,312
1763085581732,1763085581822,90,2062.6177764956724,6.610954411845103,3326,312
1763085581764,1763085581853,89,2062.6177764956724,6.610954411845103,3327,312
1763085581796,1763085581886,90,2062.6177764956724,6.610954411845103,3328,312
1763085581828,1763085581918,90,2062.6177764956724,6.610954411845103,3329,312
1763085581860,1763085581949,89,2022.9692789845726,6.483875894181322,3330,312
1763085581892,1763085581981,89,2022.9692789845726,6.483875894181322,3331,312
1763085581924,1763085582013,89,2022.9692789845726,6.483875894181322,3332,312
1763085581956,1763085582045,89,2022.9692789845726,6.483875894181322,3333,312
1763085581988,1763085582078,90,2022.9692789845726,6.483875894181322,3334,312
1763085582020,1763085582109,89,2022.9692789845726,6.483875894181322,3335,312
1763085582052,1763085582140,88,1992.6244539086736,6.386616839450876,3336,312
1763085582084,1763085582172,88,1992.6244539086736,6.386616839450876,3337,312
1763085582115,1763085582203,88,1992.6244539086736,6.386616839450876,3338,312
1763085582147,1763085582236,89,1992.6244539086736,6.386616839450876,3339,312
1763085582178,1763085582267,89,1992.6244539086736,6.386616839450876,3340,312
1763085582210,1763085582299,89,1992.6244539086736,6.386616839450876,3341,312
1763085582242,1763085582332,90,1992.6244539086736,6.386616839450876,3342,312
1763085582274,1763085582363,89,2033.5788207722173,6.517880835808389,3343,312
1763085582306,1763085582394,88,2033.5788207722173,6.517880835808389,3344,312
1763085582338,1763085582427,89,2033.5788207722173,6.517880835808389,3345,312
1763085582370,1763085582459,89,2033.5788207722173,6.517880835808389,3346,312
1763085582401,1763085582490,89,2033.5788207722173,6.517880835808389,3347,312
1763085582432,1763085582521,89,2033.5788207722173,6.517880835808389,3348,312
1763085582463,1763085582552,89,2033.5788207722173,6.517880835808389,3349,312
1763085582495,1763085582583,88,2064.1143201554573,6.615751026139286,3350,312
1763085582526,1763085582614,88,2064.1143201554573,6.615751026139286,3351,312
1763085582557,1763085582645,88,2064.1143201554573,6.615751026139286,3352,312
1763085582587,1763085582677,90,2064.1143201554573,6.615751026139286,3353,312
1763085582619,1763085582708,89,2064.1143201554573,6.615751026139286,3354,312
1763085582650,1763085582740,90,2064.1143201554573,6.615751026139286,3355,312
1763085582682,1763085582772,90,2025.1151131638994,6.490753567833011,3356,312
1763085582713,1763085582802,89,2025.1151131638994,6.490753567833011,3357,312
1763085582745,1763085582835,90,2025.1151131638994,6.490753567833011,3358,312
1763085582776,1763085582863,87,2025.1151131638994,6.490753567833011,3359,312
1763085582807,1763085582894,87,2025.1151131638994,6.490753567833011,3360,312
1763085582838,1763085582925,87,2025.1151131638994,6.490753567833011,3361,312
1763085582869,1763085582956,87,2025.1151131638994,6.490753567833011,3362,312
1763085582900,1763085582986,86,2057.0509754179557,6.593112100698575,3363,312
1763085582931,1763085583017,86,2057.0509754179557,6.593112100698575,3364,312
1763085582961,1763085583049,88,2057.0509754179557,6.593112100698575,3365,312
1763085582992,1763085583081,89,2057.0509754179557,6.593112100698575,3366,312
1763085583023,1763085583112,89,2057.0509754179557,6.593112100698575,3367,312
1763085583055,1763085583143,88,2057.0509754179557,6.593112100698575,3368,312
1763085583086,1763085583174,88,2019.6706783835286,6.473303456357463,3369,312
1763085583118,1763085583204,86,2019.6706783835286,6.473303456357463,3370,312
1763085583148,1763085583235,87,2019.6706783835286,6.473303456357463,3371,312
1763085583179,1763085583266,87,2019.6706783835286,6.473303456357463,3372,312
1763085583210,1763085583297,87,2019.6706783835286,6.473303456357463,3373,312
1763085583241,1763085583329,88,2019.6706783835286,6.473303456357463,3374,312
1763085583272,1763085583361,89,2019.6706783835286,6.473303456357463,3375,312
1763085583303,1763085583392,89,2053.0295306716725,6.580222854716898,3376,312
1763085583336,1763085583424,88,2053.0295306716725,6.580222854716898,3377,312
1763085583366,1763085583454,88,2053.0295306716725,6.580222854716898,3378,312
1763085583397,1763085583486,89,2053.0295306716725,6.580222854716898,3379,312
1763085583430,1763085583518,88,2053.0295306716725,6.580222854716898,3380,312
1763085583460,1763085583548,88,2053.0295306716725,6.580222854716898,3381,312
1763085583491,1763085583580,89,2016.280535945323,6.462437615209367,3382,312
1763085583523,1763085583611,88,2016.280535945323,6.462437615209367,3383,312
1763085583553,1763085583643,90,2016.280535945323,6.462437615209367,3384,312
1763085583585,1763085583674,89,2016.280535945323,6.462437615209367,3385,312
1763085583616,1763085583704,88,2016.280535945323,6.462437615209367,3386,312
1763085583648,1763085583735,87,2016.280535945323,6.462437615209367,3387,312
1763085583678,1763085583766,88,2016.280535945323,6.462437615209367,3388,312
1763085583709,1763085583798,89,2050.159867684368,6.571025216937075,3389,312
1763085583740,1763085583829,89,2050.159867684368,6.571025216937075,3390,312
1763085583771,1763085583862,91,2050.159867684368,6.571025216937075,3391,312
1763085583803,1763085583891,88,2050.159867684368,6.571025216937075,3392,312
1763085583835,1763085583923,88,2050.159867684368,6.571025216937075,3393,312
1763085583866,1763085583954,88,2050.159867684368,6.571025216937075,3394,312
1763085583897,1763085583986,89,2013.6370948090723,6.453965047464974,3395,312
1763085583929,1763085584018,89,2013.6370948090723,6.453965047464974,3396,312
1763085583960,1763085584049,89,2013.6370948090723,6.453965047464974,3397,312
1763085583992,1763085584081,89,2013.6370948090723,6.453965047464974,3398,312
1763085584024,1763085584111,87,2013.6370948090723,6.453965047464974,3399,312
1763085584055,1763085584142,87,2013.6370948090723,6.453965047464974,3400,312
1763085584086,1763085584173,87,2013.6370948090723,6.453965047464974,3401,312
1763085584117,1763085584203,86,2048.0504016576397,6.564264107877049,3402,312
1763085584148,1763085584235,87,2048.0504016576397,6.564264107877049,3403,312
1763085584178,1763085584267,89,2048.0504016576397,6.564264107877049,3404,312
1763085584209,1763085584299,90,2048.0504016576397,6.564264107877049,3405,312
1763085584241,1763085584330,89,2048.0504016576397,6.564264107877049,3406,312
1763085584273,1763085584361,88,2048.0504016576397,6.564264107877049,3407,312
1763085584305,1763085584391,86,2012.3121701211387,6.449718493978009,3408,312
1763085584335,1763085584422,87,2012.3121701211387,6.449718493978009,3409,312
1763085584367,1763085584454,87,2012.3121701211387,6.449718493978009,3410,312
1763085584397,1763085584485,88,2012.3121701211387,6.449718493978009,3411,312
1763085584428,1763085584516,88,2012.3121701211387,6.449718493978009,3412,312
1763085584459,1763085584548,89,2012.3121701211387,6.449718493978009,3413,312
1763085584490,1763085584579,89,2012.3121701211387,6.449718493978009,3414,312
1763085584522,1763085584610,88,2047.1647995865476,6.561425639700473,3415,312
1763085584553,1763085584641,88,2047.1647995865476,6.561425639700473,3416,312
1763085584584,1763085584673,89,2047.1647995865476,6.561425639700473,3417,312
1763085584615,1763085584703,88,2047.1647995865476,6.561425639700473,3418,312
1763085584646,1763085584735,89,2047.1647995865476,6.561425639700473,3419,312
1763085584677,1763085584765,88,2047.1647995865476,6.561425639700473,3420,312
1763085584708,1763085584797,89,2011.6063452704784,6.447456234841277,3421,312
1763085584740,1763085584829,89,2011.6063452704784,6.447456234841277,3422,312
1763085584771,1763085584861,90,2011.6063452704784,6.447456234841277,3423,312
1763085584803,1763085584892,89,2011.6063452704784,6.447456234841277,3424,312
1763085584835,1763085584924,89,2011.6063452704784,6.447456234841277,3425,312
1763085584867,1763085584955,88,2011.6063452704784,6.447456234841277,3426,312
1763085584899,1763085584987,88,2011.6063452704784,6.447456234841277,3427,312
1763085584930,1763085585017,87,2046.0850762163827,6.557964987873022,3428,312
1763085584961,1763085585048,87,2046.0850762163827,6.557964987873022,3429,312
1763085584992,1763085585081,89,2046.0850762163827,6.557964987873022,3430,312
1763085585023,1763085585112,89,2046.0850762163827,6.557964987873022,3431,312
1763085585054,1763085585144,90,2046.0850762163827,6.557964987873022,3432,312
1763085585086,1763085585175,89,2046.0850762163827,6.557964987873022,3433,312
1763085585117,1763085585204,87,2010.0494654395916,6.442466235383306,3434,312
1763085585148,1763085585235,87,2010.0494654395916,6.442466235383306,3435,312
1763085585179,1763085585266,87,2010.0494654395916,6.442466235383306,3436,312
1763085585210,1763085585298,88,2010.0494654395916,6.442466235383306,3437,312
1763085585241,1763085585330,89,2010.0494654395916,6.442466235383306,3438,312
1763085585273,1763085585363,90,2010.0494654395916,6.442466235383306,3439,312
1763085585305,1763085585394,89,1982.4395723516732,6.353972988306645,3440,312
1763085585337,1763085585426,89,1982.4395723516732,6.353972988306645,3441,312
1763085585369,1763085585458,89,1982.4395723516732,6.353972988306645,3442,312
1763085585401,1763085585490,89,1982.4395723516732,6.353972988306645,3443,312
1763085585433,1763085585522,89,1982.4395723516732,6.353972988306645,3444,312
1763085585465,1763085585554,89,1982.4395723516732,6.353972988306645,3445,312
1763085585497,1763085585586,89,1982.4395723516732,6.353972988306645,3446,312
1763085585529,1763085585618,89,2025.5735038684152,6.4922227688090235,3447,312
1763085585561,1763085585650,89,2025.5735038684152,6.4922227688090235,3448,312
1763085585593,1763085585682,89,2025.5735038684152,6.4922227688090235,3449,312
1763085585625,1763085585714,89,2025.5735038684152,6.4922227688090235,3450,312
1763085585657,1763085585746,89,2025.5735038684152,6.4922227688090235,3451,312
1763085585689,1763085585778,89,2025.5735038684152,6.4922227688090235,3452,312
1763085585721,1763085585810,89,1994.5516560869953,6.392793769509601,3453,312
1763085585753,1763085585842,89,1994.5516560869953,6.392793769509601,3454,312
1763085585785,1763085585875,90,1994.5516560869953,6.392793769509601,3455,312
1763085585817,1763085585906,89,1994.5516560869953,6.392793769509601,3456,312
1763085585849,1763085585938,89,1994.5516560869953,6.392793769509601,3457,312
1763085585881,1763085585969,88,1994.5516560869953,6.392793769509601,3458,312
1763085585912,1763085586001,89,1994.5516560869953,6.392793769509601,3459,312
1763085585944,1763085586033,89,2034.9041533404652,6.522128696604056,3460,312
1763085585976,1763085586063,87,2034.9041533404652,6.522128696604056,3461,312
1763085586008,1763085586096,88,2034.9041533404652,6.522128696604056,3462,312
1763085586039,1763085586127,88,2034.9041533404652,6.522128696604056,3463,312
1763085586070,1763085586159,89,2034.9041533404652,6.522128696604056,3464,312
1763085586101,1763085586190,89,2034.9041533404652,6.522128696604056,3465,312
1763085586133,1763085586221,88,2034.9041533404652,6.522128696604056,3466,312
1763085586164,1763085586255,91,2065.3197060590105,6.619614442496828,3467,312
1763085586196,1763085586286,90,2065.3197060590105,6.619614442496828,3468,312
1763085586227,1763085586317,90,2065.3197060590105,6.619614442496828,3469,312
1763085586259,1763085586348,89,2065.3197060590105,6.619614442496828,3470,312
1763085586291,1763085586381,90,2065.3197060590105,6.619614442496828,3471,312
1763085586323,1763085586411,88,2065.3197060590105,6.619614442496828,3472,312
1763085586356,1763085586443,87,2025.4958466108544,6.491973867342481,3473,312
1763085586386,1763085586474,88,2025.4958466108544,6.491973867342481,3474,312
1763085586418,1763085586505,87,2025.4958466108544,6.491973867342481,3475,312
1763085586449,1763085586537,88,2025.4958466108544,6.491973867342481,3476,312
1763085586480,1763085586568,88,2025.4958466108544,6.491973867342481,3477,312
1763085586512,1763085586599,87,2025.4958466108544,6.491973867342481,3478,312
1763085586543,1763085586630,87,2025.4958466108544,6.491973867342481,3479,312
1763085586574,1763085586662,88,2057.83069390224,6.595611198404615,3480,312
1763085586605,1763085586695,90,2057.83069390224,6.595611198404615,3481,312
1763085586637,1763085586726,89,2057.83069390224,6.595611198404615,3482,312
1763085586668,1763085586758,90,2057.83069390224,6.595611198404615,3483,312
1763085586700,1763085586790,90,2057.83069390224,6.595611198404615,3484,312
1763085586732,1763085586820,88,2057.83069390224,6.595611198404615,3485,312
1763085586763,1763085586853,90,2019.7354016522809,6.473510902731669,3486,312
1763085586795,1763085586886,91,2019.7354016522809,6.473510902731669,3487,312
1763085586827,1763085586915,88,2019.7354016522809,6.473510902731669,3488,312
1763085586858,1763085586947,89,2019.7354016522809,6.473510902731669,3489,312
1763085586889,1763085586978,89,2019.7354016522809,6.473510902731669,3490,312
1763085586920,1763085587009,89,2019.7354016522809,6.473510902731669,3491,312
1763085586952,1763085587041,89,2019.7354016522809,6.473510902731669,3492,312
1763085586983,1763085587072,89,2053.2453797152157,6.580914678574408,3493,312
1763085587014,1763085587104,90,2053.2453797152157,6.580914678574408,3494,312
1763085587046,1763085587135,89,2053.2453797152157,6.580914678574408,3495,312
1763085587077,1763085587166,89,2053.2453797152157,6.580914678574408,3496,312
1763085587109,1763085587198,89,2053.2453797152157,6.580914678574408,3497,312
1763085587139,1763085587228,89,2053.2453797152157,6.580914678574408,3498,312
1763085587171,1763085587260,89,2016.2713222533116,6.4624080841452285,3499,312
1763085587203,1763085587290,87,2016.2713222533116,6.4624080841452285,3500,312
1763085587234,1763085587324,90,2016.2713222533116,6.4624080841452285,3501,312
1763085587266,1763085587357,91,2016.2713222533116,6.4624080841452285,3502,312
1763085587297,1763085587387,90,2016.2713222533116,6.4624080841452285,3503,312
1763085587329,1763085587418,89,2016.2713222533116,6.4624080841452285,3504,312
1763085587362,1763085587449,87,2016.2713222533116,6.4624080841452285,3505,312
1763085587393,1763085587481,88,2050.655701191383,6.5726144268954565,3506,312
1763085587424,1763085587512,88,2050.655701191383,6.5726144268954565,3507,312
1763085587456,1763085587542,86,2050.655701191383,6.5726144268954565,3508,312
1763085587486,1763085587574,88,2050.655701191383,6.5726144268954565,3509,312
1763085587517,1763085587605,88,2050.655701191383,6.5726144268954565,3510,312
1763085587548,1763085587637,89,2050.655701191383,6.5726144268954565,3511,312
1763085587580,1763085587669,89,2014.388593849532,6.456373698235679,3512,312
1763085587611,1763085587700,89,2014.388593849532,6.456373698235679,3513,312
1763085587642,1763085587731,89,2014.388593849532,6.456373698235679,3514,312
1763085587674,1763085587763,89,2014.388593849532,6.456373698235679,3515,312
1763085587704,1763085587794,90,2014.388593849532,6.456373698235679,3516,312
1763085587736,1763085587824,88,2014.388593849532,6.456373698235679,3517,312
1763085587767,1763085587855,88,2014.388593849532,6.456373698235679,3518,312
1763085587798,1763085587885,87,2048.6500978919266,6.566186211192072,3519,312
1763085587829,1763085587916,87,2048.6500978919266,6.566186211192072,3520,312
1763085587861,1763085587948,87,2048.6500978919266,6.566186211192072,3521,312
1763085587891,1763085587979,88,2048.6500978919266,6.566186211192072,3522,312
1763085587923,1763085588013,90,2048.6500978919266,6.566186211192072,3523,312
1763085587955,1763085588042,87,2048.6500978919266,6.566186211192072,3524,312
1763085587986,1763085588074,88,2012.6134779219735,6.4506842241088895,3525,312
1763085588017,1763085588105,88,2012.6134779219735,6.4506842241088895,3526,312
1763085588048,1763085588137,89,2012.6134779219735,6.4506842241088895,3527,312
1763085588080,1763085588169,89,2012.6134779219735,6.4506842241088895,3528,312
1763085588111,1763085588201,90,2012.6134779219735,6.4506842241088895,3529,312
1763085588143,1763085588232,89,2012.6134779219735,6.4506842241088895,3530,312
1763085588175,1763085588264,89,1984.4907823375788,6.3605473792871114,3531,312
1763085588207,1763085588295,88,1984.4907823375788,6.3605473792871114,3532,312
1763085588238,1763085588327,89,1984.4907823375788,6.3605473792871114,3533,312
1763085588270,1763085588359,89,1984.4907823375788,6.3605473792871114,3534,312
1763085588301,1763085588390,89,1984.4907823375788,6.3605473792871114,3535,312
1763085588332,1763085588420,88,1984.4907823375788,6.3605473792871114,3536,312
1763085588363,1763085588450,87,1984.4907823375788,6.3605473792871114,3537,312
1763085588394,1763085588480,86,2025.7891903937,6.492914071774679,3538,312
1763085588425,1763085588512,87,2025.7891903937,6.492914071774679,3539,312
1763085588455,1763085588543,88,2025.7891903937,6.492914071774679,3540,312
1763085588486,1763085588574,88,2025.7891903937,6.492914071774679,3541,312
1763085588517,1763085588606,89,2025.7891903937,6.492914071774679,3542,312
1763085588549,1763085588636,87,2025.7891903937,6.492914071774679,3543,312
1763085588579,1763085588666,87,2025.7891903937,6.492914071774679,3544,312
1763085588611,1763085588697,86,2057.589563124566,6.594838343347969,3545,312
1763085588641,1763085588730,89,2057.589563124566,6.594838343347969,3546,312
1763085588672,1763085588761,89,2057.589563124566,6.594838343347969,3547,312
1763085588704,1763085588792,88,2057.589563124566,6.594838343347969,3548,312
1763085588735,1763085588822,87,2057.589563124566,6.594838343347969,3549,312
1763085588766,1763085588854,88,2057.589563124566,6.594838343347969,3550,312
1763085588797,1763085588885,88,2020.100471373404,6.474680997991679,3551,312
1763085588828,1763085588915,87,2020.100471373404,6.474680997991679,3552,312
1763085588859,1763085588947,88,2020.100471373404,6.474680997991679,3553,312
1763085588890,1763085588978,88,2020.100471373404,6.474680997991679,3554,312
1763085588921,1763085589010,89,2020.100471373404,6.474680997991679,3555,312
1763085588953,1763085589042,89,2020.100471373404,6.474680997991679,3556,312
1763085588984,1763085589073,89,2020.100471373404,6.474680997991679,3557,312
1763085589016,1763085589105,89,2053.699874741856,6.582371393403385,3558,312
1763085589048,1763085589137,89,2053.699874741856,6.582371393403385,3559,312
1763085589079,1763085589167,88,2053.699874741856,6.582371393403385,3560,312
1763085589111,1763085589199,88,2053.699874741856,6.582371393403385,3561,312
1763085589142,1763085589231,89,2053.699874741856,6.582371393403385,3562,312
1763085589174,1763085589262,88,2053.699874741856,6.582371393403385,3563,312
1763085589205,1763085589293,88,2016.4514004197756,6.462985257755691,3564,312
1763085589237,1763085589324,87,2016.4514004197756,6.462985257755691,3565,312
1763085589268,1763085589356,88,2016.4514004197756,6.462985257755691,3566,312
1763085589300,1763085589387,87,2016.4514004197756,6.462985257755691,3567,312
1763085589331,1763085589421,90,2016.4514004197756,6.462985257755691,3568,312
1763085589363,1763085589452,89,2016.4514004197756,6.462985257755691,3569,312
1763085589394,1763085589483,89,2016.4514004197756,6.462985257755691,3570,312
1763085589426,1763085589515,89,2016.4514004197756,6.462985257755691,3571,312
1763085589458,1763085589547,89,2016.4514004197756,6.462985257755691,3572,312
1763085589490,1763085589578,88,2016.4514004197756,6.462985257755691,3573,312
1763085589522,1763085589610,88,2016.4514004197756,6.462985257755691,3574,312
1763085589553,1763085589643,90,2016.4514004197756,6.462985257755691,3575,312
1763085589585,1763085589675,90,2016.4514004197756,6.462985257755691,3576,312
1763085589617,1763085589708,91,2856.7454234468278,9.156235331560346,3577,312
1763085589649,1763085589739,90,2856.7454234468278,9.156235331560346,3578,312
1763085589681,1763085589770,89,2856.7454234468278,9.156235331560346,3579,312
1763085589714,1763085589801,87,2856.7454234468278,9.156235331560346,3580,312
1763085589743,1763085589834,91,2856.7454234468278,9.156235331560346,3581,312
1763085589775,1763085589865,90,2856.7454234468278,9.156235331560346,3582,312
1763085589807,1763085589896,89,2856.7454234468278,9.156235331560346,3583,312
1763085589838,1763085589929,91,2722.1963387574624,8.724988265248276,3584,312
1763085589869,1763085589958,89,2722.1963387574624,8.724988265248276,3585,312
1763085589901,1763085589990,89,2722.1963387574624,8.724988265248276,3586,312
1763085589933,1763085590020,87,2722.1963387574624,8.724988265248276,3587,312
1763085589963,1763085590052,89,2722.1963387574624,8.724988265248276,3588,312
1763085589995,1763085590082,87,2722.1963387574624,8.724988265248276,3589,312
1763085590026,1763085590114,88,2545.35550029591,8.158190706076635,3590,312
1763085590057,1763085590146,89,2545.35550029591,8.158190706076635,3591,312
1763085590088,1763085590177,89,2545.35550029591,8.158190706076635,3592,312
1763085590120,1763085590206,86,2545.35550029591,8.158190706076635,3593,312
1763085590151,1763085590238,87,2545.35550029591,8.158190706076635,3594,312
1763085590182,1763085590270,88,2545.35550029591,8.158190706076635,3595,312
1763085590212,1763085590301,89,2545.35550029591,8.158190706076635,3596,312
1763085590243,1763085590332,89,2472.7230447364323,7.925394374155231,3597,312
1763085590275,1763085590359,84,2472.7230447364323,7.925394374155231,3598,312
1763085590306,1763085590394,88,2472.7230447364323,7.925394374155231,3599,312