1763002769851,1763002770049,198,0,0,1,102
1763002769883,1763002770062,179,0,0,2,102
1763002769918,1763002770081,163,0,0,3,102
1763002769945,1763002770096,151,0,0,4,102
1763002769976,1763002770112,136,84.456,0.828,5,102
1763002770007,1763002770126,119,84.456,0.828,6,102
1763002770038,1763002770141,103,84.456,0.828,7,102
1763002770070,1763002770156,86,84.456,0.828,8,102
1763002770102,1763002770182,80,84.456,0.828,9,102
1763002770133,1763002770214,81,84.456,0.828,10,102
1763002770165,1763002770245,80,84.456,0.828,11,102
1763002770197,1763002770277,80,84.456,0.828,12,102
1763002770229,1763002770309,80,84.456,0.828,13,102
1763002770261,1763002770340,79,262.000872,2.568636,14,102
1763002770293,1763002770371,78,262.000872,2.568636,15,102
1763002770324,1763002770403,79,262.000872,2.568636,16,102
1763002770355,1763002770436,81,262.000872,2.568636,17,102
1763002770387,1763002770466,79,262.000872,2.568636,18,102
1763002770419,1763002770498,79,262.000872,2.568636,19,102
1763002770450,1763002770528,78,333.400694112,3.2686342560000003,20,102
1763002770481,1763002770559,78,333.400694112,3.2686342560000003,21,102
1763002770511,1763002770590,79,333.400694112,3.2686342560000003,22,102
1763002770543,1763002770621,78,333.400694112,3.2686342560000003,23,102
1763002770574,1763002770651,77,333.400694112,3.2686342560000003,24,102
1763002770605,1763002770683,78,333.400694112,3.2686342560000003,25,102
1763002770635,1763002770715,80,333.400694112,3.2686342560000003,26,102
1763002770667,1763002770746,79,409.901154595488,4.018638770544,27,102
1763002770699,1763002770777,78,409.901154595488,4.018638770544,28,102
1763002770729,1763002770806,77,409.901154595488,4.018638770544,29,102
1763002770761,1763002770838,77,409.901154595488,4.018638770544,30,102
1763002770791,1763002770870,79,409.901154595488,4.018638770544,31,102
1763002770822,1763002770901,79,409.901154595488,4.018638770544,32,102
1763002770854,1763002770934,80,451.33141790341296,4.42481782258248,33,102
1763002770886,1763002770965,79,451.33141790341296,4.42481782258248,34,102
1763002770918,1763002770995,77,451.33141790341296,4.42481782258248,35,102
1763002770949,1763002771028,79,451.33141790341296,4.42481782258248,36,102
1763002770979,1763002771059,80,451.33141790341296,4.42481782258248,37,102
1763002771011,1763002771091,80,451.33141790341296,4.42481782258248,38,102
1763002771043,1763002771122,79,451.33141790341296,4.42481782258248,39,102
1763002771075,1763002771153,78,505.1784772332133,4.952730168953072,40,102
1763002771107,1763002771186,79,505.1784772332133,4.952730168953072,41,102
1763002771138,1763002771216,78,505.1784772332133,4.952730168953072,42,102
1763002771170,1763002771247,77,505.1784772332133,4.952730168953072,43,102
1763002771201,1763002771280,79,505.1784772332133,4.952730168953072,44,102
1763002771232,1763002771311,79,505.1784772332133,4.952730168953072,45,102
1763002771263,1763002771343,80,526.863246354871,5.165325944655598,46,102
1763002771295,1763002771373,78,526.863246354871,5.165325944655598,47,102
1763002771326,1763002771405,79,526.863246354871,5.165325944655598,48,102
1763002771358,1763002771437,79,526.863246354871,5.165325944655598,49,102
1763002771389,1763002771468,79,526.863246354871,5.165325944655598,50,102
1763002771421,1763002771499,78,526.863246354871,5.165325944655598,51,102
1763002771453,1763002771532,79,526.863246354871,5.165325944655598,52,102
1763002771484,1763002771562,78,565.2262808521224,5.5414341260012,53,102
1763002771515,1763002771593,78,565.2262808521224,5.5414341260012,54,102
1763002771547,1763002771627,80,565.2262808521224,5.5414341260012,55,102
1763002771578,1763002771656,78,565.2262808521224,5.5414341260012,56,102
1763002771611,1763002771687,76,565.2262808521224,5.5414341260012,57,102
1763002771641,1763002771718,77,565.2262808521224,5.5414341260012,58,102
1763002771672,1763002771751,79,574.7213458391416,5.634522998422956,59,102
1763002771703,1763002771782,79,574.7213458391416,5.634522998422956,60,102
1763002771735,1763002771814,79,574.7213458391416,5.634522998422956,61,102
1763002771766,1763002771845,79,574.7213458391416,5.634522998422956,62,102
1763002771798,1763002771875,77,574.7213458391416,5.634522998422956,63,102
1763002771829,1763002771909,80,574.7213458391416,5.634522998422956,64,102
1763002771860,1763002771939,79,574.7213458391416,5.634522998422956,65,102
1763002771892,1763002771971,79,603.2734699421176,5.914445783746251,66,102
1763002771923,1763002772003,80,603.2734699421176,5.914445783746251,67,102
1763002771955,1763002772036,81,603.2734699421176,5.914445783746251,68,102
1763002771987,1763002772065,78,603.2734699421176,5.914445783746251,69,102
1763002772019,1763002772098,79,603.2734699421176,5.914445783746251,70,102
1763002772050,1763002772129,79,603.2734699421176,5.914445783746251,71,102
1763002772082,1763002772161,79,605.0624086039835,5.931984398078269,72,102
1763002772113,1763002772191,78,605.0624086039835,5.931984398078269,73,102
1763002772145,1763002772222,77,605.0624086039835,5.931984398078269,74,102
1763002772175,1763002772255,80,605.0624086039835,5.931984398078269,75,102
1763002772207,1763002772286,79,605.0624086039835,5.931984398078269,76,102
1763002772239,1763002772318,79,605.0624086039835,5.931984398078269,77,102
1763002772270,1763002772348,78,605.0624086039835,5.931984398078269,78,102
1763002772301,1763002772380,79,627.2856772487709,6.149859580870302,79,102
1763002772332,1763002772412,80,627.2856772487709,6.149859580870302,80,102
1763002772364,1763002772444,80,627.2856772487709,6.149859580870302,81,102
1763002772396,1763002772475,79,627.2856772487709,6.149859580870302,82,102
1763002772427,1763002772507,80,627.2856772487709,6.149859580870302,83,102
1763002772459,1763002772538,79,627.2856772487709,6.149859580870302,84,102
1763002772490,1763002772568,78,624.1826847672704,6.119438085953631,85,102
1763002772521,1763002772598,77,624.1826847672704,6.119438085953631,86,102
1763002772552,1763002772630,78,624.1826847672704,6.119438085953631,87,102
1763002772583,1763002772662,79,624.1826847672704,6.119438085953631,88,102
1763002772615,1763002772692,77,624.1826847672704,6.119438085953631,89,102
1763002772646,1763002772725,79,624.1826847672704,6.119438085953631,90,102
1763002772677,1763002772757,80,624.1826847672704,6.119438085953631,91,102
1763002772709,1763002772789,80,642.6850517052127,6.300833840247183,92,102
1763002772741,1763002772822,81,642.6850517052127,6.300833840247183,93,102
1763002772773,1763002772853,80,642.6850517052127,6.300833840247183,94,102
1763002772805,1763002772884,79,642.6850517052127,6.300833840247183,95,102
1763002772836,1763002772916,80,642.6850517052127,6.300833840247183,96,102
1763002772868,1763002772948,80,642.6850517052127,6.300833840247183,97,102
1763002772901,1763002772981,80,636.3332460022336,6.238561235316016,98,102
1763002772932,1763002773011,79,636.3332460022336,6.238561235316016,99,102
1763002772964,1763002773044,80,636.3332460022336,6.238561235316016,100,102
1763002772996,1763002773074,78,636.3332460022336,6.238561235316016,101,102
1763002773027,1763002773106,79,636.3332460022336,6.238561235316016,102,102
1763002773059,1763002773139,80,636.3332460022336,6.238561235316016,103,102
1763002773090,1763002773170,80,636.3332460022336,6.238561235316016,104,102
1763002773122,1763002773201,79,652.2549305717757,6.394656182076233,105,102
1763002773153,1763002773237,84,652.2549305717757,6.394656182076233,106,102
1763002773185,1763002773263,78,652.2549305717757,6.394656182076233,107,102
1763002773222,1763002773297,75,652.2549305717757,6.394656182076233,108,102
1763002773248,1763002773328,80,652.2549305717757,6.394656182076233,109,102
1763002773280,1763002773358,78,652.2549305717757,6.394656182076233,110,102
1763002773312,1763002773391,79,644.0026698045617,6.313751664750605,111,102
1763002773343,1763002773422,79,644.0026698045617,6.313751664750605,112,102
1763002773375,1763002773454,79,644.0026698045617,6.313751664750605,113,102
1763002773407,1763002773486,79,644.0026698045617,6.313751664750605,114,102
1763002773439,1763002773518,79,644.0026698045617,6.313751664750605,115,102
1763002773471,1763002773552,81,644.0026698045617,6.313751664750605,116,102
1763002773503,1763002773583,80,644.0026698045617,6.313751664750605,117,102
1763002773535,1763002773614,79,658.6321118154083,6.4571775668177285,118,102
1763002773567,1763002773647,80,658.6321118154083,6.4571775668177285,119,102
1763002773599,1763002773677,78,658.6321118154083,6.4571775668177285,120,102
1763002773631,1763002773710,79,658.6321118154083,6.4571775668177285,121,102
1763002773662,1763002773742,80,658.6321118154083,6.4571775668177285,122,102
1763002773694,1763002773772,78,658.6321118154083,6.4571775668177285,123,102
1763002773725,1763002773804,79,649.1191610050649,6.363913343186912,124,102
1763002773756,1763002773835,79,649.1191610050649,6.363913343186912,125,102
1763002773788,1763002773868,80,649.1191610050649,6.363913343186912,126,102
1763002773820,1763002773899,79,649.1191610050649,6.363913343186912,127,102
1763002773852,1763002773932,80,649.1191610050649,6.363913343186912,128,102
1763002773884,1763002773964,80,649.1191610050649,6.363913343186912,129,102
1763002773916,1763002773994,78,649.1191610050649,6.363913343186912,130,102
1763002773948,1763002774027,79,662.6143755160115,6.496219367804034,131,102
1763002773979,1763002774059,80,662.6143755160115,6.496219367804034,132,102
1763002774010,1763002774089,79,662.6143755160115,6.496219367804034,133,102
1763002774043,1763002774121,78,662.6143755160115,6.496219367804034,134,102
1763002774073,1763002774153,80,662.6143755160115,6.496219367804034,135,102
1763002774105,1763002774184,79,662.6143755160115,6.496219367804034,136,102
1763002774137,1763002774215,78,652.3396572862612,6.395486836139815,137,102
1763002774168,1763002774246,78,652.3396572862612,6.395486836139815,138,102
1763002774199,1763002774277,78,652.3396572862612,6.395486836139815,139,102
1763002774230,1763002774309,79,652.3396572862612,6.395486836139815,140,102
1763002774262,1763002774342,80,652.3396572862612,6.395486836139815,141,102
1763002774294,1763002774374,80,652.3396572862612,6.395486836139815,142,102
1763002774326,1763002774405,79,652.3396572862612,6.395486836139815,143,102
1763002774358,1763002774437,79,665.1033482280051,6.520621061058874,144,102
1763002774389,1763002774469,80,665.1033482280051,6.520621061058874,145,102
1763002774421,1763002774501,80,665.1033482280051,6.520621061058874,146,102
1763002774453,1763002774533,80,665.1033482280051,6.520621061058874,147,102
1763002774485,1763002774563,78,665.1033482280051,6.520621061058874,148,102
1763002774517,1763002774596,79,665.1033482280051,6.520621061058874,149,102
1763002774549,1763002774627,78,654.217161841264,6.413893743541805,150,102
1763002774580,1763002774659,79,654.217161841264,6.413893743541805,151,102
1763002774611,1763002774689,78,654.217161841264,6.413893743541805,152,102
1763002774642,1763002774722,80,654.217161841264,6.413893743541805,153,102
1763002774674,1763002774753,79,654.217161841264,6.413893743541805,154,102
1763002774706,1763002774784,78,654.217161841264,6.413893743541805,155,102
1763002774738,1763002774817,79,654.217161841264,6.413893743541805,156,102
1763002774769,1763002774849,80,666.5922093401224,6.535217738628651,157,102
1763002774801,1763002774881,80,666.5922093401224,6.535217738628651,158,102
1763002774833,1763002774912,79,666.5922093401224,6.535217738628651,159,102
1763002774865,1763002774945,80,666.5922093401224,6.535217738628651,160,102
1763002774897,1763002774976,79,666.5922093401224,6.535217738628651,161,102
1763002774929,1763002775008,79,666.5922093401224,6.535217738628651,162,102
1763002774961,1763002775039,78,655.4008064253973,6.425498102209778,163,102
1763002774992,1763002775072,80,655.4008064253973,6.425498102209778,164,102
1763002775023,1763002775101,78,655.4008064253973,6.425498102209778,165,102
1763002775055,1763002775134,79,655.4008064253973,6.425498102209778,166,102
1763002775086,1763002775166,80,655.4008064253973,6.425498102209778,167,102
1763002775119,1763002775198,79,655.4008064253973,6.425498102209778,168,102
1763002775150,1763002775228,78,655.4008064253973,6.425498102209778,169,102
1763002775182,1763002775261,79,667.4722403017654,6.5438454931545635,170,102
1763002775212,1763002775292,80,667.4722403017654,6.5438454931545635,171,102
1763002775244,1763002775323,79,667.4722403017654,6.5438454931545635,172,102
1763002775275,1763002775355,80,667.4722403017654,6.5438454931545635,173,102
1763002775307,1763002775386,79,667.4722403017654,6.5438454931545635,174,102
1763002775339,1763002775418,79,667.4722403017654,6.5438454931545635,175,102
1763002775370,1763002775448,78,656.211375520507,6.433444858044187,176,102
1763002775401,1763002775480,79,656.211375520507,6.433444858044187,177,102
1763002775432,1763002775511,79,656.211375520507,6.433444858044187,178,102
1763002775463,1763002775543,80,656.211375520507,6.433444858044187,179,102
1763002775495,1763002775573,78,656.211375520507,6.433444858044187,180,102
1763002775527,1763002775606,79,656.211375520507,6.433444858044187,181,102
1763002775558,1763002775636,78,656.211375520507,6.433444858044187,182,102
1763002775590,1763002775667,77,668.0580435388031,6.549588662145129,183,102
1763002775620,1763002775699,79,668.0580435388031,6.549588662145129,184,102
1763002775652,1763002775729,77,668.0580435388031,6.549588662145129,185,102
1763002775683,1763002775761,78,668.0580435388031,6.549588662145129,186,102
1763002775714,1763002775792,78,668.0580435388031,6.549588662145129,187,102
1763002775746,1763002775825,79,668.0580435388031,6.549588662145129,188,102
1763002775777,1763002775856,79,656.6782607004261,6.438022163729668,189,102
1763002775809,1763002775887,78,656.6782607004261,6.438022163729668,190,102
1763002775840,1763002775920,80,656.6782607004261,6.438022163729668,191,102
1763002775872,1763002775951,79,656.6782607004261,6.438022163729668,192,102
1763002775904,1763002775984,80,656.6782607004261,6.438022163729668,193,102
1763002775935,1763002776014,79,656.6782607004261,6.438022163729668,194,102
1763002775967,1763002776046,79,656.6782607004261,6.438022163729668,195,102
1763002775999,1763002776077,78,668.4865389961383,6.553789598001357,196,102
1763002776030,1763002776108,78,668.4865389961383,6.553789598001357,197,102
1763002776061,1763002776139,78,668.4865389961383,6.553789598001357,198,102
1763002776092,1763002776171,79,668.4865389961383,6.553789598001357,199,102
1763002776123,1763002776203,80,668.4865389961383,6.553789598001357,200,102
1763002776155,1763002776235,80,668.4865389961383,6.553789598001357,201,102
1763002776186,1763002776267,81,656.90679850193,6.440262730411079,202,102
1763002776218,1763002776297,79,656.90679850193,6.440262730411079,203,102
1763002776250,1763002776328,78,656.90679850193,6.440262730411079,204,102
1763002776282,1763002776359,77,656.90679850193,6.440262730411079,205,102
1763002776312,1763002776392,80,656.90679850193,6.440262730411079,206,102
1763002776344,1763002776422,78,656.90679850193,6.440262730411079,207,102
1763002776376,1763002776455,79,656.90679850193,6.440262730411079,208,102
1763002776407,1763002776487,80,668.6109048090343,6.555008870676808,209,102
1763002776440,1763002776517,77,668.6109048090343,6.555008870676808,210,102
1763002776471,1763002776549,78,668.6109048090343,6.555008870676808,211,102
1763002776502,1763002776583,81,668.6109048090343,6.555008870676808,212,102
1763002776534,1763002776614,80,668.6109048090343,6.555008870676808,213,102
1763002776566,1763002776645,79,668.6109048090343,6.555008870676808,214,102
1763002776598,1763002776677,79,657.0056693231822,6.441232052188062,215,102
1763002776630,1763002776708,78,657.0056693231822,6.441232052188062,216,102
1763002776661,1763002776739,78,657.0056693231822,6.441232052188062,217,102
1763002776692,1763002776772,80,657.0056693231822,6.441232052188062,218,102
1763002776724,1763002776802,78,657.0056693231822,6.441232052188062,219,102
1763002776756,1763002776835,79,657.0056693231822,6.441232052188062,220,102
1763002776787,1763002776866,79,657.0056693231822,6.441232052188062,221,102
1763002776818,1763002776897,79,668.7465014426067,6.556338249437322,222,102
1763002776850,1763002776928,78,668.7465014426067,6.556338249437322,223,102
1763002776881,1763002776962,81,668.7465014426067,6.556338249437322,224,102
1763002776913,1763002776992,79,668.7465014426067,6.556338249437322,225,102
1763002776946,1763002777026,80,668.7465014426067,6.556338249437322,226,102
1763002776977,1763002777058,81,668.7465014426067,6.556338249437322,227,102
1763002777009,1763002777090,81,656.9999756439871,6.441176231803796,228,102
1763002777041,1763002777122,81,656.9999756439871,6.441176231803796,229,102
1763002777073,1763002777153,80,656.9999756439871,6.441176231803796,230,102
1763002777105,1763002777185,80,656.9999756439871,6.441176231803796,231,102
1763002777137,1763002777217,80,656.9999756439871,6.441176231803796,232,102
1763002777169,1763002777248,79,656.9999756439871,6.441176231803796,233,102
1763002777201,1763002777280,79,656.9999756439871,6.441176231803796,234,102
1763002777232,1763002777313,81,668.8559807100378,6.557411575588606,235,102
1763002777264,1763002777345,81,668.8559807100378,6.557411575588606,236,102
1763002777296,1763002777376,80,668.8559807100378,6.557411575588606,237,102
1763002777328,1763002777407,79,668.8559807100378,6.557411575588606,238,102
1763002777360,1763002777438,78,668.8559807100378,6.557411575588606,239,102
1763002777391,1763002777471,80,668.8559807100378,6.557411575588606,240,102
1763002777423,1763002777502,79,657.20050466448,6.443142202592942,241,102
1763002777455,1763002777534,79,657.20050466448,6.443142202592942,242,102
1763002777487,1763002777566,79,657.20050466448,6.443142202592942,243,102
1763002777518,1763002777596,78,657.20050466448,6.443142202592942,244,102
1763002777549,1763002777628,79,657.20050466448,6.443142202592942,245,102
1763002777581,1763002777660,79,657.20050466448,6.443142202592942,246,102
1763002777612,1763002777691,79,657.20050466448,6.443142202592942,247,102
1763002777644,1763002777723,79,668.8444012082616,6.557298051061389,248,102
1763002777674,1763002777753,79,668.8444012082616,6.557298051061389,249,102
1763002777706,1763002777784,78,668.8444012082616,6.557298051061389,250,102
1763002777737,1763002777816,79,668.8444012082616,6.557298051061389,251,102
1763002777768,1763002777847,79,668.8444012082616,6.557298051061389,252,102
1763002777800,1763002777879,79,668.8444012082616,6.557298051061389,253,102
1763002777831,1763002777911,80,657.2481433617762,6.443609248644866,254,102
1763002777863,1763002777943,80,657.2481433617762,6.443609248644866,255,102
1763002777895,1763002777973,78,657.2481433617762,6.443609248644866,256,102
1763002777926,1763002778005,79,657.2481433617762,6.443609248644866,257,102
1763002777958,1763002778037,79,657.2481433617762,6.443609248644866,258,102
1763002777989,1763002778068,79,657.2481433617762,6.443609248644866,259,102
1763002778021,1763002778101,80,657.2481433617762,6.443609248644866,260,102
1763002778053,1763002778131,78,668.8822739726121,6.557669352672669,261,102
1763002778084,1763002778162,78,668.8822739726121,6.557669352672669,262,102
1763002778116,1763002778195,79,668.8822739726121,6.557669352672669,263,102
1763002778147,1763002778225,78,668.8822739726121,6.557669352672669,264,102
1763002778178,1763002778257,79,668.8822739726121,6.557669352672669,265,102
1763002778209,1763002778287,78,668.8822739726121,6.557669352672669,266,102
1763002778241,1763002778319,78,657.3351723561718,6.444462474080117,267,102
1763002778272,1763002778355,83,657.3351723561718,6.444462474080117,268,102
1763002778304,1763002778383,79,657.3351723561718,6.444462474080117,269,102
1763002778339,1763002778415,76,657.3351723561718,6.444462474080117,270,102
1763002778367,1763002778447,80,657.3351723561718,6.444462474080117,271,102
1763002778399,1763002778478,79,657.3351723561718,6.444462474080117,272,102
1763002778430,1763002778509,79,657.3351723561718,6.444462474080117,273,102
1763002778462,1763002778540,78,669.0081268508004,6.558903204419613,274,102
1763002778494,1763002778572,78,669.0081268508004,6.558903204419613,275,102
1763002778525,1763002778605,80,669.0081268508004,6.558903204419613,276,102
1763002778557,1763002778635,78,669.0081268508004,6.558903204419613,277,102
1763002778589,1763002778666,77,669.0081268508004,6.558903204419613,278,102
1763002778619,1763002778698,79,669.0081268508004,6.558903204419613,279,102
1763002778651,1763002778730,79,657.3784689732371,6.444886950718011,280,102
1763002778682,1763002778760,78,657.3784689732371,6.444886950718011,281,102
1763002778714,1763002778791,77,657.3784689732371,6.444886950718011,282,102
1763002778745,1763002778823,78,657.3784689732371,6.444886950718011,283,102
1763002778776,1763002778854,78,657.3784689732371,6.444886950718011,284,102
1763002778807,1763002778887,80,657.3784689732371,6.444886950718011,285,102
1763002778839,1763002778918,79,657.3784689732371,6.444886950718011,286,102
1763002778871,1763002778949,78,668.9292613026968,6.558130012771537,287,102
1763002778903,1763002778980,77,668.9292613026968,6.558130012771537,288,102
1763002778933,1763002779012,79,668.9292613026968,6.558130012771537,289,102
1763002778965,1763002779044,79,668.9292613026968,6.558130012771537,290,102
1763002778996,1763002779076,80,668.9292613026968,6.558130012771537,291,102
1763002779028,1763002779108,80,668.9292613026968,6.558130012771537,292,102
1763002779060,1763002779139,79,657.2587627356439,6.443713360153372,293,102
1763002779091,1763002779170,79,657.2587627356439,6.443713360153372,294,102
1763002779123,1763002779202,79,657.2587627356439,6.443713360153372,295,102
1763002779154,1763002779234,80,657.2587627356439,6.443713360153372,296,102
1763002779185,1763002779264,79,657.2587627356439,6.443713360153372,297,102
1763002779217,1763002779295,78,657.2587627356439,6.443713360153372,298,102
1763002779248,1763002779325,77,657.2587627356439,6.443713360153372,299,102
1763002779280,1763002779360,80,668.8339751375726,6.557195834682084,300,102
1763002779310,1763002779390,80,668.8339751375726,6.557195834682084,301,102
1763002779342,1763002779420,78,668.8339751375726,6.557195834682084,302,102
1763002779374,1763002779453,79,668.8339751375726,6.557195834682084,303,102
1763002779405,1763002779484,79,668.8339751375726,6.557195834682084,304,102
1763002779437,1763002779514,77,668.8339751375726,6.557195834682084,305,102
1763002779468,1763002779545,77,657.2966781846453,6.444085080241621,306,102
1763002779498,1763002779575,77,657.2966781846453,6.444085080241621,307,102
1763002779530,1763002779608,78,657.2966781846453,6.444085080241621,308,102
1763002779560,1763002779639,79,657.2966781846453,6.444085080241621,309,102
1763002779591,1763002779669,78,657.2966781846453,6.444085080241621,310,102
1763002779622,1763002779701,79,657.2966781846453,6.444085080241621,311,102
1763002779654,1763002779733,79,657.2966781846453,6.444085080241621,312,102
1763002779685,1763002779765,80,668.920859156793,6.558047638792089,313,102
1763002779717,1763002779795,78,668.920859156793,6.558047638792089,314,102
1763002779749,1763002779827,78,668.920859156793,6.558047638792089,315,102
1763002779780,1763002779859,79,668.920859156793,6.558047638792089,316,102
1763002779811,1763002779890,79,668.920859156793,6.558047638792089,317,102
1763002779843,1763002779922,79,668.920859156793,6.558047638792089,318,102
1763002779874,1763002779954,80,657.365924747964,6.444763968117295,319,102
1763002779906,1763002779984,78,657.365924747964,6.444763968117295,320,102
1763002779938,1763002780016,78,657.365924747964,6.444763968117295,321,102
1763002779969,1763002780049,80,657.365924747964,6.444763968117295,322,102
1763002780001,1763002780081,80,657.365924747964,6.444763968117295,323,102
1763002780033,1763002780114,81,657.365924747964,6.444763968117295,324,102
1763002780065,1763002780144,79,657.365924747964,6.444763968117295,325,102
1763002780097,1763002780176,79,669.1458124003875,6.560253062748897,326,102
1763002780128,1763002780207,79,669.1458124003875,6.560253062748897,327,102
1763002780160,1763002780238,78,669.1458124003875,6.560253062748897,328,102
1763002780192,1763002780270,78,669.1458124003875,6.560253062748897,329,102
1763002780223,1763002780302,79,669.1458124003875,6.560253062748897,330,102
1763002780254,1763002780332,78,669.1458124003875,6.560253062748897,331,102
1763002780286,1763002780364,78,657.6023582955092,6.44708194407362,332,102
1763002780317,1763002780397,80,657.6023582955092,6.44708194407362,333,102
1763002780348,1763002780429,81,657.6023582955092,6.44708194407362,334,102
1763002780380,1763002780460,80,657.6023582955092,6.44708194407362,335,102
1763002780412,1763002780492,80,657.6023582955092,6.44708194407362,336,102
1763002780444,1763002780524,80,657.6023582955092,6.44708194407362,337,102
1763002780476,1763002780555,79,657.6023582955092,6.44708194407362,338,102
1763002780507,1763002780584,77,669.2766701283389,6.561535981650381,339,102
1763002780538,1763002780618,80,669.2766701283389,6.561535981650381,340,102
1763002780569,1763002780650,81,669.2766701283389,6.561535981650381,341,102
1763002780601,1763002780682,81,669.2766701283389,6.561535981650381,342,102
1763002780634,1763002780714,80,669.2766701283389,6.561535981650381,343,102
1763002780665,1763002780745,80,669.2766701283389,6.561535981650381,344,102
1763002780697,1763002780777,80,657.4776760819011,6.445859569430402,345,102
1763002780729,1763002780808,79,657.4776760819011,6.445859569430402,346,102
1763002780761,1763002780840,79,657.4776760819011,6.445859569430402,347,102
1763002780792,1763002780872,80,657.4776760819011,6.445859569430402,348,102
1763002780824,1763002780903,79,657.4776760819011,6.445859569430402,349,102
1763002780855,1763002780936,81,657.4776760819011,6.445859569430402,350,102
1763002780887,1763002780966,79,657.4776760819011,6.445859569430402,351,102
1763002780920,1763002780999,79,669.2343194568657,6.561120778988879,352,102
1763002780951,1763002781031,80,669.2343194568657,6.561120778988879,353,102
1763002780983,1763002781062,79,669.2343194568657,6.561120778988879,354,102
1763002781016,1763002781095,79,669.2343194568657,6.561120778988879,355,102
1763002781046,1763002781127,81,669.2343194568657,6.561120778988879,356,102
1763002781078,1763002781157,79,669.2343194568657,6.561120778988879,357,102
1763002781110,1763002781189,79,657.5585182876652,6.446652140075147,358,102
1763002781142,1763002781221,79,657.5585182876652,6.446652140075147,359,102
1763002781173,1763002781251,78,657.5585182876652,6.446652140075147,360,102
1763002781205,1763002781282,77,657.5585182876652,6.446652140075147,361,102
1763002781236,1763002781315,79,657.5585182876652,6.446652140075147,362,102
1763002781267,1763002781345,78,657.5585182876652,6.446652140075147,363,102
1763002781299,1763002781376,77,657.5585182876652,6.446652140075147,364,102
1763002781330,1763002781408,78,669.1290220386938,6.560088451359742,365,102
1763002781361,1763002781440,79,669.1290220386938,6.560088451359742,366,102
1763002781393,1763002781472,79,669.1290220386938,6.560088451359742,367,102
1763002781425,1763002781503,78,669.1290220386938,6.560088451359742,368,102
1763002781456,1763002781533,77,669.1290220386938,6.560088451359742,369,102
1763002781487,1763002781564,77,669.1290220386938,6.560088451359742,370,102
1763002781517,1763002781597,80,657.531830564839,6.446390495733715,371,102
1763002781548,1763002781628,80,657.531830564839,6.446390495733715,372,102
1763002781581,1763002781658,77,657.531830564839,6.446390495733715,373,102
1763002781612,1763002781689,77,657.531830564839,6.446390495733715,374,102
1763002781643,1763002781722,79,657.531830564839,6.446390495733715,375,102
1763002781674,1763002781752,78,657.531830564839,6.446390495733715,376,102
1763002781706,1763002781784,78,657.531830564839,6.446390495733715,377,102
1763002781737,1763002781817,80,669.107805299047,6.559880444108303,378,102
1763002781769,1763002781848,79,669.107805299047,6.559880444108303,379,102
1763002781801,1763002781880,79,669.107805299047,6.559880444108303,380,102
1763002781833,1763002781912,79,669.107805299047,6.559880444108303,381,102
1763002781865,1763002781944,79,669.107805299047,6.559880444108303,382,102
1763002781897,1763002781976,79,669.107805299047,6.559880444108303,383,102
1763002781928,1763002782007,79,657.4007052127423,6.4451049530661,384,102
1763002781960,1763002782038,78,657.4007052127423,6.4451049530661,385,102
1763002781991,1763002782069,78,657.4007052127423,6.4451049530661,386,102
1763002782023,1763002782100,77,657.4007052127423,6.4451049530661,387,102
1763002782054,1763002782134,80,657.4007052127423,6.4451049530661,388,102
1763002782085,1763002782164,79,657.4007052127423,6.4451049530661,389,102
1763002782117,1763002782195,78,657.4007052127423,6.4451049530661,390,102
1763002782148,1763002782226,78,669.0035606441302,6.55885843768755,391,102
1763002782179,1763002782258,79,669.0035606441302,6.55885843768755,392,102
1763002782211,1763002782290,79,669.0035606441302,6.55885843768755,393,102
1763002782242,1763002782321,79,669.0035606441302,6.55885843768755,394,102
1763002782274,1763002782353,79,669.0035606441302,6.55885843768755,395,102
1763002782305,1763002782383,78,669.0035606441302,6.55885843768755,396,102
1763002782337,1763002782416,79,657.3178307120835,6.444292457961602,397,102
1763002782368,1763002782447,79,657.3178307120835,6.444292457961602,398,102
1763002782400,1763002782478,78,657.3178307120835,6.444292457961602,399,102
1763002782431,1763002782509,78,657.3178307120835,6.444292457961602,400,102
1763002782463,1763002782541,78,657.3178307120835,6.444292457961602,401,102
1763002782494,1763002782574,80,657.3178307120835,6.444292457961602,402,102
1763002782526,1763002782605,79,657.3178307120835,6.444292457961602,403,102
1763002782558,1763002782636,78,668.8809932468184,6.557656796537435,404,102
1763002782589,1763002782666,77,668.8809932468184,6.557656796537435,405,102
1763002782619,1763002782697,78,668.8809932468184,6.557656796537435,406,102
1763002782649,1763002782729,80,668.8809932468184,6.557656796537435,407,102
1763002782682,1763002782761,79,668.8809932468184,6.557656796537435,408,102
1763002782713,1763002782792,79,668.8809932468184,6.557656796537435,409,102
1763002782745,1763002782825,80,657.2772706244675,6.4438948100437985,410,102
1763002782777,1763002782856,79,657.2772706244675,6.4438948100437985,411,102
1763002782808,1763002782887,79,657.2772706244675,6.4438948100437985,412,102
1763002782840,1763002782920,80,657.2772706244675,6.4438948100437985,413,102
1763002782872,1763002782951,79,657.2772706244675,6.4438948100437985,414,102
1763002782904,1763002782984,80,657.2772706244675,6.4438948100437985,415,102
1763002782936,1763002783015,79,657.2772706244675,6.4438948100437985,416,102
1763002782968,1763002783044,76,668.9621528758272,6.558452479174776,417,102
1763002782999,1763002783077,78,668.9621528758272,6.558452479174776,418,102
1763002783029,1763002783107,78,668.9621528758272,6.558452479174776,419,102
1763002783061,1763002783139,78,668.9621528758272,6.558452479174776,420,102
1763002783092,1763002783171,79,668.9621528758272,6.558452479174776,421,102
1763002783124,1763002783203,79,668.9621528758272,6.558452479174776,422,102
1763002783156,1763002783235,79,657.3418736891584,6.444528173423122,423,102
1763002783187,1763002783265,78,657.3418736891584,6.444528173423122,424,102
1763002783219,1763002783297,78,657.3418736891584,6.444528173423122,425,102
1763002783250,1763002783329,79,657.3418736891584,6.444528173423122,426,102
1763002783282,1763002783361,79,657.3418736891584,6.444528173423122,427,102
1763002783314,1763002783392,78,657.3418736891584,6.444528173423122,428,102
1763002783346,1763002783425,79,657.3418736891584,6.444528173423122,429,102
1763002783376,1763002783457,81,669.0701058355027,6.559510841524536,430,102
1763002783409,1763002783488,79,669.0701058355027,6.559510841524536,431,102
1763002783440,1763002783520,80,669.0701058355027,6.559510841524536,432,102
1763002783472,1763002783553,81,669.0701058355027,6.559510841524536,433,102
1763002783504,1763002783584,80,669.0701058355027,6.559510841524536,434,102
1763002783536,1763002783616,80,669.0701058355027,6.559510841524536,435,102
1763002783567,1763002783648,81,657.3136640333892,6.4442516081704815,436,102
1763002783599,1763002783678,79,657.3136640333892,6.4442516081704815,437,102
1763002783630,1763002783709,79,657.3136640333892,6.4442516081704815,438,102
1763002783661,1763002783740,79,657.3136640333892,6.4442516081704815,439,102
1763002783693,1763002783771,78,657.3136640333892,6.4442516081704815,440,102
1763002783725,1763002783803,78,657.3136640333892,6.4442516081704815,441,102
1763002783756,1763002783835,79,657.3136640333892,6.4442516081704815,442,102
1763002783788,1763002783866,78,668.8776765705778,6.5576242801037035,443,102
1763002783819,1763002783898,79,668.8776765705778,6.5576242801037035,444,102
1763002783851,1763002783929,78,668.8776765705778,6.5576242801037035,445,102
1763002783882,1763002783962,80,668.8776765705778,6.5576242801037035,446,102
1763002783914,1763002783993,79,668.8776765705778,6.5576242801037035,447,102
1763002783946,1763002784024,78,668.8776765705778,6.5576242801037035,448,102
1763002783977,1763002784057,80,657.2177528736094,6.443311302682444,449,102
1763002784009,1763002784089,80,657.2177528736094,6.443311302682444,450,102
1763002784041,1763002784120,79,657.2177528736094,6.443311302682444,451,102
1763002784073,1763002784152,79,657.2177528736094,6.443311302682444,452,102
1763002784105,1763002784183,78,657.2177528736094,6.443311302682444,453,102
1763002784136,1763002784216,80,657.2177528736094,6.443311302682444,454,102
1763002784168,1763002784246,78,657.2177528736094,6.443311302682444,455,102
1763002784200,1763002784279,79,668.9716780287722,6.558545863027178,456,102
1763002784231,1763002784310,79,668.9716780287722,6.558545863027178,457,102
1763002784263,1763002784342,79,668.9716780287722,6.558545863027178,458,102
1763002784295,1763002784375,80,668.9716780287722,6.558545863027178,459,102
1763002784327,1763002784406,79,668.9716780287722,6.558545863027178,460,102
1763002784359,1763002784438,79,668.9716780287722,6.558545863027178,461,102
1763002784391,1763002784470,79,657.1785406768164,6.442926869380552,462,102
1763002784423,1763002784503,80,657.1785406768164,6.442926869380552,463,102
1763002784455,1763002784533,78,657.1785406768164,6.442926869380552,464,102
1763002784487,1763002784567,80,657.1785406768164,6.442926869380552,465,102
1763002784518,1763002784596,78,657.1785406768164,6.442926869380552,466,102
1763002784550,1763002784628,78,657.1785406768164,6.442926869380552,467,102
1763002784581,1763002784661,80,657.1785406768164,6.442926869380552,468,102
1763002784613,1763002784693,80,668.9405827567155,6.558241007418778,469,102
1763002784644,1763002784723,79,668.9405827567155,6.558241007418778,470,102
1763002784677,1763002784755,78,668.9405827567155,6.558241007418778,471,102
1763002784708,1763002784787,79,668.9405827567155,6.558241007418778,472,102
1763002784740,1763002784818,78,668.9405827567155,6.558241007418778,473,102
1763002784771,1763002784849,78,668.9405827567155,6.558241007418778,474,102
1763002784803,1763002784882,79,657.3247038743455,6.444359841905348,475,102
1763002784834,1763002784914,80,657.3247038743455,6.444359841905348,476,102
1763002784866,1763002784945,79,657.3247038743455,6.444359841905348,477,102
1763002784898,1763002784977,79,657.3247038743455,6.444359841905348,478,102
1763002784930,1763002785008,78,657.3247038743455,6.444359841905348,479,102
1763002784962,1763002785038,76,657.3247038743455,6.444359841905348,480,102
1763002784992,1763002785071,79,657.3247038743455,6.444359841905348,481,102
1763002785023,1763002785100,77,668.9431395801047,6.558266074314751,482,102
1763002785055,1763002785133,78,668.9431395801047,6.558266074314751,483,102
1763002785085,1763002785165,80,668.9431395801047,6.558266074314751,484,102
1763002785117,1763002785197,80,668.9431395801047,6.558266074314751,485,102
1763002785148,1763002785227,79,668.9431395801047,6.558266074314751,486,102
1763002785180,1763002785258,78,668.9431395801047,6.558266074314751,487,102
1763002785211,1763002785291,80,657.3267391057633,6.444379795154542,488,102
1763002785243,1763002785323,80,657.3267391057633,6.444379795154542,489,102
1763002785275,1763002785355,80,657.3267391057633,6.444379795154542,490,102
1763002785307,1763002785385,78,657.3267391057633,6.444379795154542,491,102
1763002785338,1763002785417,79,657.3267391057633,6.444379795154542,492,102
1763002785370,1763002785449,79,657.3267391057633,6.444379795154542,493,102
1763002785402,1763002785480,78,657.3267391057633,6.444379795154542,494,102
1763002785434,1763002785512,78,669.0581041108703,6.559393177557552,495,102
1763002785465,1763002785543,78,669.0581041108703,6.559393177557552,496,102
1763002785497,1763002785575,78,669.0581041108703,6.559393177557552,497,102
1763002785528,1763002785606,78,669.0581041108703,6.559393177557552,498,102
1763002785560,1763002785637,77,669.0581041108703,6.559393177557552,499,102
1763002785591,1763002785669,78,669.0581041108703,6.559393177557552,500,102
1763002785622,1763002785702,80,657.4182508722528,6.445276969335811,501,102
1763002785654,1763002785731,77,657.4182508722528,6.445276969335811,502,102
1763002785685,1763002785764,79,657.4182508722528,6.445276969335811,503,102
1763002785716,1763002785795,79,657.4182508722528,6.445276969335811,504,102
1763002785748,1763002785825,77,657.4182508722528,6.445276969335811,505,102
1763002785779,1763002785856,77,657.4182508722528,6.445276969335811,506,102
1763002785810,1763002785888,78,657.4182508722528,6.445276969335811,507,102
1763002785841,1763002785919,78,668.9043459451855,6.557885744560641,508,102
1763002785872,1763002785950,78,668.9043459451855,6.557885744560641,509,102
1763002785904,1763002785981,77,668.9043459451855,6.557885744560641,510,102
1763002785934,1763002786014,80,668.9043459451855,6.557885744560641,511,102
1763002785966,1763002786045,79,668.9043459451855,6.557885744560641,512,102
1763002785998,1763002786078,80,668.9043459451855,6.557885744560641,513,102
1763002786030,1763002786110,80,657.2389550264224,6.44351916692571,514,102
1763002786062,1763002786141,79,657.2389550264224,6.44351916692571,515,102
1763002786094,1763002786174,80,657.2389550264224,6.44351916692571,516,102
1763002786125,1763002786204,79,657.2389550264224,6.44351916692571,517,102
1763002786157,1763002786236,79,657.2389550264224,6.44351916692571,518,102
1763002786187,1763002786267,80,657.2389550264224,6.44351916692571,519,102
1763002786219,1763002786299,80,657.2389550264224,6.44351916692571,520,102
1763002786251,1763002786331,80,668.8749692460059,6.557597737705939,521,102
1763002786282,1763002786362,80,668.8749692460059,6.557597737705939,522,102
1763002786314,1763002786393,79,668.8749692460059,6.557597737705939,523,102
1763002786346,1763002786425,79,668.8749692460059,6.557597737705939,524,102
1763002786377,1763002786457,80,668.8749692460059,6.557597737705939,525,102
1763002786409,1763002786489,80,668.8749692460059,6.557597737705939,526,102
1763002786441,1763002786520,79,657.2156005505747,6.443290201476222,527,102
1763002786473,1763002786551,78,657.2156005505747,6.443290201476222,528,102
1763002786504,1763002786584,80,657.2156005505747,6.443290201476222,529,102
1763002786536,1763002786614,78,657.2156005505747,6.443290201476222,530,102
1763002786568,1763002786645,77,657.2156005505747,6.443290201476222,531,102
1763002786598,1763002786677,79,657.2156005505747,6.443290201476222,532,102
1763002786629,1763002786708,79,657.2156005505747,6.443290201476222,533,102
1763002786660,1763002786739,79,668.8564024377068,6.557415710173596,534,102
1763002786691,1763002786772,81,668.8564024377068,6.557415710173596,535,102
1763002786724,1763002786802,78,668.8564024377068,6.557415710173596,536,102
1763002786756,1763002786834,78,668.8564024377068,6.557415710173596,537,102
1763002786787,1763002786866,79,668.8564024377068,6.557415710173596,538,102
1763002786819,1763002786898,79,668.8564024377068,6.557415710173596,539,102
1763002786851,1763002786931,80,657.1439835355392,6.442588073877835,540,102
1763002786883,1763002786961,78,657.1439835355392,6.442588073877835,541,102
1763002786915,1763002786991,76,657.1439835355392,6.442588073877835,542,102
1763002786945,1763002787022,77,657.1439835355392,6.442588073877835,543,102
1763002786976,1763002787053,77,657.1439835355392,6.442588073877835,544,102
1763002787007,1763002787086,79,657.1439835355392,6.442588073877835,545,102
1763002787038,1763002787117,79,657.1439835355392,6.442588073877835,546,102
1763002787070,1763002787149,79,668.6288988613603,6.555185282954512,547,102
1763002787100,1763002787181,81,668.6288988613603,6.555185282954512,548,102
1763002787132,1763002787212,80,668.6288988613603,6.555185282954512,549,102
1763002787164,1763002787244,80,668.6288988613603,6.555185282954512,550,102
1763002787196,1763002787275,79,668.6288988613603,6.555185282954512,551,102
1763002787228,1763002787305,77,668.6288988613603,6.555185282954512,552,102
1763002787259,1763002787337,78,657.0766034936428,6.441927485231791,553,102
1763002787290,1763002787368,78,657.0766034936428,6.441927485231791,554,102
1763002787321,1763002787401,80,657.0766034936428,6.441927485231791,555,102
1763002787352,1763002787432,80,657.0766034936428,6.441927485231791,556,102
1763002787384,1763002787463,79,657.0766034936428,6.441927485231791,557,102
1763002787416,1763002787495,79,657.0766034936428,6.441927485231791,558,102
1763002787448,1763002787527,79,657.0766034936428,6.441927485231791,559,102
1763002787480,1763002787558,78,668.8597465704587,6.557448495788811,560,102
1763002787511,1763002787591,80,668.8597465704587,6.557448495788811,561,102
1763002787542,1763002787621,79,668.8597465704587,6.557448495788811,562,102
1763002787574,1763002787653,79,668.8597465704587,6.557448495788811,563,102
1763002787606,1763002787686,80,668.8597465704587,6.557448495788811,564,102
1763002787637,1763002787716,79,668.8597465704587,6.557448495788811,565,102
1763002787669,1763002787749,80,657.2034985235147,6.443171554152104,566,102
1763002787701,1763002787781,80,657.2034985235147,6.443171554152104,567,102
1763002787733,1763002787812,79,657.2034985235147,6.443171554152104,568,102
1763002787765,1763002787844,79,657.2034985235147,6.443171554152104,569,102
1763002787797,1763002787876,79,657.2034985235147,6.443171554152104,570,102
1763002787829,1763002787908,79,657.2034985235147,6.443171554152104,571,102
1763002787861,1763002787940,79,657.2034985235147,6.443171554152104,572,102
1763002787893,1763002787972,79,669.0739673321001,6.559548699334314,573,102
1763002787925,1763002788005,80,669.0739673321001,6.559548699334314,574,102
1763002787957,1763002788036,79,669.0739673321001,6.559548699334314,575,102
1763002787989,1763002788068,79,669.0739673321001,6.559548699334314,576,102
1763002788021,1763002788100,79,669.0739673321001,6.559548699334314,577,102
1763002788053,1763002788132,79,669.0739673321001,6.559548699334314,578,102
1763002788085,1763002788164,79,657.2596560943554,6.443722118572111,579,102
1763002788117,1763002788197,80,657.2596560943554,6.443722118572111,580,102
1763002788149,1763002788229,80,657.2596560943554,6.443722118572111,581,102
1763002788181,1763002788260,79,657.2596560943554,6.443722118572111,582,102
1763002788212,1763002788292,80,657.2596560943554,6.443722118572111,583,102
1763002788244,1763002788323,79,657.2596560943554,6.443722118572111,584,102
1763002788276,1763002788355,79,657.2596560943554,6.443722118572111,585,102
1763002788307,1763002788387,80,669.0049072828238,6.558871640027684,586,102
1763002788339,1763002788418,79,669.0049072828238,6.558871640027684,587,102
1763002788371,1763002788450,79,669.0049072828238,6.558871640027684,588,102
1763002788403,1763002788482,79,669.0049072828238,6.558871640027684,589,102
1763002788434,1763002788512,78,669.0049072828238,6.558871640027684,590,102
1763002788466,1763002788544,78,669.0049072828238,6.558871640027684,591,102
1763002788497,1763002788577,80,657.3189012898449,6.4443029538220085,592,102
1763002788529,1763002788607,78,657.3189012898449,6.4443029538220085,593,102
1763002788561,1763002788639,78,657.3189012898449,6.4443029538220085,594,102
1763002788592,1763002788671,79,657.3189012898449,6.4443029538220085,595,102
1763002788623,1763002788703,80,657.3189012898449,6.4443029538220085,596,102
1763002788655,1763002788733,78,657.3189012898449,6.4443029538220085,597,102
1763002788686,1763002788766,80,657.3189012898449,6.4443029538220085,598,102
1763002788718,1763002788797,79,668.9952076241368,6.558776545334675,599,102
1763002788750,1763002788828,78,668.9952076241368,6.558776545334675,600,102
1763002788782,1763002788858,76,668.9952076241368,6.558776545334675,601,102
1763002788812,1763002788890,78,668.9952076241368,6.558776545334675,602,102
1763002788843,1763002788921,78,668.9952076241368,6.558776545334675,603,102
1763002788875,1763002788955,80,668.9952076241368,6.558776545334675,604,102
1763002788906,1763002788986,80,657.425180476437,6.445344906631736,605,102
1763002788939,1763002789020,81,657.425180476437,6.445344906631736,606,102
1763002788970,1763002789049,79,657.425180476437,6.445344906631736,607,102
1763002789003,1763002789081,78,657.425180476437,6.445344906631736,608,102
1763002789033,1763002789113,80,657.425180476437,6.445344906631736,609,102
1763002789065,1763002789144,79,657.425180476437,6.445344906631736,610,102
1763002789097,1763002789176,79,657.425180476437,6.445344906631736,611,102
1763002789129,1763002789210,81,669.1927429373382,6.560713166052335,612,102
1763002789161,1763002789242,81,669.1927429373382,6.560713166052335,613,102
1763002789193,1763002789273,80,669.1927429373382,6.560713166052335,614,102
1763002789225,1763002789305,80,669.1927429373382,6.560713166052335,615,102
1763002789257,1763002789336,79,669.1927429373382,6.560713166052335,616,102
1763002789289,1763002789368,79,669.1927429373382,6.560713166052335,617,102
1763002789321,1763002789401,80,657.3538451493091,6.444645540679502,618,102
1763002789353,1763002789432,79,657.3538451493091,6.444645540679502,619,102
1763002789385,1763002789465,80,657.3538451493091,6.444645540679502,620,102
1763002789416,1763002789495,79,657.3538451493091,6.444645540679502,621,102
1763002789448,1763002789525,77,657.3538451493091,6.444645540679502,622,102
1763002789479,1763002789557,78,657.3538451493091,6.444645540679502,623,102
1763002789510,1763002789590,80,657.3538451493091,6.444645540679502,624,102
1763002789542,1763002789620,78,668.9663068937008,6.558493204840204,625,102
1763002789573,1763002789651,78,668.9663068937008,6.558493204840204,626,102
1763002789604,1763002789683,79,668.9663068937008,6.558493204840204,627,102
1763002789636,1763002789716,80,668.9663068937008,6.558493204840204,628,102
1763002789667,1763002789747,80,668.9663068937008,6.558493204840204,629,102
1763002789698,1763002789777,79,668.9663068937008,6.558493204840204,630,102
1763002789730,1763002789808,78,657.4591129011733,6.445677577462483,631,102
1763002789761,1763002789840,79,657.4591129011733,6.445677577462483,632,102
1763002789792,1763002789871,79,657.4591129011733,6.445677577462483,633,102
1763002789824,1763002789902,78,657.4591129011733,6.445677577462483,634,102
1763002789855,1763002789936,81,657.4591129011733,6.445677577462483,635,102
1763002789887,1763002789967,80,657.4591129011733,6.445677577462483,636,102
1763002789919,1763002789997,78,657.4591129011733,6.445677577462483,637,102
1763002789951,1763002790030,79,669.2196174177293,6.560976641350287,638,102
1763002789983,1763002790062,79,669.2196174177293,6.560976641350287,639,102
1763002790015,1763002790092,77,669.2196174177293,6.560976641350287,640,102
1763002790046,1763002790124,78,669.2196174177293,6.560976641350287,641,102
1763002790077,1763002790156,79,669.2196174177293,6.560976641350287,642,102
1763002790109,1763002790187,78,669.2196174177293,6.560976641350287,643,102
1763002790140,1763002790222,82,657.4895958470947,6.445976429873478,644,102
1763002790172,1763002790250,78,657.4895958470947,6.445976429873478,645,102
1763002790205,1763002790281,76,657.4895958470947,6.445976429873478,646,102
1763002790235,1763002790313,78,657.4895958470947,6.445976429873478,647,102
1763002790266,1763002790344,78,657.4895958470947,6.445976429873478,648,102
1763002790297,1763002790376,79,657.4895958470947,6.445976429873478,649,102
1763002790329,1763002790407,78,657.4895958470947,6.445976429873478,650,102
1763002790360,1763002790439,79,668.9612078901345,6.558443214609162,651,102
1763002790392,1763002790470,78,668.9612078901345,6.558443214609162,652,102
1763002790423,1763002790503,80,668.9612078901345,6.558443214609162,653,102
1763002790454,1763002790532,78,668.9612078901345,6.558443214609162,654,102
1763002790486,1763002790565,79,668.9612078901345,6.558443214609162,655,102
1763002790517,1763002790596,79,668.9612078901345,6.558443214609162,656,102
1763002790549,1763002790629,80,657.2841602726569,6.443962355614284,657,102
1763002790581,1763002790659,78,657.2841602726569,6.443962355614284,658,102
1763002790613,1763002790690,77,657.2841602726569,6.443962355614284,659,102
1763002790644,1763002790725,81,657.2841602726569,6.443962355614284,660,102
1763002790675,1763002790756,81,657.2841602726569,6.443962355614284,661,102
1763002790708,1763002790787,79,657.2841602726569,6.443962355614284,662,102
1763002790739,1763002790818,79,657.2841602726569,6.443962355614284,663,102
1763002790771,1763002790849,78,668.9676232564896,6.558506110357741,664,102
1763002790803,1763002790880,77,668.9676232564896,6.558506110357741,665,102
1763002790834,1763002790911,77,668.9676232564896,6.558506110357741,666,102
1763002790864,1763002790944,80,668.9676232564896,6.558506110357741,667,102
1763002790896,1763002790974,78,668.9676232564896,6.558506110357741,668,102
1763002790928,1763002791007,79,668.9676232564896,6.558506110357741,669,102
1763002790959,1763002791037,78,657.4601633586786,6.445687876065477,670,102
1763002790991,1763002791068,77,657.4601633586786,6.445687876065477,671,102
1763002791021,1763002791098,77,657.4601633586786,6.445687876065477,672,102
1763002791052,1763002791130,78,657.4601633586786,6.445687876065477,673,102
1763002791082,1763002791162,80,657.4601633586786,6.445687876065477,674,102
1763002791114,1763002791193,79,657.4601633586786,6.445687876065477,675,102
1763002791146,1763002791227,81,657.4601633586786,6.445687876065477,676,102
1763002791177,1763002791255,78,668.9942900335082,6.55876754934812,677,102
1763002791209,1763002791287,78,668.9942900335082,6.55876754934812,678,102
1763002791240,1763002791320,80,668.9942900335082,6.55876754934812,679,102
1763002791272,1763002791350,78,668.9942900335082,6.55876754934812,680,102
1763002791304,1763002791382,78,668.9942900335082,6.55876754934812,681,102
1763002791335,1763002791414,79,668.9942900335082,6.55876754934812,682,102
1763002791367,1763002791447,80,657.2534662866054,6.443661434182408,683,102
1763002791399,1763002791479,80,657.2534662866054,6.443661434182408,684,102
1763002791431,1763002791510,79,657.2534662866054,6.443661434182408,685,102
1763002791463,1763002791542,79,657.2534662866054,6.443661434182408,686,102
1763002791495,1763002791574,79,657.2534662866054,6.443661434182408,687,102
1763002791527,1763002791606,79,657.2534662866054,6.443661434182408,688,102
1763002791559,1763002791637,78,657.2534662866054,6.443661434182408,689,102
1763002791591,1763002791669,78,669.0567452989915,6.559379855872467,690,102
1763002791622,1763002791701,79,669.0567452989915,6.559379855872467,691,102
1763002791654,1763002791734,80,669.0567452989915,6.559379855872467,692,102
1763002791686,1763002791765,79,669.0567452989915,6.559379855872467,693,102
1763002791717,1763002791795,78,669.0567452989915,6.559379855872467,694,102
1763002791749,1763002791826,77,669.0567452989915,6.559379855872467,695,102
1763002791780,1763002791859,79,657.4171692579972,6.445266365274484,696,102
1763002791811,1763002791890,79,657.4171692579972,6.445266365274484,697,102
1763002791843,1763002791921,78,657.4171692579972,6.445266365274484,698,102
1763002791875,1763002791954,79,657.4171692579972,6.445266365274484,699,102
1763002791906,1763002791983,77,657.4171692579972,6.445266365274484,700,102
1763002791937,1763002792016,79,657.4171692579972,6.445266365274484,701,102
1763002791968,1763002792048,80,657.4171692579972,6.445266365274484,702,102
1763002792000,1763002792078,78,668.9600667293657,6.5584320267584895,703,102
1763002792032,1763002792109,77,668.9600667293657,6.5584320267584895,704,102
1763002792062,1763002792140,78,668.9600667293657,6.5584320267584895,705,102
1763002792094,1763002792171,77,668.9600667293657,6.5584320267584895,706,102
1763002792124,1763002792202,78,668.9600667293657,6.5584320267584895,707,102
1763002792156,1763002792236,80,668.9600667293657,6.5584320267584895,708,102
1763002792187,1763002792267,80,657.3402131165751,6.444511893299758,709,102
1763002792219,1763002792297,78,657.3402131165751,6.444511893299758,710,102
1763002792250,1763002792330,80,657.3402131165751,6.444511893299758,711,102
1763002792282,1763002792360,78,657.3402131165751,6.444511893299758,712,102
1763002792314,1763002792391,77,657.3402131165751,6.444511893299758,713,102
1763002792345,1763002792424,79,657.3402131165751,6.444511893299758,714,102
1763002792376,1763002792455,79,657.3402131165751,6.444511893299758,715,102
1763002792408,1763002792487,79,668.9554694276773,6.558386955173308,716,102
1763002792439,1763002792518,79,668.9554694276773,6.558386955173308,717,102
1763002792471,1763002792550,79,668.9554694276773,6.558386955173308,718,102
1763002792502,1763002792582,80,668.9554694276773,6.558386955173308,719,102
1763002792534,1763002792612,78,668.9554694276773,6.558386955173308,720,102
1763002792566,1763002792643,77,668.9554694276773,6.558386955173308,721,102
1763002792596,1763002792676,80,657.3365536644311,6.444476016317953,722,102
1763002792627,1763002792706,79,657.3365536644311,6.444476016317953,723,102
1763002792660,1763002792740,80,657.3365536644311,6.444476016317953,724,102
1763002792691,1763002792770,79,657.3365536644311,6.444476016317953,725,102
1763002792723,1763002792802,79,657.3365536644311,6.444476016317953,726,102
1763002792755,1763002792834,79,657.3365536644311,6.444476016317953,727,102
1763002792786,1763002792862,76,657.3365536644311,6.444476016317953,728,102
1763002792817,1763002792895,78,668.8958967168871,6.557802908989091,729,102
1763002792847,1763002792926,79,668.8958967168871,6.557802908989091,730,102
1763002792879,1763002792958,79,668.8958967168871,6.557802908989091,731,102
1763002792911,1763002792989,78,668.8958967168871,6.557802908989091,732,102
1763002792942,1763002793021,79,668.8958967168871,6.557802908989091,733,102
1763002792974,1763002793053,79,668.8958967168871,6.557802908989091,734,102
1763002793006,1763002793085,79,657.2322378899253,6.443453312646327,735,102
1763002793038,1763002793115,77,657.2322378899253,6.443453312646327,736,102
1763002793069,1763002793148,79,657.2322378899253,6.443453312646327,737,102
1763002793100,1763002793180,80,657.2322378899253,6.443453312646327,738,102
1763002793132,1763002793210,78,657.2322378899253,6.443453312646327,739,102
1763002793163,1763002793242,79,657.2322378899253,6.443453312646327,740,102
1763002793195,1763002793272,77,657.2322378899253,6.443453312646327,741,102
1763002793226,1763002793303,77,668.8696291224906,6.557545383553831,742,102
1763002793257,1763002793335,78,668.8696291224906,6.557545383553831,743,102
1763002793289,1763002793366,77,668.8696291224906,6.557545383553831,744,102
1763002793320,1763002793399,79,668.8696291224906,6.557545383553831,745,102
1763002793351,1763002793431,80,668.8696291224906,6.557545383553831,746,102
1763002793383,1763002793462,79,668.8696291224906,6.557545383553831,747,102
1763002793415,1763002793493,78,657.325094410625,6.444363670692403,748,102
1763002793446,1763002793524,78,657.325094410625,6.444363670692403,749,102
1763002793477,1763002793555,78,657.325094410625,6.444363670692403,750,102
1763002793508,1763002793587,79,657.325094410625,6.444363670692403,751,102
1763002793540,1763002793619,79,657.325094410625,6.444363670692403,752,102
1763002793572,1763002793651,79,657.325094410625,6.444363670692403,753,102
1763002793603,1763002793682,79,657.325094410625,6.444363670692403,754,102
1763002793635,1763002793713,78,669.0001249620362,6.558824754529768,755,102
1763002793666,1763002793748,82,669.0001249620362,6.558824754529768,756,102
1763002793698,1763002793778,80,669.0001249620362,6.558824754529768,757,102
1763002793732,1763002793808,76,669.0001249620362,6.558824754529768,758,102
1763002793762,1763002793839,77,669.0001249620362,6.558824754529768,759,102
1763002793792,1763002793872,80,669.0001249620362,6.558824754529768,760,102
1763002793824,1763002793903,79,657.3720994697809,6.444824504605696,761,102
1763002793856,1763002793934,78,657.3720994697809,6.444824504605696,762,102
1763002793887,1763002793967,80,657.3720994697809,6.444824504605696,763,102
1763002793919,1763002793997,78,657.3720994697809,6.444824504605696,764,102
1763002793951,1763002794028,77,657.3720994697809,6.444824504605696,765,102
1763002793982,1763002794059,77,657.3720994697809,6.444824504605696,766,102
1763002794013,1763002794091,78,657.3720994697809,6.444824504605696,767,102
1763002794044,1763002794123,79,669.0374469790061,6.559190656656923,768,102
1763002794077,1763002794155,78,669.0374469790061,6.559190656656923,769,102
1763002794108,1763002794188,80,669.0374469790061,6.559190656656923,770,102
1763002794139,1763002794219,80,669.0374469790061,6.559190656656923,771,102
1763002794171,1763002794250,79,669.0374469790061,6.559190656656923,772,102
1763002794203,1763002794282,79,669.0374469790061,6.559190656656923,773,102
1763002794234,1763002794313,79,657.4018077952888,6.445115762698911,774,102
1763002794266,1763002794343,77,657.4018077952888,6.445115762698911,775,102
1763002794297,1763002794375,78,657.4018077952888,6.445115762698911,776,102
1763002794328,1763002794406,78,657.4018077952888,6.445115762698911,777,102
1763002794360,1763002794439,79,657.4018077952888,6.445115762698911,778,102
1763002794391,1763002794468,77,657.4018077952888,6.445115762698911,779,102
1763002794423,1763002794501,78,657.4018077952888,6.445115762698911,780,102
1763002794453,1763002794530,77,668.9478390050499,6.5583121471083325,781,102
1763002794485,1763002794561,76,668.9478390050499,6.5583121471083325,782,102
1763002794515,1763002794592,77,668.9478390050499,6.5583121471083325,783,102
1763002794546,1763002794624,78,668.9478390050499,6.5583121471083325,784,102
1763002794577,1763002794655,78,668.9478390050499,6.5583121471083325,785,102
1763002794608,1763002794686,78,668.9478390050499,6.5583121471083325,786,102
1763002794639,1763002794718,79,657.5013233650349,6.4460914055395575,787,102
1763002794670,1763002794749,79,657.5013233650349,6.4460914055395575,788,102
1763002794702,1763002794781,79,657.5013233650349,6.4460914055395575,789,102
1763002794733,1763002794813,80,657.5013233650349,6.4460914055395575,790,102
1763002794765,1763002794845,80,657.5013233650349,6.4460914055395575,791,102
1763002794797,1763002794877,80,657.5013233650349,6.4460914055395575,792,102
1763002794829,1763002794908,79,657.5013233650349,6.4460914055395575,793,102
1763002794861,1763002794941,80,669.2530481051076,6.56130439318733,794,102
1763002794893,1763002794971,78,669.2530481051076,6.56130439318733,795,102
1763002794925,1763002795004,79,669.2530481051076,6.56130439318733,796,102
1763002794956,1763002795035,79,669.2530481051076,6.56130439318733,797,102
1763002794988,1763002795069,81,669.2530481051076,6.56130439318733,798,102
1763002795020,1763002795101,81,669.2530481051076,6.56130439318733,799,102
1763002795052,1763002795132,80,657.4589201954554,6.4456756881907395,800,102
1763002795084,1763002795164,80,657.4589201954554,6.4456756881907395,801,102
1763002795116,1763002795195,79,657.4589201954554,6.4456756881907395,802,102
1763002795148,1763002795227,79,657.4589201954554,6.4456756881907395,803,102
1763002795179,1763002795257,78,657.4589201954554,6.4456756881907395,804,102
1763002795211,1763002795289,78,657.4589201954554,6.4456756881907395,805,102
1763002795242,1763002795320,78,657.4589201954554,6.4456756881907395,806,102
1763002795273,1763002795351,78,669.049841555387,6.559312172111638,807,102
1763002795305,1763002795383,78,669.049841555387,6.559312172111638,808,102
1763002795336,1763002795416,80,669.049841555387,6.559312172111638,809,102
1763002795368,1763002795447,79,669.049841555387,6.559312172111638,810,102
1763002795400,1763002795478,78,669.049841555387,6.559312172111638,811,102
1763002795431,1763002795509,78,669.049841555387,6.559312172111638,812,102
1763002795463,1763002795543,80,657.2975741949773,6.444093864656641,813,102
1763002795494,1763002795574,80,657.2975741949773,6.444093864656641,814,102
1763002795527,1763002795607,80,657.2975741949773,6.444093864656641,815,102
1763002795558,1763002795639,81,657.2975741949773,6.444093864656641,816,102
1763002795590,1763002795669,79,657.2975741949773,6.444093864656641,817,102
1763002795622,1763002795701,79,657.2975741949773,6.444093864656641,818,102
1763002795653,1763002795732,79,657.2975741949773,6.444093864656641,819,102
1763002795684,1763002795764,80,668.9782739108119,6.558610528537373,820,102
1763002795716,1763002795794,78,668.9782739108119,6.558610528537373,821,102
1763002795748,1763002795827,79,668.9782739108119,6.558610528537373,822,102
1763002795779,1763002795858,79,668.9782739108119,6.558610528537373,823,102
1763002795811,1763002795888,77,668.9782739108119,6.558610528537373,824,102
1763002795842,1763002795919,77,668.9782739108119,6.558610528537373,825,102
1763002795873,1763002795951,78,657.4686625808279,6.445771201772824,826,102
1763002795904,1763002795984,80,657.4686625808279,6.445771201772824,827,102
1763002795935,1763002796013,78,657.4686625808279,6.445771201772824,828,102
1763002795967,1763002796043,76,657.4686625808279,6.445771201772824,829,102
1763002795997,1763002796076,79,657.4686625808279,6.445771201772824,830,102
1763002796028,1763002796105,77,657.4686625808279,6.445771201772824,831,102
1763002796060,1763002796137,77,657.4686625808279,6.445771201772824,832,102
1763002796090,1763002796168,78,669.001055414339,6.558833876611168,833,102
1763002796122,1763002796202,80,669.001055414339,6.558833876611168,834,102
1763002796153,1763002796232,79,669.001055414339,6.558833876611168,835,102
1763002796186,1763002796262,76,669.001055414339,6.558833876611168,836,102
1763002796216,1763002796295,79,669.001055414339,6.558833876611168,837,102
1763002796247,1763002796325,78,669.001055414339,6.558833876611168,838,102
1763002796279,1763002796357,78,657.4868422206425,6.445949433535712,839,102
1763002796310,1763002796388,78,657.4868422206425,6.445949433535712,840,102
1763002796341,1763002796421,80,657.4868422206425,6.445949433535712,841,102
1763002796373,1763002796452,79,657.4868422206425,6.445949433535712,842,102
1763002796405,1763002796483,78,657.4868422206425,6.445949433535712,843,102
1763002796436,1763002796514,78,657.4868422206425,6.445949433535712,844,102
1763002796468,1763002796545,77,657.4868422206425,6.445949433535712,845,102
1763002796498,1763002796576,78,669.0720395654108,6.559529799660891,846,102
1763002796530,1763002796607,77,669.0720395654108,6.559529799660891,847,102
1763002796561,1763002796640,79,669.0720395654108,6.559529799660891,848,102
1763002796592,1763002796671,79,669.0720395654108,6.559529799660891,849,102
1763002796624,1763002796702,78,669.0720395654108,6.559529799660891,850,102
1763002796656,1763002796734,78,669.0720395654108,6.559529799660891,851,102
1763002796686,1763002796765,79,657.4864155336325,6.44594525032973,852,102
1763002796718,1763002796797,79,657.4864155336325,6.44594525032973,853,102
1763002796749,1763002796829,80,657.4864155336325,6.44594525032973,854,102
1763002796780,1763002796860,80,657.4864155336325,6.44594525032973,855,102
1763002796812,1763002796890,78,657.4864155336325,6.44594525032973,856,102
1763002796843,1763002796923,80,657.4864155336325,6.44594525032973,857,102
1763002796875,1763002796955,80,657.4864155336325,6.44594525032973,858,102
1763002796907,1763002796986,79,669.1282139337042,6.560080528761806,859,102
1763002796938,1763002797018,80,669.1282139337042,6.560080528761806,860,102
1763002796970,1763002797049,79,669.1282139337042,6.560080528761806,861,102
1763002797002,1763002797082,80,669.1282139337042,6.560080528761806,862,102
1763002797033,1763002797112,79,669.1282139337042,6.560080528761806,863,102
1763002797066,1763002797143,77,669.1282139337042,6.560080528761806,864,102
1763002797096,1763002797175,79,657.4169300772949,6.445264020365636,865,102
1763002797127,1763002797206,79,657.4169300772949,6.445264020365636,866,102
1763002797158,1763002797237,79,657.4169300772949,6.445264020365636,867,102
1763002797190,1763002797268,78,657.4169300772949,6.445264020365636,868,102
1763002797221,1763002797300,79,657.4169300772949,6.445264020365636,869,102
1763002797253,1763002797333,80,657.4169300772949,6.445264020365636,870,102
1763002797285,1763002797363,78,657.4169300772949,6.445264020365636,871,102
1763002797316,1763002797394,78,668.9598763415268,6.558430160211047,872,102
1763002797347,1763002797427,80,668.9598763415268,6.558430160211047,873,102
1763002797378,1763002797458,80,668.9598763415268,6.558430160211047,874,102
1763002797410,1763002797489,79,668.9598763415268,6.558430160211047,875,102
1763002797442,1763002797522,80,668.9598763415268,6.558430160211047,876,102
1763002797474,1763002797554,80,668.9598763415268,6.558430160211047,877,102
1763002797506,1763002797587,81,657.1691819388307,6.44283511704736,878,102
1763002797537,1763002797617,80,657.1691819388307,6.44283511704736,879,102
1763002797570,1763002797650,80,657.1691819388307,6.44283511704736,880,102
1763002797601,1763002797682,81,657.1691819388307,6.44283511704736,881,102
1763002797634,1763002797716,82,657.1691819388307,6.44283511704736,882,102
1763002797665,1763002797747,82,657.1691819388307,6.44283511704736,883,102
1763002797698,1763002797778,80,657.1691819388307,6.44283511704736,884,102
1763002797730,1763002797809,79,668.9331612774927,6.558168247818556,885,102
1763002797762,1763002797842,80,668.9331612774927,6.558168247818556,886,102
1763002797792,1763002797873,81,668.9331612774927,6.558168247818556,887,102
1763002797825,1763002797907,82,668.9331612774927,6.558168247818556,888,102
1763002797857,1763002797937,80,668.9331612774927,6.558168247818556,889,102
1763002797888,1763002797968,80,668.9331612774927,6.558168247818556,890,102
1763002797921,1763002798000,79,657.2049300543292,6.443185588767934,891,102
1763002797952,1763002798031,79,657.2049300543292,6.443185588767934,892,102
1763002797983,1763002798062,79,657.2049300543292,6.443185588767934,893,102
1763002798015,1763002798094,79,657.2049300543292,6.443185588767934,894,102
1763002798046,1763002798125,79,657.2049300543292,6.443185588767934,895,102
1763002798078,1763002798157,79,657.2049300543292,6.443185588767934,896,102
1763002798109,1763002798188,79,657.2049300543292,6.443185588767934,897,102
1763002798140,1763002798221,81,668.9047144631375,6.55788935748174,898,102
1763002798172,1763002798252,80,668.9047144631375,6.55788935748174,899,102
1763002798205,1763002798285,80,668.9047144631375,6.55788935748174,900,102
1763002798236,1763002798317,81,668.9047144631375,6.55788935748174,901,102
1763002798269,1763002798350,81,668.9047144631375,6.55788935748174,902,102
1763002798301,1763002798383,82,668.9047144631375,6.55788935748174,903,102
1763002798333,1763002798412,79,657.1823432837311,6.442964149840502,904,102
1763002798365,1763002798441,76,657.1823432837311,6.442964149840502,905,102
1763002798396,1763002798475,79,657.1823432837311,6.442964149840502,906,102
1763002798426,1763002798505,79,657.1823432837311,6.442964149840502,907,102
1763002798458,1763002798537,79,657.1823432837311,6.442964149840502,908,102
1763002798488,1763002798569,81,657.1823432837311,6.442964149840502,909,102
1763002798522,1763002798602,80,657.1823432837311,6.442964149840502,910,102
1763002798553,1763002798632,79,668.8299629105662,6.557156499123199,911,102
1763002798585,1763002798663,78,668.8299629105662,6.557156499123199,912,102
1763002798616,1763002798696,80,668.8299629105662,6.557156499123199,913,102
1763002798647,1763002798728,81,668.8299629105662,6.557156499123199,914,102
1763002798679,1763002798759,80,668.8299629105662,6.557156499123199,915,102
1763002798712,1763002798789,77,668.8299629105662,6.557156499123199,916,102
1763002798743,1763002798822,79,657.1798205139002,6.442939416802943,917,102
1763002798774,1763002798860,86,657.1798205139002,6.442939416802943,918,102
1763002798806,1763002798886,80,657.1798205139002,6.442939416802943,919,102
1763002798839,1763002798919,80,657.1798205139002,6.442939416802943,920,102
1763002798871,1763002798947,76,657.1798205139002,6.442939416802943,921,102
1763002798902,1763002798981,79,657.1798205139002,6.442939416802943,922,102
1763002798932,1763002799012,80,657.1798205139002,6.442939416802943,923,102
1763002798965,1763002799044,79,668.9415976675228,6.558250957524734,924,102
1763002798995,1763002799076,81,668.9415976675228,6.558250957524734,925,102
1763002799028,1763002799107,79,668.9415976675228,6.558250957524734,926,102
1763002799060,1763002799139,79,668.9415976675228,6.558250957524734,927,102
1763002799091,1763002799172,81,668.9415976675228,6.558250957524734,928,102
1763002799123,1763002799203,80,668.9415976675228,6.558250957524734,929,102
1763002799155,1763002799234,79,657.2685701456807,6.443809511232164,930,102
1763002799187,1763002799266,79,657.2685701456807,6.443809511232164,931,102
1763002799218,1763002799298,80,657.2685701456807,6.443809511232164,932,102
1763002799250,1763002799332,82,657.2685701456807,6.443809511232164,933,102
1763002799282,1763002799363,81,657.2685701456807,6.443809511232164,934,102
1763002799315,1763002799393,78,657.2685701456807,6.443809511232164,935,102
1763002799346,1763002799427,81,657.2685701456807,6.443809511232164,936,102
1763002799378,1763002799457,79,669.0687075553791,6.559497132895874,937,102
1763002799410,1763002799488,78,669.0687075553791,6.559497132895874,938,102
1763002799441,1763002799519,78,669.0687075553791,6.559497132895874,939,102
1763002799472,1763002799549,77,669.0687075553791,6.559497132895874,940,102
1763002799502,1763002799581,79,669.0687075553791,6.559497132895874,941,102
1763002799534,1763002799613,79,669.0687075553791,6.559497132895874,942,102
1763002799566,1763002799646,80,657.4266912140818,6.445359717785116,943,102
1763002799598,1763002799677,79,657.4266912140818,6.445359717785116,944,102
1763002799630,1763002799709,79,657.4266912140818,6.445359717785116,945,102
1763002799662,1763002799741,79,657.4266912140818,6.445359717785116,946,102
1763002799693,1763002799772,79,657.4266912140818,6.445359717785116,947,102
1763002799725,1763002799809,84,657.4266912140818,6.445359717785116,948,102
1763002799757,1763002799837,80,657.4266912140818,6.445359717785116,949,102
1763002799789,1763002799870,81,669.1939394415527,6.560724896485811,950,102
1763002799821,1763002799900,79,669.1939394415527,6.560724896485811,951,102
1763002799853,1763002799932,79,669.1939394415527,6.560724896485811,952,102
1763002799885,1763002799966,81,669.1939394415527,6.560724896485811,953,102
1763002799917,1763002799997,80,669.1939394415527,6.560724896485811,954,102
1763002799950,1763002800029,79,669.1939394415527,6.560724896485811,955,102
1763002799981,1763002800058,77,657.5263757954759,6.446337017602706,956,102
1763002800012,1763002800089,77,657.5263757954759,6.446337017602706,957,102
1763002800042,1763002800120,78,657.5263757954759,6.446337017602706,958,102
1763002800074,1763002800154,80,657.5263757954759,6.446337017602706,959,102
1763002800105,1763002800184,79,657.5263757954759,6.446337017602706,960,102
1763002800137,1763002800216,79,657.5263757954759,6.446337017602706,961,102
1763002800169,1763002800249,80,657.5263757954759,6.446337017602706,962,102
1763002800201,1763002800281,80,669.272889630017,6.561498917941343,963,102
1763002800233,1763002800312,79,669.272889630017,6.561498917941343,964,102
1763002800265,1763002800344,79,669.272889630017,6.561498917941343,965,102
1763002800297,1763002800376,79,669.272889630017,6.561498917941343,966,102
1763002800329,1763002800409,80,669.272889630017,6.561498917941343,967,102
1763002800361,1763002800441,80,669.272889630017,6.561498917941343,968,102
1763002800393,1763002800472,79,657.4746743662334,6.445830140845426,969,102
1763002800425,1763002800504,79,657.4746743662334,6.445830140845426,970,102
1763002800456,1763002800534,78,657.4746743662334,6.445830140845426,971,102
1763002800487,1763002800564,77,657.4746743662334,6.445830140845426,972,102
1763002800518,1763002800597,79,657.4746743662334,6.445830140845426,973,102
1763002800549,1763002800627,78,657.4746743662334,6.445830140845426,974,102
1763002800581,1763002800659,78,657.4746743662334,6.445830140845426,975,102
1763002800612,1763002800691,79,669.0058407955219,6.558880792112959,976,102
1763002800644,1763002800722,78,669.0058407955219,6.558880792112959,977,102
1763002800675,1763002800754,79,669.0058407955219,6.558880792112959,978,102
1763002800706,1763002800784,78,669.0058407955219,6.558880792112959,979,102
1763002800738,1763002800816,78,669.0058407955219,6.558880792112959,980,102
1763002800769,1763002800848,79,669.0058407955219,6.558880792112959,981,102
1763002800801,1763002800882,81,657.2626375916443,6.443751348937689,982,102
1763002800833,1763002800912,79,657.2626375916443,6.443751348937689,983,102
1763002800865,1763002800944,79,657.2626375916443,6.443751348937689,984,102
1763002800897,1763002800976,79,657.2626375916443,6.443751348937689,985,102
1763002800929,1763002801010,81,657.2626375916443,6.443751348937689,986,102
1763002800961,1763002801039,78,657.2626375916443,6.443751348937689,987,102
1763002800993,1763002801072,79,657.2626375916443,6.443751348937689,988,102
1763002801024,1763002801102,78,668.9505342477656,6.558338571056526,989,102
1763002801056,1763002801134,78,668.9505342477656,6.558338571056526,990,102
1763002801087,1763002801166,79,668.9505342477656,6.558338571056526,991,102
1763002801119,1763002801198,79,668.9505342477656,6.558338571056526,992,102
1763002801151,1763002801230,79,668.9505342477656,6.558338571056526,993,102
1763002801183,1763002801261,78,668.9505342477656,6.558338571056526,994,102
1763002801214,1763002801293,79,657.2756747269736,6.443879163989938,995,102
1763002801245,1763002801323,78,657.2756747269736,6.443879163989938,996,102
1763002801277,1763002801355,78,657.2756747269736,6.443879163989938,997,102
1763002801308,1763002801387,79,657.2756747269736,6.443879163989938,998,102
1763002801340,1763002801420,80,657.2756747269736,6.443879163989938,999,102
1763002801372,1763002801452,80,657.2756747269736,6.443879163989938,1000,102
1763002801404,1763002801484,80,657.2756747269736,6.443879163989938,1001,102
1763002801436,1763002801516,80,669.01761005849,6.558996177044021,1002,102
1763002801468,1763002801548,80,669.01761005849,6.558996177044021,1003,102
1763002801499,1763002801578,79,669.01761005849,6.558996177044021,1004,102
1763002801531,1763002801609,78,669.01761005849,6.558996177044021,1005,102
1763002801562,1763002801642,80,669.01761005849,6.558996177044021,1006,102
1763002801594,1763002801674,80,669.01761005849,6.558996177044021,1007,102
1763002801626,1763002801705,79,657.3289999964995,6.444401960749997,1008,102
1763002801658,1763002801738,80,657.3289999964995,6.444401960749997,1009,102
1763002801689,1763002801770,81,657.3289999964995,6.444401960749997,1010,102
1763002801721,1763002801802,81,657.3289999964995,6.444401960749997,1011,102
1763002801753,1763002801834,81,657.3289999964995,6.444401960749997,1012,102
1763002801785,1763002801866,81,657.3289999964995,6.444401960749997,1013,102
1763002801817,1763002801898,81,657.3289999964995,6.444401960749997,1014,102
1763002801837,1763002801914,77,669.1732389972311,6.560521950953247,1015,102
1763002801865,1763002801945,80,669.1732389972311,6.560521950953247,1016,102
1763002801897,1763002801977,80,669.1732389972311,6.560521950953247,1017,102
1763002801928,1763002802010,82,669.1732389972311,6.560521950953247,1018,102
1763002801960,1763002802041,81,669.1732389972311,6.560521950953247,1019,102
1763002801994,1763002802073,79,669.1732389972311,6.560521950953247,1020,102
1763002802025,1763002802102,77,669.1732389972311,6.560521950953247,1021,102
1763002802057,1763002802134,77,678.3627250027987,6.650614951007832,1022,102
1763002802087,1763002802165,78,678.3627250027987,6.650614951007832,1023,102
1763002802118,1763002802196,78,678.3627250027987,6.650614951007832,1024,102
1763002802150,1763002802229,79,678.3627250027987,6.650614951007832,1025,102
1763002802181,1763002802263,82,678.3627250027987,6.650614951007832,1026,102
1763002802213,1763002802292,79,678.3627250027987,6.650614951007832,1027,102
1763002802245,1763002802324,79,664.758366377225,6.517238886051226,1028,102
1763002802276,1763002802357,81,664.758366377225,6.517238886051226,1029,102
1763002802307,1763002802387,80,664.758366377225,6.517238886051226,1030,102
1763002802339,1763002802418,79,664.758366377225,6.517238886051226,1031,102
1763002802370,1763002802449,79,664.758366377225,6.517238886051226,1032,102
1763002802402,1763002802481,79,664.758366377225,6.517238886051226,1033,102
1763002802433,1763002802514,81,664.758366377225,6.517238886051226,1034,102
1763002802453,1763002802530,77,674.9021429035166,6.616687675524673,1035,102
1763002802481,1763002802564,83,674.9021429035166,6.616687675524673,1036,102
1763002802514,1763002802593,79,674.9021429035166,6.616687675524673,1037,102
1763002802546,1763002802625,79,674.9021429035166,6.616687675524673,1038,102
1763002802577,1763002802657,80,674.9021429035166,6.616687675524673,1039,102
1763002802609,1763002802688,79,674.9021429035166,6.616687675524673,1040,102
1763002802641,1763002802719,78,674.9021429035166,6.616687675524673,1041,102
1763002802672,1763002802753,81,683.0344971795852,6.696416639015541,1042,102
1763002802704,1763002802784,80,683.0344971795852,6.696416639015541,1043,102
1763002802737,1763002802817,80,683.0344971795852,6.696416639015541,1044,102
1763002802768,1763002802848,80,683.0344971795852,6.696416639015541,1045,102
1763002802800,1763002802881,81,683.0344971795852,6.696416639015541,1046,102
1763002802832,1763002802911,79,683.0344971795852,6.696416639015541,1047,102
1763002802865,1763002802943,78,668.4724252577702,6.553651228017356,1048,102
1763002802895,1763002802974,79,668.4724252577702,6.553651228017356,1049,102
1763002802928,1763002803004,76,668.4724252577702,6.553651228017356,1050,102
1763002802957,1763002803036,79,668.4724252577702,6.553651228017356,1051,102
1763002802989,1763002803067,78,668.4724252577702,6.553651228017356,1052,102
1763002803021,1763002803099,78,668.4724252577702,6.553651228017356,1053,102
1763002803052,1763002803132,80,668.4724252577702,6.553651228017356,1054,102
1763002803090,1763002803163,73,677.8511056546695,6.64559907504578,1055,102
1763002803117,1763002803196,79,677.8511056546695,6.64559907504578,1056,102
1763002803148,1763002803227,79,677.8511056546695,6.64559907504578,1057,102
1763002803179,1763002803257,78,677.8511056546695,6.64559907504578,1058,102
1763002803211,1763002803290,79,677.8511056546695,6.64559907504578,1059,102
1763002803242,1763002803321,79,677.8511056546695,6.64559907504578,1060,102
1763002803274,1763002803354,80,664.3516289954622,6.513251264661395,1061,102
1763002803306,1763002803387,81,664.3516289954622,6.513251264661395,1062,102
1763002803338,1763002803419,81,664.3516289954622,6.513251264661395,1063,102
1763002803370,1763002803450,80,664.3516289954622,6.513251264661395,1064,102
1763002803402,1763002803481,79,664.3516289954622,6.513251264661395,1065,102
1763002803434,1763002803514,80,664.3516289954622,6.513251264661395,1066,102
1763002803466,1763002803546,80,664.3516289954622,6.513251264661395,1067,102
1763002803498,1763002803577,79,674.7281385354106,6.614981750347164,1068,102
1763002803530,1763002803611,81,674.7281385354106,6.614981750347164,1069,102
1763002803562,1763002803643,81,674.7281385354106,6.614981750347164,1070,102
1763002803594,1763002803674,80,674.7281385354106,6.614981750347164,1071,102
1763002803627,1763002803705,78,674.7281385354106,6.614981750347164,1072,102
1763002803658,1763002803737,79,674.7281385354106,6.614981750347164,1073,102
1763002803690,1763002803769,79,661.806141997116,6.488295509775648,1074,102
1763002803721,1763002803800,79,661.806141997116,6.488295509775648,1075,102
1763002803753,1763002803832,79,661.806141997116,6.488295509775648,1076,102
1763002803785,1763002803864,79,661.806141997116,6.488295509775648,1077,102
1763002803817,1763002803896,79,661.806141997116,6.488295509775648,1078,102
1763002803849,1763002803930,81,661.806141997116,6.488295509775648,1079,102
1763002803881,1763002803960,79,661.806141997116,6.488295509775648,1080,102
1763002803913,1763002803993,80,672.7146583197188,6.595241748232538,1081,102
1763002803945,1763002804023,78,672.7146583197188,6.595241748232538,1082,102
1763002803977,1763002804055,78,672.7146583197188,6.595241748232538,1083,102
1763002804008,1763002804087,79,672.7146583197188,6.595241748232538,1084,102
1763002804040,1763002804119,79,672.7146583197188,6.595241748232538,1085,102
1763002804072,1763002804150,78,672.7146583197188,6.595241748232538,1086,102
1763002804104,1763002804183,79,660.2681533641764,6.473217189844868,1087,102
1763002804135,1763002804216,81,660.2681533641764,6.473217189844868,1088,102
1763002804167,1763002804246,79,660.2681533641764,6.473217189844868,1089,102
1763002804199,1763002804278,79,660.2681533641764,6.473217189844868,1090,102
1763002804231,1763002804310,79,660.2681533641764,6.473217189844868,1091,102
1763002804263,1763002804342,79,660.2681533641764,6.473217189844868,1092,102
1763002804295,1763002804374,79,660.2681533641764,6.473217189844868,1093,102
1763002804327,1763002804406,79,671.4981093110636,6.58331479716729,1094,102
1763002804359,1763002804438,79,671.4981093110636,6.58331479716729,1095,102
1763002804391,1763002804470,79,671.4981093110636,6.58331479716729,1096,102
1763002804423,1763002804502,79,671.4981093110636,6.58331479716729,1097,102
1763002804455,1763002804535,80,671.4981093110636,6.58331479716729,1098,102
1763002804487,1763002804568,81,671.4981093110636,6.58331479716729,1099,102
1763002804519,1763002804599,80,659.1820006836734,6.462568634153661,1100,102
1763002804551,1763002804631,80,659.1820006836734,6.462568634153661,1101,102
1763002804583,1763002804673,90,659.1820006836734,6.462568634153661,1102,102
1763002804615,1763002804703,88,659.1820006836734,6.462568634153661,1103,102
1763002804657,1763002804741,84,659.1820006836734,6.462568634153661,1104,102
1763002804683,1763002804764,81,659.1820006836734,6.462568634153661,1105,102
1763002804709,1763002804788,79,659.1820006836734,6.462568634153661,1106,102
1763002804742,1763002804820,78,670.5293265421531,6.573816926883853,1107,102
1763002804773,1763002804852,79,670.5293265421531,6.573816926883853,1108,102
1763002804805,1763002804884,79,670.5293265421531,6.573816926883853,1109,102
1763002804837,1763002804916,79,670.5293265421531,6.573816926883853,1110,102
1763002804869,1763002804950,81,670.5293265421531,6.573816926883853,1111,102
1763002804901,1763002804981,80,670.5293265421531,6.573816926883853,1112,102
1763002804933,1763002805013,80,658.4137559479274,6.4550368230188955,1113,102
1763002804965,1763002805047,82,658.4137559479274,6.4550368230188955,1114,102
1763002804997,1763002805078,81,658.4137559479274,6.4550368230188955,1115,102
1763002805030,1763002805109,79,658.4137559479274,6.4550368230188955,1116,102
1763002805061,1763002805139,78,658.4137559479274,6.4550368230188955,1117,102
1763002805092,1763002805171,79,658.4137559479274,6.4550368230188955,1118,102
1763002805124,1763002805203,79,658.4137559479274,6.4550368230188955,1119,102
1763002805156,1763002805234,78,669.9201084667064,6.567844200653984,1120,102
1763002805188,1763002805266,78,669.9201084667064,6.567844200653984,1121,102
1763002805219,1763002805298,79,669.9201084667064,6.567844200653984,1122,102
1763002805251,1763002805332,81,669.9201084667064,6.567844200653984,1123,102
1763002805283,1763002805362,79,669.9201084667064,6.567844200653984,1124,102
1763002805316,1763002805394,78,669.9201084667064,6.567844200653984,1125,102
1763002805347,1763002805427,80,657.9306460140982,6.4503004511186095,1126,102
1763002805379,1763002805460,81,657.9306460140982,6.4503004511186095,1127,102
1763002805411,1763002805492,81,657.9306460140982,6.4503004511186095,1128,102
1763002805443,1763002805524,81,657.9306460140982,6.4503004511186095,1129,102
1763002805476,1763002805556,80,657.9306460140982,6.4503004511186095,1130,102
1763002805507,1763002805589,82,657.9306460140982,6.4503004511186095,1131,102
1763002805539,1763002805620,81,657.9306460140982,6.4503004511186095,1132,102
1763002805571,1763002805652,81,669.6491409971517,6.56518765683482,1133,102
1763002805603,1763002805688,85,669.6491409971517,6.56518765683482,1134,102
1763002805636,1763002805718,82,669.6491409971517,6.56518765683482,1135,102
1763002805667,1763002805747,80,669.6491409971517,6.56518765683482,1136,102
1763002805701,1763002805778,77,669.6491409971517,6.56518765683482,1137,102
1763002805731,1763002805808,77,669.6491409971517,6.56518765683482,1138,102
1763002805762,1763002805842,80,657.7734179517385,6.448758999526847,1139,102
1763002805793,1763002805873,80,657.7734179517385,6.448758999526847,1140,102
1763002805825,1763002805903,78,657.7734179517385,6.448758999526847,1141,102
1763002805857,1763002805936,79,657.7734179517385,6.448758999526847,1142,102
1763002805887,1763002805968,81,657.7734179517385,6.448758999526847,1143,102
1763002805919,1763002806000,81,657.7734179517385,6.448758999526847,1144,102
1763002805952,1763002806032,80,657.7734179517385,6.448758999526847,1145,102
1763002805983,1763002806063,80,669.3560938536804,6.562314645624316,1146,102
1763002806016,1763002806094,78,669.3560938536804,6.562314645624316,1147,102
1763002806047,1763002806126,79,669.3560938536804,6.562314645624316,1148,102
1763002806079,1763002806158,79,669.3560938536804,6.562314645624316,1149,102
1763002806111,1763002806190,79,669.3560938536804,6.562314645624316,1150,102
1763002806143,1763002806223,80,669.3560938536804,6.562314645624316,1151,102
1763002806175,1763002806256,81,657.4260263321148,6.445353199334459,1152,102
1763002806207,1763002806287,80,657.4260263321148,6.445353199334459,1153,102
1763002806239,1763002806319,80,657.4260263321148,6.445353199334459,1154,102
1763002806271,1763002806350,79,657.4260263321148,6.445353199334459,1155,102
1763002806303,1763002806382,79,657.4260263321148,6.445353199334459,1156,102
1763002806335,1763002806415,80,657.4260263321148,6.445353199334459,1157,102
1763002806367,1763002806446,79,657.4260263321148,6.445353199334459,1158,102
1763002806399,1763002806479,80,669.1934128550349,6.560719733872892,1159,102
1763002806431,1763002806510,79,669.1934128550349,6.560719733872892,1160,102
1763002806463,1763002806542,79,669.1934128550349,6.560719733872892,1161,102
1763002806494,1763002806573,79,669.1934128550349,6.560719733872892,1162,102
1763002806526,1763002806605,79,669.1934128550349,6.560719733872892,1163,102
1763002806558,1763002806638,80,669.1934128550349,6.560719733872892,1164,102
1763002806590,1763002806669,79,657.4687632197528,6.445772188428949,1165,102
1763002806622,1763002806700,78,657.4687632197528,6.445772188428949,1166,102
1763002806653,1763002806733,80,657.4687632197528,6.445772188428949,1167,102
1763002806685,1763002806763,78,657.4687632197528,6.445772188428949,1168,102
1763002806717,1763002806796,79,657.4687632197528,6.445772188428949,1169,102
1763002806748,1763002806828,80,657.4687632197528,6.445772188428949,1170,102
1763002806780,1763002806859,79,657.4687632197528,6.445772188428949,1171,102
1763002806812,1763002806891,79,669.170729233264,6.560497345424157,1172,102
1763002806844,1763002806922,78,669.170729233264,6.560497345424157,1173,102
1763002806875,1763002806954,79,669.170729233264,6.560497345424157,1174,102
1763002806907,1763002806986,79,669.170729233264,6.560497345424157,1175,102
1763002806939,1763002807020,81,669.170729233264,6.560497345424157,1176,102
1763002806971,1763002807051,80,669.170729233264,6.560497345424157,1177,102
1763002807003,1763002807083,80,657.3363882819783,6.4444743949213565,1178,102
1763002807035,1763002807114,79,657.3363882819783,6.4444743949213565,1179,102
1763002807067,1763002807146,79,657.3363882819783,6.4444743949213565,1180,102
1763002807099,1763002807178,79,657.3363882819783,6.4444743949213565,1181,102
1763002807131,1763002807209,78,657.3363882819783,6.4444743949213565,1182,102
1763002807163,1763002807241,78,657.3363882819783,6.4444743949213565,1183,102
1763002807194,1763002807273,79,657.3363882819783,6.4444743949213565,1184,102
1763002807226,1763002807305,79,669.1224195193269,6.560023720777714,1185,102
1763002807258,1763002807337,79,669.1224195193269,6.560023720777714,1186,102
1763002807290,1763002807369,79,669.1224195193269,6.560023720777714,1187,102
1763002807322,1763002807401,79,669.1224195193269,6.560023720777714,1188,102
1763002807354,1763002807432,78,669.1224195193269,6.560023720777714,1189,102
1763002807386,1763002807464,78,669.1224195193269,6.560023720777714,1190,102
1763002807417,1763002807496,79,657.3552010983456,6.444658834297505,1191,102
1763002807449,1763002807528,79,657.3552010983456,6.444658834297505,1192,102
1763002807481,1763002807559,78,657.3552010983456,6.444658834297505,1193,102
1763002807512,1763002807591,79,657.3552010983456,6.444658834297505,1194,102
1763002807544,1763002807623,79,657.3552010983456,6.444658834297505,1195,102
1763002807576,1763002807655,79,657.3552010983456,6.444658834297505,1196,102
1763002807608,1763002807687,79,657.3552010983456,6.444658834297505,1197,102
1763002807640,1763002807719,79,669.1373192698896,6.560169796763624,1198,102
1763002807672,1763002807752,80,669.1373192698896,6.560169796763624,1199,102
1763002807704,1763002807783,79,669.1373192698896,6.560169796763624,1200,102
1763002807736,1763002807816,80,669.1373192698896,6.560169796763624,1201,102
1763002807768,1763002807849,81,669.1373192698896,6.560169796763624,1202,102
1763002807800,1763002807883,83,669.1373192698896,6.560169796763624,1203,102
1763002807833,1763002807910,77,657.4241688195623,6.445334988427081,1204,102
1763002807863,1763002807942,79,657.4241688195623,6.445334988427081,1205,102
1763002807894,1763002807972,78,657.4241688195623,6.445334988427081,1206,102
1763002807926,1763002808004,78,657.4241688195623,6.445334988427081,1207,102
1763002807957,1763002808036,79,657.4241688195623,6.445334988427081,1208,102
1763002807988,1763002808068,80,657.4241688195623,6.445334988427081,1209,102
1763002808020,1763002808099,79,657.4241688195623,6.445334988427081,1210,102
1763002808052,1763002808130,78,669.0787900427324,6.559595980811102,1211,102
1763002808083,1763002808161,78,669.0787900427324,6.559595980811102,1212,102
1763002808115,1763002808193,78,669.0787900427324,6.559595980811102,1213,102
1763002808146,1763002808226,80,669.0787900427324,6.559595980811102,1214,102
1763002808178,1763002808256,78,669.0787900427324,6.559595980811102,1215,102
1763002808210,1763002808288,78,669.0787900427324,6.559595980811102,1216,102
1763002808241,1763002808320,79,657.434716874015,6.445438400725638,1217,102
1763002808273,1763002808352,79,657.434716874015,6.445438400725638,1218,102
1763002808304,1763002808383,79,657.434716874015,6.445438400725638,1219,102
1763002808336,1763002808416,80,657.434716874015,6.445438400725638,1220,102
1763002808368,1763002808445,77,657.434716874015,6.445438400725638,1221,102
1763002808400,1763002808476,76,657.434716874015,6.445438400725638,1222,102
1763002808430,1763002808508,78,657.434716874015,6.445438400725638,1223,102
1763002808461,1763002808540,79,669.0871651979679,6.559678090176156,1224,102
1763002808493,1763002808572,79,669.0871651979679,6.559678090176156,1225,102
1763002808525,1763002808604,79,669.0871651979679,6.559678090176156,1226,102
1763002808557,1763002808637,80,669.0871651979679,6.559678090176156,1227,102
1763002808589,1763002808667,78,669.0871651979679,6.559678090176156,1228,102
1763002808621,1763002808699,78,669.0871651979679,6.559678090176156,1229,102
1763002808652,1763002808732,80,657.3272091671865,6.444384403599868,1230,102
1763002808684,1763002808763,79,657.3272091671865,6.444384403599868,1231,102
1763002808716,1763002808796,80,657.3272091671865,6.444384403599868,1232,102
1763002808748,1763002808827,79,657.3272091671865,6.444384403599868,1233,102
1763002808780,1763002808860,80,657.3272091671865,6.444384403599868,1234,102
1763002808812,1763002808892,80,657.3272091671865,6.444384403599868,1235,102
1763002808844,1763002808923,79,657.3272091671865,6.444384403599868,1236,102
1763002808876,1763002808955,79,669.1151496604117,6.559952447651095,1237,102
1763002808908,1763002808987,79,669.1151496604117,6.559952447651095,1238,102
1763002808939,1763002809022,83,669.1151496604117,6.559952447651095,1239,102
1763002808971,1763002809052,81,669.1151496604117,6.559952447651095,1240,102
1763002809003,1763002809082,79,669.1151496604117,6.559952447651095,1241,102
1763002809035,1763002809115,80,669.1151496604117,6.559952447651095,1242,102
1763002809067,1763002809147,80,657.2351985310461,6.443482338539667,1243,102
1763002809099,1763002809180,81,657.2351985310461,6.443482338539667,1244,102
1763002809131,1763002809211,80,657.2351985310461,6.443482338539667,1245,102
1763002809163,1763002809243,80,657.2351985310461,6.443482338539667,1246,102
1763002809195,1763002809274,79,657.2351985310461,6.443482338539667,1247,102
1763002809227,1763002809307,80,657.2351985310461,6.443482338539667,1248,102
1763002809258,1763002809339,81,657.2351985310461,6.443482338539667,1249,102
1763002809290,1763002809369,79,668.9287476336506,6.558124976800496,1250,102
1763002809322,1763002809399,77,668.9287476336506,6.558124976800496,1251,102
1763002809353,1763002809431,78,668.9287476336506,6.558124976800496,1252,102
1763002809383,1763002809464,81,668.9287476336506,6.558124976800496,1253,102
1763002809415,1763002809495,80,668.9287476336506,6.558124976800496,1254,102
1763002809447,1763002809526,79,668.9287476336506,6.558124976800496,1255,102
1763002809479,1763002809557,78,657.3722118640195,6.444825606509995,1256,102
1763002809510,1763002809587,77,657.3722118640195,6.444825606509995,1257,102
1763002809540,1763002809622,82,657.3722118640195,6.444825606509995,1258,102
1763002809572,1763002809652,80,657.3722118640195,6.444825606509995,1259,102
1763002809604,1763002809682,78,657.3722118640195,6.444825606509995,1260,102
1763002809636,1763002809715,79,657.3722118640195,6.444825606509995,1261,102
1763002809667,1763002809746,79,657.3722118640195,6.444825606509995,1262,102
1763002809699,1763002809776,77,668.9809084318955,6.558636357175446,1263,102
1763002809730,1763002809809,79,668.9809084318955,6.558636357175446,1264,102
1763002809761,1763002809841,80,668.9809084318955,6.558636357175446,1265,102
1763002809793,1763002809873,80,668.9809084318955,6.558636357175446,1266,102
1763002809825,1763002809905,80,668.9809084318955,6.558636357175446,1267,102
1763002809857,1763002809937,80,668.9809084318955,6.558636357175446,1268,102
1763002809889,1763002809968,79,657.242841294925,6.443557267597304,1269,102
1763002809921,1763002810000,79,657.242841294925,6.443557267597304,1270,102
1763002809952,1763002810032,80,657.242841294925,6.443557267597304,1271,102
1763002809985,1763002810062,77,657.242841294925,6.443557267597304,1272,102
1763002810015,1763002810094,79,657.242841294925,6.443557267597304,1273,102
1763002810046,1763002810125,79,657.242841294925,6.443557267597304,1274,102
1763002810078,1763002810158,80,657.242841294925,6.443557267597304,1275,102
1763002810109,1763002810189,80,668.9915731468756,6.5587409132046615,1276,102
1763002810142,1763002810222,80,668.9915731468756,6.5587409132046615,1277,102
1763002810174,1763002810252,78,668.9915731468756,6.5587409132046615,1278,102
1763002810206,1763002810283,77,668.9915731468756,6.5587409132046615,1279,102
1763002810236,1763002810314,78,668.9915731468756,6.5587409132046615,1280,102
1763002810267,1763002810345,78,668.9915731468756,6.5587409132046615,1281,102
1763002810299,1763002810378,79,657.4222837980599,6.445316507824115,1282,102
1763002810330,1763002810409,79,657.4222837980599,6.445316507824115,1283,102
1763002810362,1763002810441,79,657.4222837980599,6.445316507824115,1284,102
1763002810394,1763002810473,79,657.4222837980599,6.445316507824115,1285,102
1763002810425,1763002810505,80,657.4222837980599,6.445316507824115,1286,102
1763002810457,1763002810537,80,657.4222837980599,6.445316507824115,1287,102
1763002810489,1763002810568,79,657.4222837980599,6.445316507824115,1288,102
1763002810521,1763002810601,80,669.1904487680634,6.5606906741966995,1289,102
1763002810553,1763002810633,80,669.1904487680634,6.5606906741966995,1290,102
1763002810586,1763002810665,79,669.1904487680634,6.5606906741966995,1291,102
1763002810617,1763002810696,79,669.1904487680634,6.5606906741966995,1292,102
1763002810649,1763002810728,79,669.1904487680634,6.5606906741966995,1293,102
1763002810681,1763002810760,79,669.1904487680634,6.5606906741966995,1294,102
1763002810713,1763002810792,79,657.4092163218423,6.445188395312179,1295,102
1763002810745,1763002810821,76,657.4092163218423,6.445188395312179,1296,102
1763002810776,1763002810854,78,657.4092163218423,6.445188395312179,1297,102
1763002810806,1763002810885,79,657.4092163218423,6.445188395312179,1298,102
1763002810838,1763002810918,80,657.4092163218423,6.445188395312179,1299,102
1763002810870,1763002810948,78,657.4092163218423,6.445188395312179,1300,102
1763002810902,1763002810980,78,657.4092163218423,6.445188395312179,1301,102
1763002810933,1763002811012,79,669.0103269758647,6.558924774273183,1302,102
1763002810965,1763002811044,79,669.0103269758647,6.558924774273183,1303,102
1763002810996,1763002811073,77,669.0103269758647,6.558924774273183,1304,102
1763002811027,1763002811107,80,669.0103269758647,6.558924774273183,1305,102
1763002811058,1763002811136,78,669.0103269758647,6.558924774273183,1306,102
1763002811090,1763002811167,77,669.0103269758647,6.558924774273183,1307,102
1763002811120,1763002811199,79,657.4372305997641,6.445463045095726,1308,102
1763002811152,1763002811231,79,657.4372305997641,6.445463045095726,1309,102
1763002811184,1763002811263,79,657.4372305997641,6.445463045095726,1310,102
1763002811216,1763002811295,79,657.4372305997641,6.445463045095726,1311,102
1763002811248,1763002811329,81,657.4372305997641,6.445463045095726,1312,102
1763002811280,1763002811359,79,657.4372305997641,6.445463045095726,1313,102
1763002811313,1763002811391,78,657.4372305997641,6.445463045095726,1314,102
1763002811344,1763002811424,80,669.2588494044135,6.561361268670719,1315,102
1763002811376,1763002811457,81,669.2588494044135,6.561361268670719,1316,102
1763002811408,1763002811488,80,669.2588494044135,6.561361268670719,1317,102
1763002811440,1763002811520,80,669.2588494044135,6.561361268670719,1318,102
1763002811472,1763002811552,80,669.2588494044135,6.561361268670719,1319,102
1763002811504,1763002811583,79,669.2588494044135,6.561361268670719,1320,102
1763002811535,1763002811617,82,657.4635264271043,6.445720847324551,1321,102
1763002811567,1763002811646,79,657.4635264271043,6.445720847324551,1322,102
1763002811600,1763002811677,77,657.4635264271043,6.445720847324551,1323,102
1763002811630,1763002811709,79,657.4635264271043,6.445720847324551,1324,102
1763002811662,1763002811740,78,657.4635264271043,6.445720847324551,1325,102
1763002811694,1763002811774,80,657.4635264271043,6.445720847324551,1326,102
1763002811725,1763002811805,80,657.4635264271043,6.445720847324551,1327,102
1763002811758,1763002811836,78,669.1665764566937,6.560456631928369,1328,102
1763002811789,1763002811868,79,669.1665764566937,6.560456631928369,1329,102
1763002811821,1763002811900,79,669.1665764566937,6.560456631928369,1330,102
1763002811853,1763002811932,79,669.1665764566937,6.560456631928369,1331,102
1763002811885,1763002811964,79,669.1665764566937,6.560456631928369,1332,102
1763002811917,1763002811995,78,669.1665764566937,6.560456631928369,1333,102
1763002811949,1763002812028,79,657.3902617066149,6.445002565751125,1334,102
1763002811980,1763002812060,80,657.3902617066149,6.445002565751125,1335,102
1763002812012,1763002812090,78,657.3902617066149,6.445002565751125,1336,102
1763002812043,1763002812121,78,657.3902617066149,6.445002565751125,1337,102
1763002812074,1763002812152,78,657.3902617066149,6.445002565751125,1338,102
1763002812106,1763002812183,77,657.3902617066149,6.445002565751125,1339,102
1763002812137,1763002812216,79,657.3902617066149,6.445002565751125,1340,102
1763002812168,1763002812246,78,668.8820385801721,6.5576670449036465,1341,102
1763002812200,1763002812276,76,668.8820385801721,6.5576670449036465,1342,102
1763002812230,1763002812307,77,668.8820385801721,6.5576670449036465,1343,102
1763002812260,1763002812339,79,668.8820385801721,6.5576670449036465,1344,102
1763002812292,1763002812370,78,668.8820385801721,6.5576670449036465,1345,102
1763002812324,1763002812402,78,668.8820385801721,6.5576670449036465,1346,102
1763002812355,1763002812434,79,657.3349847483971,6.444460634788206,1347,102
1763002812386,1763002812465,79,657.3349847483971,6.444460634788206,1348,102
1763002812418,1763002812498,80,657.3349847483971,6.444460634788206,1349,102
1763002812450,1763002812529,79,657.3349847483971,6.444460634788206,1350,102
1763002812482,1763002812561,79,657.3349847483971,6.444460634788206,1351,102
1763002812514,1763002812592,78,657.3349847483971,6.444460634788206,1352,102
1763002812545,1763002812627,82,657.3349847483971,6.444460634788206,1353,102
1763002812577,1763002812658,81,669.1213079207305,6.56001282275226,1354,102
1763002812611,1763002812689,78,669.1213079207305,6.56001282275226,1355,102
1763002812641,1763002812720,79,669.1213079207305,6.56001282275226,1356,102
1763002812672,1763002812755,83,669.1213079207305,6.56001282275226,1357,102
1763002812704,1763002812784,80,669.1213079207305,6.56001282275226,1358,102
1763002812736,1763002812817,81,669.1213079207305,6.56001282275226,1359,102
1763002812768,1763002812847,79,657.35431848906,6.4446501812652945,1360,102
1763002812801,1763002812881,80,657.35431848906,6.4446501812652945,1361,102
1763002812832,1763002812911,79,657.35431848906,6.4446501812652945,1362,102
1763002812864,1763002812943,79,657.35431848906,6.4446501812652945,1363,102
1763002812896,1763002812975,79,657.35431848906,6.4446501812652945,1364,102
1763002812928,1763002813007,79,657.35431848906,6.4446501812652945,1365,102
1763002812960,1763002813040,80,657.35431848906,6.4446501812652945,1366,102
1763002812992,1763002813073,81,669.1932659248465,6.560718293380848,1367,102
1763002813024,1763002813103,79,669.1932659248465,6.560718293380848,1368,102
1763002813056,1763002813135,79,669.1932659248465,6.560718293380848,1369,102
1763002813088,1763002813167,79,669.1932659248465,6.560718293380848,1370,102
1763002813120,1763002813200,80,669.1932659248465,6.560718293380848,1371,102
1763002813152,1763002813229,77,669.1932659248465,6.560718293380848,1372,102
1763002813184,1763002813262,78,657.468646410253,6.445771043237774,1373,102
1763002813214,1763002813292,78,657.468646410253,6.445771043237774,1374,102
1763002813246,1763002813325,79,657.468646410253,6.445771043237774,1375,102
1763002813277,1763002813355,78,657.468646410253,6.445771043237774,1376,102
1763002813309,1763002813387,78,657.468646410253,6.445771043237774,1377,102
1763002813340,1763002813418,78,657.468646410253,6.445771043237774,1378,102
1763002813372,1763002813450,78,657.468646410253,6.445771043237774,1379,102
1763002813403,1763002813482,79,669.1141052497409,6.559942208330792,1380,102
1763002813435,1763002813513,78,669.1141052497409,6.559942208330792,1381,102
1763002813467,1763002813546,79,669.1141052497409,6.559942208330792,1382,102
1763002813498,1763002813577,79,669.1141052497409,6.559942208330792,1383,102
1763002813530,1763002813610,80,669.1141052497409,6.559942208330792,1384,102
1763002813562,1763002813639,77,669.1141052497409,6.559942208330792,1385,102
1763002813594,1763002813672,78,657.4628277787938,6.4457139978313105,1386,102
1763002813624,1763002813703,79,657.4628277787938,6.4457139978313105,1387,102
1763002813656,1763002813733,77,657.4628277787938,6.4457139978313105,1388,102
1763002813688,1763002813766,78,657.4628277787938,6.4457139978313105,1389,102
1763002813718,1763002813797,79,657.4628277787938,6.4457139978313105,1390,102
1763002813750,1763002813829,79,657.4628277787938,6.4457139978313105,1391,102
1763002813781,1763002813859,78,657.4628277787938,6.4457139978313105,1392,102
1763002813813,1763002813890,77,668.9964109119198,6.558788342273723,1393,102
1763002813843,1763002813922,79,668.9964109119198,6.558788342273723,1394,102
1763002813874,1763002813952,78,668.9964109119198,6.558788342273723,1395,102
1763002813906,1763002813984,78,668.9964109119198,6.558788342273723,1396,102
1763002813937,1763002814015,78,668.9964109119198,6.558788342273723,1397,102
1763002813968,1763002814046,78,668.9964109119198,6.558788342273723,1398,102
1763002814000,1763002814079,79,657.4261394968001,6.445354308792157,1399,102
1763002814031,1763002814110,79,657.4261394968001,6.445354308792157,1400,102
1763002814062,1763002814140,78,657.4261394968001,6.445354308792157,1401,102
1763002814094,1763002814175,81,657.4261394968001,6.445354308792157,1402,102
1763002814125,1763002814204,79,657.4261394968001,6.445354308792157,1403,102
1763002814158,1763002814237,79,657.4261394968001,6.445354308792157,1404,102
1763002814189,1763002814267,78,657.4261394968001,6.445354308792157,1405,102
1763002814221,1763002814298,77,669.0803547604593,6.559611321180973,1406,102
1763002814252,1763002814332,80,669.0803547604593,6.559611321180973,1407,102
1763002814283,1763002814361,78,669.0803547604593,6.559611321180973,1408,102
1763002814315,1763002814394,79,669.0803547604593,6.559611321180973,1409,102
1763002814346,1763002814428,82,669.0803547604593,6.559611321180973,1410,102
1763002814378,1763002814458,80,669.0803547604593,6.559611321180973,1411,102
1763002814411,1763002814488,77,657.4930427440861,6.4460102229812355,1412,102
1763002814442,1763002814518,76,657.4930427440861,6.4460102229812355,1413,102
1763002814472,1763002814551,79,657.4930427440861,6.4460102229812355,1414,102
1763002814503,1763002814582,79,657.4930427440861,6.4460102229812355,1415,102
1763002814535,1763002814615,80,657.4930427440861,6.4460102229812355,1416,102
1763002814567,1763002814645,78,657.4930427440861,6.4460102229812355,1417,102
1763002814598,1763002814678,80,657.4930427440861,6.4460102229812355,1418,102
1763002814630,1763002814707,77,669.1334759388044,6.560132117047101,1419,102
1763002814661,1763002814739,78,669.1334759388044,6.560132117047101,1420,102
1763002814692,1763002814772,80,669.1334759388044,6.560132117047101,1421,102
1763002814723,1763002814803,80,669.1334759388044,6.560132117047101,1422,102
1763002814755,1763002814835,80,669.1334759388044,6.560132117047101,1423,102
1763002814787,1763002814866,79,669.1334759388044,6.560132117047101,1424,102
1763002814819,1763002814897,78,657.5353803232271,6.44642529728654,1425,102
1763002814850,1763002814927,77,657.5353803232271,6.44642529728654,1426,102
1763002814881,1763002814959,78,657.5353803232271,6.44642529728654,1427,102
1763002814912,1763002814991,79,657.5353803232271,6.44642529728654,1428,102
1763002814943,1763002815021,78,657.5353803232271,6.44642529728654,1429,102
1763002814975,1763002815054,79,657.5353803232271,6.44642529728654,1430,102
1763002815006,1763002815084,78,657.5353803232271,6.44642529728654,1431,102
1763002815038,1763002815116,78,669.1106273569656,6.559908111342799,1432,102
1763002815069,1763002815146,77,669.1106273569656,6.559908111342799,1433,102
1763002815101,1763002815178,77,669.1106273569656,6.559908111342799,1434,102
1763002815131,1763002815210,79,669.1106273569656,6.559908111342799,1435,102
1763002815163,1763002815241,78,669.1106273569656,6.559908111342799,1436,102
1763002815194,1763002815272,78,669.1106273569656,6.559908111342799,1437,102
1763002815225,1763002815302,77,657.6885018855725,6.44792648907424,1438,102
1763002815256,1763002815333,77,657.6885018855725,6.44792648907424,1439,102
1763002815286,1763002815364,78,657.6885018855725,6.44792648907424,1440,102
1763002815318,1763002815397,79,657.6885018855725,6.44792648907424,1441,102
1763002815349,1763002815427,78,657.6885018855725,6.44792648907424,1442,102
1763002815380,1763002815458,78,657.6885018855725,6.44792648907424,1443,102
1763002815411,1763002815489,78,657.6885018855725,6.44792648907424,1444,102
1763002815443,1763002815521,78,669.2323589990301,6.561101558814021,1445,102
1763002815474,1763002815553,79,669.2323589990301,6.561101558814021,1446,102
1763002815506,1763002815584,78,669.2323589990301,6.561101558814021,1447,102
1763002815538,1763002815616,78,669.2323589990301,6.561101558814021,1448,102
1763002815569,1763002815649,80,669.2323589990301,6.561101558814021,1449,102
1763002815600,1763002815682,82,669.2323589990301,6.561101558814021,1450,102
1763002815632,1763002815712,80,657.4997254042289,6.446075739257147,1451,102
1763002815665,1763002815742,77,657.4997254042289,6.446075739257147,1452,102
1763002815696,1763002815774,78,657.4997254042289,6.446075739257147,1453,102
1763002815727,1763002815805,78,657.4997254042289,6.446075739257147,1454,102
1763002815759,1763002815838,79,657.4997254042289,6.446075739257147,1455,102
1763002815790,1763002815867,77,657.4997254042289,6.446075739257147,1456,102
1763002815822,1763002815899,77,657.4997254042289,6.446075739257147,1457,102
1763002815852,1763002815931,79,669.082281696362,6.559630212709432,1458,102
1763002815884,1763002815963,79,669.082281696362,6.559630212709432,1459,102
1763002815916,1763002815995,79,669.082281696362,6.559630212709432,1460,102
1763002815948,1763002816026,78,669.082281696362,6.559630212709432,1461,102
1763002815979,1763002816059,80,669.082281696362,6.559630212709432,1462,102
1763002816011,1763002816092,81,669.082281696362,6.559630212709432,1463,102
1763002816043,1763002816122,79,657.3233316669114,6.444346388891288,1464,102
1763002816075,1763002816154,79,657.3233316669114,6.444346388891288,1465,102
1763002816106,1763002816186,80,657.3233316669114,6.444346388891288,1466,102
1763002816138,1763002816216,78,657.3233316669114,6.444346388891288,1467,102
1763002816170,1763002816248,78,657.3233316669114,6.444346388891288,1468,102
1763002816200,1763002816280,80,657.3233316669114,6.444346388891288,1469,102
1763002816232,1763002816312,80,657.3233316669114,6.444346388891288,1470,102
1763002816265,1763002816345,80,669.0554020118607,6.559366686390792,1471,102
1763002816297,1763002816377,80,669.0554020118607,6.559366686390792,1472,102
1763002816328,1763002816407,79,669.0554020118607,6.559366686390792,1473,102
1763002816360,1763002816439,79,669.0554020118607,6.559366686390792,1474,102
1763002816392,1763002816470,78,669.0554020118607,6.559366686390792,1475,102
1763002816423,1763002816503,80,669.0554020118607,6.559366686390792,1476,102
1763002816455,1763002816536,81,657.3019891974174,6.4441371489942885,1477,102
1763002816487,1763002816567,80,657.3019891974174,6.4441371489942885,1478,102
1763002816520,1763002816599,79,657.3019891974174,6.4441371489942885,1479,102
1763002816551,1763002816631,80,657.3019891974174,6.4441371489942885,1480,102
1763002816583,1763002816663,80,657.3019891974174,6.4441371489942885,1481,102
1763002816616,1763002816695,79,657.3019891974174,6.4441371489942885,1482,102
1763002816647,1763002816726,79,657.3019891974174,6.4441371489942885,1483,102
1763002816679,1763002816758,79,669.1518734551571,6.5603124848544825,1484,102
1763002816711,1763002816790,79,669.1518734551571,6.5603124848544825,1485,102
1763002816743,1763002816823,80,669.1518734551571,6.5603124848544825,1486,102
1763002816775,1763002816855,80,669.1518734551571,6.5603124848544825,1487,102
1763002816806,1763002816886,80,669.1518734551571,6.5603124848544825,1488,102
1763002816839,1763002816918,79,669.1518734551571,6.5603124848544825,1489,102
1763002816870,1763002816949,79,657.4928912703051,6.446008737944168,1490,102
1763002816902,1763002816980,78,657.4928912703051,6.446008737944168,1491,102
1763002816933,1763002817012,79,657.4928912703051,6.446008737944168,1492,102
1763002816965,1763002817044,79,657.4928912703051,6.446008737944168,1493,102
1763002816996,1763002817075,79,657.4928912703051,6.446008737944168,1494,102
1763002817028,1763002817104,76,657.4928912703051,6.446008737944168,1495,102
1763002817058,1763002817136,78,657.4928912703051,6.446008737944168,1496,102
1763002817089,1763002817168,79,669.0203414511628,6.559022955403558,1497,102
1763002817121,1763002817197,76,669.0203414511628,6.559022955403558,1498,102
1763002817152,1763002817229,77,669.0203414511628,6.559022955403558,1499,102
1763002817182,1763002817261,79,669.0203414511628,6.559022955403558,1500,102
1763002817214,1763002817294,80,669.0203414511628,6.559022955403558,1501,102
1763002817246,1763002817326,80,669.0203414511628,6.559022955403558,1502,102
1763002817278,1763002817357,79,657.3881917951256,6.444982272501232,1503,102
1763002817310,1763002817387,77,657.3881917951256,6.444982272501232,1504,102
1763002817341,1763002817420,79,657.3881917951256,6.444982272501232,1505,102
1763002817372,1763002817453,81,657.3881917951256,6.444982272501232,1506,102
1763002817404,1763002817485,81,657.3881917951256,6.444982272501232,1507,102
1763002817438,1763002817515,77,657.3881917951256,6.444982272501232,1508,102
1763002817469,1763002817547,78,657.3881917951256,6.444982272501232,1509,102
1763002817500,1763002817579,79,669.1634479017395,6.560425959820976,1510,102
1763002817532,1763002817612,80,669.1634479017395,6.560425959820976,1511,102
1763002817564,1763002817644,80,669.1634479017395,6.560425959820976,1512,102
1763002817596,1763002817675,79,669.1634479017395,6.560425959820976,1513,102
1763002817628,1763002817708,80,669.1634479017395,6.560425959820976,1514,102
1763002817660,1763002817739,79,669.1634479017395,6.560425959820976,1515,102
1763002817692,1763002817772,80,657.3306141860794,6.444417786138034,1516,102
1763002817724,1763002817803,79,657.3306141860794,6.444417786138034,1517,102
1763002817756,1763002817835,79,657.3306141860794,6.444417786138034,1518,102
1763002817788,1763002817868,80,657.3306141860794,6.444417786138034,1519,102
1763002817820,1763002817898,78,657.3306141860794,6.444417786138034,1520,102
1763002817852,1763002817930,78,657.3306141860794,6.444417786138034,1521,102
1763002817883,1763002817963,80,657.3306141860794,6.444417786138034,1522,102
1763002817915,1763002817995,80,669.1178464353749,6.559978886621323,1523,102
1763002817947,1763002818025,78,669.1178464353749,6.559978886621323,1524,102
1763002817979,1763002818058,79,669.1178464353749,6.559978886621323,1525,102
1763002818010,1763002818088,78,669.1178464353749,6.559978886621323,1526,102
1763002818042,1763002818121,79,669.1178464353749,6.559978886621323,1527,102
1763002818073,1763002818152,79,669.1178464353749,6.559978886621323,1528,102
1763002818105,1763002818185,80,657.408687916123,6.445183214863952,1529,102
1763002818137,1763002818216,79,657.408687916123,6.445183214863952,1530,102
1763002818169,1763002818249,80,657.408687916123,6.445183214863952,1531,102
1763002818201,1763002818281,80,657.408687916123,6.445183214863952,1532,102
1763002818233,1763002818313,80,657.408687916123,6.445183214863952,1533,102
1763002818265,1763002818344,79,657.408687916123,6.445183214863952,1534,102
1763002818297,1763002818377,80,657.408687916123,6.445183214863952,1535,102
1763002818329,1763002818408,79,669.1230895174855,6.560030289387114,1536,102
1763002818360,1763002818438,78,669.1230895174855,6.560030289387114,1537,102
1763002818392,1763002818469,77,669.1230895174855,6.560030289387114,1538,102
1763002818422,1763002818500,78,669.1230895174855,6.560030289387114,1539,102
1763002818453,1763002818531,78,669.1230895174855,6.560030289387114,1540,102
1763002818484,1763002818562,78,669.1230895174855,6.560030289387114,1541,102
1763002818515,1763002818593,78,657.5842254349534,6.4469041709309165,1542,102
1763002818547,1763002818627,80,657.5842254349534,6.4469041709309165,1543,102
1763002818578,1763002818657,79,657.5842254349534,6.4469041709309165,1544,102
1763002818611,1763002818691,80,657.5842254349534,6.4469041709309165,1545,102
1763002818642,1763002818721,79,657.5842254349534,6.4469041709309165,1546,102
1763002818674,1763002818754,80,657.5842254349534,6.4469041709309165,1547,102
1763002818706,1763002818786,80,657.5842254349534,6.4469041709309165,1548,102
1763002818738,1763002818818,80,669.3751223190482,6.562501199206355,1549,102
1763002818770,1763002818849,79,669.3751223190482,6.562501199206355,1550,102
1763002818802,1763002818881,79,669.3751223190482,6.562501199206355,1551,102
1763002818834,1763002818913,79,669.3751223190482,6.562501199206355,1552,102
1763002818866,1763002818945,79,669.3751223190482,6.562501199206355,1553,102
1763002818898,1763002818977,79,669.3751223190482,6.562501199206355,1554,102
1763002818930,1763002819009,79,657.5558471213243,6.446625952169845,1555,102
1763002818962,1763002819041,79,657.5558471213243,6.446625952169845,1556,102
1763002818993,1763002819072,79,657.5558471213243,6.446625952169845,1557,102
1763002819024,1763002819104,80,657.5558471213243,6.446625952169845,1558,102
1763002819056,1763002819135,79,657.5558471213243,6.446625952169845,1559,102
1763002819088,1763002819168,80,657.5558471213243,6.446625952169845,1560,102
1763002819120,1763002819199,79,657.5558471213243,6.446625952169845,1561,102
1763002819152,1763002819231,79,669.2962309200889,6.561727754118517,1562,102
1763002819184,1763002819264,80,669.2962309200889,6.561727754118517,1563,102
1763002819216,1763002819295,79,669.2962309200889,6.561727754118517,1564,102
1763002819248,1763002819327,79,669.2962309200889,6.561727754118517,1565,102
1763002819280,1763002819359,79,669.2962309200889,6.561727754118517,1566,102
1763002819312,1763002819391,79,669.2962309200889,6.561727754118517,1567,102
1763002819344,1763002819424,80,657.4359111196305,6.445450109015984,1568,102
1763002819376,1763002819453,77,657.4359111196305,6.445450109015984,1569,102
1763002819408,1763002819485,77,657.4359111196305,6.445450109015984,1570,102
1763002819438,1763002819514,76,657.4359111196305,6.445450109015984,1571,102
1763002819469,1763002819546,77,657.4359111196305,6.445450109015984,1572,102
1763002819499,1763002819578,79,657.4359111196305,6.445450109015984,1573,102
1763002819530,1763002819610,80,657.4359111196305,6.445450109015984,1574,102
1763002819562,1763002819641,79,668.8618570734652,6.557469186994755,1575,102
1763002819594,1763002819673,79,668.8618570734652,6.557469186994755,1576,102
1763002819625,1763002819703,78,668.8618570734652,6.557469186994755,1577,102
1763002819656,1763002819735,79,668.8618570734652,6.557469186994755,1578,102
1763002819688,1763002819766,78,668.8618570734652,6.557469186994755,1579,102
1763002819720,1763002819798,78,668.8618570734652,6.557469186994755,1580,102
1763002819751,1763002819829,78,657.3189000875518,6.4443029420348195,1581,102
1763002819782,1763002819861,79,657.3189000875518,6.4443029420348195,1582,102
1763002819813,1763002819892,79,657.3189000875518,6.4443029420348195,1583,102
1763002819845,1763002819925,80,657.3189000875518,6.4443029420348195,1584,102
1763002819877,1763002819956,79,657.3189000875518,6.4443029420348195,1585,102
1763002819909,1763002819989,80,657.3189000875518,6.4443029420348195,1586,102
1763002819941,1763002820021,80,657.3189000875518,6.4443029420348195,1587,102
1763002819972,1763002820052,80,669.1652499692535,6.560443627149542,1588,102
1763002820004,1763002820084,80,669.1652499692535,6.560443627149542,1589,102
1763002820037,1763002820119,82,669.1652499692535,6.560443627149542,1590,102
1763002820068,1763002820151,83,669.1652499692535,6.560443627149542,1591,102
1763002820101,1763002820182,81,669.1652499692535,6.560443627149542,1592,102
1763002820134,1763002820213,79,669.1652499692535,6.560443627149542,1593,102
1763002820165,1763002820244,79,657.3892084755873,6.444992239956736,1594,102
1763002820197,1763002820275,78,657.3892084755873,6.444992239956736,1595,102
1763002820228,1763002820307,79,657.3892084755873,6.444992239956736,1596,102
1763002820260,1763002820340,80,657.3892084755873,6.444992239956736,1597,102
1763002820291,1763002820370,79,657.3892084755873,6.444992239956736,1598,102
1763002820324,1763002820402,78,657.3892084755873,6.444992239956736,1599,102
1763002820355,1763002820435,80,657.3892084755873,6.444992239956736,1600,102
1763002820387,1763002820466,79,669.2208639041896,6.560988861805779,1601,102
1763002820420,1763002820500,80,669.2208639041896,6.560988861805779,1602,102
1763002820451,1763002820530,79,669.2208639041896,6.560988861805779,1603,102
1763002820483,1763002820560,77,669.2208639041896,6.560988861805779,1604,102
1763002820513,1763002820592,79,669.2208639041896,6.560988861805779,1605,102
1763002820545,1763002820623,78,669.2208639041896,6.560988861805779,1606,102
1763002820577,1763002820656,79,657.6050285316392,6.4471081228592055,1607,102
1763002820608,1763002820686,78,657.6050285316392,6.4471081228592055,1608,102
1763002820640,1763002820717,77,657.6050285316392,6.4471081228592055,1609,102
1763002820671,1763002820749,78,657.6050285316392,6.4471081228592055,1610,102
1763002820702,1763002820781,79,657.6050285316392,6.4471081228592055,1611,102
1763002820734,1763002820813,79,657.6050285316392,6.4471081228592055,1612,102
1763002820766,1763002820845,79,657.6050285316392,6.4471081228592055,1613,102
1763002820798,1763002820875,77,669.1659976826531,6.560450957673068,1614,102
1763002820829,1763002820907,78,669.1659976826531,6.560450957673068,1615,102
1763002820859,1763002820939,80,669.1659976826531,6.560450957673068,1616,102
1763002820891,1763002820969,78,669.1659976826531,6.560450957673068,1617,102
1763002820922,1763002821001,79,669.1659976826531,6.560450957673068,1618,102
1763002820954,1763002821034,80,669.1659976826531,6.560450957673068,1619,102
1763002820986,1763002821065,79,657.5041341553919,6.446118962307763,1620,102
1763002821018,1763002821097,79,657.5041341553919,6.446118962307763,1621,102
1763002821048,1763002821128,80,657.5041341553919,6.446118962307763,1622,102
1763002821081,1763002821159,78,657.5041341553919,6.446118962307763,1623,102
1763002821113,1763002821191,78,657.5041341553919,6.446118962307763,1624,102
1763002821144,1763002821223,79,657.5041341553919,6.446118962307763,1625,102
1763002821176,1763002821257,81,657.5041341553919,6.446118962307763,1626,102
1763002821208,1763002821287,79,669.2552742510703,6.561326218147748,1627,102
1763002821240,1763002821319,79,669.2552742510703,6.561326218147748,1628,102
1763002821272,1763002821351,79,669.2552742510703,6.561326218147748,1629,102
1763002821304,1763002821382,78,669.2552742510703,6.561326218147748,1630,102
1763002821336,1763002821414,78,669.2552742510703,6.561326218147748,1631,102
1763002821367,1763002821446,79,669.2552742510703,6.561326218147748,1632,102
1763002821399,1763002821478,79,657.5179430296009,6.4462543434274595,1633,102
1763002821431,1763002821508,77,657.5179430296009,6.4462543434274595,1634,102
1763002821462,1763002821540,78,657.5179430296009,6.4462543434274595,1635,102
1763002821493,1763002821572,79,657.5179430296009,6.4462543434274595,1636,102
1763002821525,1763002821604,79,657.5179430296009,6.4462543434274595,1637,102
1763002821557,1763002821635,78,657.5179430296009,6.4462543434274595,1638,102
1763002821588,1763002821667,79,657.5179430296009,6.4462543434274595,1639,102
1763002821620,1763002821699,79,669.1532467655031,6.5603259486814025,1640,102
1763002821652,1763002821731,79,669.1532467655031,6.5603259486814025,1641,102
1763002821683,1763002821760,77,669.1532467655031,6.5603259486814025,1642,102
1763002821715,1763002821792,77,669.1532467655031,6.5603259486814025,1643,102
1763002821745,1763002821825,80,669.1532467655031,6.5603259486814025,1644,102
1763002821777,1763002821855,78,669.1532467655031,6.5603259486814025,1645,102
1763002821809,1763002821887,78,657.5511376721059,6.446579781099078,1646,102
1763002821840,1763002821918,78,657.5511376721059,6.446579781099078,1647,102
1763002821871,1763002821950,79,657.5511376721059,6.446579781099078,1648,102
1763002821903,1763002821982,79,657.5511376721059,6.446579781099078,1649,102
1763002821934,1763002822013,79,657.5511376721059,6.446579781099078,1650,102
1763002821966,1763002822045,79,657.5511376721059,6.446579781099078,1651,102
1763002821998,1763002822076,78,657.5511376721059,6.446579781099078,1652,102
1763002822029,1763002822107,78,669.1796033116522,6.560584346192668,1653,102
1763002822061,1763002822140,79,669.1796033116522,6.560584346192668,1654,102
1763002822092,1763002822169,77,669.1796033116522,6.560584346192668,1655,102
1763002822123,1763002822202,79,669.1796033116522,6.560584346192668,1656,102
1763002822154,1763002822233,79,669.1796033116522,6.560584346192668,1657,102
1763002822186,1763002822265,79,669.1796033116522,6.560584346192668,1658,102
1763002822218,1763002822298,80,657.4577846327635,6.445664555223171,1659,102
1763002822250,1763002822328,78,657.4577846327635,6.445664555223171,1660,102
1763002822282,1763002822360,78,657.4577846327635,6.445664555223171,1661,102
1763002822313,1763002822391,78,657.4577846327635,6.445664555223171,1662,102
1763002822344,1763002822423,79,657.4577846327635,6.445664555223171,1663,102
1763002822375,1763002822455,80,657.4577846327635,6.445664555223171,1664,102
1763002822407,1763002822486,79,657.4577846327635,6.445664555223171,1665,102
1763002822439,1763002822516,77,668.9923965676797,6.558748985957644,1666,102
1763002822469,1763002822548,79,668.9923965676797,6.558748985957644,1667,102
1763002822501,1763002822579,78,668.9923965676797,6.558748985957644,1668,102
1763002822533,1763002822611,78,668.9923965676797,6.558748985957644,1669,102
1763002822564,1763002822644,80,668.9923965676797,6.558748985957644,1670,102
1763002822596,1763002822674,78,668.9923965676797,6.558748985957644,1671,102
1763002822627,1763002822706,79,657.3659476678731,6.4447641928222845,1672,102
1763002822659,1763002822737,78,657.3659476678731,6.4447641928222845,1673,102
1763002822690,1763002822770,80,657.3659476678731,6.4447641928222845,1674,102
1763002822722,1763002822801,79,657.3659476678731,6.4447641928222845,1675,102
1763002822754,1763002822833,79,657.3659476678731,6.4447641928222845,1676,102
1763002822786,1763002822864,78,657.3659476678731,6.4447641928222845,1677,102
1763002822818,1763002822896,78,657.3659476678731,6.4447641928222845,1678,102
1763002822849,1763002822927,78,669.1458305529555,6.560253240715249,1679,102
1763002822880,1763002822960,80,669.1458305529555,6.560253240715249,1680,102
1763002822912,1763002822993,81,669.1458305529555,6.560253240715249,1681,102
1763002822944,1763002823025,81,669.1458305529555,6.560253240715249,1682,102
1763002822976,1763002823056,80,669.1458305529555,6.560253240715249,1683,102
1763002823008,1763002823088,80,669.1458305529555,6.560253240715249,1684,102
1763002823040,1763002823120,80,657.3166436284937,6.444280819887193,1685,102
1763002823072,1763002823151,79,657.3166436284937,6.444280819887193,1686,102
1763002823104,1763002823182,78,657.3166436284937,6.444280819887193,1687,102
1763002823135,1763002823214,79,657.3166436284937,6.444280819887193,1688,102
1763002823167,1763002823246,79,657.3166436284937,6.444280819887193,1689,102
1763002823199,1763002823279,80,657.3166436284937,6.444280819887193,1690,102
1763002823231,1763002823309,78,657.3166436284937,6.444280819887193,1691,102
1763002823263,1763002823340,77,668.9367316846525,6.558203251810318,1692,102
1763002823293,1763002823373,80,668.9367316846525,6.558203251810318,1693,102
1763002823325,1763002823404,79,668.9367316846525,6.558203251810318,1694,102
1763002823357,1763002823435,78,668.9367316846525,6.558203251810318,1695,102
1763002823389,1763002823468,79,668.9367316846525,6.558203251810318,1696,102
1763002823420,1763002823500,80,668.9367316846525,6.558203251810318,1697,102
1763002823452,1763002823532,80,657.2077649576141,6.443213381937393,1698,102
1763002823484,1763002823564,80,657.2077649576141,6.443213381937393,1699,102
1763002823516,1763002823596,80,657.2077649576141,6.443213381937393,1700,102
1763002823548,1763002823629,81,657.2077649576141,6.443213381937393,1701,102
1763002823580,1763002823659,79,657.2077649576141,6.443213381937393,1702,102
1763002823612,1763002823690,78,657.2077649576141,6.443213381937393,1703,102
1763002823643,1763002823723,80,657.2077649576141,6.443213381937393,1704,102
1763002823674,1763002823753,79,668.9069653763456,6.55791142525829,1705,102
1763002823706,1763002823784,78,668.9069653763456,6.55791142525829,1706,102
1763002823737,1763002823817,80,668.9069653763456,6.55791142525829,1707,102
1763002823768,1763002823848,80,668.9069653763456,6.55791142525829,1708,102
1763002823801,1763002823881,80,668.9069653763456,6.55791142525829,1709,102
1763002823832,1763002823912,80,668.9069653763456,6.55791142525829,1710,102
1763002823865,1763002823943,78,657.2410374741947,6.44353958308034,1711,102
1763002823896,1763002823974,78,657.2410374741947,6.44353958308034,1712,102
1763002823927,1763002824006,79,657.2410374741947,6.44353958308034,1713,102
1763002823959,1763002824038,79,657.2410374741947,6.44353958308034,1714,102
1763002823991,1763002824069,78,657.2410374741947,6.44353958308034,1715,102
1763002824023,1763002824101,78,657.2410374741947,6.44353958308034,1716,102
1763002824054,1763002824133,79,657.2410374741947,6.44353958308034,1717,102
1763002824086,1763002824164,78,668.9901427170364,6.55872688938271,1718,102
1763002824117,1763002824197,80,668.9901427170364,6.55872688938271,1719,102
1763002824149,1763002824228,79,668.9901427170364,6.55872688938271,1720,102
1763002824181,1763002824259,78,668.9901427170364,6.55872688938271,1721,102
1763002824213,1763002824291,78,668.9901427170364,6.55872688938271,1722,102
1763002824244,1763002824322,78,668.9901427170364,6.55872688938271,1723,102
1763002824276,1763002824355,79,657.307163460044,6.444187877059254,1724,102
1763002824307,1763002824386,79,657.307163460044,6.444187877059254,1725,102
1763002824339,1763002824418,79,657.307163460044,6.444187877059254,1726,102
1763002824371,1763002824450,79,657.307163460044,6.444187877059254,1727,102
1763002824402,1763002824481,79,657.307163460044,6.444187877059254,1728,102
1763002824434,1763002824512,78,657.307163460044,6.444187877059254,1729,102
1763002824465,1763002824543,78,657.307163460044,6.444187877059254,1730,102
1763002824497,1763002824576,79,668.9858877872749,6.558685174385047,1731,102
1763002824528,1763002824606,78,668.9858877872749,6.558685174385047,1732,102
1763002824560,1763002824638,78,668.9858877872749,6.558685174385047,1733,102
1763002824591,1763002824670,79,668.9858877872749,6.558685174385047,1734,102
1763002824623,1763002824701,78,668.9858877872749,6.558685174385047,1735,102
1763002824655,1763002824733,78,668.9858877872749,6.558685174385047,1736,102
1763002824686,1763002824766,80,657.3037807908836,6.444154713636113,1737,102
1763002824718,1763002824796,78,657.3037807908836,6.444154713636113,1738,102
1763002824750,1763002824828,78,657.3037807908836,6.444154713636113,1739,102
1763002824781,1763002824861,80,657.3037807908836,6.444154713636113,1740,102
1763002824813,1763002824892,79,657.3037807908836,6.444154713636113,1741,102
1763002824845,1763002824924,79,657.3037807908836,6.444154713636113,1742,102
1763002824877,1763002824957,80,657.3037807908836,6.444154713636113,1743,102
1763002824909,1763002824987,78,669.0398981671707,6.559214687913437,1744,102
1763002824941,1763002825019,78,669.0398981671707,6.559214687913437,1745,102
1763002824972,1763002825050,78,669.0398981671707,6.559214687913437,1746,102
1763002825003,1763002825082,79,669.0398981671707,6.559214687913437,1747,102
1763002825035,1763002825116,81,669.0398981671707,6.559214687913437,1748,102
1763002825067,1763002825146,79,669.0398981671707,6.559214687913437,1749,102
1763002825099,1763002825179,80,657.2896791447336,6.444016462203269,1750,102
1763002825130,1763002825209,79,657.2896791447336,6.444016462203269,1751,102
1763002825163,1763002825241,78,657.2896791447336,6.444016462203269,1752,102
1763002825194,1763002825274,80,657.2896791447336,6.444016462203269,1753,102
1763002825226,1763002825305,79,657.2896791447336,6.444016462203269,1754,102
1763002825257,1763002825337,80,657.2896791447336,6.444016462203269,1755,102
1763002825290,1763002825381,91,648.1864536366421,6.354769153300412,1756,102
1763002825322,1763002825404,82,648.1864536366421,6.354769153300412,1757,102
1763002825353,1763002825436,83,648.1864536366421,6.354769153300412,1758,102
1763002825387,1763002825466,79,648.1864536366421,6.354769153300412,1759,102
1763002825418,1763002825496,78,648.1864536366421,6.354769153300412,1760,102
1763002825450,1763002825528,78,648.1864536366421,6.354769153300412,1761,102
1763002825480,1763002825559,79,648.1864536366421,6.354769153300412,1762,102
1763002825512,1763002825591,79,662.0731119193106,6.490912861954024,1763,102
1763002825544,1763002825622,78,662.0731119193106,6.490912861954024,1764,102
1763002825575,1763002825655,80,662.0731119193106,6.490912861954024,1765,102
1763002825607,1763002825686,79,662.0731119193106,6.490912861954024,1766,102
1763002825639,1763002825717,78,662.0731119193106,6.490912861954024,1767,102
1763002825670,1763002825747,77,662.0731119193106,6.490912861954024,1768,102
1763002825702,1763002825779,77,662.0731119193106,6.490912861954024,1769,102
1763002825732,1763002825810,78,672.6661970877713,6.594766638115403,1770,102
1763002825764,1763002825841,77,672.6661970877713,6.594766638115403,1771,102
1763002825794,1763002825874,80,672.6661970877713,6.594766638115403,1772,102
1763002825826,1763002825906,80,672.6661970877713,6.594766638115403,1773,102
1763002825858,1763002825936,78,672.6661970877713,6.594766638115403,1774,102
1763002825890,1763002825969,79,672.6661970877713,6.594766638115403,1775,102
1763002825921,1763002826001,80,660.1689604876904,6.47224471066363,1776,102
1763002825953,1763002826032,79,660.1689604876904,6.47224471066363,1777,102
1763002825985,1763002826063,78,660.1689604876904,6.47224471066363,1778,102
1763002826017,1763002826096,79,660.1689604876904,6.47224471066363,1779,102
1763002826048,1763002826125,77,660.1689604876904,6.47224471066363,1780,102
1763002826080,1763002826157,77,660.1689604876904,6.47224471066363,1781,102
1763002826110,1763002826188,78,660.1689604876904,6.47224471066363,1782,102
1763002826142,1763002826219,77,671.1504925482016,6.579906789688249,1783,102
1763002826173,1763002826250,77,671.1504925482016,6.579906789688249,1784,102
1763002826204,1763002826282,78,671.1504925482016,6.579906789688249,1785,102
1763002826235,1763002826315,80,671.1504925482016,6.579906789688249,1786,102
1763002826267,1763002826347,80,671.1504925482016,6.579906789688249,1787,102
1763002826299,1763002826377,78,671.1504925482016,6.579906789688249,1788,102
1763002826331,1763002826409,78,659.0837920683684,6.461605804591846,1789,102
1763002826361,1763002826440,79,659.0837920683684,6.461605804591846,1790,102
1763002826393,1763002826471,78,659.0837920683684,6.461605804591846,1791,102
1763002826425,1763002826504,79,659.0837920683684,6.461605804591846,1792,102
1763002826456,1763002826536,80,659.0837920683684,6.461605804591846,1793,102
1763002826488,1763002826567,79,659.0837920683684,6.461605804591846,1794,102
1763002826520,1763002826599,79,659.0837920683684,6.461605804591846,1795,102
1763002826552,1763002826630,78,670.4514471102161,6.573053403041334,1796,102
1763002826583,1763002826660,77,670.4514471102161,6.573053403041334,1797,102
1763002826614,1763002826693,79,670.4514471102161,6.573053403041334,1798,102
1763002826645,1763002826722,77,670.4514471102161,6.573053403041334,1799,102
1763002826677,1763002826753,76,670.4514471102161,6.573053403041334,1800,102
1763002826707,1763002826786,79,670.4514471102161,6.573053403041334,1801,102
1763002826738,1763002826818,80,658.6442547939524,6.457296615626984,1802,102
1763002826770,1763002826848,78,658.6442547939524,6.457296615626984,1803,102
1763002826801,1763002826881,80,658.6442547939524,6.457296615626984,1804,102
1763002826833,1763002826912,79,658.6442547939524,6.457296615626984,1805,102
1763002826865,1763002826945,80,658.6442547939524,6.457296615626984,1806,102
1763002826896,1763002826976,80,658.6442547939524,6.457296615626984,1807,102
1763002826929,1763002827007,78,658.6442547939524,6.457296615626984,1808,102
1763002826959,1763002827039,80,670.0475383063982,6.569093512807826,1809,102
1763002826991,1763002827069,78,670.0475383063982,6.569093512807826,1810,102
1763002827023,1763002827101,78,670.0475383063982,6.569093512807826,1811,102
1763002827054,1763002827134,80,670.0475383063982,6.569093512807826,1812,102
1763002827086,1763002827164,78,670.0475383063982,6.569093512807826,1813,102
1763002827118,1763002827197,79,670.0475383063982,6.569093512807826,1814,102
1763002827149,1763002827230,81,658.0897454152802,6.451860249169414,1815,102
1763002827182,1763002827261,79,658.0897454152802,6.451860249169414,1816,102
1763002827213,1763002827292,79,658.0897454152802,6.451860249169414,1817,102
1763002827245,1763002827326,81,658.0897454152802,6.451860249169414,1818,102
1763002827277,1763002827357,80,658.0897454152802,6.451860249169414,1819,102
1763002827309,1763002827389,80,658.0897454152802,6.451860249169414,1820,102
1763002827341,1763002827419,78,658.0897454152802,6.451860249169414,1821,102
1763002827373,1763002827477,104,669.6631681143172,6.565325177591345,1822,102
1763002827404,1763002827492,88,669.6631681143172,6.565325177591345,1823,102
1763002827436,1763002827515,79,669.6631681143172,6.565325177591345,1824,102
1763002827487,1763002827563,76,669.6631681143172,6.565325177591345,1825,102
1763002827515,1763002827595,80,669.6631681143172,6.565325177591345,1826,102
1763002827546,1763002827629,83,669.6631681143172,6.565325177591345,1827,102
1763002827578,1763002827658,80,657.7845554827678,6.448868191007528,1828,102
1763002827611,1763002827691,80,657.7845554827678,6.448868191007528,1829,102
1763002827642,1763002827722,80,657.7845554827678,6.448868191007528,1830,102
1763002827675,1763002827755,80,657.7845554827678,6.448868191007528,1831,102
1763002827706,1763002827786,80,657.7845554827678,6.448868191007528,1832,102
1763002827739,1763002827815,76,657.7845554827678,6.448868191007528,1833,102
1763002827769,1763002827847,78,648.3987216088004,6.356850211850984,1834,102
1763002827800,1763002827880,80,648.3987216088004,6.356850211850984,1835,102
1763002827832,1763002827912,80,648.3987216088004,6.356850211850984,1836,102
1763002827864,1763002827941,77,648.3987216088004,6.356850211850984,1837,102
1763002827896,1763002827975,79,648.3987216088004,6.356850211850984,1838,102
1763002827926,1763002828006,80,648.3987216088004,6.356850211850984,1839,102
1763002827958,1763002828038,80,648.3987216088004,6.356850211850984,1840,102
1763002827990,1763002828069,79,661.9125849573876,6.489339068209682,1841,102
1763002828021,1763002828099,78,661.9125849573876,6.489339068209682,1842,102
1763002828053,1763002828132,79,661.9125849573876,6.489339068209682,1843,102
1763002828084,1763002828162,78,661.9125849573876,6.489339068209682,1844,102
1763002828116,1763002828193,77,661.9125849573876,6.489339068209682,1845,102
1763002828146,1763002828224,78,661.9125849573876,6.489339068209682,1846,102
1763002828177,1763002828254,77,651.8801553809527,6.390981915499536,1847,102
1763002828208,1763002828285,77,651.8801553809527,6.390981915499536,1848,102
1763002828239,1763002828317,78,651.8801553809527,6.390981915499536,1849,102
1763002828270,1763002828349,79,651.8801553809527,6.390981915499536,1850,102
1763002828302,1763002828380,78,651.8801553809527,6.390981915499536,1851,102
1763002828334,1763002828410,76,651.8801553809527,6.390981915499536,1852,102
1763002828364,1763002828441,77,651.8801553809527,6.390981915499536,1853,102
1763002828395,1763002828473,78,664.4904838386193,6.51461258665313,1854,102
1763002828426,1763002828505,79,664.4904838386193,6.51461258665313,1855,102
1763002828457,1763002828536,79,664.4904838386193,6.51461258665313,1856,102
1763002828489,1763002828569,80,664.4904838386193,6.51461258665313,1857,102
1763002828520,1763002828601,81,664.4904838386193,6.51461258665313,1858,102
1763002828551,1763002828630,79,664.4904838386193,6.51461258665313,1859,102
1763002828584,1763002828663,79,653.7299346517024,6.409117006389239,1860,102
1763002828615,1763002828696,81,653.7299346517024,6.409117006389239,1861,102
1763002828647,1763002828726,79,653.7299346517024,6.409117006389239,1862,102
1763002828679,1763002828759,80,653.7299346517024,6.409117006389239,1863,102
1763002828711,1763002828790,79,653.7299346517024,6.409117006389239,1864,102
1763002828743,1763002828822,79,653.7299346517024,6.409117006389239,1865,102
1763002828775,1763002828855,80,653.7299346517024,6.409117006389239,1866,102
1763002828806,1763002828885,79,666.2661082441483,6.532020669060277,1867,102
1763002828838,1763002828919,81,666.2661082441483,6.532020669060277,1868,102
1763002828869,1763002828949,80,666.2661082441483,6.532020669060277,1869,102
1763002828902,1763002828981,79,666.2661082441483,6.532020669060277,1870,102
1763002828932,1763002829011,79,666.2661082441483,6.532020669060277,1871,102
1763002828965,1763002829044,79,666.2661082441483,6.532020669060277,1872,102
1763002828996,1763002829076,80,655.0872899458537,6.42242441123386,1873,102
1763002829028,1763002829108,80,655.0872899458537,6.42242441123386,1874,102
1763002829060,1763002829139,79,655.0872899458537,6.42242441123386,1875,102
1763002829092,1763002829172,80,655.0872899458537,6.42242441123386,1876,102
1763002829123,1763002829204,81,655.0872899458537,6.42242441123386,1877,102
1763002829156,1763002829237,81,655.0872899458537,6.42242441123386,1878,102
1763002829188,1763002829271,83,655.0872899458537,6.42242441123386,1879,102
1763002829220,1763002829302,82,667.3411336371162,6.542560133697217,1880,102
1763002829255,1763002829333,78,667.3411336371162,6.542560133697217,1881,102
1763002829286,1763002829365,79,667.3411336371162,6.542560133697217,1882,102
1763002829317,1763002829402,85,667.3411336371162,6.542560133697217,1883,102
1763002829348,1763002829427,79,667.3411336371162,6.542560133697217,1884,102
1763002829385,1763002829463,78,667.3411336371162,6.542560133697217,1885,102
1763002829410,1763002829488,78,656.0515423751444,6.431877866422985,1886,102
1763002829445,1763002829521,76,656.0515423751444,6.431877866422985,1887,102
1763002829472,1763002829553,81,656.0515423751444,6.431877866422985,1888,102
1763002829504,1763002829585,81,656.0515423751444,6.431877866422985,1889,102
1763002829536,1763002829616,80,656.0515423751444,6.431877866422985,1890,102
1763002829569,1763002829646,77,656.0515423751444,6.431877866422985,1891,102
1763002829600,1763002829681,81,656.0515423751444,6.431877866422985,1892,102
1763002829630,1763002829722,92,667.9889246458647,6.54891102593985,1893,102
1763002829664,1763002829742,78,667.9889246458647,6.54891102593985,1894,102
1763002829706,1763002829789,83,667.9889246458647,6.54891102593985,1895,102
1763002829726,1763002829805,79,667.9889246458647,6.54891102593985,1896,102
1763002829758,1763002829838,80,667.9889246458647,6.54891102593985,1897,102
1763002829789,1763002829870,81,667.9889246458647,6.54891102593985,1898,102
1763002829822,1763002829902,80,656.3992172441707,6.435286443570301,1899,102
1763002829854,1763002829932,78,656.3992172441707,6.435286443570301,1900,102
1763002829885,1763002829964,79,656.3992172441707,6.435286443570301,1901,102
1763002829917,1763002829994,77,656.3992172441707,6.435286443570301,1902,102
1763002829948,1763002830026,78,656.3992172441707,6.435286443570301,1903,102
1763002829979,1763002830057,78,656.3992172441707,6.435286443570301,1904,102
1763002830010,1763002830088,78,656.3992172441707,6.435286443570301,1905,102
1763002830041,1763002830119,78,668.0921761436041,6.54992329552553,1906,102
1763002830073,1763002830152,79,668.0921761436041,6.54992329552553,1907,102
1763002830104,1763002830184,80,668.0921761436041,6.54992329552553,1908,102
1763002830136,1763002830215,79,668.0921761436041,6.54992329552553,1909,102
1763002830169,1763002830247,78,668.0921761436041,6.54992329552553,1910,102
1763002830200,1763002830281,81,668.0921761436041,6.54992329552553,1911,102
1763002830232,1763002830310,78,656.5371878580216,6.436639096647271,1912,102
1763002830265,1763002830343,78,656.5371878580216,6.436639096647271,1913,102
1763002830295,1763002830373,78,656.5371878580216,6.436639096647271,1914,102
1763002830327,1763002830405,78,656.5371878580216,6.436639096647271,1915,102
1763002830358,1763002830436,78,656.5371878580216,6.436639096647271,1916,102
1763002830389,1763002830468,79,656.5371878580216,6.436639096647271,1917,102
1763002830421,1763002830501,80,656.5371878580216,6.436639096647271,1918,102
1763002830453,1763002830533,80,668.4319899714112,6.553254803641286,1919,102
1763002830486,1763002830566,80,668.4319899714112,6.553254803641286,1920,102
1763002830517,1763002830598,81,668.4319899714112,6.553254803641286,1921,102
1763002830549,1763002830636,87,668.4319899714112,6.553254803641286,1922,102
1763002830582,1763002830660,78,668.4319899714112,6.553254803641286,1923,102
1763002830617,1763002830694,77,668.4319899714112,6.553254803641286,1924,102
1763002830645,1763002830724,79,656.8070000373006,6.439284314091181,1925,102
1763002830678,1763002830755,77,656.8070000373006,6.439284314091181,1926,102
1763002830708,1763002830792,84,656.8070000373006,6.439284314091181,1927,102
1763002830740,1763002830820,80,656.8070000373006,6.439284314091181,1928,102
1763002830775,1763002830851,76,656.8070000373006,6.439284314091181,1929,102
1763002830804,1763002830881,77,656.8070000373006,6.439284314091181,1930,102
1763002830835,1763002830912,77,656.8070000373006,6.439284314091181,1931,102
1763002830866,1763002830944,78,668.531565029654,6.554231029702489,1932,102
1763002830897,1763002830975,78,668.531565029654,6.554231029702489,1933,102
1763002830929,1763002831007,78,668.531565029654,6.554231029702489,1934,102
1763002830960,1763002831039,79,668.531565029654,6.554231029702489,1935,102
1763002830991,1763002831072,81,668.531565029654,6.554231029702489,1936,102
1763002831024,1763002831103,79,668.531565029654,6.554231029702489,1937,102
1763002831056,1763002831135,79,656.8295310685156,6.439505206554074,1938,102
1763002831088,1763002831167,79,656.8295310685156,6.439505206554074,1939,102
1763002831119,1763002831197,78,656.8295310685156,6.439505206554074,1940,102
1763002831152,1763002831229,77,656.8295310685156,6.439505206554074,1941,102
1763002831182,1763002831260,78,656.8295310685156,6.439505206554074,1942,102
1763002831214,1763002831293,79,656.8295310685156,6.439505206554074,1943,102
1763002831245,1763002831324,79,656.8295310685156,6.439505206554074,1944,102
1763002831277,1763002831356,79,668.6066476684014,6.554967134003935,1945,102
1763002831309,1763002831388,79,668.6066476684014,6.554967134003935,1946,102
1763002831341,1763002831420,79,668.6066476684014,6.554967134003935,1947,102
1763002831373,1763002831452,79,668.6066476684014,6.554967134003935,1948,102
1763002831405,1763002831483,78,668.6066476684014,6.554967134003935,1949,102
1763002831437,1763002831516,79,668.6066476684014,6.554967134003935,1950,102
1763002831468,1763002831547,79,656.9456782487107,6.440643904399124,1951,102
1763002831501,1763002831579,78,656.9456782487107,6.440643904399124,1952,102
1763002831532,1763002831612,80,656.9456782487107,6.440643904399124,1953,102
1763002831564,1763002831644,80,656.9456782487107,6.440643904399124,1954,102
1763002831597,1763002831677,80,656.9456782487107,6.440643904399124,1955,102
1763002831629,1763002831707,78,656.9456782487107,6.440643904399124,1956,102
1763002831661,1763002831739,78,656.9456782487107,6.440643904399124,1957,102
1763002831692,1763002831771,79,668.8129771729789,6.556989972284106,1958,102
1763002831723,1763002831802,79,668.8129771729789,6.556989972284106,1959,102
1763002831755,1763002831835,80,668.8129771729789,6.556989972284106,1960,102
1763002831787,1763002831865,78,668.8129771729789,6.556989972284106,1961,102
1763002831819,1763002831897,78,668.8129771729789,6.556989972284106,1962,102
1763002831850,1763002831929,79,668.8129771729789,6.556989972284106,1963,102
1763002831882,1763002831962,80,657.0526908981723,6.441693048021296,1964,102
1763002831914,1763002831994,80,657.0526908981723,6.441693048021296,1965,102
1763002831947,1763002832025,78,657.0526908981723,6.441693048021296,1966,102
1763002831978,1763002832058,80,657.0526908981723,6.441693048021296,1967,102
1763002832010,1763002832089,79,657.0526908981723,6.441693048021296,1968,102
1763002832043,1763002832122,79,657.0526908981723,6.441693048021296,1969,102
1763002832074,1763002832155,81,657.0526908981723,6.441693048021296,1970,102
1763002832106,1763002832186,80,668.8977311913525,6.557820894032867,1971,102
1763002832139,1763002832217,78,668.8977311913525,6.557820894032867,1972,102
1763002832171,1763002832250,79,668.8977311913525,6.557820894032867,1973,102
1763002832202,1763002832281,79,668.8977311913525,6.557820894032867,1974,102
1763002832235,1763002832313,78,668.8977311913525,6.557820894032867,1975,102
1763002832266,1763002832345,79,668.8977311913525,6.557820894032867,1976,102
1763002832298,1763002832374,76,657.2905940283166,6.444025431650162,1977,102
1763002832330,1763002832405,75,657.2905940283166,6.444025431650162,1978,102
1763002832359,1763002832436,77,657.2905940283166,6.444025431650162,1979,102
1763002832390,1763002832467,77,657.2905940283166,6.444025431650162,1980,102
1763002832421,1763002832499,78,657.2905940283166,6.444025431650162,1981,102
1763002832452,1763002832530,78,657.2905940283166,6.444025431650162,1982,102
1763002832484,1763002832562,78,657.2905940283166,6.444025431650162,1983,102
1763002832515,1763002832593,78,668.85931284654,6.557444243593529,1984,102
1763002832547,1763002832625,78,668.85931284654,6.557444243593529,1985,102
1763002832578,1763002832657,79,668.85931284654,6.557444243593529,1986,102
1763002832611,1763002832689,78,668.85931284654,6.557444243593529,1987,102
1763002832642,1763002832720,78,668.85931284654,6.557444243593529,1988,102
1763002832673,1763002832752,79,668.85931284654,6.557444243593529,1989,102
1763002832705,1763002832782,77,657.2600130258459,6.443725617900449,1990,102
1763002832737,1763002832814,77,657.2600130258459,6.443725617900449,1991,102
1763002832767,1763002832846,79,657.2600130258459,6.443725617900449,1992,102
1763002832799,1763002832877,78,657.2600130258459,6.443725617900449,1993,102
1763002832831,1763002832909,78,657.2600130258459,6.443725617900449,1994,102
1763002832862,1763002832942,80,657.2600130258459,6.443725617900449,1995,102
1763002832894,1763002832974,80,657.2600130258459,6.443725617900449,1996,102
1763002832926,1763002833005,79,669.0619303164699,6.559430689377155,1997,102
1763002832958,1763002833037,79,669.0619303164699,6.559430689377155,1998,102
1763002832990,1763002833069,79,669.0619303164699,6.559430689377155,1999,102
1763002833022,1763002833101,79,669.0619303164699,6.559430689377155,2000,102
1763002833054,1763002833133,79,669.0619303164699,6.559430689377155,2001,102
1763002833086,1763002833164,78,669.0619303164699,6.559430689377155,2002,102
1763002833118,1763002833194,76,657.42129653191,6.445306828744216,2003,102
1763002833149,1763002833225,76,657.42129653191,6.445306828744216,2004,102
1763002833179,1763002833257,78,657.42129653191,6.445306828744216,2005,102
1763002833210,1763002833288,78,657.42129653191,6.445306828744216,2006,102
1763002833241,1763002833319,78,657.42129653191,6.445306828744216,2007,102
1763002833273,1763002833350,77,657.42129653191,6.445306828744216,2008,102
1763002833304,1763002833382,78,657.42129653191,6.445306828744216,2009,102
1763002833335,1763002833414,79,668.9633520394003,6.558464235680396,2010,102
1763002833367,1763002833445,78,668.9633520394003,6.558464235680396,2011,102
1763002833399,1763002833477,78,668.9633520394003,6.558464235680396,2012,102
1763002833430,1763002833509,79,668.9633520394003,6.558464235680396,2013,102
1763002833462,1763002833541,79,668.9633520394003,6.558464235680396,2014,102
1763002833494,1763002833573,79,668.9633520394003,6.558464235680396,2015,102
1763002833526,1763002833605,79,657.1719381672444,6.442862138894554,2016,102
1763002833558,1763002833636,78,657.1719381672444,6.442862138894554,2017,102
1763002833590,1763002833668,78,657.1719381672444,6.442862138894554,2018,102
1763002833621,1763002833701,80,657.1719381672444,6.442862138894554,2019,102
1763002833653,1763002833730,77,657.1719381672444,6.442862138894554,2020,102
1763002833685,1763002833761,76,657.1719381672444,6.442862138894554,2021,102
1763002833715,1763002833792,77,657.1719381672444,6.442862138894554,2022,102
1763002833746,1763002833825,79,668.7080347192938,6.5559611246989595,2023,102
1763002833777,1763002833856,79,668.7080347192938,6.5559611246989595,2024,102
1763002833809,1763002833886,77,668.7080347192938,6.5559611246989595,2025,102
1763002833840,1763002833918,78,668.7080347192938,6.5559611246989595,2026,102
1763002833871,1763002833949,78,668.7080347192938,6.5559611246989595,2027,102
1763002833903,1763002833981,78,668.7080347192938,6.5559611246989595,2028,102
1763002833934,1763002834013,79,657.0828876018386,6.441989094135673,2029,102
1763002833966,1763002834044,78,657.0828876018386,6.441989094135673,2030,102
1763002833998,1763002834076,78,657.0828876018386,6.441989094135673,2031,102
1763002834029,1763002834108,79,657.0828876018386,6.441989094135673,2032,102
1763002834061,1763002834139,78,657.0828876018386,6.441989094135673,2033,102
1763002834092,1763002834170,78,657.0828876018386,6.441989094135673,2034,102
1763002834124,1763002834203,79,657.0828876018386,6.441989094135673,2035,102
1763002834155,1763002834234,79,668.7508956434617,6.55638132983786,2036,102
1763002834188,1763002834265,77,668.7508956434617,6.55638132983786,2037,102
1763002834219,1763002834297,78,668.7508956434617,6.55638132983786,2038,102
1763002834250,1763002834329,79,668.7508956434617,6.55638132983786,2039,102
1763002834282,1763002834361,79,668.7508956434617,6.55638132983786,2040,102
1763002834314,1763002834393,79,668.7508956434617,6.55638132983786,2041,102
1763002834346,1763002834425,79,657.0034602452652,6.441210394561423,2042,102
1763002834378,1763002834458,80,657.0034602452652,6.441210394561423,2043,102
1763002834410,1763002834489,79,657.0034602452652,6.441210394561423,2044,102
1763002834442,1763002834521,79,657.0034602452652,6.441210394561423,2045,102
1763002834474,1763002834553,79,657.0034602452652,6.441210394561423,2046,102
1763002834506,1763002834585,79,657.0034602452652,6.441210394561423,2047,102
1763002834538,1763002834617,79,657.0034602452652,6.441210394561423,2048,102
1763002834570,1763002834649,79,668.85874051425,6.557438632492647,2049,102
1763002834602,1763002834681,79,668.85874051425,6.557438632492647,2050,102
1763002834634,1763002834713,79,668.85874051425,6.557438632492647,2051,102
1763002834666,1763002834745,79,668.85874051425,6.557438632492647,2052,102
1763002834698,1763002834777,79,668.85874051425,6.557438632492647,2053,102
1763002834730,1763002834808,78,668.85874051425,6.557438632492647,2054,102
1763002834762,1763002834839,77,657.1458399683145,6.442606274199162,2055,102
1763002834793,1763002834871,78,657.1458399683145,6.442606274199162,2056,102
1763002834824,1763002834902,78,657.1458399683145,6.442606274199162,2057,102
1763002834856,1763002834933,77,657.1458399683145,6.442606274199162,2058,102
1763002834887,1763002834964,77,657.1458399683145,6.442606274199162,2059,102
1763002834918,1763002834996,78,657.1458399683145,6.442606274199162,2060,102
1763002834949,1763002835028,79,657.1458399683145,6.442606274199162,2061,102
1763002834981,1763002835060,79,668.8577969348416,6.557429381714134,2062,102
1763002835013,1763002835091,78,668.8577969348416,6.557429381714134,2063,102
1763002835045,1763002835123,78,668.8577969348416,6.557429381714134,2064,102
1763002835076,1763002835153,77,668.8577969348416,6.557429381714134,2065,102
1763002835108,1763002835185,77,668.8577969348416,6.557429381714134,2066,102
1763002835138,1763002835216,78,668.8577969348416,6.557429381714134,2067,102
1763002835170,1763002835248,78,657.3156641570688,6.444271217226165,2068,102
1763002835201,1763002835280,79,657.3156641570688,6.444271217226165,2069,102
1763002835233,1763002835311,78,657.3156641570688,6.444271217226165,2070,102
1763002835265,1763002835343,78,657.3156641570688,6.444271217226165,2071,102
1763002835296,1763002835376,80,657.3156641570688,6.444271217226165,2072,102
1763002835328,1763002835408,80,657.3156641570688,6.444271217226165,2073,102
1763002835360,1763002835438,78,657.3156641570688,6.444271217226165,2074,102
1763002835392,1763002835470,78,669.0493216765556,6.559307075260349,2075,102
1763002835423,1763002835502,79,669.0493216765556,6.559307075260349,2076,102
1763002835456,1763002835534,78,669.0493216765556,6.559307075260349,2077,102
1763002835488,1763002835566,78,669.0493216765556,6.559307075260349,2078,102
1763002835519,1763002835598,79,669.0493216765556,6.559307075260349,2079,102
1763002835551,1763002835630,79,669.0493216765556,6.559307075260349,2080,102
1763002835583,1763002835660,77,657.3542107328617,6.444649124831977,2081,102
1763002835615,1763002835692,77,657.3542107328617,6.444649124831977,2082,102
1763002835645,1763002835724,79,657.3542107328617,6.444649124831977,2083,102
1763002835677,1763002835754,77,657.3542107328617,6.444649124831977,2084,102
1763002835709,1763002835784,75,657.3542107328617,6.444649124831977,2085,102
1763002835739,1763002835815,76,657.3542107328617,6.444649124831977,2086,102
1763002835770,1763002835847,77,657.3542107328617,6.444649124831977,2087,102
1763002835800,1763002835878,78,668.8533059540907,6.557385352491085,2088,102
1763002835832,1763002835910,78,668.8533059540907,6.557385352491085,2089,102
1763002835863,1763002835942,79,668.8533059540907,6.557385352491085,2090,102
1763002835895,1763002835974,79,668.8533059540907,6.557385352491085,2091,102
1763002835928,1763002836004,76,668.8533059540907,6.557385352491085,2092,102
1763002835959,1763002836035,76,668.8533059540907,6.557385352491085,2093,102
1763002835989,1763002836067,78,657.2552315394562,6.443678740582904,2094,102
1763002836020,1763002836098,78,657.2552315394562,6.443678740582904,2095,102
1763002836052,1763002836130,78,657.2552315394562,6.443678740582904,2096,102
1763002836083,1763002836162,79,657.2552315394562,6.443678740582904,2097,102
1763002836115,1763002836193,78,657.2552315394562,6.443678740582904,2098,102
1763002836147,1763002836225,78,657.2552315394562,6.443678740582904,2099,102
1763002836178,1763002836257,79,657.2552315394562,6.443678740582904,2100,102
1763002836210,1763002836288,78,668.9446538423282,6.558280920022826,2101,102
1763002836242,1763002836320,78,668.9446538423282,6.558280920022826,2102,102
1763002836273,1763002836350,77,668.9446538423282,6.558280920022826,2103,102
1763002836304,1763002836382,78,668.9446538423282,6.558280920022826,2104,102
1763002836335,1763002836412,77,668.9446538423282,6.558280920022826,2105,102
1763002836366,1763002836444,78,668.9446538423282,6.558280920022826,2106,102
1763002836397,1763002836475,78,657.4418337661779,6.445508174178215,2107,102
1763002836429,1763002836507,78,657.4418337661779,6.445508174178215,2108,102
1763002836460,1763002836538,78,657.4418337661779,6.445508174178215,2109,102
1763002836492,1763002836570,78,657.4418337661779,6.445508174178215,2110,102
1763002836523,1763002836602,79,657.4418337661779,6.445508174178215,2111,102
1763002836555,1763002836633,78,657.4418337661779,6.445508174178215,2112,102
1763002836587,1763002836665,78,657.4418337661779,6.445508174178215,2113,102
1763002836618,1763002836697,79,669.0928160103452,6.559733490297503,2114,102
1763002836650,1763002836728,78,669.0928160103452,6.559733490297503,2115,102
1763002836681,1763002836758,77,669.0928160103452,6.559733490297503,2116,102
1763002836713,1763002836789,76,669.0928160103452,6.559733490297503,2117,102
1763002836743,1763002836821,78,669.0928160103452,6.559733490297503,2118,102
1763002836774,1763002836852,78,669.0928160103452,6.559733490297503,2119,102
1763002836806,1763002836885,79,657.4458815442348,6.445547858276812,2120,102
1763002836837,1763002836916,79,657.4458815442348,6.445547858276812,2121,102
1763002836869,1763002836948,79,657.4458815442348,6.445547858276812,2122,102
1763002836901,1763002836979,78,657.4458815442348,6.445547858276812,2123,102
1763002836933,1763002837011,78,657.4458815442348,6.445547858276812,2124,102
1763002836964,1763002837042,78,657.4458815442348,6.445547858276812,2125,102
1763002836996,1763002837073,77,657.4458815442348,6.445547858276812,2126,102
1763002837027,1763002837103,76,668.9263675907551,6.558101643046619,2127,102
1763002837058,1763002837135,77,668.9263675907551,6.558101643046619,2128,102
1763002837088,1763002837167,79,668.9263675907551,6.558101643046619,2129,102
1763002837120,1763002837199,79,668.9263675907551,6.558101643046619,2130,102
1763002837152,1763002837230,78,668.9263675907551,6.558101643046619,2131,102
1763002837184,1763002837263,79,668.9263675907551,6.558101643046619,2132,102
1763002837215,1763002837293,78,657.2564622346504,6.443690806222063,2133,102
1763002837248,1763002837325,77,657.2564622346504,6.443690806222063,2134,102
1763002837278,1763002837357,79,657.2564622346504,6.443690806222063,2135,102
1763002837310,1763002837389,79,657.2564622346504,6.443690806222063,2136,102
1763002837342,1763002837421,79,657.2564622346504,6.443690806222063,2137,102
1763002837373,1763002837451,78,657.2564622346504,6.443690806222063,2138,102
1763002837406,1763002837483,77,657.2564622346504,6.443690806222063,2139,102
1763002837436,1763002837514,78,668.8888874765471,6.557734190946539,2140,102
1763002837467,1763002837545,78,668.8888874765471,6.557734190946539,2141,102
1763002837499,1763002837575,76,668.8888874765471,6.557734190946539,2142,102
1763002837529,1763002837607,78,668.8888874765471,6.557734190946539,2143,102
1763002837560,1763002837638,78,668.8888874765471,6.557734190946539,2144,102
1763002837592,1763002837669,77,668.8888874765471,6.557734190946539,2145,102
1763002837623,1763002837700,77,657.3973322062845,6.445071884375339,2146,102
1763002837654,1763002837732,78,657.3973322062845,6.445071884375339,2147,102
1763002837686,1763002837763,77,657.3973322062845,6.445071884375339,2148,102
1763002837717,1763002837795,78,657.3973322062845,6.445071884375339,2149,102
1763002837748,1763002837826,78,657.3973322062845,6.445071884375339,2150,102
1763002837779,1763002837858,79,657.3973322062845,6.445071884375339,2151,102
1763002837811,1763002837890,79,657.3973322062845,6.445071884375339,2152,102
1763002837843,1763002837922,79,669.05748177179,6.559387076194019,2153,102
1763002837875,1763002837954,79,669.05748177179,6.559387076194019,2154,102
1763002837907,1763002837986,79,669.05748177179,6.559387076194019,2155,102
1763002837939,1763002838018,79,669.05748177179,6.559387076194019,2156,102
1763002837971,1763002838050,79,669.05748177179,6.559387076194019,2157,102
1763002838003,1763002838082,79,669.05748177179,6.559387076194019,2158,102
1763002838035,1763002838114,79,657.1895255632577,6.4430345643456635,2159,102
1763002838068,1763002838146,78,657.1895255632577,6.4430345643456635,2160,102
1763002838099,1763002838178,79,657.1895255632577,6.4430345643456635,2161,102
1763002838131,1763002838209,78,657.1895255632577,6.4430345643456635,2162,102
1763002838163,1763002838241,78,657.1895255632577,6.4430345643456635,2163,102
1763002838194,1763002838272,78,657.1895255632577,6.4430345643456635,2164,102
1763002838226,1763002838304,78,657.1895255632577,6.4430345643456635,2165,102
1763002838257,1763002838336,79,668.8924832972266,6.557769444090456,2166,102
1763002838289,1763002838368,79,668.8924832972266,6.557769444090456,2167,102
1763002838321,1763002838399,78,668.8924832972266,6.557769444090456,2168,102
1763002838353,1763002838431,78,668.8924832972266,6.557769444090456,2169,102
1763002838384,1763002838461,77,668.8924832972266,6.557769444090456,2170,102
1763002838416,1763002838492,76,668.8924832972266,6.557769444090456,2171,102
1763002838446,1763002838524,78,657.2864167045924,6.443984477496003,2172,102
1763002838477,1763002838555,78,657.2864167045924,6.443984477496003,2173,102
1763002838510,1763002838587,77,657.2864167045924,6.443984477496003,2174,102
1763002838540,1763002838618,78,657.2864167045924,6.443984477496003,2175,102
1763002838572,1763002838649,77,657.2864167045924,6.443984477496003,2176,102
1763002838603,1763002838680,77,657.2864167045924,6.443984477496003,2177,102
1763002838634,1763002838715,81,657.2864167045924,6.443984477496003,2178,102
1763002838665,1763002838744,79,668.8559876968555,6.557411644086819,2179,102
1763002838697,1763002838776,79,668.8559876968555,6.557411644086819,2180,102
1763002838729,1763002838806,77,668.8559876968555,6.557411644086819,2181,102
1763002838760,1763002838837,77,668.8559876968555,6.557411644086819,2182,102
1763002838791,1763002838869,78,668.8559876968555,6.557411644086819,2183,102
1763002838822,1763002838900,78,668.8559876968555,6.557411644086819,2184,102
1763002838854,1763002838931,77,657.3142221943939,6.444257080337194,2185,102
1763002838885,1763002838962,77,657.3142221943939,6.444257080337194,2186,102
1763002838916,1763002838995,79,657.3142221943939,6.444257080337194,2187,102
1763002838948,1763002839025,77,657.3142221943939,6.444257080337194,2188,102
1763002838980,1763002839056,76,657.3142221943939,6.444257080337194,2189,102
1763002839010,1763002839088,78,657.3142221943939,6.444257080337194,2190,102
1763002839041,1763002839120,79,657.3142221943939,6.444257080337194,2191,102
1763002839073,1763002839151,78,668.8781208667375,6.557628635948406,2192,102
1763002839105,1763002839182,77,668.8781208667375,6.557628635948406,2193,102
1763002839136,1763002839214,78,668.8781208667375,6.557628635948406,2194,102
1763002839167,1763002839246,79,668.8781208667375,6.557628635948406,2195,102
1763002839199,1763002839278,79,668.8781208667375,6.557628635948406,2196,102
1763002839231,1763002839310,79,668.8781208667375,6.557628635948406,2197,102
1763002839263,1763002839342,79,657.1043498473229,6.442199508307086,2198,102
1763002839295,1763002839373,78,657.1043498473229,6.442199508307086,2199,102
1763002839327,1763002839404,77,657.1043498473229,6.442199508307086,2200,102
1763002839358,1763002839435,77,657.1043498473229,6.442199508307086,2201,102
1763002839390,1763002839466,76,657.1043498473229,6.442199508307086,2202,102
1763002839420,1763002839497,77,657.1043498473229,6.442199508307086,2203,102
1763002839451,1763002839527,76,657.1043498473229,6.442199508307086,2204,102
1763002839482,1763002839559,77,668.5403755280109,6.554317407137361,2205,102
1763002839512,1763002839590,78,668.5403755280109,6.554317407137361,2206,102
1763002839544,1763002839622,78,668.5403755280109,6.554317407137361,2207,102
1763002839575,1763002839653,78,668.5403755280109,6.554317407137361,2208,102
1763002839607,1763002839685,78,668.5403755280109,6.554317407137361,2209,102
1763002839638,1763002839715,77,668.5403755280109,6.554317407137361,2210,102
1763002839670,1763002839747,77,657.0626792958248,6.441790973488477,2211,102
1763002839700,1763002839777,77,657.0626792958248,6.441790973488477,2212,102
1763002839731,1763002839809,78,657.0626792958248,6.441790973488477,2213,102
1763002839762,1763002839841,79,657.0626792958248,6.441790973488477,2214,102
1763002839794,1763002839871,77,657.0626792958248,6.441790973488477,2215,102
1763002839825,1763002839903,78,657.0626792958248,6.441790973488477,2216,102
1763002839856,1763002839934,78,657.0626792958248,6.441790973488477,2217,102
1763002839888,1763002839965,77,668.6778927194765,6.555665614896827,2218,102
1763002839919,1763002839997,78,668.6778927194765,6.555665614896827,2219,102
1763002839950,1763002840028,78,668.6778927194765,6.555665614896827,2220,102
1763002839982,1763002840060,78,668.6778927194765,6.555665614896827,2221,102
1763002840013,1763002840091,78,668.6778927194765,6.555665614896827,2222,102
1763002840045,1763002840123,78,668.6778927194765,6.555665614896827,2223,102
1763002840076,1763002840153,77,657.1722804974228,6.4428654950727715,2224,102
1763002840108,1763002840185,77,657.1722804974228,6.4428654950727715,2225,102
1763002840138,1763002840217,79,657.1722804974228,6.4428654950727715,2226,102
1763002840170,1763002840248,78,657.1722804974228,6.4428654950727715,2227,102
1763002840202,1763002840279,77,657.1722804974228,6.4428654950727715,2228,102
1763002840233,1763002840311,78,657.1722804974228,6.4428654950727715,2229,102
1763002840264,1763002840345,81,657.1722804974228,6.4428654950727715,2230,102
1763002840296,1763002840375,79,668.8787907149537,6.557635203087781,2231,102
1763002840328,1763002840407,79,668.8787907149537,6.557635203087781,2232,102
1763002840360,1763002840438,78,668.8787907149537,6.557635203087781,2233,102
1763002840392,1763002840469,77,668.8787907149537,6.557635203087781,2234,102
1763002840423,1763002840500,77,668.8787907149537,6.557635203087781,2235,102
1763002840454,1763002840532,78,668.8787907149537,6.557635203087781,2236,102
1763002840485,1763002840563,78,657.2755174091031,6.443877621657873,2237,102
1763002840517,1763002840594,77,657.2755174091031,6.443877621657873,2238,102
1763002840548,1763002840626,78,657.2755174091031,6.443877621657873,2239,102
1763002840579,1763002840658,79,657.2755174091031,6.443877621657873,2240,102
1763002840611,1763002840689,78,657.2755174091031,6.443877621657873,2241,102
1763002840643,1763002840721,78,657.2755174091031,6.443877621657873,2242,102
1763002840674,1763002840751,77,657.2755174091031,6.443877621657873,2243,102
1763002840705,1763002840783,78,668.8473118576461,6.557326586839667,2244,102
1763002840736,1763002840814,78,668.8473118576461,6.557326586839667,2245,102
1763002840768,1763002840846,78,668.8473118576461,6.557326586839667,2246,102
1763002840799,1763002840878,79,668.8473118576461,6.557326586839667,2247,102
1763002840830,1763002840910,80,668.8473118576461,6.557326586839667,2248,102
1763002840863,1763002840941,78,668.8473118576461,6.557326586839667,2249,102
1763002840895,1763002840973,78,657.1936129268287,6.443074636537536,2250,102
1763002840926,1763002841004,78,657.1936129268287,6.443074636537536,2251,102
1763002840958,1763002841035,77,657.1936129268287,6.443074636537536,2252,102
1763002840989,1763002841066,77,657.1936129268287,6.443074636537536,2253,102
1763002841020,1763002841098,78,657.1936129268287,6.443074636537536,2254,102
1763002841051,1763002841129,78,657.1936129268287,6.443074636537536,2255,102
1763002841083,1763002841160,77,657.1936129268287,6.443074636537536,2256,102
1763002841114,1763002841192,78,668.7821158897556,6.556687410683878,2257,102
1763002841145,1763002841223,78,668.7821158897556,6.556687410683878,2258,102
1763002841177,1763002841255,78,668.7821158897556,6.556687410683878,2259,102
1763002841208,1763002841285,77,668.7821158897556,6.556687410683878,2260,102
1763002841240,1763002841317,77,668.7821158897556,6.556687410683878,2261,102
1763002841270,1763002841350,80,668.7821158897556,6.556687410683878,2262,102
1763002841302,1763002841381,79,657.1417821323557,6.442566491493683,2263,102
1763002841334,1763002841413,79,657.1417821323557,6.442566491493683,2264,102
1763002841366,1763002841445,79,657.1417821323557,6.442566491493683,2265,102
1763002841398,1763002841477,79,657.1417821323557,6.442566491493683,2266,102
1763002841430,1763002841509,79,657.1417821323557,6.442566491493683,2267,102
1763002841462,1763002841541,79,657.1417821323557,6.442566491493683,2268,102
1763002841494,1763002841573,79,657.1417821323557,6.442566491493683,2269,102
1763002841526,1763002841605,79,668.9682914488258,6.558512661262998,2270,102
1763002841558,1763002841637,79,668.9682914488258,6.558512661262998,2271,102
1763002841590,1763002841669,79,668.9682914488258,6.558512661262998,2272,102
1763002841622,1763002841701,79,668.9682914488258,6.558512661262998,2273,102
1763002841654,1763002841733,79,668.9682914488258,6.558512661262998,2274,102
1763002841686,1763002841765,79,668.9682914488258,6.558512661262998,2275,102
1763002841718,1763002841797,79,657.11888682747,6.4423420277202945,2276,102
1763002841750,1763002841829,79,657.11888682747,6.4423420277202945,2277,102
1763002841782,1763002841861,79,657.11888682747,6.4423420277202945,2278,102
1763002841814,1763002841893,79,657.11888682747,6.4423420277202945,2279,102
1763002841846,1763002841925,79,657.11888682747,6.4423420277202945,2280,102
1763002841878,1763002841956,78,657.11888682747,6.4423420277202945,2281,102
1763002841910,1763002841987,77,657.11888682747,6.4423420277202945,2282,102
1763002841941,1763002842018,77,668.8363961410112,6.557219570009914,2283,102
1763002841972,1763002842050,78,668.8363961410112,6.557219570009914,2284,102
1763002842003,1763002842081,78,668.8363961410112,6.557219570009914,2285,102
1763002842035,1763002842113,78,668.8363961410112,6.557219570009914,2286,102
1763002842066,1763002842145,79,668.8363961410112,6.557219570009914,2287,102
1763002842098,1763002842177,79,668.8363961410112,6.557219570009914,2288,102
1763002842130,1763002842208,78,657.1849349321038,6.4429895581578815,2289,102
1763002842162,1763002842240,78,657.1849349321038,6.4429895581578815,2290,102
1763002842192,1763002842269,77,657.1849349321038,6.4429895581578815,2291,102
1763002842224,1763002842301,77,657.1849349321038,6.4429895581578815,2292,102
1763002842254,1763002842332,78,657.1849349321038,6.4429895581578815,2293,102
1763002842286,1763002842365,79,657.1849349321038,6.4429895581578815,2294,102
1763002842317,1763002842396,79,657.1849349321038,6.4429895581578815,2295,102
1763002842349,1763002842426,77,668.7183931408867,6.556062677851831,2296,102
1763002842380,1763002842457,77,668.7183931408867,6.556062677851831,2297,102
1763002842412,1763002842489,77,668.7183931408867,6.556062677851831,2298,102
1763002842442,1763002842520,78,668.7183931408867,6.556062677851831,2299,102
1763002842474,1763002842552,78,668.7183931408867,6.556062677851831,2300,102
1763002842505,1763002842583,78,668.7183931408867,6.556062677851831,2301,102
1763002842537,1763002842615,78,657.2045593332867,6.44318195424791,2302,102
1763002842568,1763002842646,78,657.2045593332867,6.44318195424791,2303,102
1763002842600,1763002842677,77,657.2045593332867,6.44318195424791,2304,102
1763002842631,1763002842709,78,657.2045593332867,6.44318195424791,2305,102
1763002842662,1763002842741,79,657.2045593332867,6.44318195424791,2306,102
1763002842694,1763002842771,77,657.2045593332867,6.44318195424791,2307,102
1763002842726,1763002842803,77,657.2045593332867,6.44318195424791,2308,102
1763002842757,1763002842834,77,668.7908292292963,6.556772835581336,2309,102
1763002842788,1763002842865,77,668.7908292292963,6.556772835581336,2310,102
1763002842819,1763002842897,78,668.7908292292963,6.556772835581336,2311,102
1763002842850,1763002842928,78,668.7908292292963,6.556772835581336,2312,102
1763002842882,1763002842960,78,668.7908292292963,6.556772835581336,2313,102
1763002842913,1763002842992,79,668.7908292292963,6.556772835581336,2314,102
1763002842945,1763002843024,79,657.0919184080612,6.442077631451581,2315,102
1763002842977,1763002843055,78,657.0919184080612,6.442077631451581,2316,102
1763002843009,1763002843087,78,657.0919184080612,6.442077631451581,2317,102
1763002843040,1763002843118,78,657.0919184080612,6.442077631451581,2318,102
1763002843072,1763002843149,77,657.0919184080612,6.442077631451581,2319,102
1763002843103,1763002843181,78,657.0919184080612,6.442077631451581,2320,102
1763002843134,1763002843212,78,657.0919184080612,6.442077631451581,2321,102
1763002843166,1763002843244,78,668.7011670528168,6.555893794635459,2322,102
1763002843198,1763002843277,79,668.7011670528168,6.555893794635459,2323,102
1763002843229,1763002843307,78,668.7011670528168,6.555893794635459,2324,102
1763002843261,1763002843340,79,668.7011670528168,6.555893794635459,2325,102
1763002843292,1763002843372,80,668.7011670528168,6.555893794635459,2326,102
1763002843324,1763002843403,79,668.7011670528168,6.555893794635459,2327,102
1763002843356,1763002843435,79,656.9640254728837,6.440823779145919,2328,102
1763002843388,1763002843466,78,656.9640254728837,6.440823779145919,2329,102
1763002843420,1763002843498,78,656.9640254728837,6.440823779145919,2330,102
1763002843451,1763002843530,79,656.9640254728837,6.440823779145919,2331,102
1763002843483,1763002843562,79,656.9640254728837,6.440823779145919,2332,102
1763002843515,1763002843594,79,656.9640254728837,6.440823779145919,2333,102
1763002843547,1763002843626,79,656.9640254728837,6.440823779145919,2334,102
1763002843579,1763002843659,80,668.7704721999968,6.556573256862714,2335,102
1763002843611,1763002843690,79,668.7704721999968,6.556573256862714,2336,102
1763002843643,1763002843722,79,668.7704721999968,6.556573256862714,2337,102
1763002843675,1763002843753,78,668.7704721999968,6.556573256862714,2338,102
1763002843706,1763002843785,79,668.7704721999968,6.556573256862714,2339,102
1763002843738,1763002843817,79,668.7704721999968,6.556573256862714,2340,102
1763002843770,1763002843849,79,657.0189844545974,6.4413625926921325,2341,102
1763002843802,1763002843882,80,657.0189844545974,6.4413625926921325,2342,102
1763002843834,1763002843913,79,657.0189844545974,6.4413625926921325,2343,102
1763002843867,1763002843944,77,657.0189844545974,6.4413625926921325,2344,102
1763002843898,1763002843976,78,657.0189844545974,6.4413625926921325,2345,102
1763002843929,1763002844008,79,657.0189844545974,6.4413625926921325,2346,102
1763002843961,1763002844039,78,657.0189844545974,6.4413625926921325,2347,102
1763002843993,1763002844071,78,668.7570736569504,6.556441898597553,2348,102
1763002844024,1763002844102,78,668.7570736569504,6.556441898597553,2349,102
1763002844056,1763002844133,77,668.7570736569504,6.556441898597553,2350,102
1763002844087,1763002844165,78,668.7570736569504,6.556441898597553,2351,102
1763002844118,1763002844195,77,668.7570736569504,6.556441898597553,2352,102
1763002844150,1763002844226,76,668.7570736569504,6.556441898597553,2353,102
1763002844180,1763002844258,78,657.2921447782464,6.444040635080848,2354,102
1763002844211,1763002844288,77,657.2921447782464,6.444040635080848,2355,102
1763002844243,1763002844320,77,657.2921447782464,6.444040635080848,2356,102
1763002844273,1763002844351,78,657.2921447782464,6.444040635080848,2357,102
1763002844305,1763002844382,77,657.2921447782464,6.444040635080848,2358,102
1763002844336,1763002844412,76,657.2921447782464,6.444040635080848,2359,102
1763002844366,1763002844444,78,657.2921447782464,6.444040635080848,2360,102
1763002844397,1763002844475,78,668.8038393882624,6.556900386159436,2361,102
1763002844429,1763002844508,79,668.8038393882624,6.556900386159436,2362,102
1763002844460,1763002844539,79,668.8038393882624,6.556900386159436,2363,102
1763002844493,1763002844570,77,668.8038393882624,6.556900386159436,2364,102
1763002844524,1763002844602,78,668.8038393882624,6.556900386159436,2365,102
1763002844555,1763002844633,78,668.8038393882624,6.556900386159436,2366,102
1763002844587,1763002844665,78,657.1590523136687,6.442735806996751,2367,102
1763002844618,1763002844697,79,657.1590523136687,6.442735806996751,2368,102
1763002844650,1763002844729,79,657.1590523136687,6.442735806996751,2369,102
1763002844682,1763002844760,78,657.1590523136687,6.442735806996751,2370,102
1763002844713,1763002844791,78,657.1590523136687,6.442735806996751,2371,102
1763002844745,1763002844822,77,657.1590523136687,6.442735806996751,2372,102
1763002844776,1763002844853,77,657.1590523136687,6.442735806996751,2373,102
1763002844807,1763002844884,77,668.6977646939939,6.555860438176411,2374,102
1763002844838,1763002844915,77,668.6977646939939,6.555860438176411,2375,102
1763002844868,1763002844947,79,668.6977646939939,6.555860438176411,2376,102
1763002844900,1763002844978,78,668.6977646939939,6.555860438176411,2377,102
1763002844931,1763002845010,79,668.6977646939939,6.555860438176411,2378,102
1763002844963,1763002845041,78,668.6977646939939,6.555860438176411,2379,102
1763002844995,1763002845073,78,657.0747229317252,6.441909048350246,2380,102
1763002845026,1763002845105,79,657.0747229317252,6.441909048350246,2381,102
1763002845058,1763002845137,79,657.0747229317252,6.441909048350246,2382,102
1763002845090,1763002845169,79,657.0747229317252,6.441909048350246,2383,102
1763002845122,1763002845201,79,657.0747229317252,6.441909048350246,2384,102
1763002845154,1763002845233,79,657.0747229317252,6.441909048350246,2385,102
1763002845186,1763002845265,79,657.0747229317252,6.441909048350246,2386,102
1763002845218,1763002845297,79,668.9151805619264,6.557991966293395,2387,102
1763002845250,1763002845329,79,668.9151805619264,6.557991966293395,2388,102
1763002845282,1763002845361,79,668.9151805619264,6.557991966293395,2389,102
1763002845314,1763002845392,78,668.9151805619264,6.557991966293395,2390,102
1763002845346,1763002845424,78,668.9151805619264,6.557991966293395,2391,102
1763002845378,1763002845456,78,668.9151805619264,6.557991966293395,2392,102
1763002845409,1763002845488,79,657.1337381856076,6.442487629270662,2393,102
1763002845441,1763002845520,79,657.1337381856076,6.442487629270662,2394,102
1763002845473,1763002845552,79,657.1337381856076,6.442487629270662,2395,102
1763002845505,1763002845584,79,657.1337381856076,6.442487629270662,2396,102
1763002845537,1763002845616,79,657.1337381856076,6.442487629270662,2397,102
1763002845569,1763002845648,79,657.1337381856076,6.442487629270662,2398,102
1763002845601,1763002845680,79,657.1337381856076,6.442487629270662,2399,102
1763002845633,1763002845712,79,668.9619206430012,6.558450202382365,2400,102
1763002845665,1763002845743,78,668.9619206430012,6.558450202382365,2401,102
1763002845697,1763002845775,78,668.9619206430012,6.558450202382365,2402,102
1763002845728,1763002845806,78,668.9619206430012,6.558450202382365,2403,102
1763002845760,1763002845837,77,668.9619206430012,6.558450202382365,2404,102
1763002845791,1763002845869,78,668.9619206430012,6.558450202382365,2405,102
1763002845822,1763002845901,79,657.284726911186,6.44396791089398,2406,102
1763002845854,1763002845932,78,657.284726911186,6.44396791089398,2407,102
1763002845885,1763002845963,78,657.284726911186,6.44396791089398,2408,102
1763002845916,1763002845994,78,657.284726911186,6.44396791089398,2409,102
1763002845948,1763002846027,79,657.284726911186,6.44396791089398,2410,102
1763002845979,1763002846057,78,657.284726911186,6.44396791089398,2411,102
1763002846011,1763002846089,78,657.284726911186,6.44396791089398,2412,102
1763002846042,1763002846121,79,668.9113578943928,6.557954489160713,2413,102
1763002846074,1763002846153,79,668.9113578943928,6.557954489160713,2414,102
1763002846106,1763002846184,78,668.9113578943928,6.557954489160713,2415,102
1763002846138,1763002846216,78,668.9113578943928,6.557954489160713,2416,102
1763002846169,1763002846248,79,668.9113578943928,6.557954489160713,2417,102
1763002846201,1763002846280,79,668.9113578943928,6.557954489160713,2418,102
1763002846233,1763002846312,79,657.1876181681479,6.443015864393606,2419,102
1763002846265,1763002846343,78,657.1876181681479,6.443015864393606,2420,102
1763002846297,1763002846375,78,657.1876181681479,6.443015864393606,2421,102
1763002846328,1763002846407,79,657.1876181681479,6.443015864393606,2422,102
1763002846360,1763002846439,79,657.1876181681479,6.443015864393606,2423,102
1763002846392,1763002846470,78,657.1876181681479,6.443015864393606,2424,102
1763002846424,1763002846502,78,657.1876181681479,6.443015864393606,2425,102
1763002846455,1763002846534,79,668.8909688255094,6.5577545963285235,2426,102
1763002846487,1763002846566,79,668.8909688255094,6.5577545963285235,2427,102
1763002846519,1763002846597,78,668.8909688255094,6.5577545963285235,2428,102
1763002846551,1763002846629,78,668.8909688255094,6.5577545963285235,2429,102
1763002846582,1763002846661,79,668.8909688255094,6.5577545963285235,2430,102
1763002846614,1763002846691,77,668.8909688255094,6.5577545963285235,2431,102
1763002846646,1763002846723,77,657.2852111851055,6.443972658677505,2432,102
1763002846676,1763002846755,79,657.2852111851055,6.443972658677505,2433,102
1763002846708,1763002846786,78,657.2852111851055,6.443972658677505,2434,102
1763002846739,1763002846817,78,657.2852111851055,6.443972658677505,2435,102
1763002846771,1763002846847,76,657.2852111851055,6.443972658677505,2436,102
1763002846802,1763002846878,76,657.2852111851055,6.443972658677505,2437,102
1763002846832,1763002846910,78,657.2852111851055,6.443972658677505,2438,102
1763002846863,1763002846942,79,668.855028103344,6.557402236307294,2439,102
1763002846895,1763002846973,78,668.855028103344,6.557402236307294,2440,102
1763002846927,1763002847003,76,668.855028103344,6.557402236307294,2441,102
1763002846958,1763002847036,78,668.855028103344,6.557402236307294,2442,102
1763002846988,1763002847067,79,668.855028103344,6.557402236307294,2443,102
1763002847020,1763002847099,79,668.855028103344,6.557402236307294,2444,102
1763002847052,1763002847130,78,657.2566023702618,6.443692180100606,2445,102
1763002847084,1763002847161,77,657.2566023702618,6.443692180100606,2446,102
1763002847115,1763002847193,78,657.2566023702618,6.443692180100606,2447,102
1763002847146,1763002847224,78,657.2566023702618,6.443692180100606,2448,102
1763002847178,1763002847256,78,657.2566023702618,6.443692180100606,2449,102
1763002847209,1763002847288,79,657.2566023702618,6.443692180100606,2450,102
1763002847241,1763002847320,79,657.2566023702618,6.443692180100606,2451,102
1763002847273,1763002847352,79,668.9457422819879,6.558291590999881,2452,102
1763002847305,1763002847383,78,668.9457422819879,6.558291590999881,2453,102
1763002847337,1763002847417,80,668.9457422819879,6.558291590999881,2454,102
1763002847368,1763002847446,78,668.9457422819879,6.558291590999881,2455,102
1763002847401,1763002847478,77,668.9457422819879,6.558291590999881,2456,102
1763002847431,1763002847509,78,668.9457422819879,6.558291590999881,2457,102
1763002847463,1763002847541,78,657.2718651141804,6.443841814844905,2458,102
1763002847494,1763002847573,79,657.2718651141804,6.443841814844905,2459,102
1763002847526,1763002847605,79,657.2718651141804,6.443841814844905,2460,102
1763002847558,1763002847636,78,657.2718651141804,6.443841814844905,2461,102
1763002847590,1763002847668,78,657.2718651141804,6.443841814844905,2462,102
1763002847621,1763002847699,78,657.2718651141804,6.443841814844905,2463,102
1763002847653,1763002847730,77,657.2718651141804,6.443841814844905,2464,102
1763002847683,1763002847761,78,668.8444046308877,6.557298084616544,2465,102
1763002847715,1763002847792,77,668.8444046308877,6.557298084616544,2466,102
1763002847746,1763002847823,77,668.8444046308877,6.557298084616544,2467,102
1763002847777,1763002847855,78,668.8444046308877,6.557298084616544,2468,102
1763002847808,1763002847887,79,668.8444046308877,6.557298084616544,2469,102
1763002847840,1763002847919,79,668.8444046308877,6.557298084616544,2470,102
1763002847872,1763002847950,78,657.1913016815557,6.443051977270152,2471,102
1763002847903,1763002847981,78,657.1913016815557,6.443051977270152,2472,102
1763002847935,1763002848014,79,657.1913016815557,6.443051977270152,2473,102
1763002847966,1763002848045,79,657.1913016815557,6.443051977270152,2474,102
1763002847997,1763002848075,78,657.1913016815557,6.443051977270152,2475,102
1763002848029,1763002848106,77,657.1913016815557,6.443051977270152,2476,102
1763002848060,1763002848138,78,657.1913016815557,6.443051977270152,2477,102
1763002848091,1763002848169,78,668.7802761385184,6.556669373907042,2478,102
1763002848123,1763002848201,78,668.7802761385184,6.556669373907042,2479,102
1763002848155,1763002848233,78,668.7802761385184,6.556669373907042,2480,102
1763002848186,1763002848264,78,668.7802761385184,6.556669373907042,2481,102
1763002848218,1763002848295,77,668.7802761385184,6.556669373907042,2482,102
1763002848249,1763002848327,78,668.7802761385184,6.556669373907042,2483,102
1763002848280,1763002848358,78,657.1970998062607,6.443108821630005,2484,102
1763002848312,1763002848391,79,657.1970998062607,6.443108821630005,2485,102
1763002848343,1763002848422,79,657.1970998062607,6.443108821630005,2486,102
1763002848376,1763002848454,78,657.1970998062607,6.443108821630005,2487,102
1763002848407,1763002848485,78,657.1970998062607,6.443108821630005,2488,102
1763002848439,1763002848517,78,657.1970998062607,6.443108821630005,2489,102
1763002848470,1763002848548,78,657.1970998062607,6.443108821630005,2490,102
1763002848501,1763002848580,79,668.9553001463647,6.558385295552594,2491,102
1763002848533,1763002848613,80,668.9553001463647,6.558385295552594,2492,102
1763002848565,1763002848655,90,668.9553001463647,6.558385295552594,2493,102
1763002848597,1763002848677,80,668.9553001463647,6.558385295552594,2494,102
1763002848631,1763002848708,77,668.9553001463647,6.558385295552594,2495,102
1763002848661,1763002848741,80,668.9553001463647,6.558385295552594,2496,102
1763002848694,1763002848773,79,657.1085977159208,6.442241154077655,2497,102
1763002848725,1763002848804,79,657.1085977159208,6.442241154077655,2498,102
1763002848757,1763002848836,79,657.1085977159208,6.442241154077655,2499,102
1763002848789,1763002848868,79,657.1085977159208,6.442241154077655,2500,102
1763002848821,1763002848900,79,657.1085977159208,6.442241154077655,2501,102
1763002848853,1763002848934,81,657.1085977159208,6.442241154077655,2502,102
1763002848885,1763002848964,79,657.1085977159208,6.442241154077655,2503,102
1763002848919,1763002848996,77,668.9420093910093,6.558254994029503,2504,102
1763002848949,1763002849028,79,668.9420093910093,6.558254994029503,2505,102
1763002848981,1763002849060,79,668.9420093910093,6.558254994029503,2506,102
1763002849013,1763002849092,79,668.9420093910093,6.558254994029503,2507,102
1763002849045,1763002849124,79,668.9420093910093,6.558254994029503,2508,102
1763002849077,1763002849156,79,668.9420093910093,6.558254994029503,2509,102
1763002849109,1763002849187,78,657.2119554564614,6.443254465259425,2510,102
1763002849141,1763002849219,78,657.2119554564614,6.443254465259425,2511,102
1763002849172,1763002849250,78,657.2119554564614,6.443254465259425,2512,102
1763002849203,1763002849282,79,657.2119554564614,6.443254465259425,2513,102
1763002849235,1763002849312,77,657.2119554564614,6.443254465259425,2514,102
1763002849267,1763002849344,77,657.2119554564614,6.443254465259425,2515,102
1763002849297,1763002849375,78,657.2119554564614,6.443254465259425,2516,102
1763002849329,1763002849407,78,668.8535045878868,6.557387299881243,2517,102
1763002849360,1763002849439,79,668.8535045878868,6.557387299881243,2518,102
1763002849392,1763002849469,77,668.8535045878868,6.557387299881243,2519,102
1763002849423,1763002849500,77,668.8535045878868,6.557387299881243,2520,102
1763002849454,1763002849532,78,668.8535045878868,6.557387299881243,2521,102
1763002849485,1763002849562,77,668.8535045878868,6.557387299881243,2522,102
1763002849517,1763002849594,77,657.4259501657216,6.445352452605113,2523,102
1763002849547,1763002849624,77,657.4259501657216,6.445352452605113,2524,102
1763002849579,1763002849656,77,657.4259501657216,6.445352452605113,2525,102
1763002849609,1763002849688,79,657.4259501657216,6.445352452605113,2526,102
1763002849641,1763002849718,77,657.4259501657216,6.445352452605113,2527,102
1763002849673,1763002849750,77,657.4259501657216,6.445352452605113,2528,102
1763002849703,1763002849782,79,657.4259501657216,6.445352452605113,2529,102
1763002849734,1763002849812,78,668.9104822820801,6.557945904726275,2530,102
1763002849766,1763002849843,77,668.9104822820801,6.557945904726275,2531,102
1763002849797,1763002849875,78,668.9104822820801,6.557945904726275,2532,102
1763002849828,1763002849906,78,668.9104822820801,6.557945904726275,2533,102
1763002849860,1763002849937,77,668.9104822820801,6.557945904726275,2534,102
1763002849891,1763002849969,78,668.9104822820801,6.557945904726275,2535,102
1763002849922,1763002850000,78,657.3007438965358,6.444124940162115,2536,102
1763002849954,1763002850032,78,657.3007438965358,6.444124940162115,2537,102
1763002849986,1763002850063,77,657.3007438965358,6.444124940162115,2538,102
1763002850017,1763002850095,78,657.3007438965358,6.444124940162115,2539,102
1763002850048,1763002850126,78,657.3007438965358,6.444124940162115,2540,102
1763002850080,1763002850158,78,657.3007438965358,6.444124940162115,2541,102
1763002850111,1763002850190,79,657.3007438965358,6.444124940162115,2542,102
1763002850143,1763002850221,78,668.924091397746,6.5580793274288816,2543,102
1763002850175,1763002850252,77,668.924091397746,6.5580793274288816,2544,102
1763002850206,1763002850284,78,668.924091397746,6.5580793274288816,2545,102
1763002850237,1763002850328,91,668.924091397746,6.5580793274288816,2546,102
1763002850269,1763002850347,78,668.924091397746,6.5580793274288816,2547,102
1763002850302,1763002850378,76,668.924091397746,6.5580793274288816,2548,102
1763002850332,1763002850410,78,657.2546526612081,6.443673065305961,2549,102
1763002850363,1763002850442,79,657.2546526612081,6.443673065305961,2550,102
1763002850395,1763002850473,78,657.2546526612081,6.443673065305961,2551,102
1763002850427,1763002850505,78,657.2546526612081,6.443673065305961,2552,102
1763002850459,1763002850538,79,657.2546526612081,6.443673065305961,2553,102
1763002850490,1763002850568,78,657.2546526612081,6.443673065305961,2554,102
1763002850523,1763002850599,76,657.2546526612081,6.443673065305961,2555,102
1763002850553,1763002850631,78,668.8874488656604,6.5577200869182395,2556,102
1763002850584,1763002850663,79,668.8874488656604,6.5577200869182395,2557,102
1763002850616,1763002850695,79,668.8874488656604,6.5577200869182395,2558,102
1763002850648,1763002850726,78,668.8874488656604,6.5577200869182395,2559,102
1763002850680,1763002850758,78,668.8874488656604,6.5577200869182395,2560,102
1763002850711,1763002850790,79,668.8874488656604,6.5577200869182395,2561,102
1763002850743,1763002850821,78,657.1686343993343,6.442829749013082,2562,102
1763002850775,1763002850852,77,657.1686343993343,6.442829749013082,2563,102
1763002850806,1763002850884,78,657.1686343993343,6.442829749013082,2564,102
1763002850837,1763002850916,79,657.1686343993343,6.442829749013082,2565,102
1763002850869,1763002850946,77,657.1686343993343,6.442829749013082,2566,102
1763002850901,1763002850978,77,657.1686343993343,6.442829749013082,2567,102
1763002850931,1763002851009,78,657.1686343993343,6.442829749013082,2568,102
1763002850963,1763002851040,77,668.7054016162695,6.555935309963426,2569,102
1763002850994,1763002851071,77,668.7054016162695,6.555935309963426,2570,102
1763002851025,1763002851103,78,668.7054016162695,6.555935309963426,2571,102
1763002851057,1763002851134,77,668.7054016162695,6.555935309963426,2572,102
1763002851088,1763002851166,78,668.7054016162695,6.555935309963426,2573,102
1763002851119,1763002851197,78,668.7054016162695,6.555935309963426,2574,102
1763002851151,1763002851228,77,657.1374996865505,6.442524506730887,2575,102
1763002851182,1763002851260,78,657.1374996865505,6.442524506730887,2576,102
1763002851213,1763002851291,78,657.1374996865505,6.442524506730887,2577,102
1763002851245,1763002851323,78,657.1374996865505,6.442524506730887,2578,102
1763002851276,1763002851355,79,657.1374996865505,6.442524506730887,2579,102
1763002851308,1763002851387,79,657.1374996865505,6.442524506730887,2580,102
1763002851340,1763002851418,78,657.1374996865505,6.442524506730887,2581,102
1763002851371,1763002851450,79,668.8511747511211,6.557364458344324,2582,102
1763002851403,1763002851481,78,668.8511747511211,6.557364458344324,2583,102
1763002851434,1763002851512,78,668.8511747511211,6.557364458344324,2584,102
1763002851466,1763002851544,78,668.8511747511211,6.557364458344324,2585,102
1763002851498,1763002851576,78,668.8511747511211,6.557364458344324,2586,102
1763002851529,1763002851606,77,668.8511747511211,6.557364458344324,2587,102
1763002851561,1763002851638,77,657.2535351018925,6.443662108842082,2588,102
1763002851591,1763002851669,78,657.2535351018925,6.443662108842082,2589,102
1763002851623,1763002851700,77,657.2535351018925,6.443662108842082,2590,102
1763002851655,1763002851732,77,657.2535351018925,6.443662108842082,2591,102
1763002851685,1763002851764,79,657.2535351018925,6.443662108842082,2592,102
1763002851717,1763002851795,78,657.2535351018925,6.443662108842082,2593,102
1763002851749,1763002851827,78,657.2535351018925,6.443662108842082,2594,102
1763002851780,1763002851859,79,668.8865604060045,6.557711376529455,2595,102
1763002851812,1763002851890,78,668.8865604060045,6.557711376529455,2596,102
1763002851844,1763002851922,78,668.8865604060045,6.557711376529455,2597,102
1763002851875,1763002851954,79,668.8865604060045,6.557711376529455,2598,102
1763002851907,1763002851986,79,668.8865604060045,6.557711376529455,2599,102
1763002851939,1763002852016,77,668.8865604060045,6.557711376529455,2600,102
1763002851971,1763002852048,77,657.2817020831795,6.4439382557174465,2601,102
1763002852001,1763002852079,78,657.2817020831795,6.4439382557174465,2602,102
1763002852033,1763002852111,78,657.2817020831795,6.4439382557174465,2603,102
1763002852063,1763002852142,79,657.2817020831795,6.4439382557174465,2604,102
1763002852096,1763002852173,77,657.2817020831795,6.4439382557174465,2605,102
1763002852127,1763002852205,78,657.2817020831795,6.4439382557174465,2606,102
1763002852158,1763002852238,80,657.2817020831795,6.4439382557174465,2607,102
1763002852190,1763002852269,79,669.0223897519613,6.559043036783935,2608,102
1763002852222,1763002852300,78,669.0223897519613,6.559043036783935,2609,102
1763002852254,1763002852332,78,669.0223897519613,6.559043036783935,2610,102
1763002852285,1763002852364,79,669.0223897519613,6.559043036783935,2611,102
1763002852317,1763002852396,79,669.0223897519613,6.559043036783935,2612,102
1763002852349,1763002852430,81,669.0223897519613,6.559043036783935,2613,102
1763002852381,1763002852461,80,657.2187550733054,6.443321128169661,2614,102
1763002852415,1763002852492,77,657.2187550733054,6.443321128169661,2615,102
1763002852445,1763002852525,80,657.2187550733054,6.443321128169661,2616,102
1763002852477,1763002852556,79,657.2187550733054,6.443321128169661,2617,102
1763002852510,1763002852588,78,657.2187550733054,6.443321128169661,2618,102
1763002852541,1763002852620,79,657.2187550733054,6.443321128169661,2619,102
1763002852573,1763002852652,79,657.2187550733054,6.443321128169661,2620,102
1763002852605,1763002852684,79,669.0292540180578,6.559110333510371,2621,102
1763002852637,1763002852716,79,669.0292540180578,6.559110333510371,2622,102
1763002852669,1763002852749,80,669.0292540180578,6.559110333510371,2623,102
1763002852701,1763002852781,80,669.0292540180578,6.559110333510371,2624,102
1763002852734,1763002852812,78,669.0292540180578,6.559110333510371,2625,102
1763002852766,1763002852845,79,669.0292540180578,6.559110333510371,2626,102
1763002852797,1763002852876,79,657.2241984363199,6.443374494473724,2627,102
1763002852830,1763002852908,78,657.2241984363199,6.443374494473724,2628,102
1763002852861,1763002852940,79,657.2241984363199,6.443374494473724,2629,102
1763002852893,1763002852972,79,657.2241984363199,6.443374494473724,2630,102
1763002852926,1763002853004,78,657.2241984363199,6.443374494473724,2631,102
1763002852957,1763002853036,79,657.2241984363199,6.443374494473724,2632,102
1763002852989,1763002853068,79,657.2241984363199,6.443374494473724,2633,102
1763002853021,1763002853100,79,669.090340963129,6.5597092251287155,2634,102
1763002853053,1763002853133,80,669.090340963129,6.5597092251287155,2635,102
1763002853085,1763002853164,79,669.090340963129,6.5597092251287155,2636,102
1763002853117,1763002853195,78,669.090340963129,6.5597092251287155,2637,102
1763002853149,1763002853227,78,669.090340963129,6.5597092251287155,2638,102
1763002853180,1763002853257,77,669.090340963129,6.5597092251287155,2639,102
1763002853212,1763002853290,78,657.3868210656876,6.444968833977329,2640,102
1763002853242,1763002853321,79,657.3868210656876,6.444968833977329,2641,102
1763002853274,1763002853352,78,657.3868210656876,6.444968833977329,2642,102
1763002853306,1763002853383,77,657.3868210656876,6.444968833977329,2643,102
1763002853337,1763002853415,78,657.3868210656876,6.444968833977329,2644,102
1763002853368,1763002853446,78,657.3868210656876,6.444968833977329,2645,102
1763002853400,1763002853479,79,657.3868210656876,6.444968833977329,2646,102
1763002853431,1763002853511,80,668.9925227472216,6.558750223011977,2647,102
1763002853463,1763002853541,78,668.9925227472216,6.558750223011977,2648,102
1763002853495,1763002853573,78,668.9925227472216,6.558750223011977,2649,102
1763002853526,1763002853605,79,668.9925227472216,6.558750223011977,2650,102
1763002853558,1763002853637,79,668.9925227472216,6.558750223011977,2651,102
1763002853590,1763002853669,79,668.9925227472216,6.558750223011977,2652,102
1763002853622,1763002853701,79,657.2520630612939,6.443647677071509,2653,102
1763002853654,1763002853732,78,657.2520630612939,6.443647677071509,2654,102
1763002853686,1763002853763,77,657.2520630612939,6.443647677071509,2655,102
1763002853717,1763002853795,78,657.2520630612939,6.443647677071509,2656,102
1763002853748,1763002853827,79,657.2520630612939,6.443647677071509,2657,102
1763002853780,1763002853859,79,657.2520630612939,6.443647677071509,2658,102
1763002853812,1763002853889,77,657.2520630612939,6.443647677071509,2659,102
1763002853843,1763002853921,78,668.8286421967899,6.557143550948921,2660,102
1763002853875,1763002853953,78,668.8286421967899,6.557143550948921,2661,102
1763002853906,1763002853985,79,668.8286421967899,6.557143550948921,2662,102
1763002853938,1763002854017,79,668.8286421967899,6.557143550948921,2663,102
1763002853970,1763002854049,79,668.8286421967899,6.557143550948921,2664,102
1763002854002,1763002854080,78,668.8286421967899,6.557143550948921,2665,102
1763002854034,1763002854111,77,657.1219419042512,6.442371979453443,2666,102
1763002854064,1763002854144,80,657.1219419042512,6.442371979453443,2667,102
1763002854097,1763002854175,78,657.1219419042512,6.442371979453443,2668,102
1763002854129,1763002854207,78,657.1219419042512,6.442371979453443,2669,102
1763002854160,1763002854238,78,657.1219419042512,6.442371979453443,2670,102
1763002854192,1763002854270,78,657.1219419042512,6.442371979453443,2671,102
1763002854223,1763002854301,78,657.1219419042512,6.442371979453443,2672,102
1763002854255,1763002854333,78,668.8388218719755,6.557243351686034,2673,102
1763002854286,1763002854364,78,668.8388218719755,6.557243351686034,2674,102
1763002854318,1763002854395,77,668.8388218719755,6.557243351686034,2675,102
1763002854349,1763002854426,77,668.8388218719755,6.557243351686034,2676,102
1763002854380,1763002854457,77,668.8388218719755,6.557243351686034,2677,102
1763002854411,1763002854488,77,668.8388218719755,6.557243351686034,2678,102
1763002854442,1763002854520,78,657.3005410319645,6.444122951293769,2679,102
1763002854473,1763002854552,79,657.3005410319645,6.444122951293769,2680,102
1763002854505,1763002854583,78,657.3005410319645,6.444122951293769,2681,102
1763002854537,1763002854615,78,657.3005410319645,6.444122951293769,2682,102
1763002854568,1763002854647,79,657.3005410319645,6.444122951293769,2683,102
1763002854600,1763002854678,78,657.3005410319645,6.444122951293769,2684,102
1763002854632,1763002854709,77,657.3005410319645,6.444122951293769,2685,102
1763002854663,1763002854741,78,668.9806295793798,6.558633623327252,2686,102
1763002854694,1763002854773,79,668.9806295793798,6.558633623327252,2687,102
1763002854726,1763002854804,78,668.9806295793798,6.558633623327252,2688,102
1763002854758,1763002854836,78,668.9806295793798,6.558633623327252,2689,102
1763002854790,1763002854867,77,668.9806295793798,6.558633623327252,2690,102
1763002854821,1763002854899,78,668.9806295793798,6.558633623327252,2691,102
1763002854852,1763002854931,79,657.3565811451863,6.444672364168493,2692,102
1763002854884,1763002854961,77,657.3565811451863,6.444672364168493,2693,102
1763002854916,1763002854993,77,657.3565811451863,6.444672364168493,2694,102
1763002854946,1763002855025,79,657.3565811451863,6.444672364168493,2695,102
1763002854978,1763002855057,79,657.3565811451863,6.444672364168493,2696,102
1763002855010,1763002855088,78,657.3565811451863,6.444672364168493,2697,102
1763002855041,1763002855122,81,657.3565811451863,6.444672364168493,2698,102
1763002855072,1763002855150,78,668.9684820104231,6.558514529513952,2699,102
1763002855103,1763002855181,78,668.9684820104231,6.558514529513952,2700,102
1763002855135,1763002855213,78,668.9684820104231,6.558514529513952,2701,102
1763002855166,1763002855245,79,668.9684820104231,6.558514529513952,2702,102
1763002855198,1763002855277,79,668.9684820104231,6.558514529513952,2703,102
1763002855230,1763002855308,78,668.9684820104231,6.558514529513952,2704,102
1763002855262,1763002855339,77,657.3469116802968,6.444577565493106,2705,102
1763002855293,1763002855370,77,657.3469116802968,6.444577565493106,2706,102
1763002855324,1763002855400,76,657.3469116802968,6.444577565493106,2707,102
1763002855355,1763002855432,77,657.3469116802968,6.444577565493106,2708,102
1763002855385,1763002855463,78,657.3469116802968,6.444577565493106,2709,102
1763002855417,1763002855494,77,657.3469116802968,6.444577565493106,2710,102
1763002855448,1763002855525,77,657.3469116802968,6.444577565493106,2711,102
1763002855479,1763002855557,78,668.7908355208768,6.556772897263499,2712,102
1763002855510,1763002855588,78,668.7908355208768,6.556772897263499,2713,102
1763002855542,1763002855620,78,668.7908355208768,6.556772897263499,2714,102
1763002855573,1763002855651,78,668.7908355208768,6.556772897263499,2715,102
1763002855605,1763002855683,78,668.7908355208768,6.556772897263499,2716,102
1763002855636,1763002855716,80,668.7908355208768,6.556772897263499,2717,102
1763002855668,1763002855748,80,657.0351325680554,6.441520907529954,2718,102
1763002855701,1763002855779,78,657.0351325680554,6.441520907529954,2719,102
1763002855733,1763002855811,78,657.0351325680554,6.441520907529954,2720,102
1763002855764,1763002855844,80,657.0351325680554,6.441520907529954,2721,102
1763002855796,1763002855875,79,657.0351325680554,6.441520907529954,2722,102
1763002855828,1763002855907,79,657.0351325680554,6.441520907529954,2723,102
1763002855860,1763002855940,80,657.0351325680554,6.441520907529954,2724,102
1763002855892,1763002855976,84,668.8838249938998,6.557684558763723,2725,102
1763002855925,1763002856004,79,668.8838249938998,6.557684558763723,2726,102
1763002855957,1763002856037,80,668.8838249938998,6.557684558763723,2727,102
1763002855988,1763002856068,80,668.8838249938998,6.557684558763723,2728,102
1763002856021,1763002856100,79,668.8838249938998,6.557684558763723,2729,102
1763002856053,1763002856131,78,668.8838249938998,6.557684558763723,2730,102
1763002856085,1763002856163,78,657.1088732201625,6.442243855099632,2731,102
1763002856116,1763002856195,79,657.1088732201625,6.442243855099632,2732,102
1763002856149,1763002856228,79,657.1088732201625,6.442243855099632,2733,102
1763002856180,1763002856258,78,657.1088732201625,6.442243855099632,2734,102
1763002856212,1763002856290,78,657.1088732201625,6.442243855099632,2735,102
1763002856243,1763002856321,78,657.1088732201625,6.442243855099632,2736,102
1763002856275,1763002856351,76,657.1088732201625,6.442243855099632,2737,102
1763002856306,1763002856383,77,668.7146630832494,6.5560261086593075,2738,102
1763002856336,1763002856414,78,668.7146630832494,6.5560261086593075,2739,102
1763002856368,1763002856446,78,668.7146630832494,6.5560261086593075,2740,102
1763002856399,1763002856477,78,668.7146630832494,6.5560261086593075,2741,102
1763002856431,1763002856509,78,668.7146630832494,6.5560261086593075,2742,102
1763002856462,1763002856540,78,668.7146630832494,6.5560261086593075,2743,102
1763002856494,1763002856572,78,657.0881571511833,6.4420407563841495,2744,102
1763002856525,1763002856603,78,657.0881571511833,6.4420407563841495,2745,102
1763002856557,1763002856635,78,657.0881571511833,6.4420407563841495,2746,102
1763002856588,1763002856667,79,657.0881571511833,6.4420407563841495,2747,102
1763002856620,1763002856700,80,657.0881571511833,6.4420407563841495,2748,102
1763002856652,1763002856731,79,657.0881571511833,6.4420407563841495,2749,102
1763002856685,1763002856763,78,657.0881571511833,6.4420407563841495,2750,102
1763002856716,1763002856794,78,668.8119967780395,6.556980360569015,2751,102
1763002856747,1763002856825,78,668.8119967780395,6.556980360569015,2752,102
1763002856779,1763002856857,78,668.8119967780395,6.556980360569015,2753,102
1763002856810,1763002856889,79,668.8119967780395,6.556980360569015,2754,102
1763002856842,1763002856921,79,668.8119967780395,6.556980360569015,2755,102
1763002856874,1763002856953,79,668.8119967780395,6.556980360569015,2756,102
1763002856906,1763002856985,79,657.0519134449853,6.441685425931229,2757,102
1763002856938,1763002857017,79,657.0519134449853,6.441685425931229,2758,102
1763002856970,1763002857048,78,657.0519134449853,6.441685425931229,2759,102
1763002857002,1763002857080,78,657.0519134449853,6.441685425931229,2760,102
1763002857033,1763002857112,79,657.0519134449853,6.441685425931229,2761,102
1763002857065,1763002857144,79,657.0519134449853,6.441685425931229,2762,102
1763002857097,1763002857176,79,657.0519134449853,6.441685425931229,2763,102
1763002857129,1763002857208,79,668.8401673618733,6.557256542763464,2764,102
1763002857161,1763002857240,79,668.8401673618733,6.557256542763464,2765,102
1763002857193,1763002857272,79,668.8401673618733,6.557256542763464,2766,102
1763002857225,1763002857303,78,668.8401673618733,6.557256542763464,2767,102
1763002857256,1763002857335,79,668.8401673618733,6.557256542763464,2768,102
1763002857288,1763002857366,78,668.8401673618733,6.557256542763464,2769,102
1763002857320,1763002857398,78,657.1310928853275,6.442461694954191,2770,102
1763002857351,1763002857430,79,657.1310928853275,6.442461694954191,2771,102
1763002857383,1763002857461,78,657.1310928853275,6.442461694954191,2772,102
1763002857415,1763002857492,77,657.1310928853275,6.442461694954191,2773,102
1763002857446,1763002857524,78,657.1310928853275,6.442461694954191,2774,102
1763002857477,1763002857555,78,657.1310928853275,6.442461694954191,2775,102
1763002857509,1763002857586,77,657.1310928853275,6.442461694954191,2776,102
1763002857540,1763002857618,78,668.7323499367207,6.556199509183536,2777,102
1763002857571,1763002857649,78,668.7323499367207,6.556199509183536,2778,102
1763002857603,1763002857681,78,668.7323499367207,6.556199509183536,2779,102
1763002857634,1763002857713,79,668.7323499367207,6.556199509183536,2780,102
1763002857666,1763002857745,79,668.7323499367207,6.556199509183536,2781,102
1763002857698,1763002857776,78,668.7323499367207,6.556199509183536,2782,102
1763002857730,1763002857807,77,657.102218199693,6.442178609800911,2783,102
1763002857762,1763002857839,77,657.102218199693,6.442178609800911,2784,102
1763002857792,1763002857871,79,657.102218199693,6.442178609800911,2785,102
1763002857824,1763002857902,78,657.102218199693,6.442178609800911,2786,102
1763002857856,1763002857934,78,657.102218199693,6.442178609800911,2787,102
1763002857887,1763002857966,79,657.102218199693,6.442178609800911,2788,102
1763002857919,1763002857997,78,657.102218199693,6.442178609800911,2789,102
1763002857951,1763002858029,78,668.8231612505563,6.557089816181923,2790,102
1763002857982,1763002858060,78,668.8231612505563,6.557089816181923,2791,102
1763002858014,1763002858092,78,668.8231612505563,6.557089816181923,2792,102
1763002858045,1763002858125,80,668.8231612505563,6.557089816181923,2793,102
1763002858077,1763002858156,79,668.8231612505563,6.557089816181923,2794,102
1763002858109,1763002858187,78,668.8231612505563,6.557089816181923,2795,102
1763002858141,1763002858218,77,657.1744131941922,6.442886403864629,2796,102
1763002858172,1763002858250,78,657.1744131941922,6.442886403864629,2797,102
1763002858203,1763002858282,79,657.1744131941922,6.442886403864629,2798,102
1763002858235,1763002858312,77,657.1744131941922,6.442886403864629,2799,102
1763002858267,1763002858342,75,657.1744131941922,6.442886403864629,2800,102
1763002858297,1763002858374,77,657.1744131941922,6.442886403864629,2801,102
1763002858327,1763002858407,80,657.1744131941922,6.442886403864629,2802,102
1763002858359,1763002858436,77,668.6531817289654,6.5554233502839745,2803,102
1763002858390,1763002858467,77,668.6531817289654,6.5554233502839745,2804,102
1763002858421,1763002858499,78,668.6531817289654,6.5554233502839745,2805,102
1763002858452,1763002858531,79,668.6531817289654,6.5554233502839745,2806,102
1763002858484,1763002858563,79,668.6531817289654,6.5554233502839745,2807,102
1763002858516,1763002858594,78,668.6531817289654,6.5554233502839745,2808,102
1763002858548,1763002858626,78,656.9826262927985,6.4410061401254755,2809,102
1763002858579,1763002858658,79,656.9826262927985,6.4410061401254755,2810,102
1763002858611,1763002858690,79,656.9826262927985,6.4410061401254755,2811,102
1763002858643,1763002858722,79,656.9826262927985,6.4410061401254755,2812,102
1763002858675,1763002858756,81,656.9826262927985,6.4410061401254755,2813,102
1763002858707,1763002858787,80,656.9826262927985,6.4410061401254755,2814,102
1763002858739,1763002858818,79,656.9826262927985,6.4410061401254755,2815,102
1763002858771,1763002858850,79,668.8422400238965,6.557276862979377,2816,102
1763002858803,1763002858882,79,668.8422400238965,6.557276862979377,2817,102
1763002858835,1763002858914,79,668.8422400238965,6.557276862979377,2818,102
1763002858867,1763002858946,79,668.8422400238965,6.557276862979377,2819,102
1763002858899,1763002858978,79,668.8422400238965,6.557276862979377,2820,102
1763002858931,1763002859009,78,668.8422400238965,6.557276862979377,2821,102
1763002858963,1763002859040,77,657.1327385789738,6.442477829205625,2822,102
1763002858996,1763002859072,76,657.1327385789738,6.442477829205625,2823,102
1763002859025,1763002859103,78,657.1327385789738,6.442477829205625,2824,102
1763002859057,1763002859135,78,657.1327385789738,6.442477829205625,2825,102
1763002859088,1763002859168,80,657.1327385789738,6.442477829205625,2826,102
1763002859120,1763002859200,80,657.1327385789738,6.442477829205625,2827,102
1763002859153,1763002859231,78,657.1327385789738,6.442477829205625,2828,102
1763002859184,1763002859263,79,668.9611289545472,6.558442440730855,2829,102
1763002859216,1763002859296,80,668.9611289545472,6.558442440730855,2830,102
1763002859248,1763002859328,80,668.9611289545472,6.558442440730855,2831,102
1763002859280,1763002859359,79,668.9611289545472,6.558442440730855,2832,102
1763002859312,1763002859391,79,668.9611289545472,6.558442440730855,2833,102
1763002859344,1763002859423,79,668.9611289545472,6.558442440730855,2834,102
1763002859376,1763002859456,80,657.1132141320014,6.442286413058837,2835,102
1763002859408,1763002859487,79,657.1132141320014,6.442286413058837,2836,102
1763002859441,1763002859519,78,657.1132141320014,6.442286413058837,2837,102
1763002859472,1763002859551,79,657.1132141320014,6.442286413058837,2838,102
1763002859504,1763002859584,80,657.1132141320014,6.442286413058837,2839,102
1763002859536,1763002859615,79,657.1132141320014,6.442286413058837,2840,102
1763002859568,1763002859647,79,657.1132141320014,6.442286413058837,2841,102
1763002859600,1763002859679,79,668.9456655925451,6.558290839142599,2842,102
1763002859632,1763002859711,79,668.9456655925451,6.558290839142599,2843,102
1763002859664,1763002859743,79,668.9456655925451,6.558290839142599,2844,102
1763002859696,1763002859774,78,668.9456655925451,6.558290839142599,2845,102
1763002859728,1763002859805,77,668.9456655925451,6.558290839142599,2846,102
1763002859759,1763002859836,77,668.9456655925451,6.558290839142599,2847,102
1763002859790,1763002859867,77,657.3856954772584,6.4449577987966515,2848,102
1763002859821,1763002859899,78,657.3856954772584,6.4449577987966515,2849,102
1763002859853,1763002859931,78,657.3856954772584,6.4449577987966515,2850,102
1763002859884,1763002859963,79,657.3856954772584,6.4449577987966515,2851,102
1763002859916,1763002859994,78,657.3856954772584,6.4449577987966515,2852,102
1763002859948,1763002860027,79,657.3856954772584,6.4449577987966515,2853,102
1763002859979,1763002860058,79,657.3856954772584,6.4449577987966515,2854,102
1763002860012,1763002860088,76,669.0482422089432,6.559296492244541,2855,102
1763002860043,1763002860120,77,669.0482422089432,6.559296492244541,2856,102
1763002860073,1763002860152,79,669.0482422089432,6.559296492244541,2857,102
1763002860105,1763002860182,77,669.0482422089432,6.559296492244541,2858,102
1763002860137,1763002860214,77,669.0482422089432,6.559296492244541,2859,102
1763002860168,1763002860247,79,669.0482422089432,6.559296492244541,2860,102
1763002860199,1763002860277,78,657.4674490405278,6.445759304318899,2861,102
1763002860231,1763002860307,76,657.4674490405278,6.445759304318899,2862,102
1763002860262,1763002860338,76,657.4674490405278,6.445759304318899,2863,102
1763002860292,1763002860369,77,657.4674490405278,6.445759304318899,2864,102
1763002860323,1763002860400,77,657.4674490405278,6.445759304318899,2865,102
1763002860354,1763002860432,78,657.4674490405278,6.445759304318899,2866,102
1763002860385,1763002860465,80,657.4674490405278,6.445759304318899,2867,102
1763002860417,1763002860496,79,669.0566219872196,6.559378646933524,2868,102
1763002860450,1763002860528,78,669.0566219872196,6.559378646933524,2869,102
1763002860482,1763002860560,78,669.0566219872196,6.559378646933524,2870,102
1763002860513,1763002860592,79,669.0566219872196,6.559378646933524,2871,102
1763002860545,1763002860623,78,669.0566219872196,6.559378646933524,2872,102
1763002860577,1763002860655,78,669.0566219872196,6.559378646933524,2873,102
1763002860608,1763002860686,78,657.3600144798396,6.4447060243121514,2874,102
1763002860640,1763002860718,78,657.3600144798396,6.4447060243121514,2875,102
1763002860671,1763002860750,79,657.3600144798396,6.4447060243121514,2876,102
1763002860703,1763002860783,80,657.3600144798396,6.4447060243121514,2877,102
1763002860735,1763002860813,78,657.3600144798396,6.4447060243121514,2878,102
1763002860768,1763002860845,77,657.3600144798396,6.4447060243121514,2879,102
1763002860798,1763002860876,78,657.3600144798396,6.4447060243121514,2880,102
1763002860830,1763002860907,77,668.9712115114725,6.5585412893281605,2881,102
1763002860861,1763002860939,78,668.9712115114725,6.5585412893281605,2882,102
1763002860892,1763002860970,78,668.9712115114725,6.5585412893281605,2883,102
1763002860924,1763002861001,77,668.9712115114725,6.5585412893281605,2884,102
1763002860955,1763002861033,78,668.9712115114725,6.5585412893281605,2885,102
1763002860986,1763002861065,79,668.9712115114725,6.5585412893281605,2886,102
1763002861018,1763002861096,78,657.2921131516206,6.444040325015887,2887,102
1763002861049,1763002861126,77,657.2921131516206,6.444040325015887,2888,102
1763002861081,1763002861158,77,657.2921131516206,6.444040325015887,2889,102
1763002861111,1763002861189,78,657.2921131516206,6.444040325015887,2890,102
1763002861143,1763002861220,77,657.2921131516206,6.444040325015887,2891,102
1763002861174,1763002861252,78,657.2921131516206,6.444040325015887,2892,102
1763002861205,1763002861284,79,657.2921131516206,6.444040325015887,2893,102
1763002861237,1763002861316,79,668.86052206869,6.557456098712646,2894,102
1763002861269,1763002861348,79,668.86052206869,6.557456098712646,2895,102
1763002861301,1763002861380,79,668.86052206869,6.557456098712646,2896,102
1763002861333,1763002861411,78,668.86052206869,6.557456098712646,2897,102
1763002861365,1763002861443,78,668.86052206869,6.557456098712646,2898,102
1763002861396,1763002861475,79,668.86052206869,6.557456098712646,2899,102
1763002861428,1763002861507,79,657.0903940004712,6.442062686279129,2900,102
1763002861460,1763002861539,79,657.0903940004712,6.442062686279129,2901,102
1763002861492,1763002861571,79,657.0903940004712,6.442062686279129,2902,102
1763002861524,1763002861603,79,657.0903940004712,6.442062686279129,2903,102
1763002861556,1763002861635,79,657.0903940004712,6.442062686279129,2904,102
1763002861588,1763002861667,79,657.0903940004712,6.442062686279129,2905,102
1763002861620,1763002861699,79,657.0903940004712,6.442062686279129,2906,102
1763002861652,1763002861731,79,668.9275920483732,6.5581136475330695,2907,102
1763002861684,1763002861762,78,668.9275920483732,6.5581136475330695,2908,102
1763002861716,1763002861794,78,668.9275920483732,6.5581136475330695,2909,102
1763002861747,1763002861826,79,668.9275920483732,6.5581136475330695,2910,102
1763002861779,1763002861858,79,668.9275920483732,6.5581136475330695,2911,102
1763002861811,1763002861890,79,668.9275920483732,6.5581136475330695,2912,102
1763002861843,1763002861922,79,657.14358049436,6.442584122493724,2913,102
1763002861875,1763002861954,79,657.14358049436,6.442584122493724,2914,102
1763002861907,1763002861986,79,657.14358049436,6.442584122493724,2915,102
1763002861939,1763002862017,78,657.14358049436,6.442584122493724,2916,102
1763002861971,1763002862049,78,657.14358049436,6.442584122493724,2917,102
1763002862002,1763002862080,78,657.14358049436,6.442584122493724,2918,102
1763002862034,1763002862112,78,657.14358049436,6.442584122493724,2919,102
1763002862065,1763002862143,78,668.8560029125218,6.557411793260017,2920,102
1763002862097,1763002862174,77,668.8560029125218,6.557411793260017,2921,102
1763002862128,1763002862206,78,668.8560029125218,6.557411793260017,2922,102
1763002862159,1763002862237,78,668.8560029125218,6.557411793260017,2923,102
1763002862191,1763002862269,78,668.8560029125218,6.557411793260017,2924,102
1763002862222,1763002862301,79,668.8560029125218,6.557411793260017,2925,102
1763002862254,1763002862333,79,657.2005223154548,6.443142375641713,2926,102
1763002862286,1763002862365,79,657.2005223154548,6.443142375641713,2927,102
1763002862318,1763002862396,78,657.2005223154548,6.443142375641713,2928,102
1763002862350,1763002862427,77,657.2005223154548,6.443142375641713,2929,102
1763002862380,1763002862458,78,657.2005223154548,6.443142375641713,2930,102
1763002862412,1763002862490,78,657.2005223154548,6.443142375641713,2931,102
1763002862443,1763002862522,79,657.2005223154548,6.443142375641713,2932,102
1763002862475,1763002862553,78,668.8444152407866,6.557298188635162,2933,102
1763002862507,1763002862585,78,668.8444152407866,6.557298188635162,2934,102
1763002862539,1763002862617,78,668.8444152407866,6.557298188635162,2935,102
1763002862570,1763002862648,78,668.8444152407866,6.557298188635162,2936,102
1763002862602,1763002862679,77,668.8444152407866,6.557298188635162,2937,102
1763002862633,1763002862710,77,668.8444152407866,6.557298188635162,2938,102
1763002862664,1763002862742,78,657.2481545316662,6.443609358153589,2939,102
1763002862694,1763002862773,79,657.2481545316662,6.443609358153589,2940,102
1763002862727,1763002862806,79,657.2481545316662,6.443609358153589,2941,102
1763002862758,1763002862838,80,657.2481545316662,6.443609358153589,2942,102
1763002862791,1763002862870,79,657.2481545316662,6.443609358153589,2943,102
1763002862823,1763002862901,78,657.2481545316662,6.443609358153589,2944,102
1763002862855,1763002862934,79,657.2481545316662,6.443609358153589,2945,102
1763002862886,1763002862966,80,669.0525383890796,6.559338611657642,2946,102
1763002862919,1763002862997,78,669.0525383890796,6.559338611657642,2947,102
1763002862951,1763002863030,79,669.0525383890796,6.559338611657642,2948,102
1763002862982,1763002863062,80,669.0525383890796,6.559338611657642,2949,102
1763002863015,1763002863093,78,669.0525383890796,6.559338611657642,2950,102
1763002863047,1763002863125,78,669.0525383890796,6.559338611657642,2951,102
1763002863078,1763002863157,79,657.2426629425402,6.44355551904451,2952,102
1763002863110,1763002863189,79,657.2426629425402,6.44355551904451,2953,102
1763002863142,1763002863221,79,657.2426629425402,6.44355551904451,2954,102
1763002863173,1763002863251,78,657.2426629425402,6.44355551904451,2955,102
1763002863205,1763002863283,78,657.2426629425402,6.44355551904451,2956,102
1763002863236,1763002863316,80,657.2426629425402,6.44355551904451,2957,102
1763002863268,1763002863348,80,657.2426629425402,6.44355551904451,2958,102
1763002863301,1763002863379,78,668.9346743763768,6.558183082121341,2959,102
1763002863333,1763002863410,77,668.9346743763768,6.558183082121341,2960,102
1763002863364,1763002863443,79,668.9346743763768,6.558183082121341,2961,102
1763002863396,1763002863474,78,668.9346743763768,6.558183082121341,2962,102
1763002863428,1763002863505,77,668.9346743763768,6.558183082121341,2963,102
1763002863459,1763002863537,78,668.9346743763768,6.558183082121341,2964,102
1763002863491,1763002863568,77,657.2630661292196,6.4437555502864665,2965,102
1763002863522,1763002863600,78,657.2630661292196,6.4437555502864665,2966,102
1763002863553,1763002863631,78,657.2630661292196,6.4437555502864665,2967,102
1763002863585,1763002863662,77,657.2630661292196,6.4437555502864665,2968,102
1763002863616,1763002863694,78,657.2630661292196,6.4437555502864665,2969,102
1763002863647,1763002863725,78,657.2630661292196,6.4437555502864665,2970,102
1763002863679,1763002863756,77,657.2630661292196,6.4437555502864665,2971,102
1763002863710,1763002863787,77,668.780663704988,6.5566731735783135,2972,102
1763002863741,1763002863820,79,668.780663704988,6.5566731735783135,2973,102
1763002863772,1763002863850,78,668.780663704988,6.5566731735783135,2974,102
1763002863804,1763002863882,78,668.780663704988,6.5566731735783135,2975,102
1763002863835,1763002863914,79,668.780663704988,6.5566731735783135,2976,102
1763002863867,1763002863945,78,668.780663704988,6.5566731735783135,2977,102
1763002863899,1763002863976,77,657.1406276454654,6.442555172994759,2978,102
1763002863930,1763002864007,77,657.1406276454654,6.442555172994759,2979,102
1763002863961,1763002864039,78,657.1406276454654,6.442555172994759,2980,102
1763002863992,1763002864071,79,657.1406276454654,6.442555172994759,2981,102
1763002864024,1763002864103,79,657.1406276454654,6.442555172994759,2982,102
1763002864056,1763002864135,79,657.1406276454654,6.442555172994759,2983,102
1763002864088,1763002864166,78,657.1406276454654,6.442555172994759,2984,102
1763002864120,1763002864199,79,668.9105177228541,6.557946252184844,2985,102
1763002864151,1763002864228,77,668.9105177228541,6.557946252184844,2986,102
1763002864183,1763002864261,78,668.9105177228541,6.557946252184844,2987,102
1763002864214,1763002864292,78,668.9105177228541,6.557946252184844,2988,102
1763002864246,1763002864323,77,668.9105177228541,6.557946252184844,2989,102
1763002864277,1763002864354,77,668.9105177228541,6.557946252184844,2990,102
1763002864308,1763002864386,78,657.4145931428376,6.445241109243505,2991,102
1763002864339,1763002864417,78,657.4145931428376,6.445241109243505,2992,102
1763002864371,1763002864447,76,657.4145931428376,6.445241109243505,2993,102
1763002864401,1763002864480,79,657.4145931428376,6.445241109243505,2994,102
1763002864432,1763002864511,79,657.4145931428376,6.445241109243505,2995,102
1763002864464,1763002864541,77,657.4145931428376,6.445241109243505,2996,102
1763002864495,1763002864572,77,657.4145931428376,6.445241109243505,2997,102
1763002864526,1763002864605,79,668.9580161416987,6.55841192295783,2998,102
1763002864557,1763002864636,79,668.9580161416987,6.55841192295783,2999,102
1763002864590,1763002864668,78,668.9580161416987,6.55841192295783,3000,102
1763002864621,1763002864700,79,668.9580161416987,6.55841192295783,3001,102
1763002864653,1763002864732,79,668.9580161416987,6.55841192295783,3002,102
1763002864685,1763002864762,77,668.9580161416987,6.55841192295783,3003,102
1763002864717,1763002864796,79,657.2816228326506,6.443937478751475,3004,102
1763002864747,1763002864825,78,657.2816228326506,6.443937478751475,3005,102
1763002864779,1763002864856,77,657.2816228326506,6.443937478751475,3006,102
1763002864810,1763002864887,77,657.2816228326506,6.443937478751475,3007,102
1763002864841,1763002864919,78,657.2816228326506,6.443937478751475,3008,102
1763002864872,1763002864950,78,657.2816228326506,6.443937478751475,3009,102
1763002864904,1763002864981,77,657.2816228326506,6.443937478751475,3010,102
1763002864935,1763002865013,78,668.7954533976225,6.5568181705649256,3011,102
1763002864966,1763002865043,77,668.7954533976225,6.5568181705649256,3012,102
1763002864998,1763002865075,77,668.7954533976225,6.5568181705649256,3013,102
1763002865028,1763002865107,79,668.7954533976225,6.5568181705649256,3014,102
1763002865060,1763002865138,78,668.7954533976225,6.5568181705649256,3015,102
1763002865092,1763002865170,78,668.7954533976225,6.5568181705649256,3016,102
1763002865123,1763002865202,79,657.1523854511099,6.4426704455991155,3017,102
1763002865155,1763002865234,79,657.1523854511099,6.4426704455991155,3018,102
1763002865187,1763002865265,78,657.1523854511099,6.4426704455991155,3019,102
1763002865219,1763002865297,78,657.1523854511099,6.4426704455991155,3020,102
1763002865250,1763002865328,78,657.1523854511099,6.4426704455991155,3021,102
1763002865282,1763002865360,78,657.1523854511099,6.4426704455991155,3022,102
1763002865313,1763002865392,79,657.1523854511099,6.4426704455991155,3023,102
1763002865345,1763002865424,79,668.9198416627302,6.558037663360099,3024,102
1763002865377,1763002865456,79,668.9198416627302,6.558037663360099,3025,102
1763002865409,1763002865488,79,668.9198416627302,6.558037663360099,3026,102
1763002865441,1763002865520,79,668.9198416627302,6.558037663360099,3027,102
1763002865473,1763002865552,79,668.9198416627302,6.558037663360099,3028,102
1763002865505,1763002865584,79,668.9198416627302,6.558037663360099,3029,102
1763002865537,1763002865616,79,657.137434438545,6.442523867044558,3030,102
1763002865569,1763002865648,79,657.137434438545,6.442523867044558,3031,102
1763002865601,1763002865679,78,657.137434438545,6.442523867044558,3032,102
1763002865633,1763002865711,78,657.137434438545,6.442523867044558,3033,102
1763002865664,1763002865742,78,657.137434438545,6.442523867044558,3034,102
1763002865696,1763002865773,77,657.137434438545,6.442523867044558,3035,102
1763002865727,1763002865805,78,657.137434438545,6.442523867044558,3036,102
1763002865758,1763002865836,78,668.7373978130819,6.556248998167469,3037,102
1763002865790,1763002865866,76,668.7373978130819,6.556248998167469,3038,102
1763002865821,1763002865898,77,668.7373978130819,6.556248998167469,3039,102
1763002865852,1763002865929,77,668.7373978130819,6.556248998167469,3040,102
1763002865883,1763002865960,77,668.7373978130819,6.556248998167469,3041,102
1763002865914,1763002865992,78,668.7373978130819,6.556248998167469,3042,102
1763002865945,1763002866023,78,657.2197060570263,6.443330451539473,3043,102
1763002865977,1763002866054,77,657.2197060570263,6.443330451539473,3044,102
1763002866008,1763002866086,78,657.2197060570263,6.443330451539473,3045,102
1763002866039,1763002866118,79,657.2197060570263,6.443330451539473,3046,102
1763002866071,1763002866150,79,657.2197060570263,6.443330451539473,3047,102
1763002866103,1763002866181,78,657.2197060570263,6.443330451539473,3048,102
1763002866135,1763002866213,78,657.2197060570263,6.443330451539473,3049,102
1763002866166,1763002866246,80,668.9732269032219,6.558561048070802,3050,102
1763002866198,1763002866276,78,668.9732269032219,6.558561048070802,3051,102
1763002866231,1763002866308,77,668.9732269032219,6.558561048070802,3052,102
1763002866261,1763002866340,79,668.9732269032219,6.558561048070802,3053,102
1763002866293,1763002866371,78,668.9732269032219,6.558561048070802,3054,102
1763002866325,1763002866401,76,668.9732269032219,6.558561048070802,3055,102
1763002866356,1763002866433,77,657.4076618418678,6.445173155312429,3056,102
1763002866386,1763002866465,79,657.4076618418678,6.445173155312429,3057,102
1763002866418,1763002866497,79,657.4076618418678,6.445173155312429,3058,102
1763002866450,1763002866529,79,657.4076618418678,6.445173155312429,3059,102
1763002866482,1763002866561,79,657.4076618418678,6.445173155312429,3060,102
1763002866514,1763002866593,79,657.4076618418678,6.445173155312429,3061,102
1763002866546,1763002866625,79,657.4076618418678,6.445173155312429,3062,102
1763002866578,1763002866657,79,669.1788681787593,6.560577139007444,3063,102
1763002866610,1763002866689,79,669.1788681787593,6.560577139007444,3064,102
1763002866642,1763002866721,79,669.1788681787593,6.560577139007444,3065,102
1763002866674,1763002866753,79,669.1788681787593,6.560577139007444,3066,102
1763002866706,1763002866785,79,669.1788681787593,6.560577139007444,3067,102
1763002866738,1763002866817,79,669.1788681787593,6.560577139007444,3068,102
1763002866770,1763002866849,79,657.2856635975774,6.443977094093896,3069,102
1763002866802,1763002866881,79,657.2856635975774,6.443977094093896,3070,102
1763002866834,1763002866913,79,657.2856635975774,6.443977094093896,3071,102
1763002866866,1763002866943,77,657.2856635975774,6.443977094093896,3072,102
1763002866898,1763002866975,77,657.2856635975774,6.443977094093896,3073,102
1763002866928,1763002867007,79,657.2856635975774,6.443977094093896,3074,102
1763002866959,1763002867038,79,657.2856635975774,6.443977094093896,3075,102
1763002866992,1763002867070,78,668.912102560074,6.557961789804647,3076,102
1763002867023,1763002867102,79,668.912102560074,6.557961789804647,3077,102
1763002867055,1763002867132,77,668.912102560074,6.557961789804647,3078,102
1763002867087,1763002867164,77,668.912102560074,6.557961789804647,3079,102
1763002867118,1763002867195,77,668.912102560074,6.557961789804647,3080,102
1763002867149,1763002867227,78,668.912102560074,6.557961789804647,3081,102
1763002867180,1763002867258,78,657.3020336378189,6.4441375846844995,3082,102
1763002867212,1763002867290,78,657.3020336378189,6.4441375846844995,3083,102
1763002867243,1763002867322,79,657.3020336378189,6.4441375846844995,3084,102
1763002867275,1763002867353,78,657.3020336378189,6.4441375846844995,3085,102
1763002867307,1763002867385,78,657.3020336378189,6.4441375846844995,3086,102
1763002867338,1763002867416,78,657.3020336378189,6.4441375846844995,3087,102
1763002867370,1763002867448,78,657.3020336378189,6.4441375846844995,3088,102
1763002867401,1763002867478,77,668.8684187757038,6.557533517408862,3089,102
1763002867433,1763002867511,78,668.8684187757038,6.557533517408862,3090,102
1763002867463,1763002867543,80,668.8684187757038,6.557533517408862,3091,102
1763002867495,1763002867574,79,668.8684187757038,6.557533517408862,3092,102
1763002867527,1763002867605,78,668.8684187757038,6.557533517408862,3093,102
1763002867558,1763002867636,78,668.8684187757038,6.557533517408862,3094,102
1763002867590,1763002867668,78,657.1535245079089,6.4426816128226365,3095,102
1763002867621,1763002867699,78,657.1535245079089,6.4426816128226365,3096,102
1763002867653,1763002867731,78,657.1535245079089,6.4426816128226365,3097,102
1763002867684,1763002867763,79,657.1535245079089,6.4426816128226365,3098,102
1763002867716,1763002867794,78,657.1535245079089,6.4426816128226365,3099,102
1763002867748,1763002867826,78,657.1535245079089,6.4426816128226365,3100,102
1763002867779,1763002867857,78,657.1535245079089,6.4426816128226365,3101,102
1763002867811,1763002867891,80,668.8070519837876,6.556931882193996,3102,102
1763002867842,1763002867919,77,668.8070519837876,6.556931882193996,3103,102
1763002867874,1763002867950,76,668.8070519837876,6.556931882193996,3104,102
1763002867904,1763002867981,77,668.8070519837876,6.556931882193996,3105,102
1763002867935,1763002868012,77,668.8070519837876,6.556931882193996,3106,102
1763002867966,1763002868042,76,668.8070519837876,6.556931882193996,3107,102
1763002867997,1763002868073,76,657.4456415870301,6.445545505755197,3108,102
1763002868027,1763002868105,78,657.4456415870301,6.445545505755197,3109,102
1763002868059,1763002868137,78,657.4456415870301,6.445545505755197,3110,102
1763002868090,1763002868169,79,657.4456415870301,6.445545505755197,3111,102
1763002868122,1763002868200,78,657.4456415870301,6.445545505755197,3112,102
1763002868154,1763002868231,77,657.4456415870301,6.445545505755197,3113,102
1763002868185,1763002868263,78,657.4456415870301,6.445545505755197,3114,102
1763002868216,1763002868294,78,669.0392850616889,6.5592086770753815,3115,102
1763002868248,1763002868325,77,669.0392850616889,6.5592086770753815,3116,102
1763002868279,1763002868357,78,669.0392850616889,6.5592086770753815,3117,102
1763002868310,1763002868389,79,669.0392850616889,6.5592086770753815,3118,102
1763002868342,1763002868420,78,669.0392850616889,6.5592086770753815,3119,102
1763002868374,1763002868453,79,669.0392850616889,6.5592086770753815,3120,102
1763002868405,1763002868483,78,657.3462316240427,6.444570898274928,3121,102
1763002868437,1763002868514,77,657.3462316240427,6.444570898274928,3122,102
1763002868468,1763002868546,78,657.3462316240427,6.444570898274928,3123,102
1763002868499,1763002868576,77,657.3462316240427,6.444570898274928,3124,102
1763002868531,1763002868608,77,657.3462316240427,6.444570898274928,3125,102
1763002868561,1763002868640,79,657.3462316240427,6.444570898274928,3126,102
1763002868593,1763002868671,78,657.3462316240427,6.444570898274928,3127,102
1763002868625,1763002868703,78,668.960254141114,6.558433864128568,3128,102
1763002868656,1763002868735,79,668.960254141114,6.558433864128568,3129,102
1763002868688,1763002868767,79,668.960254141114,6.558433864128568,3130,102
1763002868720,1763002868798,78,668.960254141114,6.558433864128568,3131,102
1763002868752,1763002868830,78,668.960254141114,6.558433864128568,3132,102
1763002868783,1763002868862,79,668.960254141114,6.558433864128568,3133,102
1763002868815,1763002868894,79,657.2264417880446,6.443396488118083,3134,102
1763002868847,1763002868926,79,657.2264417880446,6.443396488118083,3135,102
1763002868879,1763002868958,79,657.2264417880446,6.443396488118083,3136,102
1763002868911,1763002868989,78,657.2264417880446,6.443396488118083,3137,102
1763002868943,1763002869021,78,657.2264417880446,6.443396488118083,3138,102
1763002868975,1763002869053,78,657.2264417880446,6.443396488118083,3139,102
1763002869006,1763002869085,79,657.2264417880446,6.443396488118083,3140,102
1763002869038,1763002869117,79,668.9785683379193,6.558613415077639,3141,102
1763002869070,1763002869148,78,668.9785683379193,6.558613415077639,3142,102
1763002869102,1763002869180,78,668.9785683379193,6.558613415077639,3143,102
1763002869133,1763002869210,77,668.9785683379193,6.558613415077639,3144,102
1763002869165,1763002869240,75,668.9785683379193,6.558613415077639,3145,102
1763002869195,1763002869271,76,668.9785683379193,6.558613415077639,3146,102
1763002869225,1763002869302,77,657.5258761019976,6.4463321186470335,3147,102
1763002869256,1763002869334,78,657.5258761019976,6.4463321186470335,3148,102
1763002869287,1763002869365,78,657.5258761019976,6.4463321186470335,3149,102
1763002869319,1763002869397,78,657.5258761019976,6.4463321186470335,3150,102
1763002869350,1763002869430,80,657.5258761019976,6.4463321186470335,3151,102
1763002869382,1763002869462,80,657.5258761019976,6.4463321186470335,3152,102
1763002869415,1763002869492,77,657.5258761019976,6.4463321186470335,3153,102
1763002869446,1763002869523,77,669.103071501088,6.559834034324392,3154,102
1763002869477,1763002869554,77,669.103071501088,6.559834034324392,3155,102
1763002869508,1763002869585,77,669.103071501088,6.559834034324392,3156,102
1763002869539,1763002869618,79,669.103071501088,6.559834034324392,3157,102
1763002869570,1763002869649,79,669.103071501088,6.559834034324392,3158,102
1763002869603,1763002869681,78,669.103071501088,6.559834034324392,3159,102
1763002869634,1763002869712,78,657.4540449148661,6.445627891322216,3160,102
1763002869666,1763002869742,76,657.4540449148661,6.445627891322216,3161,102
1763002869697,1763002869774,77,657.4540449148661,6.445627891322216,3162,102
1763002869727,1763002869805,78,657.4540449148661,6.445627891322216,3163,102
1763002869759,1763002869838,79,657.4540449148661,6.445627891322216,3164,102
1763002869790,1763002869869,79,657.4540449148661,6.445627891322216,3165,102
1763002869822,1763002869901,79,657.4540449148661,6.445627891322216,3166,102
1763002869854,1763002869933,79,669.1025116624037,6.5598285457098395,3167,102
1763002869886,1763002869963,77,669.1025116624037,6.5598285457098395,3168,102
1763002869918,1763002869996,78,669.1025116624037,6.5598285457098395,3169,102
1763002869948,1763002870028,80,669.1025116624037,6.5598285457098395,3170,102
1763002869981,1763002870060,79,669.1025116624037,6.5598285457098395,3171,102
1763002870012,1763002870090,78,669.1025116624037,6.5598285457098395,3172,102
1763002870045,1763002870121,76,657.4535992832733,6.4456235223850324,3173,102
1763002870075,1763002870154,79,657.4535992832733,6.4456235223850324,3174,102
1763002870106,1763002870186,80,657.4535992832733,6.4456235223850324,3175,102
1763002870138,1763002870218,80,657.4535992832733,6.4456235223850324,3176,102
1763002870171,1763002870249,78,657.4535992832733,6.4456235223850324,3177,102
1763002870203,1763002870282,79,657.4535992832733,6.4456235223850324,3178,102
1763002870234,1763002870313,79,657.4535992832733,6.4456235223850324,3179,102
1763002870266,1763002870346,80,669.2717970330692,6.561488206206561,3180,102
1763002870298,1763002870377,79,669.2717970330692,6.561488206206561,3181,102
1763002870330,1763002870409,79,669.2717970330692,6.561488206206561,3182,102
1763002870362,1763002870441,79,669.2717970330692,6.561488206206561,3183,102
1763002870394,1763002870472,78,669.2717970330692,6.561488206206561,3184,102
1763002870426,1763002870505,79,669.2717970330692,6.561488206206561,3185,102
1763002870457,1763002870535,78,657.53107864129,6.446383123934216,3186,102
1763002870490,1763002870567,77,657.53107864129,6.446383123934216,3187,102
1763002870520,1763002870599,79,657.53107864129,6.446383123934216,3188,102
1763002870552,1763002870631,79,657.53107864129,6.446383123934216,3189,102
1763002870584,1763002870662,78,657.53107864129,6.446383123934216,3190,102
1763002870616,1763002870694,78,657.53107864129,6.446383123934216,3191,102
1763002870647,1763002870725,78,657.53107864129,6.446383123934216,3192,102
1763002870679,1763002870757,78,669.1636764411843,6.560428200403767,3193,102
1763002870710,1763002870788,78,669.1636764411843,6.560428200403767,3194,102
1763002870741,1763002870820,79,669.1636764411843,6.560428200403767,3195,102
1763002870773,1763002870852,79,669.1636764411843,6.560428200403767,3196,102
1763002870805,1763002870883,78,669.1636764411843,6.560428200403767,3197,102
1763002870837,1763002870915,78,669.1636764411843,6.560428200403767,3198,102
1763002870868,1763002870946,78,657.4451227707415,6.445540419320995,3199,102
1763002870900,1763002870977,77,657.4451227707415,6.445540419320995,3200,102
1763002870931,1763002871008,77,657.4451227707415,6.445540419320995,3201,102
1763002870962,1763002871040,78,657.4451227707415,6.445540419320995,3202,102
1763002870993,1763002871071,78,657.4451227707415,6.445540419320995,3203,102
1763002871025,1763002871102,77,657.4451227707415,6.445540419320995,3204,102
1763002871056,1763002871134,78,657.4451227707415,6.445540419320995,3205,102
1763002871088,1763002871166,78,669.0388726027395,6.559204633360191,3206,102
1763002871119,1763002871198,79,669.0388726027395,6.559204633360191,3207,102
1763002871151,1763002871229,78,669.0388726027395,6.559204633360191,3208,102
1763002871183,1763002871260,77,669.0388726027395,6.559204633360191,3209,102
1763002871214,1763002871291,77,669.0388726027395,6.559204633360191,3210,102
1763002871245,1763002871321,76,669.0388726027395,6.559204633360191,3211,102
1763002871276,1763002871352,76,657.5740592095889,6.446804502054793,3212,102
1763002871306,1763002871383,77,657.5740592095889,6.446804502054793,3213,102
1763002871337,1763002871415,78,657.5740592095889,6.446804502054793,3214,102
1763002871368,1763002871447,79,657.5740592095889,6.446804502054793,3215,102
1763002871400,1763002871477,77,657.5740592095889,6.446804502054793,3216,102
1763002871432,1763002871509,77,657.5740592095889,6.446804502054793,3217,102
1763002871462,1763002871541,79,657.5740592095889,6.446804502054793,3218,102
1763002871494,1763002871572,78,669.1413770716232,6.56020957913356,3219,102
1763002871526,1763002871603,77,669.1413770716232,6.56020957913356,3220,102
1763002871557,1763002871635,78,669.1413770716232,6.56020957913356,3221,102
1763002871588,1763002871667,79,669.1413770716232,6.56020957913356,3222,102
1763002871620,1763002871699,79,669.1413770716232,6.56020957913356,3223,102
1763002871652,1763002871731,79,669.1413770716232,6.56020957913356,3224,102
1763002871684,1763002871763,79,657.3702533948688,6.444806405832047,3225,102
1763002871716,1763002871794,78,657.3702533948688,6.444806405832047,3226,102
1763002871748,1763002871825,77,657.3702533948688,6.444806405832047,3227,102
1763002871779,1763002871857,78,657.3702533948688,6.444806405832047,3228,102
1763002871810,1763002871888,78,657.3702533948688,6.444806405832047,3229,102
1763002871842,1763002871920,78,657.3702533948688,6.444806405832047,3230,102
1763002871873,1763002871950,77,657.3702533948688,6.444806405832047,3231,102
1763002871905,1763002871982,77,668.9227217023156,6.558065899042309,3232,102
1763002871935,1763002872014,79,668.9227217023156,6.558065899042309,3233,102
1763002871967,1763002872045,78,668.9227217023156,6.558065899042309,3234,102
1763002871999,1763002872077,78,668.9227217023156,6.558065899042309,3235,102
1763002872030,1763002872108,78,668.9227217023156,6.558065899042309,3236,102
1763002872062,1763002872139,77,668.9227217023156,6.558065899042309,3237,102
1763002872093,1763002872171,78,657.3104864750431,6.444220455637678,3238,102
1763002872124,1763002872203,79,657.3104864750431,6.444220455637678,3239,102
1763002872156,1763002872234,78,657.3104864750431,6.444220455637678,3240,102
1763002872188,1763002872266,78,657.3104864750431,6.444220455637678,3241,102
1763002872219,1763002872298,79,657.3104864750431,6.444220455637678,3242,102
1763002872250,1763002872328,78,657.3104864750431,6.444220455637678,3243,102
1763002872283,1763002872360,77,657.3104864750431,6.444220455637678,3244,102
1763002872313,1763002872392,79,668.9318367476593,6.5581552622319546,3245,102
1763002872345,1763002872422,77,668.9318367476593,6.5581552622319546,3246,102
1763002872377,1763002872454,77,668.9318367476593,6.5581552622319546,3247,102
1763002872407,1763002872487,80,668.9318367476593,6.5581552622319546,3248,102
1763002872439,1763002872517,78,668.9318367476593,6.5581552622319546,3249,102
1763002872471,1763002872550,79,668.9318367476593,6.5581552622319546,3250,102
1763002872502,1763002872580,78,657.3177420511369,6.444291588736636,3251,102
1763002872534,1763002872612,78,657.3177420511369,6.444291588736636,3252,102
1763002872565,1763002872644,79,657.3177420511369,6.444291588736636,3253,102
1763002872597,1763002872675,78,657.3177420511369,6.444291588736636,3254,102
1763002872629,1763002872706,77,657.3177420511369,6.444291588736636,3255,102
1763002872660,1763002872737,77,657.3177420511369,6.444291588736636,3256,102
1763002872691,1763002872769,78,657.3177420511369,6.444291588736636,3257,102
1763002872722,1763002872800,78,668.9376049306538,6.5582118130456255,3258,102
1763002872754,1763002872833,79,668.9376049306538,6.5582118130456255,3259,102
1763002872785,1763002872863,78,668.9376049306538,6.5582118130456255,3260,102
1763002872817,1763002872894,77,668.9376049306538,6.5582118130456255,3261,102
1763002872848,1763002872926,78,668.9376049306538,6.5582118130456255,3262,102
1763002872879,1763002872957,78,668.9376049306538,6.5582118130456255,3263,102
1763002872911,1763002872988,77,657.3792711297311,6.4448948149973635,3264,102
1763002872942,1763002873019,77,657.3792711297311,6.4448948149973635,3265,102
1763002872973,1763002873050,77,657.3792711297311,6.4448948149973635,3266,102
1763002873004,1763002873083,79,657.3792711297311,6.4448948149973635,3267,102
1763002873035,1763002873114,79,657.3792711297311,6.4448948149973635,3268,102
1763002873067,1763002873145,78,657.3792711297311,6.4448948149973635,3269,102
1763002873099,1763002873177,78,657.3792711297311,6.4448948149973635,3270,102
1763002873130,1763002873207,77,668.929899819266,6.558136272737901,3271,102
1763002873162,1763002873239,77,668.929899819266,6.558136272737901,3272,102
1763002873192,1763002873270,78,668.929899819266,6.558136272737901,3273,102
1763002873224,1763002873302,78,668.929899819266,6.558136272737901,3274,102
1763002873255,1763002873333,78,668.929899819266,6.558136272737901,3275,102
1763002873287,1763002873363,76,668.929899819266,6.558136272737901,3276,102
1763002873318,1763002873395,77,657.373130155955,6.444834609372107,3277,102
1763002873348,1763002873427,79,657.373130155955,6.444834609372107,3278,102
1763002873380,1763002873459,79,657.373130155955,6.444834609372107,3279,102
1763002873412,1763002873491,79,657.373130155955,6.444834609372107,3280,102
1763002873444,1763002873523,79,657.373130155955,6.444834609372107,3281,102
1763002873476,1763002873554,78,657.373130155955,6.444834609372107,3282,102
1763002873508,1763002873586,78,657.373130155955,6.444834609372107,3283,102
1763002873539,1763002873618,79,669.0948922136723,6.5597538452320805,3284,102
1763002873571,1763002873650,79,669.0948922136723,6.5597538452320805,3285,102
1763002873603,1763002873682,79,669.0948922136723,6.5597538452320805,3286,102
1763002873635,1763002873714,79,669.0948922136723,6.5597538452320805,3287,102
1763002873667,1763002873746,79,669.0948922136723,6.5597538452320805,3288,102
1763002873699,1763002873778,79,669.0948922136723,6.5597538452320805,3289,102
1763002873731,1763002873809,78,657.3333444176558,6.444444553114272,3290,102
1763002873763,1763002873840,77,657.3333444176558,6.444444553114272,3291,102
1763002873794,1763002873872,78,657.3333444176558,6.444444553114272,3292,102
1763002873825,1763002873904,79,657.3333444176558,6.444444553114272,3293,102
1763002873857,1763002873936,79,657.3333444176558,6.444444553114272,3294,102
1763002873889,1763002873968,79,657.3333444176558,6.444444553114272,3295,102
1763002873921,1763002873999,78,657.3333444176558,6.444444553114272,3296,102
1763002873953,1763002874030,77,669.063342123201,6.559444530619618,3297,102
1763002873984,1763002874062,78,669.063342123201,6.559444530619618,3298,102
1763002874015,1763002874094,79,669.063342123201,6.559444530619618,3299,102
1763002874047,1763002874126,79,669.063342123201,6.559444530619618,3300,102
1763002874079,1763002874157,78,669.063342123201,6.559444530619618,3301,102
1763002874111,1763002874189,78,669.063342123201,6.559444530619618,3302,102
1763002874142,1763002874222,80,657.3653569879448,6.444758401842596,3303,102
1763002874174,1763002874251,77,657.3653569879448,6.444758401842596,3304,102
1763002874206,1763002874283,77,657.3653569879448,6.444758401842596,3305,102
1763002874237,1763002874315,78,657.3653569879448,6.444758401842596,3306,102
1763002874268,1763002874347,79,657.3653569879448,6.444758401842596,3307,102
1763002874300,1763002874379,79,657.3653569879448,6.444758401842596,3308,102
1763002874332,1763002874411,79,657.3653569879448,6.444758401842596,3309,102
1763002874364,1763002874441,77,669.0320934484281,6.559138171063021,3310,102
1763002874396,1763002874472,76,669.0320934484281,6.559138171063021,3311,102
1763002874426,1763002874505,79,669.0320934484281,6.559138171063021,3312,102
1763002874457,1763002874535,78,669.0320934484281,6.559138171063021,3313,102
1763002874489,1763002874567,78,669.0320934484281,6.559138171063021,3314,102
1763002874520,1763002874599,79,669.0320934484281,6.559138171063021,3315,102
1763002874552,1763002874631,79,657.3405142915003,6.444514845995102,3316,102
1763002874584,1763002874663,79,657.3405142915003,6.444514845995102,3317,102
1763002874616,1763002874695,79,657.3405142915003,6.444514845995102,3318,102
1763002874648,1763002874726,78,657.3405142915003,6.444514845995102,3319,102
1763002874680,1763002874757,77,657.3405142915003,6.444514845995102,3320,102
1763002874711,1763002874788,77,657.3405142915003,6.444514845995102,3321,102
1763002874742,1763002874819,77,657.3405142915003,6.444514845995102,3322,102
1763002874773,1763002874851,78,668.8990493760342,6.557833817412101,3323,102
1763002874804,1763002874883,79,668.8990493760342,6.557833817412101,3324,102
1763002874836,1763002874914,78,668.8990493760342,6.557833817412101,3325,102
1763002874868,1763002874945,77,668.8990493760342,6.557833817412101,3326,102
1763002874899,1763002874976,77,668.8990493760342,6.557833817412101,3327,102
1763002874930,1763002875007,77,668.8990493760342,6.557833817412101,3328,102
1763002874961,1763002875039,78,657.2916433033232,6.444035718660032,3329,102
1763002874992,1763002875071,79,657.2916433033232,6.444035718660032,3330,102
1763002875024,1763002875103,79,657.2916433033232,6.444035718660032,3331,102
1763002875056,1763002875134,78,657.2916433033232,6.444035718660032,3332,102
1763002875088,1763002875166,78,657.2916433033232,6.444035718660032,3333,102
1763002875119,1763002875197,78,657.2916433033232,6.444035718660032,3334,102
1763002875151,1763002875228,77,657.2916433033232,6.444035718660032,3335,102
1763002875182,1763002875259,77,668.916856426142,6.558008396334726,3336,102
1763002875213,1763002875292,79,668.916856426142,6.558008396334726,3337,102
1763002875244,1763002875322,78,668.916856426142,6.558008396334726,3338,102
1763002875277,1763002875354,77,668.916856426142,6.558008396334726,3339,102
1763002875307,1763002875385,78,668.916856426142,6.558008396334726,3340,102
1763002875339,1763002875417,78,668.916856426142,6.558008396334726,3341,102
1763002875370,1763002875448,78,657.3058177152091,6.444174683482442,3342,102
1763002875402,1763002875479,77,657.3058177152091,6.444174683482442,3343,102
1763002875433,1763002875511,78,657.3058177152091,6.444174683482442,3344,102
1763002875464,1763002875542,78,657.3058177152091,6.444174683482442,3345,102
1763002875497,1763002875573,76,657.3058177152091,6.444174683482442,3346,102
1763002875527,1763002875604,77,657.3058177152091,6.444174683482442,3347,102
1763002875558,1763002875636,78,657.3058177152091,6.444174683482442,3348,102
1763002875589,1763002875667,78,668.8714309013064,6.557563048052024,3349,102
1763002875621,1763002875699,78,668.8714309013064,6.557563048052024,3350,102
1763002875652,1763002875730,78,668.8714309013064,6.557563048052024,3351,102
1763002875684,1763002875761,77,668.8714309013064,6.557563048052024,3352,102
1763002875714,1763002875792,78,668.8714309013064,6.557563048052024,3353,102
1763002875746,1763002875824,78,668.8714309013064,6.557563048052024,3354,102
1763002875777,1763002875855,78,657.3265304283412,6.4443777492974625,3355,102
1763002875809,1763002875887,78,657.3265304283412,6.4443777492974625,3356,102
1763002875840,1763002875918,78,657.3265304283412,6.4443777492974625,3357,102
1763002875872,1763002875949,77,657.3265304283412,6.4443777492974625,3358,102
1763002875903,1763002875981,78,657.3265304283412,6.4443777492974625,3359,102
1763002875935,1763002876012,77,657.3265304283412,6.4443777492974625,3360,102
1763002875966,1763002876044,78,657.3265304283412,6.4443777492974625,3361,102
1763002875997,1763002876076,79,668.9445916905313,6.558280310691483,3362,102
1763002876029,1763002876108,79,668.9445916905313,6.558280310691483,3363,102
1763002876061,1763002876140,79,668.9445916905313,6.558280310691483,3364,102
1763002876093,1763002876171,78,668.9445916905313,6.558280310691483,3365,102
1763002876125,1763002876202,77,668.9445916905313,6.558280310691483,3366,102
1763002876156,1763002876234,78,668.9445916905313,6.558280310691483,3367,102
1763002876187,1763002876264,77,657.327894985663,6.44439112731042,3368,102
1763002876219,1763002876295,76,657.327894985663,6.44439112731042,3369,102
1763002876249,1763002876327,78,657.327894985663,6.44439112731042,3370,102
1763002876280,1763002876358,78,657.327894985663,6.44439112731042,3371,102
1763002876312,1763002876389,77,657.327894985663,6.44439112731042,3372,102
1763002876343,1763002876421,78,657.327894985663,6.44439112731042,3373,102
1763002876374,1763002876452,78,657.327894985663,6.44439112731042,3374,102
1763002876406,1763002876483,77,668.8890044085878,6.5577353373390945,3375,102
1763002876437,1763002876515,78,668.8890044085878,6.5577353373390945,3376,102
1763002876468,1763002876547,79,668.8890044085878,6.5577353373390945,3377,102
1763002876500,1763002876578,78,668.8890044085878,6.5577353373390945,3378,102
1763002876532,1763002876610,78,668.8890044085878,6.5577353373390945,3379,102
1763002876563,1763002876642,79,668.8890044085878,6.5577353373390945,3380,102
1763002876595,1763002876673,78,657.2267585048273,6.44339959318458,3381,102
1763002876627,1763002876705,78,657.2267585048273,6.44339959318458,3382,102
1763002876659,1763002876736,77,657.2267585048273,6.44339959318458,3383,102
1763002876690,1763002876768,78,657.2267585048273,6.44339959318458,3384,102
1763002876721,1763002876800,79,657.2267585048273,6.44339959318458,3385,102
1763002876753,1763002876832,79,657.2267585048273,6.44339959318458,3386,102
1763002876785,1763002876862,77,657.2267585048273,6.44339959318458,3387,102
1763002876817,1763002876894,77,668.8652730113378,6.557502676581741,3388,102
1763002876847,1763002876926,79,668.8652730113378,6.557502676581741,3389,102
1763002876879,1763002876956,77,668.8652730113378,6.557502676581741,3390,102
1763002876911,1763002876988,77,668.8652730113378,6.557502676581741,3391,102
1763002876941,1763002877020,79,668.8652730113378,6.557502676581741,3392,102
1763002876972,1763002877051,79,668.8652730113378,6.557502676581741,3393,102
1763002877005,1763002877083,78,657.2078920440135,6.443214627882484,3394,102
1763002877036,1763002877115,79,657.2078920440135,6.443214627882484,3395,102
1763002877068,1763002877148,80,657.2078920440135,6.443214627882484,3396,102
1763002877100,1763002877179,79,657.2078920440135,6.443214627882484,3397,102
1763002877132,1763002877211,79,657.2078920440135,6.443214627882484,3398,102
1763002877164,1763002877243,79,657.2078920440135,6.443214627882484,3399,102
1763002877196,1763002877275,79,657.2078920440135,6.443214627882484,3400,102
1763002877228,1763002877306,78,668.9638583909027,6.55846919991081,3401,102
1763002877260,1763002877337,77,668.9638583909027,6.55846919991081,3402,102
1763002877291,1763002877368,77,668.9638583909027,6.55846919991081,3403,102
1763002877322,1763002877400,78,668.9638583909027,6.55846919991081,3404,102
1763002877353,1763002877431,78,668.9638583909027,6.55846919991081,3405,102
1763002877385,1763002877463,78,668.9638583909027,6.55846919991081,3406,102
1763002877416,1763002877494,78,657.3432312791585,6.444541483129005,3407,102
1763002877448,1763002877526,78,657.3432312791585,6.444541483129005,3408,102
1763002877479,1763002877558,79,657.3432312791585,6.444541483129005,3409,102
1763002877511,1763002877589,78,657.3432312791585,6.444541483129005,3410,102
1763002877542,1763002877620,78,657.3432312791585,6.444541483129005,3411,102
1763002877574,1763002877652,78,657.3432312791585,6.444541483129005,3412,102
1763002877605,1763002877684,79,657.3432312791585,6.444541483129005,3413,102
1763002877637,1763002877715,78,669.0145256356519,6.55896593760443,3414,102
1763002877669,1763002877747,78,669.0145256356519,6.55896593760443,3415,102
1763002877700,1763002877779,79,669.0145256356519,6.55896593760443,3416,102
1763002877732,1763002877811,79,669.0145256356519,6.55896593760443,3417,102
1763002877764,1763002877844,80,669.0145256356519,6.55896593760443,3418,102
1763002877796,1763002877874,78,669.0145256356519,6.55896593760443,3419,102
1763002877829,1763002877906,77,657.2695333547076,6.443818954457917,3420,102
1763002877859,1763002877938,79,657.2695333547076,6.443818954457917,3421,102
1763002877891,1763002877970,79,657.2695333547076,6.443818954457917,3422,102
1763002877923,1763002878002,79,657.2695333547076,6.443818954457917,3423,102
1763002877955,1763002878034,79,657.2695333547076,6.443818954457917,3424,102
1763002877987,1763002878066,79,657.2695333547076,6.443818954457917,3425,102
1763002878019,1763002878097,78,657.2695333547076,6.443818954457917,3426,102
1763002878051,1763002878129,78,669.0694704169284,6.559504611930671,3427,102
1763002878082,1763002878161,79,669.0694704169284,6.559504611930671,3428,102
1763002878114,1763002878193,79,669.0694704169284,6.559504611930671,3429,102
1763002878146,1763002878225,79,669.0694704169284,6.559504611930671,3430,102
1763002878178,1763002878257,79,669.0694704169284,6.559504611930671,3431,102
1763002878210,1763002878290,80,669.0694704169284,6.559504611930671,3432,102
1763002878242,1763002878322,80,657.2560900406243,6.443687157261022,3433,102
1763002878274,1763002878351,77,657.2560900406243,6.443687157261022,3434,102
1763002878306,1763002878381,75,657.2560900406243,6.443687157261022,3435,102
1763002878336,1763002878413,77,657.2560900406243,6.443687157261022,3436,102
1763002878367,1763002878445,78,657.2560900406243,6.443687157261022,3437,102
1763002878398,1763002878476,78,657.2560900406243,6.443687157261022,3438,102
1763002878430,1763002878507,77,657.2560900406243,6.443687157261022,3439,102
1763002878461,1763002878539,78,668.7183598524182,6.556062351494296,3440,102
1763002878492,1763002878571,79,668.7183598524182,6.556062351494296,3441,102
1763002878524,1763002878602,78,668.7183598524182,6.556062351494296,3442,102
1763002878556,1763002878634,78,668.7183598524182,6.556062351494296,3443,102
1763002878587,1763002878665,78,668.7183598524182,6.556062351494296,3444,102
1763002878619,1763002878696,77,668.7183598524182,6.556062351494296,3445,102
1763002878650,1763002878728,78,657.1478144425249,6.4426256317894595,3446,102
1763002878681,1763002878758,77,657.1478144425249,6.4426256317894595,3447,102
1763002878713,1763002878790,77,657.1478144425249,6.4426256317894595,3448,102
1763002878743,1763002878822,79,657.1478144425249,6.4426256317894595,3449,102
1763002878775,1763002878855,80,657.1478144425249,6.4426256317894595,3450,102
1763002878807,1763002878887,80,657.1478144425249,6.4426256317894595,3451,102
1763002878839,1763002878917,78,657.1478144425249,6.4426256317894595,3452,102
1763002878871,1763002878949,78,668.8593646673647,6.557444751640831,3453,102
1763002878902,1763002878981,79,668.8593646673647,6.557444751640831,3454,102
1763002878933,1763002879012,79,668.8593646673647,6.557444751640831,3455,102
1763002878965,1763002879043,78,668.8593646673647,6.557444751640831,3456,102
1763002878997,1763002879075,78,668.8593646673647,6.557444751640831,3457,102
1763002879028,1763002879107,79,668.8593646673647,6.557444751640831,3458,102
1763002879060,1763002879138,78,657.203194910555,6.44316857755446,3459,102
1763002879092,1763002879170,78,657.203194910555,6.44316857755446,3460,102
1763002879123,1763002879201,78,657.203194910555,6.44316857755446,3461,102
1763002879155,1763002879232,77,657.203194910555,6.44316857755446,3462,102
1763002879186,1763002879265,79,657.203194910555,6.44316857755446,3463,102
1763002879217,1763002879296,79,657.203194910555,6.44316857755446,3464,102
1763002879250,1763002879328,78,657.203194910555,6.44316857755446,3465,102
1763002879281,1763002879359,78,668.8465399538912,6.557319019155796,3466,102
1763002879313,1763002879390,77,668.8465399538912,6.557319019155796,3467,102
1763002879344,1763002879421,77,668.8465399538912,6.557319019155796,3468,102
1763002879375,1763002879453,78,668.8465399538912,6.557319019155796,3469,102
1763002879407,1763002879485,78,668.8465399538912,6.557319019155796,3470,102
1763002879438,1763002879516,78,668.8465399538912,6.557319019155796,3471,102
1763002879470,1763002879548,78,657.1929992633435,6.443068620228858,3472,102
1763002879501,1763002879579,78,657.1929992633435,6.443068620228858,3473,102
1763002879533,1763002879612,79,657.1929992633435,6.443068620228858,3474,102
1763002879564,1763002879643,79,657.1929992633435,6.443068620228858,3475,102
1763002879597,1763002879676,79,657.1929992633435,6.443068620228858,3476,102
1763002879628,1763002879708,80,657.1929992633435,6.443068620228858,3477,102
1763002879660,1763002879739,79,657.1929992633435,6.443068620228858,3478,102
1763002879693,1763002879771,78,668.9520484158314,6.558353415841484,3479,102
1763002879724,1763002879803,79,668.9520484158314,6.558353415841484,3480,102
1763002879756,1763002879835,79,668.9520484158314,6.558353415841484,3481,102
1763002879788,1763002879866,78,668.9520484158314,6.558353415841484,3482,102
1763002879820,1763002879898,78,668.9520484158314,6.558353415841484,3483,102
1763002879852,1763002879930,78,668.9520484158314,6.558353415841484,3484,102
1763002879883,1763002879960,77,657.276878490586,6.44389096559398,3485,102
1763002879915,1763002879991,76,657.276878490586,6.44389096559398,3486,102
1763002879945,1763002880022,77,657.276878490586,6.44389096559398,3487,102
1763002879976,1763002880054,78,657.276878490586,6.44389096559398,3488,102
1763002880007,1763002880086,79,657.276878490586,6.44389096559398,3489,102
1763002880039,1763002880118,79,657.276878490586,6.44389096559398,3490,102
1763002880071,1763002880149,78,657.276878490586,6.44389096559398,3491,102
1763002880103,1763002880181,78,668.9051184000159,6.557893317647213,3492,102
1763002880134,1763002880213,79,668.9051184000159,6.557893317647213,3493,102
1763002880166,1763002880245,79,668.9051184000159,6.557893317647213,3494,102
1763002880198,1763002880276,78,668.9051184000159,6.557893317647213,3495,102
1763002880230,1763002880307,77,668.9051184000159,6.557893317647213,3496,102
1763002880261,1763002880338,77,668.9051184000159,6.557893317647213,3497,102
1763002880293,1763002880370,77,657.2395691280126,6.443525187529534,3498,102
1763002880323,1763002880401,78,657.2395691280126,6.443525187529534,3499,102
1763002880354,1763002880432,78,657.2395691280126,6.443525187529534,3500,102
1763002880386,1763002880462,76,657.2395691280126,6.443525187529534,3501,102
1763002880417,1763002880495,78,657.2395691280126,6.443525187529534,3502,102
1763002880448,1763002880526,78,657.2395691280126,6.443525187529534,3503,102
1763002880480,1763002880558,78,657.2395691280126,6.443525187529534,3504,102
1763002880510,1763002880590,80,668.818697025898,6.557046049273509,3505,102
1763002880543,1763002880621,78,668.818697025898,6.557046049273509,3506,102
1763002880575,1763002880653,78,668.818697025898,6.557046049273509,3507,102
1763002880606,1763002880685,79,668.818697025898,6.557046049273509,3508,102
1763002880638,1763002880717,79,668.818697025898,6.557046049273509,3509,102
1763002880670,1763002880750,80,668.818697025898,6.557046049273509,3510,102
1763002880703,1763002880781,78,657.0572267415371,6.441737517073893,3511,102
1763002880734,1763002880814,80,657.0572267415371,6.441737517073893,3512,102
1763002880766,1763002880846,80,657.0572267415371,6.441737517073893,3513,102
1763002880799,1763002880877,78,657.0572267415371,6.441737517073893,3514,102
1763002880831,1763002880908,77,657.0572267415371,6.441737517073893,3515,102
1763002880862,1763002880941,79,657.0572267415371,6.441737517073893,3516,102
1763002880893,1763002880973,80,657.0572267415371,6.441737517073893,3517,102
1763002880926,1763002881005,79,668.9013235792974,6.557856113522523,3518,102
1763002880957,1763002881037,80,668.9013235792974,6.557856113522523,3519,102
1763002880990,1763002881068,78,668.9013235792974,6.557856113522523,3520,102
1763002881022,1763002881100,78,668.9013235792974,6.557856113522523,3521,102
1763002881054,1763002881132,78,668.9013235792974,6.557856113522523,3522,102
1763002881086,1763002881166,80,668.9013235792974,6.557856113522523,3523,102
1763002881118,1763002881194,76,657.2365522455414,6.443495610250406,3524,102
1763002881148,1763002881226,78,657.2365522455414,6.443495610250406,3525,102
1763002881180,1763002881259,79,657.2365522455414,6.443495610250406,3526,102
1763002881211,1763002881290,79,657.2365522455414,6.443495610250406,3527,102
1763002881244,1763002881321,77,657.2365522455414,6.443495610250406,3528,102
1763002881275,1763002881353,78,657.2365522455414,6.443495610250406,3529,102
1763002881306,1763002881385,79,657.2365522455414,6.443495610250406,3530,102
1763002881338,1763002881418,80,669.0433493784687,6.559248523318321,3531,102
1763002881371,1763002881449,78,669.0433493784687,6.559248523318321,3532,102
1763002881402,1763002881480,78,669.0433493784687,6.559248523318321,3533,102
1763002881434,1763002881512,78,669.0433493784687,6.559248523318321,3534,102
1763002881466,1763002881542,76,669.0433493784687,6.559248523318321,3535,102
1763002881497,1763002881574,77,669.0433493784687,6.559248523318321,3536,102
1763002881527,1763002881605,78,657.4635494546396,6.445721073084702,3537,102
1763002881559,1763002881636,77,657.4635494546396,6.445721073084702,3538,102
1763002881590,1763002881668,78,657.4635494546396,6.445721073084702,3539,102
1763002881621,1763002881700,79,657.4635494546396,6.445721073084702,3540,102
1763002881653,1763002881730,77,657.4635494546396,6.445721073084702,3541,102
1763002881685,1763002881761,76,657.4635494546396,6.445721073084702,3542,102
1763002881715,1763002881793,78,657.4635494546396,6.445721073084702,3543,102
1763002881746,1763002881824,78,668.9404489153478,6.558239695248507,3544,102
1763002881778,1763002881855,77,668.9404489153478,6.558239695248507,3545,102
1763002881809,1763002881887,78,668.9404489153478,6.558239695248507,3546,102
1763002881840,1763002881918,78,668.9404489153478,6.558239695248507,3547,102
1763002881872,1763002881948,76,668.9404489153478,6.558239695248507,3548,102
1763002881903,1763002881980,77,668.9404489153478,6.558239695248507,3549,102
1763002881933,1763002882011,78,657.3815377855323,6.44491703711306,3550,102
1763002881965,1763002882042,77,657.3815377855323,6.44491703711306,3551,102
1763002881996,1763002882074,78,657.3815377855323,6.44491703711306,3552,102
1763002882027,1763002882104,77,657.3815377855323,6.44491703711306,3553,102
1763002882059,1763002882136,77,657.3815377855323,6.44491703711306,3554,102
1763002882089,1763002882168,79,657.3815377855323,6.44491703711306,3555,102
1763002882121,1763002882200,79,657.3815377855323,6.44491703711306,3556,102
1763002882153,1763002882231,78,668.9317040772837,6.558153961541996,3557,102
1763002882185,1763002882262,77,668.9317040772837,6.558153961541996,3558,102
1763002882216,1763002882294,78,668.9317040772837,6.558153961541996,3559,102
1763002882247,1763002882324,77,668.9317040772837,6.558153961541996,3560,102
1763002882278,1763002882356,78,668.9317040772837,6.558153961541996,3561,102
1763002882309,1763002882387,78,668.9317040772837,6.558153961541996,3562,102
1763002882341,1763002882418,77,657.3745681495951,6.444848707348971,3563,102
1763002882372,1763002882450,78,657.3745681495951,6.444848707348971,3564,102
1763002882403,1763002882481,78,657.3745681495951,6.444848707348971,3565,102
1763002882435,1763002882513,78,657.3745681495951,6.444848707348971,3566,102
1763002882466,1763002882545,79,657.3745681495951,6.444848707348971,3567,102
1763002882498,1763002882577,79,657.3745681495951,6.444848707348971,3568,102
1763002882530,1763002882608,78,657.3745681495951,6.444848707348971,3569,102
1763002882562,1763002882640,78,669.0394071107785,6.559209873635083,3570,102
1763002882593,1763002882672,79,669.0394071107785,6.559209873635083,3571,102
1763002882625,1763002882703,78,669.0394071107785,6.559209873635083,3572,102
1763002882657,1763002882733,76,669.0394071107785,6.559209873635083,3573,102
1763002882687,1763002882765,78,669.0394071107785,6.559209873635083,3574,102
1763002882719,1763002882801,82,669.0394071107785,6.559209873635083,3575,102
1763002882750,1763002882829,79,657.3463286530689,6.444571849539891,3576,102
1763002882786,1763002882860,74,657.3463286530689,6.444571849539891,3577,102
1763002882814,1763002882891,77,657.3463286530689,6.444571849539891,3578,102
1763002882845,1763002882923,78,657.3463286530689,6.444571849539891,3579,102
1763002882876,1763002882954,78,657.3463286530689,6.444571849539891,3580,102
1763002882908,1763002882986,78,657.3463286530689,6.444571849539891,3581,102
1763002882939,1763002883017,78,657.3463286530689,6.444571849539891,3582,102
1763002882971,1763002883049,78,668.9036776078428,6.557879192233753,3583,102
1763002883002,1763002883080,78,668.9036776078428,6.557879192233753,3584,102
1763002883034,1763002883112,78,668.9036776078428,6.557879192233753,3585,102
1763002883065,1763002883144,79,668.9036776078428,6.557879192233753,3586,102
1763002883097,1763002883176,79,668.9036776078428,6.557879192233753,3587,102
1763002883129,1763002883208,79,668.9036776078428,6.557879192233753,3588,102
1763002883161,1763002883239,78,657.1815200206272,6.4429560786336,3589,102
1763002883193,1763002883270,77,657.1815200206272,6.4429560786336,3590,102
1763002883224,1763002883302,78,657.1815200206272,6.4429560786336,3591,102
1763002883255,1763002883332,77,657.1815200206272,6.4429560786336,3592,102
1763002883287,1763002883364,77,657.1815200206272,6.4429560786336,3593,102
1763002883317,1763002883396,79,657.1815200206272,6.4429560786336,3594,102
1763002883349,1763002883427,78,657.1815200206272,6.4429560786336,3595,102
1763002883381,1763002883459,78,668.8293084163986,6.5571500825137115,3596,102
1763002883412,1763002883491,79,668.8293084163986,6.5571500825137115,3597,102
1763002883445,1763002883522,77,668.8293084163986,6.5571500825137115,3598,102
1763002883476,1763002883554,78,668.8293084163986,6.5571500825137115,3599,102