1763008558041,1763008558273,232,0,0,1,10012
1763008558101,1763008558311,210,0,0,2,10012
1763008558163,1763008558374,211,0,0,3,10012
1763008558225,1763008558434,209,0,0,4,10012
1763008558287,1763008558497,210,8009.6,0.8,5,10012
1763008558350,1763008558559,209,8009.6,0.8,6,10012
1763008558413,1763008558621,208,8009.6,0.8,7,10012
1763008558475,1763008558684,209,12502.9856,1.2488000000000001,8,10012
1763008558537,1763008558749,212,12502.9856,1.2488000000000001,9,10012
1763008558599,1763008558811,212,12502.9856,1.2488000000000001,10,10012
1763008558663,1763008558874,211,16079.7205376,1.6060448,11,10012
1763008558727,1763008558937,210,16079.7205376,1.6060448,12,10012
1763008558790,1763008559001,211,16079.7205376,1.6060448,13,10012
1763008558852,1763008559065,213,16079.7205376,1.6060448,14,10012
1763008558916,1763008559127,211,21065.1226657792,2.1039874816,15,10012
1763008558980,1763008559190,210,21065.1226657792,2.1039874816,16,10012
1763008559045,1763008559252,207,21065.1226657792,2.1039874816,17,10012
1763008559106,1763008559316,210,22886.210764626023,2.2858780228352,18,10012
1763008559168,1763008559379,211,22886.210764626023,2.2858780228352,19,10012
1763008559231,1763008559442,211,22886.210764626023,2.2858780228352,20,10012
1763008559294,1763008559506,212,24359.06734711306,2.4329871501311486,21,10012
1763008559358,1763008559569,211,24359.06734711306,2.4329871501311486,22,10012
1763008559421,1763008559631,210,24359.06734711306,2.4329871501311486,23,10012
1763008559484,1763008559693,209,25517.161608301998,2.548657771504394,24,10012
1763008559548,1763008559756,208,25517.161608301998,2.548657771504394,25,10012
1763008559609,1763008559819,210,25517.161608301998,2.548657771504394,26,10012
1763008559672,1763008559883,211,25517.161608301998,2.548657771504394,27,10012
1763008559735,1763008559945,210,28495.983478600087,2.846182928345993,28,10012
1763008559798,1763008560009,211,28495.983478600087,2.846182928345993,29,10012
1763008559861,1763008560070,209,28495.983478600087,2.846182928345993,30,10012
1763008559924,1763008560133,209,28807.06681592287,2.8772539768201026,31,10012
1763008559987,1763008560196,209,28807.06681592287,2.8772539768201026,32,10012
1763008560049,1763008560260,211,28807.06681592287,2.8772539768201026,33,10012
1763008560112,1763008560324,212,29061.455985026834,2.9026624036183413,34,10012
1763008560175,1763008560387,212,29061.455985026834,2.9026624036183413,35,10012
1763008560239,1763008560450,211,29061.455985026834,2.9026624036183413,36,10012
1763008560305,1763008560513,208,29260.26296408136,2.9225192732801997,37,10012
1763008560366,1763008560576,210,29260.26296408136,2.9225192732801997,38,10012
1763008560429,1763008560638,209,29260.26296408136,2.9225192732801997,39,10012
1763008560492,1763008560702,210,29260.26296408136,2.9225192732801997,40,10012
1763008560553,1763008560766,213,31482.5367934806,3.1444803029844786,41,10012
1763008560617,1763008560828,211,31482.5367934806,3.1444803029844786,42,10012
1763008560681,1763008560891,210,31482.5367934806,3.1444803029844786,43,10012
1763008560743,1763008560954,211,31187.44328761056,3.115006321175645,44,10012
1763008560806,1763008561016,210,31187.44328761056,3.115006321175645,45,10012
1763008560870,1763008561078,208,31187.44328761056,3.115006321175645,46,10012
1763008560932,1763008561142,210,30952.548856938007,3.0915450316558135,47,10012
1763008560994,1763008561206,212,30952.548856938007,3.0915450316558135,48,10012
1763008561056,1763008561269,213,30952.548856938007,3.0915450316558135,49,10012
1763008561120,1763008561331,211,30765.572890122654,3.0728698451980274,50,10012
1763008561184,1763008561393,209,30765.572890122654,3.0728698451980274,51,10012
1763008561247,1763008561456,209,30765.572890122654,3.0728698451980274,52,10012
1763008561310,1763008561520,210,30765.572890122654,3.0728698451980274,53,10012
1763008561371,1763008561584,213,32677.75287475739,3.263858657087234,54,10012
1763008561435,1763008561647,212,32677.75287475739,3.263858657087234,55,10012
1763008561498,1763008561711,213,32677.75287475739,3.263858657087234,56,10012
1763008561562,1763008561774,212,32133.551782557366,3.209503773727264,57,10012
1763008561625,1763008561837,212,32133.551782557366,3.209503773727264,58,10012
1763008561689,1763008561898,209,32133.551782557366,3.209503773727264,59,10012
1763008561751,1763008561960,209,31709.84632248078,3.1671840114343563,60,10012
1763008561814,1763008562021,207,31709.84632248078,3.1671840114343563,61,10012
1763008561876,1763008562084,208,31709.84632248078,3.1671840114343563,62,10012
1763008561938,1763008562146,208,31370.05551901718,3.133245657113182,63,10012
1763008562001,1763008562209,208,31370.05551901718,3.133245657113182,64,10012
1763008562062,1763008562271,209,31370.05551901718,3.133245657113182,65,10012
1763008562126,1763008562334,208,31370.05551901718,3.133245657113182,66,10012
1763008562188,1763008562397,209,33131.678248656695,3.3091967887192064,67,10012
1763008562249,1763008562461,212,33131.678248656695,3.3091967887192064,68,10012
1763008562313,1763008562523,210,33131.678248656695,3.3091967887192064,69,10012
1763008562376,1763008562586,210,32500.15988593073,3.2461206438204884,70,10012
1763008562443,1763008562649,206,32500.15988593073,3.2461206438204884,71,10012
1763008562501,1763008562713,212,32500.15988593073,3.2461206438204884,72,10012
1763008562563,1763008562777,214,31992.542949429,3.195419791193468,73,10012
1763008562627,1763008562839,212,31992.542949429,3.195419791193468,74,10012
1763008562691,1763008562900,209,31992.542949429,3.195419791193468,75,10012
1763008562755,1763008562964,209,31595.364730694913,3.155749573581194,76,10012
1763008562817,1763008563026,209,31595.364730694913,3.155749573581194,77,10012
1763008562878,1763008563087,209,31595.364730694913,3.155749573581194,78,10012
1763008562942,1763008563151,209,31595.364730694913,3.155749573581194,79,10012
1763008563004,1763008563214,210,33319.70232563315,3.3279766605706302,80,10012
1763008563066,1763008563276,210,33319.70232563315,3.3279766605706302,81,10012
1763008563130,1763008563340,210,33319.70232563315,3.3279766605706302,82,10012
1763008563193,1763008563403,210,32646.543348878356,3.260741445153651,83,10012
1763008563255,1763008563466,211,32646.543348878356,3.260741445153651,84,10012
1763008563319,1763008563530,211,32646.543348878356,3.260741445153651,85,10012
1763008563383,1763008563593,210,32111.381962358293,3.2072894488971526,86,10012
1763008563445,1763008563655,210,32111.381962358293,3.2072894488971526,87,10012
1763008563509,1763008563718,209,32111.381962358293,3.2072894488971526,88,10012
1763008563572,1763008563780,208,31692.154805961916,3.165416980219928,89,10012
1763008563634,1763008563843,209,31692.154805961916,3.165416980219928,90,10012
1763008563696,1763008563905,209,31692.154805961916,3.165416980219928,91,10012
1763008563759,1763008563968,209,31692.154805961916,3.165416980219928,92,10012
1763008563821,1763008564031,210,33396.74722554569,3.3356719162550625,93,10012
1763008563884,1763008564094,210,33396.74722554569,3.3356719162550625,94,10012
1763008563946,1763008564158,212,33396.74722554569,3.3356719162550625,95,10012
1763008564010,1763008564222,212,32701.07254985773,3.2661878295902644,96,10012
1763008564073,1763008564284,211,32701.07254985773,3.2661878295902644,97,10012
1763008564137,1763008564347,210,32701.07254985773,3.2661878295902644,98,10012
1763008564200,1763008564411,211,32157.397749686752,3.2118855123538506,99,10012
1763008564263,1763008564473,210,32157.397749686752,3.2118855123538506,100,10012
1763008564326,1763008564537,211,32157.397749686752,3.2118855123538506,101,10012
1763008564389,1763008564601,212,31716.147017751908,3.1678133257842496,102,10012
1763008564452,1763008564664,212,31716.147017751908,3.1678133257842496,103,10012
1763008564516,1763008564727,211,31716.147017751908,3.1678133257842496,104,10012
1763008564580,1763008564789,209,31716.147017751908,3.1678133257842496,105,10012
1763008564643,1763008564852,209,33399.18132016602,3.335915033975831,106,10012
1763008564705,1763008564915,210,33399.18132016602,3.335915033975831,107,10012
1763008564767,1763008564976,209,33399.18132016602,3.335915033975831,108,10012
1763008564831,1763008565039,208,32713.092330852152,3.2673883670447617,109,10012
1763008564893,1763008565103,210,32713.092330852152,3.2673883670447617,110,10012
1763008564955,1763008565164,209,32713.092330852152,3.2673883670447617,111,10012
1763008565019,1763008565227,208,32169.642587689166,3.213108528534675,112,10012
1763008565081,1763008565291,210,32169.642587689166,3.213108528534675,113,10012
1763008565143,1763008565353,210,32169.642587689166,3.213108528534675,114,10012
1763008565206,1763008565416,210,31732.24585721289,3.169421280185067,115,10012
1763008565270,1763008565478,208,31732.24585721289,3.169421280185067,116,10012
1763008565332,1763008565541,209,31732.24585721289,3.169421280185067,117,10012
1763008565394,1763008565602,208,31732.24585721289,3.169421280185067,118,10012
1763008565457,1763008565665,208,33403.7124399131,3.3363676028678686,119,10012
1763008565518,1763008565726,208,33403.7124399131,3.3363676028678686,120,10012
1763008565580,1763008565788,208,33403.7124399131,3.3363676028678686,121,10012
1763008565643,1763008565851,208,32723.434527050653,3.2684213470885592,122,10012
1763008565705,1763008565914,209,32723.434527050653,3.2684213470885592,123,10012
1763008565767,1763008565976,209,32723.434527050653,3.2684213470885592,124,10012
1763008565830,1763008566038,208,32177.88531805937,3.2139318136295816,125,10012
1763008565892,1763008566100,208,32177.88531805937,3.2139318136295816,126,10012
1763008565954,1763008566162,208,32177.88531805937,3.2139318136295816,127,10012
1763008566017,1763008566225,208,31743.082598493318,3.1705036554627766,128,10012
1763008566078,1763008566287,209,31743.082598493318,3.1705036554627766,129,10012
1763008566141,1763008566350,209,31743.082598493318,3.1705036554627766,130,10012
1763008566203,1763008566412,209,31743.082598493318,3.1705036554627766,131,10012
1763008566266,1763008566476,210,33428.98083099917,3.3388914134038328,132,10012
1763008566328,1763008566539,211,33428.98083099917,3.3388914134038328,133,10012
1763008566390,1763008566601,211,33428.98083099917,3.3388914134038328,134,10012
1763008566454,1763008566663,209,32740.20572230634,3.2700964564828547,135,10012
1763008566517,1763008566728,211,32740.20572230634,3.2700964564828547,136,10012
1763008566579,1763008566789,210,32740.20572230634,3.2700964564828547,137,10012
1763008566642,1763008566851,209,32188.547754955845,3.2149967793603524,138,10012
1763008566705,1763008566914,209,32188.547754955845,3.2149967793603524,139,10012
1763008566767,1763008566976,209,32188.547754955845,3.2149967793603524,140,10012
1763008566829,1763008567038,209,31751.580560699807,3.1713524331502008,141,10012
1763008566891,1763008567101,210,31751.580560699807,3.1713524331502008,142,10012
1763008566954,1763008567162,208,31751.580560699807,3.1713524331502008,143,10012
1763008567016,1763008567223,207,31751.580560699807,3.1713524331502008,144,10012
1763008567078,1763008567285,207,33410.86444855985,3.3370819465201604,145,10012
1763008567140,1763008567348,208,33410.86444855985,3.3370819465201604,146,10012
1763008567202,1763008567410,208,33410.86444855985,3.3370819465201604,147,10012
1763008567263,1763008567473,210,32725.7669655022,3.268654311376568,148,10012
1763008567326,1763008567536,210,32725.7669655022,3.268654311376568,149,10012
1763008567388,1763008567599,211,32725.7669655022,3.268654311376568,150,10012
1763008567451,1763008567662,211,32177.054504539752,3.213848831855748,151,10012
1763008567514,1763008567723,209,32177.054504539752,3.213848831855748,152,10012
1763008567578,1763008567786,208,32177.054504539752,3.213848831855748,153,10012
1763008567641,1763008567849,208,31742.42044011818,3.170437518989031,154,10012
1763008567704,1763008567912,208,31742.42044011818,3.170437518989031,155,10012
1763008567765,1763008567975,210,31742.42044011818,3.170437518989031,156,10012
1763008567828,1763008568037,209,31742.42044011818,3.170437518989031,157,10012
1763008567890,1763008568100,210,33445.064249893956,3.3404978275962796,158,10012
1763008567954,1763008568161,207,33445.064249893956,3.3404978275962796,159,10012
1763008568016,1763008568223,207,33445.064249893956,3.3404978275962796,160,10012
1763008568078,1763008568287,209,32753.024207165483,3.271376768594235,161,10012
1763008568140,1763008568351,211,32753.024207165483,3.271376768594235,162,10012
1763008568202,1763008568412,210,32753.024207165483,3.271376768594235,163,10012
1763008568266,1763008568474,208,32201.46829311089,3.216287284569605,164,10012
1763008568329,1763008568536,207,32201.46829311089,3.216287284569605,165,10012
1763008568390,1763008568599,209,32201.46829311089,3.216287284569605,166,10012
1763008568453,1763008568662,209,31761.87822960938,3.1723809658019753,167,10012
1763008568515,1763008568724,209,31761.87822960938,3.1723809658019753,168,10012
1763008568577,1763008568787,210,31761.87822960938,3.1723809658019753,169,10012
1763008568640,1763008568849,209,31761.87822960938,3.1723809658019753,170,10012
1763008568703,1763008568912,209,33435.674827228286,3.339560010709976,171,10012
1763008568765,1763008568974,209,33435.674827228286,3.339560010709976,172,10012
1763008568827,1763008569036,209,33435.674827228286,3.339560010709976,173,10012
1763008568891,1763008569098,207,32745.540837300945,3.270629328535851,174,10012
1763008568952,1763008569161,209,32745.540837300945,3.270629328535851,175,10012
1763008569015,1763008569225,210,32745.540837300945,3.270629328535851,176,10012
1763008569077,1763008569288,211,32192.79450649155,3.2154209455145373,177,10012
1763008569140,1763008569350,210,32192.79450649155,3.2154209455145373,178,10012
1763008569204,1763008569412,208,32192.79450649155,3.2154209455145373,179,10012
1763008569265,1763008569475,210,31750.65163266078,3.171259651684057,180,10012
1763008569327,1763008569539,212,31750.65163266078,3.171259651684057,181,10012
1763008569391,1763008569601,210,31750.65163266078,3.171259651684057,182,10012
1763008569454,1763008569663,209,31750.65163266078,3.171259651684057,183,10012
1763008569517,1763008569725,208,33426.7160028633,3.3386652020438774,184,10012
1763008569579,1763008569787,208,33426.7160028633,3.3386652020438774,185,10012
1763008569641,1763008569848,207,33426.7160028633,3.3386652020438774,186,10012
1763008569702,1763008569911,209,32745.182086287776,3.270593496433058,187,10012
1763008569765,1763008569973,208,32745.182086287776,3.270593496433058,188,10012
1763008569826,1763008570035,209,32745.182086287776,3.270593496433058,189,10012
1763008569889,1763008570099,210,32192.50894068507,3.215392423160714,190,10012
1763008569950,1763008570162,212,32192.50894068507,3.215392423160714,191,10012
1763008570014,1763008570224,210,32192.50894068507,3.215392423160714,192,10012
1763008570077,1763008570288,211,31752.581116785317,3.1714523688359284,193,10012
1763008570140,1763008570349,209,31752.581116785317,3.1714523688359284,194,10012
1763008570203,1763008570411,208,31752.581116785317,3.1714523688359284,195,10012
1763008570266,1763008570474,208,31752.581116785317,3.1714523688359284,196,10012
1763008570328,1763008570538,210,33436.551150077896,3.339647537962235,197,10012
1763008570390,1763008570599,209,33436.551150077896,3.339647537962235,198,10012
1763008570453,1763008570662,209,33436.551150077896,3.339647537962235,199,10012
1763008570516,1763008570725,209,32746.239266612083,3.2706990877559012,200,10012
1763008570578,1763008570786,208,32746.239266612083,3.2706990877559012,201,10012
1763008570641,1763008570849,208,32746.239266612083,3.2706990877559012,202,10012
1763008570703,1763008570912,209,32196.060695489832,3.215747172941453,203,10012
1763008570765,1763008570976,211,32196.060695489832,3.215747172941453,204,10012
1763008570827,1763008571040,213,32196.060695489832,3.215747172941453,205,10012
1763008570891,1763008571103,212,31748.928131523437,3.1710875081425725,206,10012
1763008570955,1763008571166,211,31748.928131523437,3.1710875081425725,207,10012
1763008571019,1763008571229,210,31748.928131523437,3.1710875081425725,208,10012
1763008571082,1763008571292,210,31748.928131523437,3.1710875081425725,209,10012
1763008571145,1763008571355,210,33441.93879269266,3.340185656481488,210,10012
1763008571208,1763008571418,210,33441.93879269266,3.340185656481488,211,10012
1763008571272,1763008571480,208,33441.93879269266,3.340185656481488,212,10012
1763008571336,1763008571543,207,32747.127278983357,3.2707877825592644,213,10012
1763008571396,1763008571607,211,32747.127278983357,3.2707877825592644,214,10012
1763008571458,1763008571669,211,32747.127278983357,3.2707877825592644,215,10012
1763008571521,1763008571732,211,32191.34618679177,3.215276287134615,216,10012
1763008571585,1763008571796,211,32191.34618679177,3.215276287134615,217,10012
1763008571648,1763008571859,211,32191.34618679177,3.215276287134615,218,10012
1763008571710,1763008571922,212,31747.344872312664,3.1709293719848843,219,10012
1763008571774,1763008571985,211,31747.344872312664,3.1709293719848843,220,10012
1763008571838,1763008572049,211,31747.344872312664,3.1709293719848843,221,10012
1763008571900,1763008572113,213,31747.344872312664,3.1709293719848843,222,10012
1763008571963,1763008572177,214,33465.58048374394,3.342546991984013,223,10012
1763008572027,1763008572240,213,33465.58048374394,3.342546991984013,224,10012
1763008572091,1763008572303,212,33465.58048374394,3.342546991984013,225,10012
1763008572155,1763008572364,209,32769.37564554392,3.2730099526112584,226,10012
1763008572218,1763008572427,209,32769.37564554392,3.2730099526112584,227,10012
1763008572281,1763008572490,209,32769.37564554392,3.2730099526112584,228,10012
1763008572343,1763008572550,207,32214.500389498506,3.217588932231173,229,10012
1763008572406,1763008572613,207,32214.500389498506,3.217588932231173,230,10012
1763008572468,1763008572676,208,32214.500389498506,3.217588932231173,231,10012
1763008572529,1763008572738,209,31770.08631004081,3.1732007900560135,232,10012
1763008572592,1763008572801,209,31770.08631004081,3.1732007900560135,233,10012
1763008572654,1763008572864,210,31770.08631004081,3.1732007900560135,234,10012
1763008572717,1763008572926,209,31770.08631004081,3.1732007900560135,235,10012
1763008572779,1763008572990,211,33450.502789102524,3.341041029674643,236,10012
1763008572842,1763008573052,210,33450.502789102524,3.341041029674643,237,10012
1763008572907,1763008573114,207,33450.502789102524,3.341041029674643,238,10012
1763008572968,1763008573176,208,32760.773225703815,3.272150741680365,239,10012
1763008573030,1763008573238,208,32760.773225703815,3.272150741680365,240,10012
1763008573093,1763008573299,206,32760.773225703815,3.272150741680365,241,10012
1763008573154,1763008573362,208,32210.369034111645,3.2171762918609312,242,10012
1763008573216,1763008573424,208,32210.369034111645,3.2171762918609312,243,10012
1763008573277,1763008573487,210,32210.369034111645,3.2171762918609312,244,10012
1763008573340,1763008573550,210,31766.79775115287,3.172872328321301,245,10012
1763008573403,1763008573613,210,31766.79775115287,3.172872328321301,246,10012
1763008573466,1763008573676,210,31766.79775115287,3.172872328321301,247,10012
1763008573528,1763008573739,211,31766.79775115287,3.172872328321301,248,10012
1763008573592,1763008573801,209,33447.88180766884,3.340779245672077,249,10012
1763008573654,1763008573863,209,33447.88180766884,3.340779245672077,250,10012
1763008573717,1763008573926,209,33447.88180766884,3.340779245672077,251,10012
1763008573778,1763008573989,211,32751.857918904396,3.2712602795549732,252,10012
1763008573842,1763008574053,211,32751.857918904396,3.2712602795549732,253,10012
1763008573904,1763008574117,213,32751.857918904396,3.2712602795549732,254,10012
1763008573968,1763008574178,210,32195.107045528996,3.2156519222462037,255,10012
1763008574031,1763008574241,210,32195.107045528996,3.2156519222462037,256,10012
1763008574095,1763008574303,208,32195.107045528996,3.2156519222462037,257,10012
1763008574156,1763008574366,210,31754.64920824108,3.171658930107978,258,10012
1763008574219,1763008574429,210,31754.64920824108,3.171658930107978,259,10012
1763008574282,1763008574491,209,31754.64920824108,3.171658930107978,260,10012
1763008574344,1763008574553,209,31754.64920824108,3.171658930107978,261,10012
1763008574408,1763008574618,210,33446.4927697599,3.3406405083659507,262,10012
1763008574470,1763008574681,211,33446.4927697599,3.3406405083659507,263,10012
1763008574532,1763008574743,211,33446.4927697599,3.3406405083659507,264,10012
1763008574596,1763008574807,211,32743.931259189358,3.2704685636425648,265,10012
1763008574660,1763008574871,211,32743.931259189358,3.2704685636425648,266,10012
1763008574722,1763008574933,211,32743.931259189358,3.2704685636425648,267,10012
1763008574786,1763008574996,210,32188.80535105554,3.215022508095839,268,10012
1763008574850,1763008575059,209,32188.80535105554,3.215022508095839,269,10012
1763008574912,1763008575122,210,32188.80535105554,3.215022508095839,270,10012
1763008574975,1763008575185,210,31749.63305944021,3.171157916444288,271,10012
1763008575038,1763008575248,210,31749.63305944021,3.171157916444288,272,10012
1763008575102,1763008575311,209,31749.63305944021,3.171157916444288,273,10012
1763008575163,1763008575373,210,31749.63305944021,3.171157916444288,274,10012
1763008575227,1763008575437,210,33442.49991531441,3.3402417014896533,275,10012
1763008575289,1763008575500,211,33442.49991531441,3.3402417014896533,276,10012
1763008575352,1763008575562,210,33442.49991531441,3.3402417014896533,277,10012
1763008575416,1763008575625,209,32744.167432674956,3.2704921526842745,278,10012
1763008575478,1763008575688,210,32744.167432674956,3.2704921526842745,279,10012
1763008575541,1763008575750,209,32744.167432674956,3.2704921526842745,280,10012
1763008575604,1763008575812,208,32194.40944384194,3.2155822456893666,281,10012
1763008575666,1763008575875,209,32194.40944384194,3.2155822456893666,282,10012
1763008575729,1763008575939,210,32194.40944384194,3.2155822456893666,283,10012
1763008575791,1763008576000,209,31758.41073618587,3.1720346320601145,284,10012
1763008575854,1763008576063,209,31758.41073618587,3.1720346320601145,285,10012
1763008575916,1763008576125,209,31758.41073618587,3.1720346320601145,286,10012
1763008575978,1763008576188,210,31758.41073618587,3.1720346320601145,287,10012
1763008576041,1763008576250,209,33449.486946003955,3.340939567119851,288,10012
1763008576104,1763008576312,208,33449.486946003955,3.340939567119851,289,10012
1763008576166,1763008576375,209,33449.486946003955,3.340939567119851,290,10012
1763008576228,1763008576437,209,32756.54909596515,3.2717288349945215,291,10012
1763008576292,1763008576501,209,32756.54909596515,3.2717288349945215,292,10012
1763008576353,1763008576563,210,32756.54909596515,3.2717288349945215,293,10012
1763008576416,1763008576627,211,32198.836531292294,3.216024423820645,294,10012
1763008576480,1763008576689,209,32198.836531292294,3.216024423820645,295,10012
1763008576541,1763008576751,210,32198.836531292294,3.216024423820645,296,10012
1763008576605,1763008576814,209,31759.78071543996,3.1721714657850537,297,10012
1763008576667,1763008576877,210,31759.78071543996,3.1721714657850537,298,10012
1763008576730,1763008576939,209,31759.78071543996,3.1721714657850537,299,10012
1763008576793,1763008577001,208,31759.78071543996,3.1721714657850537,300,10012
1763008576856,1763008577065,209,33450.57744949021,3.341048486764903,301,10012
1763008576918,1763008577129,211,33450.57744949021,3.341048486764903,302,10012
1763008576980,1763008577192,212,33450.57744949021,3.341048486764903,303,10012
1763008577044,1763008577254,210,32754.003649794206,3.2714745954648627,304,10012
1763008577109,1763008577317,208,32754.003649794206,3.2714745954648627,305,10012
1763008577171,1763008577380,209,32754.003649794206,3.2714745954648627,306,10012
1763008577233,1763008577443,210,32199.530905236188,3.216093777990031,307,10012
1763008577296,1763008577506,210,32199.530905236188,3.216093777990031,308,10012
1763008577359,1763008577569,210,32199.530905236188,3.216093777990031,309,10012
1763008577422,1763008577632,210,31756.00706966277,3.1717945535020746,310,10012
1763008577484,1763008577694,210,31756.00706966277,3.1717945535020746,311,10012
1763008577549,1763008577756,207,31756.00706966277,3.1717945535020746,312,10012
1763008577611,1763008577819,208,31756.00706966277,3.1717945535020746,313,10012
1763008577672,1763008577882,210,33439.28163452123,3.3399202591411536,314,10012
1763008577735,1763008577945,210,33439.28163452123,3.3399202591411536,315,10012
1763008577801,1763008578009,208,33439.28163452123,3.3399202591411536,316,10012
1763008577861,1763008578073,212,32731.399054540812,3.269216845239794,317,10012
1763008577924,1763008578137,213,32731.399054540812,3.269216845239794,318,10012
1763008577989,1763008578201,212,32731.399054540812,3.269216845239794,319,10012
1763008578052,1763008578264,212,32176.146849305405,3.2137581751203963,320,10012
1763008578118,1763008578327,209,32176.146849305405,3.2137581751203963,321,10012
1763008578180,1763008578389,209,32176.146849305405,3.2137581751203963,322,10012
1763008578243,1763008578453,210,31737.416745197796,3.1699377492207153,323,10012
1763008578307,1763008578516,209,31737.416745197796,3.1699377492207153,324,10012
1763008578369,1763008578578,209,31737.416745197796,3.1699377492207153,325,10012
1763008578432,1763008578642,210,31737.416745197796,3.1699377492207153,326,10012
1763008578494,1763008578706,212,33441.08631243225,3.3401005106304686,327,10012
1763008578557,1763008578770,213,33441.08631243225,3.3401005106304686,328,10012
1763008578622,1763008578833,211,33441.08631243225,3.3401005106304686,329,10012
1763008578685,1763008578897,212,32736.233445758775,3.2696997049299616,330,10012
1763008578748,1763008578961,213,32736.233445758775,3.2696997049299616,331,10012
1763008578812,1763008579024,212,32736.233445758775,3.2696997049299616,332,10012
1763008578876,1763008579088,212,32177.285122486708,3.2138718660094594,333,10012
1763008578939,1763008579152,213,32177.285122486708,3.2138718660094594,334,10012
1763008579003,1763008579215,212,32177.285122486708,3.2138718660094594,335,10012
1763008579068,1763008579278,210,31736.180387254448,3.169814261611511,336,10012
1763008579130,1763008579340,210,31736.180387254448,3.169814261611511,337,10012
1763008579194,1763008579404,210,31736.180387254448,3.169814261611511,338,10012
1763008579256,1763008579468,212,31736.180387254448,3.169814261611511,339,10012
1763008579318,1763008579531,213,33440.10340786729,3.340002337981151,340,10012
1763008579382,1763008579594,212,33440.10340786729,3.340002337981151,341,10012
1763008579446,1763008579656,210,33440.10340786729,3.340002337981151,342,10012
1763008579510,1763008579718,208,32749.07041607023,3.2709818633709773,343,10012
1763008579573,1763008579781,208,32749.07041607023,3.2709818633709773,344,10012
1763008579635,1763008579842,207,32749.07041607023,3.2709818633709773,345,10012
1763008579697,1763008579904,207,32203.74326244011,3.216514508833411,346,10012
1763008579758,1763008579967,209,32203.74326244011,3.216514508833411,347,10012
1763008579820,1763008580029,209,32203.74326244011,3.216514508833411,348,10012
1763008579882,1763008580093,211,31755.020407115007,3.171696005504895,349,10012
1763008579945,1763008580157,212,31755.020407115007,3.171696005504895,350,10012
1763008580008,1763008580219,211,31755.020407115007,3.171696005504895,351,10012
1763008580072,1763008580282,210,31755.020407115007,3.171696005504895,352,10012
1763008580135,1763008580346,211,33455.08122365643,3.3414983243763916,353,10012
1763008580198,1763008580409,211,33455.08122365643,3.3414983243763916,354,10012
1763008580261,1763008580472,211,33455.08122365643,3.3414983243763916,355,10012
1763008580324,1763008580535,211,32757.58865403052,3.2718326662036077,356,10012
1763008580387,1763008580598,211,32757.58865403052,3.2718326662036077,357,10012
1763008580450,1763008580660,210,32757.58865403052,3.2718326662036077,358,10012
1763008580513,1763008580723,210,32202.384568608293,3.2163788022980717,359,10012
1763008580575,1763008580785,210,32202.384568608293,3.2163788022980717,360,10012
1763008580639,1763008580847,208,32202.384568608293,3.2163788022980717,361,10012
1763008580702,1763008580910,208,31760.4421166122,3.172237526629265,362,10012
1763008580763,1763008580974,211,31760.4421166122,3.172237526629265,363,10012
1763008580826,1763008581036,210,31760.4421166122,3.172237526629265,364,10012
1763008580889,1763008581098,209,31760.4421166122,3.172237526629265,365,10012
1763008580952,1763008581159,207,33426.241251173145,3.3386177837767828,366,10012
1763008581013,1763008581223,210,33426.241251173145,3.3386177837767828,367,10012
1763008581075,1763008581287,212,33426.241251173145,3.3386177837767828,368,10012
1763008581138,1763008581350,212,32724.461312180305,3.2685239025349886,369,10012
1763008581202,1763008581413,211,32724.461312180305,3.2685239025349886,370,10012
1763008581267,1763008581474,207,32724.461312180305,3.2685239025349886,371,10012
1763008581329,1763008581538,209,32181.392127119885,3.214282074222921,372,10012
1763008581391,1763008581601,210,32181.392127119885,3.214282074222921,373,10012
1763008581453,1763008581664,211,32181.392127119885,3.214282074222921,374,10012
1763008581516,1763008581726,210,31743.73213318743,3.1705685310814453,375,10012
1763008581579,1763008581789,210,31743.73213318743,3.1705685310814453,376,10012
1763008581641,1763008581853,212,31743.73213318743,3.1705685310814453,377,10012
1763008581704,1763008581914,210,31743.73213318743,3.1705685310814453,378,10012
1763008581767,1763008581977,210,33446.107045884004,3.340601982209749,379,10012
1763008581831,1763008582040,209,33446.107045884004,3.340601982209749,380,10012
1763008581893,1763008582103,210,33446.107045884004,3.340601982209749,381,10012
1763008581956,1763008582166,210,32750.445208523666,3.27111917783896,382,10012
1763008582018,1763008582229,211,32750.445208523666,3.27111917783896,383,10012
1763008582081,1763008582290,209,32750.445208523666,3.27111917783896,384,10012
1763008582144,1763008582354,210,32193.983940776314,3.2155397463819733,385,10012
1763008582207,1763008582417,210,32193.983940776314,3.2155397463819733,386,10012
1763008582269,1763008582479,210,32193.983940776314,3.2155397463819733,387,10012
1763008582333,1763008582542,209,31758.0711847395,3.1720007176128147,388,10012
1763008582396,1763008582604,208,31758.0711847395,3.1720007176128147,389,10012
1763008582458,1763008582668,210,31758.0711847395,3.1720007176128147,390,10012
1763008582520,1763008582731,211,31758.0711847395,3.1720007176128147,391,10012
1763008582583,1763008582793,210,33457.5065918679,3.3417405705021874,392,10012
1763008582646,1763008582855,209,33457.5065918679,3.3417405705021874,393,10012
1763008582710,1763008582918,208,33457.5065918679,3.3417405705021874,394,10012
1763008582771,1763008582981,210,32759.51924712685,3.2720254941197413,395,10012
1763008582834,1763008583044,210,32759.51924712685,3.2720254941197413,396,10012
1763008582897,1763008583109,212,32759.51924712685,3.2720254941197413,397,10012
1763008582960,1763008583171,211,32201.197801465845,3.216260267825194,398,10012
1763008583024,1763008583233,209,32201.197801465845,3.216260267825194,399,10012
1763008583087,1763008583297,210,32201.197801465845,3.216260267825194,400,10012
1763008583150,1763008583359,209,31759.497449966813,3.1721431731888545,401,10012
1763008583212,1763008583422,210,31759.497449966813,3.1721431731888545,402,10012
1763008583276,1763008583485,209,31759.497449966813,3.1721431731888545,403,10012
1763008583338,1763008583548,210,31759.497449966813,3.1721431731888545,404,10012
1763008583400,1763008583610,210,33450.351970173586,3.341025965858328,405,10012
1763008583464,1763008583673,209,33450.351970173586,3.341025965858328,406,10012
1763008583526,1763008583735,209,33450.351970173586,3.341025965858328,407,10012
1763008583589,1763008583798,209,32757.238520228348,3.2717976947890874,408,10012
1763008583652,1763008583860,208,32757.238520228348,3.2717976947890874,409,10012
1763008583714,1763008583924,210,32757.238520228348,3.2717976947890874,410,10012
1763008583776,1763008583988,212,32199.384623581536,3.2160791673573246,411,10012
1763008583839,1763008584050,211,32199.384623581536,3.2160791673573246,412,10012
1763008583903,1763008584112,209,32199.384623581536,3.2160791673573246,413,10012
1763008583966,1763008584174,208,31762.380929618066,3.172431175551145,414,10012
1763008584028,1763008584236,208,31762.380929618066,3.172431175551145,415,10012
1763008584091,1763008584299,208,31762.380929618066,3.172431175551145,416,10012
1763008584152,1763008584362,210,31762.380929618066,3.172431175551145,417,10012
1763008584215,1763008584425,210,33452.64721997598,3.3412552157387116,418,10012
1763008584278,1763008584488,210,33452.64721997598,3.3412552157387116,419,10012
1763008584340,1763008584550,210,33452.64721997598,3.3412552157387116,420,10012
1763008584403,1763008584613,210,32755.65118710088,3.2716391517280146,421,10012
1763008584466,1763008584676,210,32755.65118710088,3.2716391517280146,422,10012
1763008584529,1763008584738,209,32755.65118710088,3.2716391517280146,423,10012
1763008584592,1763008584800,208,32203.561996119402,3.2164964039272275,424,10012
1763008584655,1763008584862,207,32203.561996119402,3.2164964039272275,425,10012
1763008584716,1763008584924,208,32203.561996119402,3.2164964039272275,426,10012
1763008584778,1763008584987,209,31763.546910907164,3.1725476339300003,427,10012
1763008584841,1763008585050,209,31763.546910907164,3.1725476339300003,428,10012
1763008584903,1763008585112,209,31763.546910907164,3.1725476339300003,429,10012
1763008584966,1763008585175,209,31763.546910907164,3.1725476339300003,430,10012
1763008585028,1763008585238,210,33453.575341082105,3.3413479166082802,431,10012
1763008585091,1763008585301,210,33453.575341082105,3.3413479166082802,432,10012
1763008585154,1763008585365,211,33453.575341082105,3.3413479166082802,433,10012
1763008585216,1763008585427,211,32752.972396160272,3.271371593703583,434,10012
1763008585280,1763008585492,212,32752.972396160272,3.271371593703583,435,10012
1763008585343,1763008585557,214,32752.972396160272,3.271371593703583,436,10012
1763008585406,1763008585617,211,32193.276082551256,3.2154690454006447,437,10012
1763008585470,1763008585681,211,32193.276082551256,3.2154690454006447,438,10012
1763008585534,1763008585742,208,32193.276082551256,3.2154690454006447,439,10012
1763008585597,1763008585804,207,31757.506313875903,3.1719442982297146,440,10012
1763008585659,1763008585868,209,31757.506313875903,3.1719442982297146,441,10012
1763008585721,1763008585931,210,31757.506313875903,3.1719442982297146,442,10012
1763008585783,1763008585994,211,31757.506313875903,3.1719442982297146,443,10012
1763008585847,1763008586056,209,33457.05751953134,3.341695717092623,444,10012
1763008585910,1763008586118,208,33457.05751953134,3.341695717092623,445,10012
1763008585973,1763008586180,207,33457.05751953134,3.341695717092623,446,10012
1763008586034,1763008586244,210,32762.58284306648,3.2723314865228206,447,10012
1763008586096,1763008586307,211,32762.58284306648,3.2723314865228206,448,10012
1763008586159,1763008586369,210,32762.58284306648,3.2723314865228206,449,10012
1763008586222,1763008586432,210,32203.63336023785,3.2165035317856425,450,10012
1763008586285,1763008586495,210,32203.63336023785,3.2165035317856425,451,10012
1763008586348,1763008586558,210,32203.63336023785,3.2165035317856425,452,10012
1763008586411,1763008586621,210,31761.436154749328,3.1723368113013715,453,10012
1763008586473,1763008586683,210,31761.436154749328,3.1723368113013715,454,10012
1763008586537,1763008586747,210,31761.436154749328,3.1723368113013715,455,10012
1763008586599,1763008586808,209,31761.436154749328,3.1723368113013715,456,10012
1763008586662,1763008586870,208,33435.322051489966,3.3395247754184942,457,10012
1763008586725,1763008586932,207,33435.322051489966,3.3395247754184942,458,10012
1763008586787,1763008586995,208,33435.322051489966,3.3395247754184942,459,10012
1763008586849,1763008587057,208,32748.65899708899,3.2709407707839584,460,10012
1763008586910,1763008587121,211,32748.65899708899,3.2709407707839584,461,10012
1763008586973,1763008587183,210,32748.65899708899,3.2709407707839584,462,10012
1763008587036,1763008587245,209,32192.563902685746,3.215397912773247,463,10012
1763008587100,1763008587310,210,32192.563902685746,3.215397912773247,464,10012
1763008587161,1763008587372,211,32192.563902685746,3.215397912773247,465,10012
1763008587224,1763008587436,212,31746.155174829797,3.170810544829185,466,10012
1763008587288,1763008587499,211,31746.155174829797,3.170810544829185,467,10012
1763008587351,1763008587563,212,31746.155174829797,3.170810544829185,468,10012
1763008587415,1763008587625,210,31746.155174829797,3.170810544829185,469,10012
1763008587478,1763008587688,210,33431.42967433935,3.3391360042288603,470,10012
1763008587541,1763008587751,210,33431.42967433935,3.3391360042288603,471,10012
1763008587603,1763008587813,210,33431.42967433935,3.3391360042288603,472,10012
1763008587666,1763008587875,209,32742.157450448463,3.2702913953704016,473,10012
1763008587730,1763008587937,207,32742.157450448463,3.2702913953704016,474,10012
1763008587792,1763008587999,207,32742.157450448463,3.2702913953704016,475,10012
1763008587854,1763008588062,208,32190.101330556976,3.21515195071484,476,10012
1763008587915,1763008588126,211,32190.101330556976,3.21515195071484,477,10012
1763008587978,1763008588190,212,32190.101330556976,3.21515195071484,478,10012
1763008588041,1763008588251,210,31748.510557792797,3.171045800818298,479,10012
1763008588105,1763008588314,209,31748.510557792797,3.171045800818298,480,10012
1763008588168,1763008588377,209,31748.510557792797,3.171045800818298,481,10012
1763008588230,1763008588441,211,31748.510557792797,3.171045800818298,482,10012
1763008588293,1763008588504,211,33449.90589344528,3.3409814116505467,483,10012
1763008588356,1763008588566,210,33449.90589344528,3.3409814116505467,484,10012
1763008588421,1763008588631,210,33449.90589344528,3.3409814116505467,485,10012
1763008588483,1763008588692,209,32753.46909118244,3.2714212036738353,486,10012
1763008588545,1763008588755,210,32753.46909118244,3.2714212036738353,487,10012
1763008588609,1763008588818,209,32753.46909118244,3.2714212036738353,488,10012
1763008588671,1763008588880,209,32199.10539658122,3.216051278124373,489,10012
1763008588733,1763008588943,210,32199.10539658122,3.216051278124373,490,10012
1763008588796,1763008589007,211,32199.10539658122,3.216051278124373,491,10012
1763008588859,1763008589069,210,31757.831895678653,3.171976817387001,492,10012
1763008588922,1763008589131,209,31757.831895678653,3.171976817387001,493,10012
1763008588986,1763008589196,210,31757.831895678653,3.171976817387001,494,10012
1763008589047,1763008589256,209,31757.831895678653,3.171976817387001,495,10012
1763008589110,1763008589320,210,33440.73602085589,3.3400655234574397,496,10012
1763008589172,1763008589382,210,33440.73602085589,3.3400655234574397,497,10012
1763008589234,1763008589445,211,33440.73602085589,3.3400655234574397,498,10012
1763008589298,1763008589507,209,32746.169872601287,3.270692156672122,499,10012
1763008589360,1763008589570,210,32746.169872601287,3.270692156672122,500,10012
1763008589423,1763008589633,210,32746.169872601287,3.270692156672122,501,10012
1763008589486,1763008589695,209,32193.295218590625,3.215470956711009,502,10012
1763008589549,1763008589759,210,32193.295218590625,3.215470956711009,503,10012
1763008589611,1763008589822,211,32193.295218590625,3.215470956711009,504,10012
1763008589674,1763008589885,211,31751.04969877955,3.171299410585252,505,10012
1763008589738,1763008589947,209,31751.04969877955,3.171299410585252,506,10012
1763008589801,1763008590010,209,31751.04969877955,3.171299410585252,507,10012
1763008589863,1763008590072,209,31751.04969877955,3.171299410585252,508,10012
1763008589925,1763008590135,210,33435.3306099273,3.3395256302364458,509,10012
1763008589989,1763008590199,210,33435.3306099273,3.3395256302364458,510,10012
1763008590050,1763008590263,213,33435.3306099273,3.3395256302364458,511,10012
1763008590114,1763008590325,211,32738.467834892206,3.2699228760379744,512,10012
1763008590177,1763008590387,210,32738.467834892206,3.2699228760379744,513,10012
1763008590241,1763008590450,209,32738.467834892206,3.2699228760379744,514,10012
1763008590303,1763008590512,209,32189.866864409087,3.2151285322022654,515,10012
1763008590365,1763008590575,210,32189.866864409087,3.2151285322022654,516,10012
1763008590428,1763008590638,210,32189.866864409087,3.2151285322022654,517,10012
1763008590490,1763008590701,211,31750.478024069635,3.1712423116330033,518,10012
1763008590553,1763008590762,209,31750.478024069635,3.1712423116330033,519,10012
1763008590617,1763008590825,208,31750.478024069635,3.1712423116330033,520,10012
1763008590679,1763008590889,210,31750.478024069635,3.1712423116330033,521,10012
1763008590740,1763008590952,212,33451.47002913536,3.3411376377482376,522,10012
1763008590804,1763008591017,213,33451.47002913536,3.3411376377482376,523,10012
1763008590868,1763008591080,212,33451.47002913536,3.3411376377482376,524,10012
1763008590932,1763008591143,211,32744.46773310434,3.2705221467343524,525,10012
1763008590996,1763008591205,209,32744.46773310434,3.2705221467343524,526,10012
1763008591058,1763008591268,210,32744.46773310434,3.2705221467343524,527,10012
1763008591121,1763008591330,209,32194.64878328416,3.215606150947279,528,10012
1763008591183,1763008591394,211,32194.64878328416,3.215606150947279,529,10012
1763008591246,1763008591458,212,32194.64878328416,3.215606150947279,530,10012
1763008591309,1763008591520,211,31752.125782710908,3.1714068900030865,531,10012
1763008591373,1763008591583,210,31752.125782710908,3.1714068900030865,532,10012
1763008591436,1763008591647,211,31752.125782710908,3.1714068900030865,533,10012
1763008591499,1763008591710,211,31752.125782710908,3.1714068900030865,534,10012
1763008591562,1763008591773,211,33452.77999725517,3.341268477552454,535,10012
1763008591626,1763008591835,209,33452.77999725517,3.341268477552454,536,10012
1763008591689,1763008591898,209,33452.77999725517,3.341268477552454,537,10012
1763008591752,1763008591961,209,32755.756877815118,3.2716497081317533,538,10012
1763008591814,1763008592022,208,32755.756877815118,3.2716497081317533,539,10012
1763008591877,1763008592085,208,32755.756877815118,3.2716497081317533,540,10012
1763008591939,1763008592149,210,32203.646231618648,3.2165048173810074,541,10012
1763008592001,1763008592211,210,32203.646231618648,3.2165048173810074,542,10012
1763008592064,1763008592274,210,32203.646231618648,3.2165048173810074,543,10012
1763008592127,1763008592338,211,31757.111107905206,3.17190482500052,544,10012
1763008592189,1763008592402,213,31757.111107905206,3.17190482500052,545,10012
1763008592252,1763008592466,214,31757.111107905206,3.17190482500052,546,10012
1763008592317,1763008592530,213,31757.111107905206,3.17190482500052,547,10012
1763008592380,1763008592593,213,33473.32510856883,3.3433205262254124,548,10012
1763008592445,1763008592657,212,33473.32510856883,3.3433205262254124,549,10012
1763008592508,1763008592720,212,33473.32510856883,3.3433205262254124,550,10012
1763008592572,1763008592784,212,32761.798811095083,3.272253177296752,551,10012
1763008592636,1763008592848,212,32761.798811095083,3.272253177296752,552,10012
1763008592699,1763008592911,212,32761.798811095083,3.272253177296752,553,10012
1763008592763,1763008592974,211,32203.010054820592,3.2164412759509178,554,10012
1763008592826,1763008593036,210,32203.010054820592,3.2164412759509178,555,10012
1763008592890,1763008593100,210,32203.010054820592,3.2164412759509178,556,10012
1763008592952,1763008593164,212,31756.60598352755,3.171854373105029,557,10012
1763008593015,1763008593227,212,31756.60598352755,3.171854373105029,558,10012
1763008593078,1763008593289,211,31756.60598352755,3.171854373105029,559,10012
1763008593141,1763008593352,211,31756.60598352755,3.171854373105029,560,10012
1763008593206,1763008593415,209,33456.3417569044,3.341624226618498,561,10012
1763008593267,1763008593479,212,33456.3417569044,3.341624226618498,562,10012
1763008593330,1763008593542,212,33456.3417569044,3.341624226618498,563,10012
1763008593394,1763008593604,210,32755.171696739002,3.271591260161706,564,10012
1763008593457,1763008593666,209,32755.171696739002,3.271591260161706,565,10012
1763008593520,1763008593728,208,32755.171696739002,3.271591260161706,566,10012
1763008593583,1763008593792,209,32200.460670604247,3.216186643088718,567,10012
1763008593645,1763008593855,210,32200.460670604247,3.216186643088718,568,10012
1763008593707,1763008593918,211,32200.460670604247,3.216186643088718,569,10012
1763008593771,1763008593982,211,31754.581772459773,3.171652194612442,570,10012
1763008593834,1763008594045,211,31754.581772459773,3.171652194612442,571,10012
1763008593897,1763008594108,211,31754.581772459773,3.171652194612442,572,10012
1763008593961,1763008594171,210,31754.581772459773,3.171652194612442,573,10012
1763008594024,1763008594235,211,33446.43909087798,3.340635146911504,574,10012
1763008594087,1763008594297,210,33446.43909087798,3.340635146911504,575,10012
1763008594149,1763008594361,212,33446.43909087798,3.340635146911504,576,10012
1763008594212,1763008594424,212,32747.299077247997,3.270804941794646,577,10012
1763008594276,1763008594485,209,32747.299077247997,3.270804941794646,578,10012
1763008594340,1763008594550,210,32747.299077247997,3.270804941794646,579,10012
1763008594401,1763008594611,210,32196.905364566654,3.215831538610333,580,10012
1763008594464,1763008594673,209,32196.905364566654,3.215831538610333,581,10012
1763008594529,1763008594736,207,32196.905364566654,3.215831538610333,582,10012
1763008594591,1763008594798,207,31760.40248092419,3.1722335678110456,583,10012
1763008594652,1763008594860,208,31760.40248092419,3.1722335678110456,584,10012
1763008594714,1763008594921,207,31760.40248092419,3.1722335678110456,585,10012
1763008594776,1763008594984,208,31760.40248092419,3.1722335678110456,586,10012
1763008594838,1763008595047,209,33442.784777296576,3.3402701535454034,587,10012
1763008594900,1763008595109,209,33442.784777296576,3.3402701535454034,588,10012
1763008594963,1763008595172,209,33442.784777296576,3.3402701535454034,589,10012
1763008595025,1763008595235,210,32747.800682728073,3.270855042222141,590,10012
1763008595088,1763008595297,209,32747.800682728073,3.270855042222141,591,10012
1763008595151,1763008595362,211,32747.800682728073,3.270855042222141,592,10012
1763008595214,1763008595425,211,32191.881542768817,3.215329758566602,593,10012
1763008595276,1763008595486,210,32191.881542768817,3.215329758566602,594,10012
1763008595341,1763008595549,208,32191.881542768817,3.215329758566602,595,10012
1763008595403,1763008595611,208,31754.237589586748,3.171617817577582,596,10012
1763008595465,1763008595673,208,31754.237589586748,3.171617817577582,597,10012
1763008595528,1763008595737,209,31754.237589586748,3.171617817577582,598,10012
1763008595591,1763008595801,210,31754.237589586748,3.171617817577582,599,10012
1763008595652,1763008595865,213,33454.45888372146,3.3414361649741777,600,10012
1763008595716,1763008595929,213,33454.45888372146,3.3414361649741777,601,10012
1763008595780,1763008595992,212,33454.45888372146,3.3414361649741777,602,10012
1763008595844,1763008596056,212,32746.83789479112,3.2707588788245228,603,10012
1763008595907,1763008596120,213,32746.83789479112,3.2707588788245228,604,10012
1763008595971,1763008596183,212,32746.83789479112,3.2707588788245228,605,10012
1763008596035,1763008596246,211,32191.11612635894,3.2152533086654955,606,10012
1763008596100,1763008596308,208,32191.11612635894,3.2152533086654955,607,10012
1763008596162,1763008596371,209,32191.11612635894,3.2152533086654955,608,10012
1763008596224,1763008596434,210,31749.317320455357,3.171126380389069,609,10012
1763008596287,1763008596497,210,31749.317320455357,3.171126380389069,610,10012
1763008596350,1763008596559,209,31749.317320455357,3.171126380389069,611,10012
1763008596413,1763008596622,209,31749.317320455357,3.171126380389069,612,10012
1763008596475,1763008596685,210,33433.94990440292,3.339387725170088,613,10012
1763008596537,1763008596748,211,33433.94990440292,3.339387725170088,614,10012
1763008596601,1763008596811,210,33433.94990440292,3.339387725170088,615,10012
1763008596663,1763008596875,212,32733.97222409592,3.26947385378505,616,10012
1763008596727,1763008596938,211,32733.97222409592,3.26947385378505,617,10012
1763008596789,1763008597001,212,32733.97222409592,3.26947385378505,618,10012
1763008596853,1763008597064,211,32180.887918156255,3.2142317137591148,619,10012
1763008596916,1763008597128,212,32180.887918156255,3.2142317137591148,620,10012
1763008596979,1763008597191,212,32180.887918156255,3.2142317137591148,621,10012
1763008597043,1763008597254,211,31739.041007016065,3.170099980724737,622,10012
1763008597107,1763008597316,209,31739.041007016065,3.170099980724737,623,10012
1763008597169,1763008597379,210,31739.041007016065,3.170099980724737,624,10012
1763008597232,1763008597442,210,31739.041007016065,3.170099980724737,625,10012
1763008597294,1763008597504,210,33425.7596825918,3.3385696846376156,626,10012
1763008597358,1763008597568,210,33425.7596825918,3.3385696846376156,627,10012
1763008597421,1763008597632,211,33425.7596825918,3.3385696846376156,628,10012
1763008597483,1763008597694,211,32730.858947660483,3.269162899286904,629,10012
1763008597547,1763008597755,208,32730.858947660483,3.269162899286904,630,10012
1763008597611,1763008597817,206,32730.858947660483,3.269162899286904,631,10012
1763008597672,1763008597880,208,32183.802581285407,3.2145228307316627,632,10012
1763008597734,1763008597943,209,32183.802581285407,3.2145228307316627,633,10012
1763008597796,1763008598007,211,32183.802581285407,3.2145228307316627,634,10012
1763008597859,1763008598071,212,31743.503052121898,3.170545650431672,635,10012
1763008597922,1763008598133,211,31743.503052121898,3.170545650431672,636,10012
1763008597986,1763008598196,210,31743.503052121898,3.170545650431672,637,10012
1763008598049,1763008598257,208,31743.503052121898,3.170545650431672,638,10012
1763008598111,1763008598321,210,33429.315932541154,3.3389248833940424,639,10012
1763008598173,1763008598383,210,33429.315932541154,3.3389248833940424,640,10012
1763008598236,1763008598447,211,33429.315932541154,3.3389248833940424,641,10012
1763008598300,1763008598511,211,32730.292850437676,3.2691063574148695,642,10012
1763008598362,1763008598573,211,32730.292850437676,3.2691063574148695,643,10012
1763008598426,1763008598636,210,32730.292850437676,3.2691063574148695,644,10012
1763008598488,1763008598697,209,32183.351401798827,3.214477766859651,645,10012
1763008598551,1763008598760,209,32183.351401798827,3.214477766859651,646,10012
1763008598613,1763008598823,210,32183.351401798827,3.214477766859651,647,10012
1763008598676,1763008598886,210,31745.291715831867,3.170724302420282,648,10012
1763008598738,1763008598949,211,31745.291715831867,3.170724302420282,649,10012
1763008598804,1763008599012,208,31745.291715831867,3.170724302420282,650,10012
1763008598864,1763008599075,211,31745.291715831867,3.170724302420282,651,10012
1763008598928,1763008599139,211,33447.34691408633,3.340725820424124,652,10012
1763008598991,1763008599203,212,33447.34691408633,3.340725820424124,653,10012
1763008599054,1763008599265,211,33447.34691408633,3.340725820424124,654,10012
1763008599120,1763008599329,209,32744.609449784548,3.2705363014167546,655,10012
1763008599182,1763008599392,210,32744.609449784548,3.2705363014167546,656,10012
1763008599243,1763008599454,211,32744.609449784548,3.2705363014167546,657,10012
1763008599307,1763008599518,211,32192.0531220285,3.2153468959277367,658,10012
1763008599370,1763008599581,211,32192.0531220285,3.2153468959277367,659,10012
1763008599432,1763008599645,213,32192.0531220285,3.2153468959277367,660,10012
1763008599496,1763008599709,213,31743.594072646574,3.1705547415747675,661,10012
1763008599560,1763008599772,212,31743.594072646574,3.1705547415747675,662,10012
1763008599624,1763008599837,213,31743.594072646574,3.1705547415747675,663,10012
1763008599689,1763008599898,209,31743.594072646574,3.1705547415747675,664,10012
1763008599751,1763008599962,211,33445.99728775403,3.34059101955194,665,10012
1763008599814,1763008600025,211,33445.99728775403,3.34059101955194,666,10012
1763008599876,1763008600088,212,33445.99728775403,3.34059101955194,667,10012
1763008599940,1763008600152,212,32743.537846476698,3.2704292695242403,668,10012
1763008600003,1763008600216,213,32743.537846476698,3.2704292695242403,669,10012
1763008600068,1763008600279,211,32743.537846476698,3.2704292695242403,670,10012
1763008600131,1763008600341,210,32191.20012579545,3.2152616985412954,671,10012
1763008600195,1763008600402,207,32191.20012579545,3.2152616985412954,672,10012
1763008600258,1763008600465,207,32191.20012579545,3.2152616985412954,673,10012
1763008600319,1763008600529,210,31749.384100007384,3.17113305034033,674,10012
1763008600381,1763008600591,210,31749.384100007384,3.17113305034033,675,10012
1763008600444,1763008600654,210,31749.384100007384,3.17113305034033,676,10012
1763008600508,1763008600718,210,31749.384100007384,3.17113305034033,677,10012
1763008600570,1763008600780,210,33434.00312770589,3.3393930411212427,678,10012
1763008600633,1763008600842,209,33434.00312770589,3.3393930411212427,679,10012
1763008600696,1763008600906,210,33434.00312770589,3.3393930411212427,680,10012
1763008600758,1763008600971,213,32734.014483398474,3.2694780746502667,681,10012
1763008600821,1763008601033,212,32734.014483398474,3.2694780746502667,682,10012
1763008600885,1763008601097,212,32734.014483398474,3.2694780746502667,683,10012
1763008600949,1763008601160,211,32178.22349981839,3.213965591272312,684,10012
1763008601012,1763008601222,210,32178.22349981839,3.213965591272312,685,10012
1763008601076,1763008601286,210,32178.22349981839,3.213965591272312,686,10012
1763008601138,1763008601348,210,31739.06768235562,3.170102645061488,687,10012
1763008601200,1763008601412,212,31739.06768235562,3.170102645061488,688,10012
1763008601265,1763008601476,211,31739.06768235562,3.170102645061488,689,10012
1763008601327,1763008601539,212,31739.06768235562,3.170102645061488,690,10012
1763008601391,1763008601601,210,33434.08987515507,3.3394017054689447,691,10012
1763008601454,1763008601663,209,33434.08987515507,3.3394017054689447,692,10012
1763008601518,1763008601726,208,33434.08987515507,3.3394017054689447,693,10012
1763008601579,1763008601788,209,32740.879540623435,3.27016375755328,694,10012
1763008601642,1763008601851,209,32740.879540623435,3.27016375755328,695,10012
1763008601704,1763008601914,210,32740.879540623435,3.27016375755328,696,10012
1763008601767,1763008601977,210,32189.084114336256,3.215050351012411,697,10012
1763008601829,1763008602040,211,32189.084114336256,3.215050351012411,698,10012
1763008601893,1763008602103,210,32189.084114336256,3.215050351012411,699,10012
1763008601956,1763008602166,210,31749.85495501166,3.171180079405879,700,10012
1763008602019,1763008602228,209,31749.85495501166,3.171180079405879,701,10012
1763008602082,1763008602291,209,31749.85495501166,3.171180079405879,702,10012
1763008602144,1763008602355,211,31749.85495501166,3.171180079405879,703,10012
1763008602206,1763008602417,211,33442.67654418928,3.3402593432070797,704,10012
1763008602270,1763008602480,210,33442.67654418928,3.3402593432070797,705,10012
1763008602333,1763008602544,211,33442.67654418928,3.3402593432070797,706,10012
1763008602395,1763008602609,214,32737.4944995421,3.269825659163214,707,10012
1763008602459,1763008602671,212,32737.4944995421,3.269825659163214,708,10012
1763008602523,1763008602733,210,32737.4944995421,3.269825659163214,709,10012
1763008602587,1763008602796,209,32183.688127135967,3.2145113990347554,710,10012
1763008602650,1763008602859,209,32183.688127135967,3.2145113990347554,711,10012
1763008602712,1763008602923,211,32183.688127135967,3.2145113990347554,712,10012
1763008602777,1763008602986,209,31743.412061073093,3.1705365622326305,713,10012
1763008602838,1763008603049,211,31743.412061073093,3.1705365622326305,714,10012
1763008602901,1763008603113,212,31743.412061073093,3.1705365622326305,715,10012
1763008602964,1763008603177,213,31743.412061073093,3.1705365622326305,716,10012
1763008603028,1763008603240,212,33462.46176443096,3.342235493850476,717,10012
1763008603092,1763008603302,210,33462.46176443096,3.342235493850476,718,10012
1763008603156,1763008603366,210,33462.46176443096,3.342235493850476,719,10012
1763008603219,1763008603428,209,32763.463564487047,3.272419453104979,720,10012
1763008603283,1763008603491,208,32763.463564487047,3.272419453104979,721,10012
1763008603344,1763008603554,210,32763.463564487047,3.272419453104979,722,10012
1763008603407,1763008603616,209,32207.06099733169,3.2168458846715633,723,10012
1763008603469,1763008603680,211,32207.06099733169,3.2168458846715633,724,10012
1763008603533,1763008603741,208,32207.06099733169,3.2168458846715633,725,10012
1763008603595,1763008603804,209,31766.33561487336,3.172826170083236,726,10012
1763008603658,1763008603866,208,31766.33561487336,3.172826170083236,727,10012
1763008603720,1763008603930,210,31766.33561487336,3.172826170083236,728,10012
1763008603783,1763008603991,208,31766.33561487336,3.172826170083236,729,10012
1763008603845,1763008604053,208,33430.95015628381,3.3390881098965055,730,10012
1763008603908,1763008604117,209,33430.95015628381,3.3390881098965055,731,10012
1763008603969,1763008604179,210,33430.95015628381,3.3390881098965055,732,10012
1763008604043,1763008604258,215,32734.985374245633,3.269575047367722,733,10012
1763008604097,1763008604305,208,32734.985374245633,3.269575047367722,734,10012
1763008604158,1763008604367,209,32734.985374245633,3.269575047367722,735,10012
1763008604221,1763008604430,209,32184.392357899524,3.2145817377047066,736,10012
1763008604284,1763008604493,209,32184.392357899524,3.2145817377047066,737,10012
1763008604345,1763008604556,211,32184.392357899524,3.2145817377047066,738,10012
1763008604412,1763008604618,206,31746.12031688802,3.1708070632129464,739,10012
1763008604472,1763008604682,210,31746.12031688802,3.1708070632129464,740,10012
1763008604534,1763008604745,211,31746.12031688802,3.1708070632129464,741,10012
1763008604597,1763008604808,211,31746.12031688802,3.1708070632129464,742,10012
1763008604661,1763008604869,208,33439.703772242865,3.3399624223175053,743,10012
1763008604724,1763008604933,209,33439.703772242865,3.3399624223175053,744,10012
1763008604786,1763008604996,210,33439.703772242865,3.3399624223175053,745,10012
1763008604848,1763008605059,211,32741.944498933077,3.2702701257424165,746,10012
1763008604911,1763008605122,211,32741.944498933077,3.2702701257424165,747,10012
1763008604974,1763008605184,210,32741.944498933077,3.2702701257424165,748,10012
1763008605037,1763008605247,210,32189.93182115073,3.2151350200909636,749,10012
1763008605101,1763008605310,209,32189.93182115073,3.2151350200909636,750,10012
1763008605163,1763008605374,211,32189.93182115073,3.2151350200909636,751,10012
1763008605226,1763008605437,211,31746.22186599368,3.170817205952225,752,10012
1763008605289,1763008605501,212,31746.22186599368,3.170817205952225,753,10012
1763008605352,1763008605563,211,31746.22186599368,3.170817205952225,754,10012
1763008605415,1763008605625,210,31746.22186599368,3.170817205952225,755,10012
1763008605480,1763008605687,207,33431.48282719696,3.3391413131439234,756,10012
1763008605540,1763008605750,210,33431.48282719696,3.3391413131439234,757,10012
1763008605604,1763008605812,208,33431.48282719696,3.3391413131439234,758,10012
1763008605666,1763008605874,208,32742.199813275976,3.270295626575707,759,10012
1763008605729,1763008605940,211,32742.199813275976,3.270295626575707,760,10012
1763008605790,1763008606002,212,32742.199813275976,3.270295626575707,761,10012
1763008605853,1763008606065,212,32184.722651741125,3.2146147275011114,762,10012
1763008605918,1763008606128,210,32184.722651741125,3.2146147275011114,763,10012
1763008605981,1763008606191,210,32184.722651741125,3.2146147275011114,764,10012
1763008606044,1763008606256,212,31742.085785482454,3.1704040936358826,765,10012
1763008606106,1763008606317,211,31742.085785482454,3.1704040936358826,766,10012
1763008606170,1763008606381,211,31742.085785482454,3.1704040936358826,767,10012
1763008606233,1763008606443,210,31742.085785482454,3.1704040936358826,768,10012
1763008606296,1763008606506,210,33436.492285244036,3.3396416585341626,769,10012
1763008606360,1763008606570,210,33436.492285244036,3.3396416585341626,770,10012
1763008606421,1763008606633,212,33436.492285244036,3.3396416585341626,771,10012
1763008606486,1763008606696,210,32735.990874483763,3.269675476876125,772,10012
1763008606552,1763008606758,206,32735.990874483763,3.269675476876125,773,10012
1763008606612,1763008606820,208,32735.990874483763,3.269675476876125,774,10012
1763008606675,1763008606883,208,32187.89272696356,3.214931355070272,775,10012
1763008606736,1763008606946,210,32187.89272696356,3.214931355070272,776,10012
1763008606799,1763008607009,210,32187.89272696356,3.214931355070272,777,10012
1763008606862,1763008607071,209,31751.05850338996,3.1713002899910068,778,10012
1763008606925,1763008607134,209,31751.05850338996,3.1713002899910068,779,10012
1763008606988,1763008607197,209,31751.05850338996,3.1713002899910068,780,10012
1763008607050,1763008607261,211,31751.05850338996,3.1713002899910068,781,10012
1763008607113,1763008607323,210,33451.93151019502,3.3411837305428502,782,10012
1763008607175,1763008607386,211,33451.93151019502,3.3411837305428502,783,10012
1763008607240,1763008607450,210,33451.93151019502,3.3411837305428502,784,10012
1763008607302,1763008607513,211,32748.249619094844,3.270899882051023,785,10012
1763008607365,1763008607577,212,32748.249619094844,3.270899882051023,786,10012
1763008607429,1763008607639,210,32748.249619094844,3.270899882051023,787,10012
1763008607492,1763008607701,209,32194.950696799497,3.2156363061126143,788,10012
1763008607555,1763008607763,208,32194.950696799497,3.2156363061126143,789,10012
1763008607616,1763008607827,211,32194.950696799497,3.2156363061126143,790,10012
1763008607680,1763008607890,210,31756.683705349198,3.171862135971754,791,10012
1763008607742,1763008607953,211,31756.683705349198,3.171862135971754,792,10012
1763008607805,1763008608015,210,31756.683705349198,3.171862135971754,793,10012
1763008607867,1763008608076,209,31756.683705349198,3.171862135971754,794,10012
1763008607931,1763008608139,208,33439.82091316331,3.3399741223694877,795,10012
1763008607993,1763008608203,210,33439.82091316331,3.3399741223694877,796,10012
1763008608055,1763008608266,211,33439.82091316331,3.3399741223694877,797,10012
1763008608118,1763008608330,212,32735.229984138507,3.2695994790390035,798,10012
1763008608181,1763008608392,211,32735.229984138507,3.2695994790390035,799,10012
1763008608245,1763008608455,210,32735.229984138507,3.2695994790390035,800,10012
1763008608309,1763008608517,208,32189.985527342527,3.2151403842731248,801,10012
1763008608371,1763008608579,208,32189.985527342527,3.2151403842731248,802,10012
1763008608434,1763008608641,207,32189.985527342527,3.2151403842731248,803,10012
1763008608496,1763008608704,208,31757.03443634668,3.171897167034227,804,10012
1763008608558,1763008608765,207,31757.03443634668,3.171897167034227,805,10012
1763008608620,1763008608829,209,31757.03443634668,3.171897167034227,806,10012
1763008608683,1763008608890,207,31757.03443634668,3.171897167034227,807,10012
1763008608744,1763008608953,209,33448.391411331955,3.3408301449592446,808,10012
1763008608806,1763008609015,209,33448.391411331955,3.3408301449592446,809,10012
1763008608868,1763008609078,210,33448.391411331955,3.3408301449592446,810,10012
1763008608932,1763008609142,210,32752.263563420238,3.2713007953875586,811,10012
1763008608994,1763008609205,211,32752.263563420238,3.2713007953875586,812,10012
1763008609057,1763008609266,209,32752.263563420238,3.2713007953875586,813,10012
1763008609121,1763008609330,209,32195.42953291909,3.215684132333109,814,10012
1763008609183,1763008609392,209,32195.42953291909,3.215684132333109,815,10012
1763008609245,1763008609456,211,32195.42953291909,3.215684132333109,816,10012
1763008609309,1763008609519,210,31757.065337736516,3.171900253469488,817,10012
1763008609371,1763008609581,210,31757.065337736516,3.171900253469488,818,10012
1763008609435,1763008609643,208,31757.065337736516,3.171900253469488,819,10012
1763008609497,1763008609704,207,31757.065337736516,3.171900253469488,820,10012
1763008609559,1763008609767,208,33431.83413951374,3.3391764022686514,821,10012
1763008609621,1763008609829,208,33431.83413951374,3.3391764022686514,822,10012
1763008609683,1763008609893,210,33431.83413951374,3.3391764022686514,823,10012
1763008609745,1763008609955,210,32742.47980919245,3.2703235926081153,824,10012
1763008609808,1763008610017,209,32742.47980919245,3.2703235926081153,825,10012
1763008609871,1763008610081,210,32742.47980919245,3.2703235926081153,826,10012
1763008609934,1763008610144,210,32187.651448308,3.2149072561234515,827,10012
1763008609996,1763008610207,211,32187.651448308,3.2149072561234515,828,10012
1763008610059,1763008610271,212,32187.651448308,3.2149072561234515,829,10012
1763008610123,1763008610334,211,31744.411249956553,3.1706363613620203,830,10012
1763008610186,1763008610398,212,31744.411249956553,3.1706363613620203,831,10012
1763008610250,1763008610462,212,31744.411249956553,3.1706363613620203,832,10012
1763008610313,1763008610525,212,31744.411249956553,3.1706363613620203,833,10012
1763008610378,1763008610588,210,33454.950532465504,3.341485270921444,834,10012
1763008610441,1763008610650,209,33454.950532465504,3.341485270921444,835,10012
1763008610503,1763008610711,208,33454.950532465504,3.341485270921444,836,10012
1763008610566,1763008610774,208,32764.32252490747,3.2725052461953124,837,10012
1763008610628,1763008610837,209,32764.32252490747,3.2725052461953124,838,10012
1763008610690,1763008610900,210,32764.32252490747,3.2725052461953124,839,10012
1763008610753,1763008610962,209,32207.744729826347,3.2169141759714686,840,10012
1763008610816,1763008611026,210,32207.744729826347,3.2169141759714686,841,10012
1763008610877,1763008611089,212,32207.744729826347,3.2169141759714686,842,10012
1763008610940,1763008611151,211,31764.708804941773,3.172663684073289,843,10012
1763008611004,1763008611213,209,31764.708804941773,3.172663684073289,844,10012
1763008611067,1763008611275,208,31764.708804941773,3.172663684073289,845,10012
1763008611129,1763008611339,210,31764.708804941773,3.172663684073289,846,10012
1763008611192,1763008611401,209,33446.21691753859,3.3406129562064115,847,10012
1763008611254,1763008611463,209,33446.21691753859,3.3406129562064115,848,10012
1763008611317,1763008611525,208,33446.21691753859,3.3406129562064115,849,10012
1763008611379,1763008611588,209,32753.942883278258,3.27146852609651,850,10012
1763008611441,1763008611651,210,32753.942883278258,3.27146852609651,851,10012
1763008611503,1763008611714,211,32753.942883278258,3.27146852609651,852,10012
1763008611566,1763008611777,211,32194.046649322936,3.215546009720629,853,10012
1763008611630,1763008611841,211,32194.046649322936,3.215546009720629,854,10012
1763008611693,1763008611904,211,32194.046649322936,3.215546009720629,855,10012
1763008611756,1763008611967,211,31753.805132861056,3.171574623737621,856,10012
1763008611820,1763008612028,208,31753.805132861056,3.171574623737621,857,10012
1763008611882,1763008612092,210,31753.805132861056,3.171574623737621,858,10012
1763008611945,1763008612154,209,31753.805132861056,3.171574623737621,859,10012
1763008612006,1763008612215,209,33429.23249602312,3.3389165497426214,860,10012
1763008612069,1763008612279,210,33429.23249602312,3.3389165497426214,861,10012
1763008612131,1763008612343,212,33429.23249602312,3.3389165497426214,862,10012
1763008612194,1763008612405,211,32733.61983433838,3.269438657045384,863,10012
1763008612258,1763008612469,211,32733.61983433838,3.269438657045384,864,10012
1763008612321,1763008612532,211,32733.61983433838,3.269438657045384,865,10012
1763008612384,1763008612595,211,32177.910148464674,3.213934293694035,866,10012
1763008612446,1763008612658,212,32177.910148464674,3.213934293694035,867,10012
1763008612511,1763008612722,211,32177.910148464674,3.213934293694035,868,10012
1763008612573,1763008612784,211,31740.96047817788,3.170291697780452,869,10012
1763008612637,1763008612845,208,31740.96047817788,3.170291697780452,870,10012
1763008612700,1763008612909,209,31740.96047817788,3.170291697780452,871,10012
1763008612762,1763008612971,209,31740.96047817788,3.170291697780452,872,10012
1763008612824,1763008613034,210,33427.28950110777,3.3387224831310203,873,10012
1763008612887,1763008613097,210,33427.28950110777,3.3387224831310203,874,10012
1763008612950,1763008613159,209,33427.28950110777,3.3387224831310203,875,10012
1763008613012,1763008613222,210,32735.466442881785,3.269623096572292,876,10012
1763008613076,1763008613285,209,32735.466442881785,3.269623096572292,877,10012
1763008613138,1763008613348,210,32735.466442881785,3.269623096572292,878,10012
1763008613201,1763008613410,209,32182.075822091017,3.2143503617749722,879,10012
1763008613264,1763008613474,210,32182.075822091017,3.2143503617749722,880,10012
1763008613326,1763008613536,210,32182.075822091017,3.2143503617749722,881,10012
1763008613390,1763008613600,210,31739.984202740266,3.170194187249328,882,10012
1763008613453,1763008613663,210,31739.984202740266,3.170194187249328,883,10012
1763008613515,1763008613725,210,31739.984202740266,3.170194187249328,884,10012
1763008613579,1763008613787,208,31739.984202740266,3.170194187249328,885,10012
1763008613642,1763008613851,209,33426.51140958399,3.3386447672377146,886,10012
1763008613703,1763008613914,211,33426.51140958399,3.3386447672377146,887,10012
1763008613766,1763008613977,211,33426.51140958399,3.3386447672377146,888,10012
1763008613831,1763008614040,209,32731.45657061927,3.269222589953983,889,10012
1763008613893,1763008614103,210,32731.45657061927,3.269222589953983,890,10012
1763008613956,1763008614167,211,32731.45657061927,3.269222589953983,891,10012
1763008614018,1763008614231,213,32173.497060501082,3.213493513833509,892,10012
1763008614083,1763008614295,212,32173.497060501082,3.213493513833509,893,10012
1763008614146,1763008614358,212,32173.497060501082,3.213493513833509,894,10012
1763008614210,1763008614421,211,31737.44766015886,3.169940837011473,895,10012
1763008614273,1763008614483,210,31737.44766015886,3.169940837011473,896,10012
1763008614336,1763008614547,211,31737.44766015886,3.169940837011473,897,10012
1763008614399,1763008614611,212,31737.44766015886,3.169940837011473,898,10012
1763008614461,1763008614674,213,33449.42144216614,3.3409330245871094,899,10012
1763008614526,1763008614737,211,33449.42144216614,3.3409330245871094,900,10012
1763008614589,1763008614800,211,33449.42144216614,3.3409330245871094,901,10012
1763008614652,1763008614863,211,32749.67004652208,3.271041754546752,902,10012
1763008614716,1763008614926,210,32749.67004652208,3.271041754546752,903,10012
1763008614778,1763008614989,211,32749.67004652208,3.271041754546752,904,10012
1763008614842,1763008615051,209,32196.081357031573,3.2157492366192146,905,10012
1763008614905,1763008615114,209,32196.081357031573,3.2157492366192146,906,10012
1763008614967,1763008615177,210,32196.081357031573,3.2157492366192146,907,10012
1763008615030,1763008615240,210,31755.424760197133,3.171736392348895,908,10012
1763008615092,1763008615302,210,31755.424760197133,3.171736392348895,909,10012
1763008615156,1763008615366,210,31755.424760197133,3.171736392348895,910,10012
1763008615218,1763008615427,209,31755.424760197133,3.171736392348895,911,10012
1763008615281,1763008615488,207,33430.52495863731,3.339045641094418,912,10012
1763008615344,1763008615551,207,33430.52495863731,3.339045641094418,913,10012
1763008615406,1763008615615,209,33430.52495863731,3.339045641094418,914,10012
1763008615467,1763008615678,211,32731.252817158023,3.269202239028968,915,10012
1763008615530,1763008615740,210,32731.252817158023,3.269202239028968,916,10012
1763008615594,1763008615803,209,32731.252817158023,3.269202239028968,917,10012
1763008615657,1763008615864,207,32189.50700090926,3.2150925889841457,918,10012
1763008615719,1763008615927,208,32189.50700090926,3.2150925889841457,919,10012
1763008615781,1763008615991,210,32189.50700090926,3.2150925889841457,920,10012
1763008615843,1763008616054,211,31745.88455872195,3.1707835156534117,921,10012
1763008615905,1763008616116,211,31745.88455872195,3.1707835156534117,922,10012
1763008615969,1763008616178,209,31745.88455872195,3.1707835156534117,923,10012
1763008616033,1763008616242,209,31745.88455872195,3.1707835156534117,924,10012
1763008616094,1763008616305,211,33439.516108742675,3.3399436784601155,925,10012
1763008616156,1763008616367,211,33439.516108742675,3.3399436784601155,926,10012
1763008616220,1763008616429,209,33439.516108742675,3.3399436784601155,927,10012
1763008616284,1763008616492,208,32752.005854776653,3.2712750554111723,928,10012
1763008616345,1763008616556,211,32752.005854776653,3.2712750554111723,929,10012
1763008616408,1763008616620,212,32752.005854776653,3.2712750554111723,930,10012
1763008616471,1763008616682,211,32192.508648692663,3.2153923939964706,931,10012
1763008616535,1763008616745,210,32192.508648692663,3.2153923939964706,932,10012
1763008616598,1763008616808,210,32192.508648692663,3.2153923939964706,933,10012
1763008616661,1763008616870,209,31750.424375710667,3.171236953227194,934,10012
1763008616724,1763008616934,210,31750.424375710667,3.171236953227194,935,10012
1763008616786,1763008616997,211,31750.424375710667,3.171236953227194,936,10012
1763008616849,1763008617061,212,31750.424375710667,3.171236953227194,937,10012
1763008616912,1763008617124,212,33459.72495431427,3.341962140862392,938,10012
1763008616976,1763008617187,211,33459.72495431427,3.341962140862392,939,10012
1763008617040,1763008617251,211,33459.72495431427,3.341962140862392,940,10012
1763008617103,1763008617314,211,32757.861338679842,3.271859901985602,941,10012
1763008617167,1763008617376,209,32757.861338679842,3.271859901985602,942,10012
1763008617230,1763008617438,208,32757.861338679842,3.271859901985602,943,10012
1763008617292,1763008617501,209,32202.601625589155,3.216400481980539,944,10012
1763008617355,1763008617565,210,32202.601625589155,3.216400481980539,945,10012
1763008617417,1763008617628,211,32202.601625589155,3.216400481980539,946,10012
1763008617481,1763008617691,210,31760.614893968966,3.172254783656509,947,10012
1763008617544,1763008617755,211,31760.614893968966,3.172254783656509,948,10012
1763008617607,1763008617817,210,31760.614893968966,3.172254783656509,949,10012
1763008617669,1763008617878,209,31760.614893968966,3.172254783656509,950,10012
1763008617731,1763008617940,209,33442.954070493266,3.340287062574238,951,10012
1763008617795,1763008618001,206,33442.954070493266,3.340287062574238,952,10012
1763008617856,1763008618064,208,33442.954070493266,3.340287062574238,953,10012
1763008617918,1763008618127,209,32754.749348253627,3.271549075934242,954,10012
1763008617980,1763008618190,210,32754.749348253627,3.271549075934242,955,10012
1763008618043,1763008618253,210,32754.749348253627,3.271549075934242,956,10012
1763008618106,1763008618315,209,32200.12448120989,3.2161530644436565,957,10012
1763008618168,1763008618379,211,32200.12448120989,3.2161530644436565,958,10012
1763008618231,1763008618442,211,32200.12448120989,3.2161530644436565,959,10012
1763008618294,1763008618505,211,31754.314838080652,3.171625533168263,960,10012
1763008618358,1763008618568,210,31754.314838080652,3.171625533168263,961,10012
1763008618420,1763008618631,211,31754.314838080652,3.171625533168263,962,10012
1763008618483,1763008618693,210,31754.314838080652,3.171625533168263,963,10012
1763008618547,1763008618755,208,33437.93292595028,3.3397855499351055,964,10012
1763008618609,1763008618818,209,33437.93292595028,3.3397855499351055,965,10012
1763008618672,1763008618880,208,33437.93292595028,3.3397855499351055,966,10012
1763008618734,1763008618942,208,32750.742474908322,3.271148868848214,967,10012
1763008618796,1763008619005,209,32750.742474908322,3.271148868848214,968,10012
1763008618859,1763008619069,210,32750.742474908322,3.271148868848214,969,10012
1763008618920,1763008619133,213,32188.7907826023,3.215021052996634,970,10012
1763008618984,1763008619196,212,32188.7907826023,3.215021052996634,971,10012
1763008619047,1763008619259,212,32188.7907826023,3.215021052996634,972,10012
1763008619112,1763008619322,210,31747.46867216883,3.170941737132324,973,10012
1763008619174,1763008619385,211,31747.46867216883,3.170941737132324,974,10012
1763008619237,1763008619447,210,31747.46867216883,3.170941737132324,975,10012
1763008619301,1763008619509,208,31747.46867216883,3.170941737132324,976,10012
1763008619364,1763008619572,208,33424.176000390726,3.3384115062315947,977,10012
1763008619425,1763008619634,209,33424.176000390726,3.3384115062315947,978,10012
1763008619487,1763008619696,209,33424.176000390726,3.3384115062315947,979,10012
1763008619551,1763008619759,208,32736.37627231141,3.2697139704665807,980,10012
1763008619611,1763008619822,211,32736.37627231141,3.2697139704665807,981,10012
1763008619675,1763008619883,208,32736.37627231141,3.2697139704665807,982,10012
1763008619738,1763008619946,208,32188.199889032192,3.214962034461865,983,10012
1763008619800,1763008620007,207,32188.199889032192,3.214962034461865,984,10012
1763008619861,1763008620070,209,32188.199889032192,3.214962034461865,985,10012
1763008619924,1763008620133,209,31753.45551144769,3.171539703500568,986,10012
1763008619986,1763008620196,210,31753.45551144769,3.171539703500568,987,10012
1763008620049,1763008620258,209,31753.45551144769,3.171539703500568,988,10012
1763008620111,1763008620321,210,31753.45551144769,3.171539703500568,989,10012
1763008620174,1763008620383,209,33437.24804262381,3.3397171436899526,990,10012
1763008620237,1763008620445,208,33437.24804262381,3.3397171436899526,991,10012
1763008620299,1763008620508,209,33437.24804262381,3.3397171436899526,992,10012
1763008620361,1763008620571,210,32743.393441928554,3.2704148463772023,993,10012
1763008620423,1763008620632,209,32743.393441928554,3.2704148463772023,994,10012
1763008620485,1763008620695,210,32743.393441928554,3.2704148463772023,995,10012
1763008620549,1763008620758,209,32193.79257321706,3.21552063256263,996,10012
1763008620611,1763008620820,209,32193.79257321706,3.21552063256263,997,10012
1763008620675,1763008620882,207,32193.79257321706,3.21552063256263,998,10012
1763008620737,1763008620945,208,31757.918473427213,3.171985464784979,999,10012
1763008620799,1763008621008,209,31757.918473427213,3.171985464784979,1000,10012
1763008620861,1763008621071,210,31757.918473427213,3.171985464784979,1001,10012
1763008620924,1763008621133,209,31757.918473427213,3.171985464784979,1002,10012
1763008620987,1763008621196,209,33449.095104848064,3.340900429968843,1003,10012
1763008621050,1763008621259,209,33449.095104848064,3.340900429968843,1004,10012
1763008621112,1763008621320,208,33449.095104848064,3.340900429968843,1005,10012
1763008621175,1763008621382,207,32759.649893668757,3.2720385431151366,1006,10012
1763008621237,1763008621444,207,32759.649893668757,3.2720385431151366,1007,10012
1763008621298,1763008621507,209,32759.649893668757,3.2720385431151366,1008,10012
1763008621361,1763008621569,208,32206.748965254,3.216814718862764,1009,10012
1763008621423,1763008621632,209,32206.748965254,3.216814718862764,1010,10012
1763008621486,1763008621693,207,32206.748965254,3.216814718862764,1011,10012
1763008621547,1763008621757,210,31766.086925307438,3.172801330933623,1012,10012
1763008621610,1763008621820,210,31766.086925307438,3.172801330933623,1013,10012
1763008621672,1763008621883,211,31766.086925307438,3.172801330933623,1014,10012
1763008621736,1763008621946,210,31766.086925307438,3.172801330933623,1015,10012
1763008621798,1763008622009,211,33463.87910561942,3.34237705809223,1016,10012
1763008621861,1763008622072,211,33463.87910561942,3.34237705809223,1017,10012
1763008621924,1763008622135,211,33463.87910561942,3.34237705809223,1018,10012
1763008621987,1763008622199,212,32757.736009861816,3.2718473841252305,1019,10012
1763008622050,1763008622262,212,32757.736009861816,3.2718473841252305,1020,10012
1763008622113,1763008622324,211,32757.736009861816,3.2718473841252305,1021,10012
1763008622177,1763008622386,209,32205.223599859866,3.216662365147809,1022,10012
1763008622240,1763008622449,209,32205.223599859866,3.216662365147809,1023,10012
1763008622301,1763008622511,210,32205.223599859866,3.216662365147809,1024,10012
1763008622364,1763008622574,210,31764.871209088313,3.1726799050228034,1025,10012
1763008622427,1763008622637,210,31764.871209088313,3.1726799050228034,1026,10012
1763008622488,1763008622699,211,31764.871209088313,3.1726799050228034,1027,10012
1763008622552,1763008622762,210,31764.871209088313,3.1726799050228034,1028,10012
1763008622615,1763008622824,209,33454.6294824343,3.3414532043981513,1029,10012
1763008622677,1763008622887,210,33454.6294824343,3.3414532043981513,1030,10012
1763008622739,1763008622950,211,33454.6294824343,3.3414532043981513,1031,10012
1763008622803,1763008623011,208,32760.647697500135,3.2721382039053264,1032,10012
1763008622865,1763008623076,211,32760.647697500135,3.2721382039053264,1033,10012
1763008622928,1763008623138,210,32760.647697500135,3.2721382039053264,1034,10012
1763008622991,1763008623200,209,32204.819567210106,3.21662201030864,1035,10012
1763008623054,1763008623264,210,32204.819567210106,3.21662201030864,1036,10012
1763008623117,1763008623326,209,32204.819567210106,3.21662201030864,1037,10012
1763008623179,1763008623389,210,31760.211555932034,3.172214498195369,1038,10012
1763008623242,1763008623452,210,31760.211555932034,3.172214498195369,1039,10012
1763008623305,1763008623516,211,31760.211555932034,3.172214498195369,1040,10012
1763008623367,1763008623578,211,31760.211555932034,3.172214498195369,1041,10012
1763008623431,1763008623641,210,33450.9203985219,3.3410827405635137,1042,10012
1763008623494,1763008623703,209,33450.9203985219,3.3410827405635137,1043,10012
1763008623557,1763008623766,209,33450.9203985219,3.3410827405635137,1044,10012
1763008623619,1763008623829,210,32754.276637223433,3.2715018614885567,1045,10012
1763008623682,1763008623890,208,32754.276637223433,3.2715018614885567,1046,10012
1763008623743,1763008623952,209,32754.276637223433,3.2715018614885567,1047,10012
1763008623807,1763008624015,208,32207.903033141523,3.216929987329357,1048,10012
1763008623868,1763008624077,209,32207.903033141523,3.216929987329357,1049,10012
1763008623931,1763008624140,209,32207.903033141523,3.216929987329357,1050,10012
1763008623993,1763008624202,209,31767.006717413795,3.1728931999014973,1051,10012
1763008624055,1763008624265,210,31767.006717413795,3.1728931999014973,1052,10012
1763008624119,1763008624327,208,31767.006717413795,3.1728931999014973,1053,10012
1763008624181,1763008624389,208,31767.006717413795,3.1728931999014973,1054,10012
1763008624248,1763008624452,204,33448.048353778795,3.3407958803214934,1055,10012
1763008624305,1763008624514,209,33448.048353778795,3.3407958803214934,1056,10012
1763008624367,1763008624577,210,33448.048353778795,3.3407958803214934,1057,10012
1763008624431,1763008624640,209,32751.99048960792,3.271273520735909,1058,10012
1763008624493,1763008624702,209,32751.99048960792,3.271273520735909,1059,10012
1763008624556,1763008624765,209,32751.99048960792,3.271273520735909,1060,10012
1763008624617,1763008624827,210,32200.64442021751,3.2162049960265193,1061,10012
1763008624680,1763008624890,210,32200.64442021751,3.2162049960265193,1062,10012
1763008624744,1763008624952,208,32200.64442021751,3.2162049960265193,1063,10012
1763008624805,1763008625014,209,31761.221602913356,3.172315381833136,1064,10012
1763008624869,1763008625077,208,31761.221602913356,3.172315381833136,1065,10012
1763008624931,1763008625140,209,31761.221602913356,3.172315381833136,1066,10012
1763008624993,1763008625202,209,31761.221602913356,3.172315381833136,1067,10012
1763008625055,1763008625264,209,33443.437617521944,3.3403353593210094,1068,10012
1763008625118,1763008625327,209,33443.437617521944,3.3403353593210094,1069,10012
1763008625180,1763008625391,211,33443.437617521944,3.3403353593210094,1070,10012
1763008625243,1763008625452,209,32751.72778116499,3.2712472813788445,1071,10012
1763008625306,1763008625515,209,32751.72778116499,3.2712472813788445,1072,10012
1763008625369,1763008625577,208,32751.72778116499,3.2712472813788445,1073,10012
1763008625430,1763008625640,210,32197.719313807334,3.2159128359775604,1074,10012
1763008625493,1763008625703,210,32197.719313807334,3.2159128359775604,1075,10012
1763008625556,1763008625766,210,32197.719313807334,3.2159128359775604,1076,10012
1763008625619,1763008625827,208,31761.05201241825,3.172298443110093,1077,10012
1763008625682,1763008625890,208,31761.05201241825,3.172298443110093,1078,10012
1763008625744,1763008625952,208,31761.05201241825,3.172298443110093,1079,10012
1763008625806,1763008626015,209,31761.05201241825,3.172298443110093,1080,10012
1763008625867,1763008626078,211,33451.58940188493,3.341149560715634,1081,10012
1763008625930,1763008626140,210,33451.58940188493,3.341149560715634,1082,10012
1763008625993,1763008626201,208,33451.58940188493,3.341149560715634,1083,10012
1763008626056,1763008626265,209,32758.22475330229,3.27189619989036,1084,10012
1763008626117,1763008626326,209,32758.22475330229,3.27189619989036,1085,10012
1763008626180,1763008626388,208,32758.22475330229,3.27189619989036,1086,10012
1763008626243,1763008626451,208,32208.335353135226,3.2169731675125073,1087,10012
1763008626304,1763008626512,208,32208.335353135226,3.2169731675125073,1088,10012
1763008626366,1763008626576,210,32208.335353135226,3.2169731675125073,1089,10012
1763008626429,1763008626639,210,31767.351276448775,3.1729276145074685,1090,10012
1763008626491,1763008626700,209,31767.351276448775,3.1729276145074685,1091,10012
1763008626555,1763008626763,208,31767.351276448775,3.1729276145074685,1092,10012
1763008626617,1763008626826,209,31767.351276448775,3.1729276145074685,1093,10012
1763008626679,1763008626889,210,33448.322967329674,3.3408233087624524,1094,10012
1763008626742,1763008626951,209,33448.322967329674,3.3408233087624524,1095,10012
1763008626805,1763008627013,208,33448.322967329674,3.3408233087624524,1096,10012
1763008626867,1763008627077,210,32752.20908199442,3.271295353774912,1097,10012
1763008626930,1763008627141,211,32752.20908199442,3.271295353774912,1098,10012
1763008626991,1763008627203,212,32752.20908199442,3.271295353774912,1099,10012
1763008627056,1763008627265,209,32198.102429267557,3.21595110160483,1100,10012
1763008627119,1763008627328,209,32198.102429267557,3.21595110160483,1101,10012
1763008627181,1763008627389,208,32198.102429267557,3.21595110160483,1102,10012
1763008627243,1763008627452,209,31761.35773855551,3.172328979080654,1103,10012
1763008627306,1763008627514,208,31761.35773855551,3.172328979080654,1104,10012
1763008627368,1763008627577,209,31761.35773855551,3.172328979080654,1105,10012
1763008627430,1763008627640,210,31761.35773855551,3.172328979080654,1106,10012
1763008627493,1763008627703,210,33451.83275989019,3.3411738673482008,1107,10012
1763008627555,1763008627766,211,33451.83275989019,3.3411738673482008,1108,10012
1763008627618,1763008627828,210,33451.83275989019,3.3411738673482008,1109,10012
1763008627681,1763008627889,208,32761.83454239237,3.272256746143864,1110,10012
1763008627745,1763008627952,207,32761.83454239237,3.272256746143864,1111,10012
1763008627807,1763008628014,207,32761.83454239237,3.272256746143864,1112,10012
1763008627868,1763008628077,209,32205.764295744328,3.216716369930516,1113,10012
1763008627930,1763008628141,211,32205.764295744328,3.216716369930516,1114,10012
1763008627992,1763008628204,212,32205.764295744328,3.216716369930516,1115,10012
1763008628056,1763008628267,211,31760.96261511674,3.1722895140947602,1116,10012
1763008628120,1763008628330,210,31760.96261511674,3.1722895140947602,1117,10012
1763008628182,1763008628391,209,31760.96261511674,3.1722895140947602,1118,10012
1763008628246,1763008628455,209,31760.96261511674,3.1722895140947602,1119,10012
1763008628308,1763008628518,210,33451.518241632926,3.341142453219429,1120,10012
1763008628370,1763008628581,211,33451.518241632926,3.341142453219429,1121,10012
1763008628433,1763008628643,210,33451.518241632926,3.341142453219429,1122,10012
1763008628496,1763008628705,209,32758.168038581443,3.271890535215885,1123,10012
1763008628559,1763008628767,208,32758.168038581443,3.271890535215885,1124,10012
1763008628621,1763008628830,209,32758.168038581443,3.271890535215885,1125,10012
1763008628683,1763008628893,210,32202.845758710828,3.2164248660318444,1126,10012
1763008628746,1763008628956,210,32202.845758710828,3.2164248660318444,1127,10012
1763008628809,1763008629018,209,32202.845758710828,3.2164248660318444,1128,10012
1763008628871,1763008629080,209,31762.97606969253,3.17249061822738,1129,10012
1763008628934,1763008629153,219,31762.97606969253,3.17249061822738,1130,10012
1763008628996,1763008629206,210,31762.97606969253,3.17249061822738,1131,10012
1763008629059,1763008629267,208,31762.97606969253,3.17249061822738,1132,10012
1763008629122,1763008629330,208,33444.83592754495,3.340475022727222,1133,10012
1763008629184,1763008629393,209,33444.83592754495,3.340475022727222,1134,10012
1763008629246,1763008629456,210,33444.83592754495,3.340475022727222,1135,10012
1763008629309,1763008629519,210,32752.842234253323,3.271358593113596,1136,10012
1763008629371,1763008629582,211,32752.842234253323,3.271358593113596,1137,10012
1763008629434,1763008629644,210,32752.842234253323,3.271358593113596,1138,10012
1763008629497,1763008629707,210,32195.88957623139,3.2157300815253085,1139,10012
1763008629560,1763008629769,209,32195.88957623139,3.2157300815253085,1140,10012
1763008629623,1763008629832,209,32195.88957623139,3.2157300815253085,1141,10012
1763008629685,1763008629895,210,31755.27210268019,3.1717211448941454,1142,10012
1763008629747,1763008629958,211,31755.27210268019,3.1717211448941454,1143,10012
1763008629810,1763008630019,209,31755.27210268019,3.1717211448941454,1144,10012
1763008629874,1763008630082,208,31755.27210268019,3.1717211448941454,1145,10012
1763008629936,1763008630145,209,33430.40313793879,3.339033473625528,1146,10012
1763008629998,1763008630207,209,33430.40313793879,3.339033473625528,1147,10012
1763008630061,1763008630269,208,33430.40313793879,3.339033473625528,1148,10012
1763008630123,1763008630331,208,32744.73370407515,3.2705487119531713,1149,10012
1763008630186,1763008630394,208,32744.73370407515,3.2705487119531713,1150,10012
1763008630247,1763008630454,207,32744.73370407515,3.2705487119531713,1151,10012
1763008630309,1763008630518,209,32194.860762147895,3.2156273234266775,1152,10012
1763008630372,1763008630579,207,32194.860762147895,3.2156273234266775,1153,10012
1763008630433,1763008630641,208,32194.860762147895,3.2156273234266775,1154,10012
1763008630496,1763008630704,208,31758.77088819402,3.172070604094489,1155,10012
1763008630558,1763008630768,210,31758.77088819402,3.172070604094489,1156,10012
1763008630620,1763008630831,211,31758.77088819402,3.172070604094489,1157,10012
1763008630683,1763008630894,211,31758.77088819402,3.172070604094489,1158,10012
1763008630747,1763008630956,209,33458.062856114244,3.3417961302551187,1159,10012
1763008630810,1763008631019,209,33458.062856114244,3.3417961302551187,1160,10012
1763008630872,1763008631082,210,33458.062856114244,3.3417961302551187,1161,10012
1763008630935,1763008631144,209,32763.384096323054,3.27241151581333,1162,10012
1763008630998,1763008631207,209,32763.384096323054,3.27241151581333,1163,10012
1763008631060,1763008631270,210,32763.384096323054,3.27241151581333,1164,10012
1763008631122,1763008631332,210,32204.270356576828,3.2165671550715973,1165,10012
1763008631184,1763008631396,212,32204.270356576828,3.2165671550715973,1166,10012
1763008631247,1763008631459,212,32204.270356576828,3.2165671550715973,1167,10012
1763008631311,1763008631523,212,31759.774933478577,3.17217088828192,1168,10012
1763008631373,1763008631586,213,31759.774933478577,3.17217088828192,1169,10012
1763008631438,1763008631648,210,31759.774933478577,3.17217088828192,1170,10012
1763008631501,1763008631712,211,31759.774933478577,3.17217088828192,1171,10012
1763008631563,1763008631775,212,33458.86107211547,3.341875856184126,1172,10012
1763008631626,1763008631838,212,33458.86107211547,3.341875856184126,1173,10012
1763008631690,1763008631901,211,33458.86107211547,3.341875856184126,1174,10012
1763008631753,1763008631964,211,32757.1745523318,3.2717913056663805,1175,10012
1763008631816,1763008632026,210,32757.1745523318,3.2717913056663805,1176,10012
1763008631880,1763008632089,209,32757.1745523318,3.2717913056663805,1177,10012
1763008631942,1763008632153,211,32202.054943656112,3.2163458793104387,1178,10012
1763008632005,1763008632215,210,32202.054943656112,3.2163458793104387,1179,10012
1763008632067,1763008632278,211,32202.054943656112,3.2163458793104387,1180,10012
1763008632130,1763008632339,209,31764.511845037578,3.17264401168973,1181,10012
1763008632193,1763008632402,209,31764.511845037578,3.17264401168973,1182,10012
1763008632256,1763008632465,209,31764.511845037578,3.17264401168973,1183,10012
1763008632318,1763008632527,209,31764.511845037578,3.17264401168973,1184,10012
1763008632380,1763008632590,210,33454.34342864991,3.3414246333050253,1185,10012
1763008632443,1763008632652,209,33454.34342864991,3.3414246333050253,1186,10012
1763008632506,1763008632715,209,33454.34342864991,3.3414246333050253,1187,10012
1763008632568,1763008632777,209,32760.41971263398,3.2721154327441053,1188,10012
1763008632631,1763008632839,208,32760.41971263398,3.2721154327441053,1189,10012
1763008632692,1763008632901,209,32760.41971263398,3.2721154327441053,1190,10012
1763008632755,1763008632963,208,32210.086930681915,3.217148115329796,1191,10012
1763008632817,1763008633026,209,32210.086930681915,3.217148115329796,1192,10012
1763008632880,1763008633089,209,32210.086930681915,3.217148115329796,1193,10012
1763008632942,1763008633153,211,31762.22502296144,3.172415603571858,1194,10012
1763008633005,1763008633215,210,31762.22502296144,3.172415603571858,1195,10012
1763008633068,1763008633278,210,31762.22502296144,3.172415603571858,1196,10012
1763008633132,1763008633342,210,31762.22502296144,3.172415603571858,1197,10012
1763008633194,1763008633404,210,33452.523118277306,3.341242820443199,1198,10012
1763008633256,1763008633468,212,33452.523118277306,3.341242820443199,1199,10012
1763008633322,1763008633531,209,33452.523118277306,3.341242820443199,1200,10012
1763008633383,1763008633595,212,32748.71935591218,3.2709467994319,1201,10012
1763008633446,1763008633658,212,32748.71935591218,3.2709467994319,1202,10012
1763008633509,1763008633721,212,32748.71935591218,3.2709467994319,1203,10012
1763008633574,1763008633783,209,32195.324607306095,3.2156736523477925,1204,10012
1763008633636,1763008633845,209,32195.324607306095,3.2156736523477925,1205,10012
1763008633699,1763008633907,208,32195.324607306095,3.2156736523477925,1206,10012
1763008633762,1763008633969,207,31759.141036630263,3.1721075745735385,1207,10012
1763008633822,1763008634033,211,31759.141036630263,3.1721075745735385,1208,10012
1763008633886,1763008634095,209,31759.141036630263,3.1721075745735385,1209,10012
1763008633947,1763008634159,212,31759.141036630263,3.1721075745735385,1210,10012
1763008634012,1763008634222,210,33458.35712412106,3.341825521785963,1211,10012
1763008634074,1763008634285,211,33458.35712412106,3.341825521785963,1212,10012
1763008634138,1763008634347,209,33458.35712412106,3.341825521785963,1213,10012
1763008634200,1763008634409,209,32763.618627924483,3.2724349408634126,1214,10012
1763008634263,1763008634473,210,32763.618627924483,3.2724349408634126,1215,10012
1763008634325,1763008634535,210,32763.618627924483,3.2724349408634126,1216,10012
1763008634387,1763008634597,210,32207.184427827888,3.2168582129272765,1217,10012
1763008634451,1763008634660,209,32207.184427827888,3.2168582129272765,1218,10012
1763008634514,1763008634722,208,32207.184427827888,3.2168582129272765,1219,10012
1763008634576,1763008634784,208,31766.433988978828,3.172835995703039,1220,10012
1763008634639,1763008634847,208,31766.433988978828,3.172835995703039,1221,10012
1763008634699,1763008634909,210,31766.433988978828,3.172835995703039,1222,10012
1763008634762,1763008634972,210,31766.433988978828,3.172835995703039,1223,10012
1763008634824,1763008635036,212,33455.87345522715,3.341577452579619,1224,10012
1763008634887,1763008635099,212,33455.87345522715,3.341577452579619,1225,10012
1763008634950,1763008635162,212,33455.87345522715,3.341577452579619,1226,10012
1763008635014,1763008635224,210,32758.21927036081,3.271895652253377,1227,10012
1763008635077,1763008635286,209,32758.21927036081,3.271895652253377,1228,10012
1763008635141,1763008635350,209,32758.21927036081,3.271895652253377,1229,10012
1763008635202,1763008635412,210,32202.886539207204,3.2164289391936878,1230,10012
1763008635265,1763008635476,211,32202.886539207204,3.2164289391936878,1231,10012
1763008635328,1763008635539,211,32202.886539207204,3.2164289391936878,1232,10012
1763008635390,1763008635602,212,31758.674798669726,3.1720610066589816,1233,10012
1763008635454,1763008635663,209,31758.674798669726,3.1720610066589816,1234,10012
1763008635517,1763008635726,209,31758.674798669726,3.1720610066589816,1235,10012
1763008635580,1763008635790,210,31758.674798669726,3.1720610066589816,1236,10012
1763008635642,1763008635853,211,33449.6971397411,3.3409605613005495,1237,10012
1763008635705,1763008635914,209,33449.6971397411,3.3409605613005495,1238,10012
1763008635768,1763008635977,209,33449.6971397411,3.3409605613005495,1239,10012
1763008635830,1763008636040,210,32756.71662037366,3.271745567356538,1240,10012
1763008635891,1763008636103,212,32756.71662037366,3.271745567356538,1241,10012
1763008635955,1763008636166,211,32756.71662037366,3.271745567356538,1242,10012
1763008636017,1763008636229,212,32198.96971319706,3.2160377260484476,1243,10012
1763008636081,1763008636290,209,32198.96971319706,3.2160377260484476,1244,10012
1763008636144,1763008636352,208,32198.96971319706,3.2160377260484476,1245,10012
1763008636207,1763008636415,208,31764.212800844452,3.1726141431127095,1246,10012
1763008636269,1763008636478,209,31764.212800844452,3.1726141431127095,1247,10012
1763008636331,1763008636541,210,31764.212800844452,3.1726141431127095,1248,10012
1763008636394,1763008636603,209,31764.212800844452,3.1726141431127095,1249,10012
1763008636456,1763008636666,210,33454.105389472184,3.3414008579177166,1250,10012
1763008636520,1763008636729,209,33454.105389472184,3.3414008579177166,1251,10012
1763008636582,1763008636792,210,33454.105389472184,3.3414008579177166,1252,10012
1763008636644,1763008636854,210,32756.81189001986,3.2717550829025024,1253,10012
1763008636707,1763008636916,209,32756.81189001986,3.2717550829025024,1254,10012
1763008636770,1763008636979,209,32756.81189001986,3.2717550829025024,1255,10012
1763008636833,1763008637041,208,32204.487076345828,3.2165888010732946,1256,10012
1763008636894,1763008637104,210,32204.487076345828,3.2165888010732946,1257,10012
1763008636956,1763008637166,210,32204.487076345828,3.2165888010732946,1258,10012
1763008637020,1763008637229,209,31764.284199847625,3.1726212744554156,1259,10012
1763008637082,1763008637291,209,31764.284199847625,3.1726212744554156,1260,10012
1763008637145,1763008637354,209,31764.284199847625,3.1726212744554156,1261,10012
1763008637207,1763008637417,210,31764.284199847625,3.1726212744554156,1262,10012
1763008637270,1763008637479,209,33454.16222307871,3.3414065344665107,1263,10012
1763008637332,1763008637541,209,33454.16222307871,3.3414065344665107,1264,10012
1763008637395,1763008637603,208,33454.16222307871,3.3414065344665107,1265,10012
1763008637457,1763008637666,209,32760.275291793732,3.272101007969809,1266,10012
1763008637519,1763008637729,210,32760.275291793732,3.272101007969809,1267,10012
1763008637581,1763008637792,211,32760.275291793732,3.272101007969809,1268,10012
1763008637645,1763008637855,210,32204.523132267812,3.216592402343968,1269,10012
1763008637707,1763008637918,211,32204.523132267812,3.216592402343968,1270,10012
1763008637769,1763008637981,212,32204.523132267812,3.216592402343968,1271,10012
1763008637833,1763008638045,212,31759.97589015291,3.1721909598634546,1272,10012
1763008637895,1763008638106,211,31759.97589015291,3.1721909598634546,1273,10012
1763008637959,1763008638169,210,31759.97589015291,3.1721909598634546,1274,10012
1763008638023,1763008638231,208,31759.97589015291,3.1721909598634546,1275,10012
1763008638085,1763008638293,208,33434.15676034202,3.3394083859710366,1276,10012
1763008638147,1763008638356,209,33434.15676034202,3.3394083859710366,1277,10012
1763008638210,1763008638419,209,33434.15676034202,3.3394083859710366,1278,10012
1763008638272,1763008638482,210,32737.534624471904,3.269829666846974,1279,10012
1763008638335,1763008638544,209,32737.534624471904,3.269829666846974,1280,10012
1763008638398,1763008638606,208,32737.534624471904,3.269829666846974,1281,10012
1763008638462,1763008638669,207,32191.824630328578,3.2153240741438855,1282,10012
1763008638522,1763008638732,210,32191.824630328578,3.2153240741438855,1283,10012
1763008638585,1763008638795,210,32191.824630328578,3.2153240741438855,1284,10012
1763008638648,1763008638859,211,31749.880581111218,3.171182638944389,1285,10012
1763008638711,1763008638921,210,31749.880581111218,3.171182638944389,1286,10012
1763008638774,1763008638984,210,31749.880581111218,3.171182638944389,1287,10012
1763008638838,1763008639046,208,31749.880581111218,3.171182638944389,1288,10012
1763008638900,1763008639109,209,33434.39882314564,3.339432563238678,1289,10012
1763008638962,1763008639172,210,33434.39882314564,3.339432563238678,1290,10012
1763008639024,1763008639233,209,33434.39882314564,3.339432563238678,1291,10012
1763008639087,1763008639296,209,32744.523862047074,3.270527752901226,1292,10012
1763008639150,1763008639358,208,32744.523862047074,3.270527752901226,1293,10012
1763008639212,1763008639421,209,32744.523862047074,3.270527752901226,1294,10012
1763008639274,1763008639484,210,32194.693518051517,3.2156106190622773,1295,10012
1763008639336,1763008639547,211,32194.693518051517,3.2156106190622773,1296,10012
1763008639399,1763008639610,211,32194.693518051517,3.2156106190622773,1297,10012
1763008639462,1763008639673,211,31750.002653332904,3.1711948315354483,1298,10012
1763008639525,1763008639736,211,31750.002653332904,3.1711948315354483,1299,10012
1763008639588,1763008639797,209,31750.002653332904,3.1711948315354483,1300,10012
1763008639651,1763008639860,209,31750.002653332904,3.1711948315354483,1301,10012
1763008639714,1763008639924,210,33434.49611470632,3.3394422807337523,1302,10012
1763008639775,1763008639985,210,33434.49611470632,3.3394422807337523,1303,10012
1763008639839,1763008640049,210,33434.49611470632,3.3394422807337523,1304,10012
1763008639902,1763008640113,211,32737.804411191526,3.269856613183333,1305,10012
1763008639964,1763008640176,212,32737.804411191526,3.269856613183333,1306,10012
1763008640028,1763008640239,211,32737.804411191526,3.269856613183333,1307,10012
1763008640091,1763008640301,210,32186.636311308455,3.214805864093933,1308,10012
1763008640154,1763008640364,210,32186.636311308455,3.214805864093933,1309,10012
1763008640218,1763008640427,209,32186.636311308455,3.214805864093933,1310,10012
1763008640280,1763008640489,209,31750.05714011284,3.1712002736828646,1311,10012
1763008640343,1763008640550,207,31750.05714011284,3.1712002736828646,1312,10012
1763008640406,1763008640613,207,31750.05714011284,3.1712002736828646,1313,10012
1763008640468,1763008640677,209,31750.05714011284,3.1712002736828646,1314,10012
1763008640529,1763008640740,211,33442.837483529824,3.34027541785156,1315,10012
1763008640592,1763008640802,210,33442.837483529824,3.34027541785156,1316,10012
1763008640655,1763008640864,209,33442.837483529824,3.34027541785156,1317,10012
1763008640717,1763008640927,210,32751.249474373268,3.2711995080276934,1318,10012
1763008640781,1763008640991,210,32751.249474373268,3.2711995080276934,1319,10012
1763008640842,1763008641053,211,32751.249474373268,3.2711995080276934,1320,10012
1763008640906,1763008641115,209,32197.33858160112,3.215874808390044,1321,10012
1763008640969,1763008641178,209,32197.33858160112,3.215874808390044,1322,10012
1763008641032,1763008641241,209,32197.33858160112,3.215874808390044,1323,10012
1763008641094,1763008641304,210,31754.264172372892,3.171620472670085,1324,10012
1763008641157,1763008641367,210,31754.264172372892,3.171620472670085,1325,10012
1763008641219,1763008641429,210,31754.264172372892,3.171620472670085,1326,10012
1763008641283,1763008641493,210,31754.264172372892,3.171620472670085,1327,10012
1763008641345,1763008641555,210,33437.8925453812,3.339781516718058,1328,10012
1763008641407,1763008641616,209,33437.8925453812,3.339781516718058,1329,10012
1763008641471,1763008641679,208,33437.8925453812,3.339781516718058,1330,10012
1763008641532,1763008641741,209,32750.710251214194,3.27114565034101,1331,10012
1763008641594,1763008641804,210,32750.710251214194,3.27114565034101,1332,10012
1763008641656,1763008641866,210,32750.710251214194,3.27114565034101,1333,10012
1763008641720,1763008641929,209,32196.9093599665,3.215831937671444,1334,10012
1763008641783,1763008641992,209,32196.9093599665,3.215831937671444,1335,10012
1763008641845,1763008642056,211,32196.9093599665,3.215831937671444,1336,10012
1763008641907,1763008642119,212,31751.7620318134,3.1713705585111267,1337,10012
1763008641970,1763008642182,212,31751.7620318134,3.1713705585111267,1338,10012
1763008642035,1763008642244,209,31751.7620318134,3.1713705585111267,1339,10012
1763008642098,1763008642307,209,31751.7620318134,3.1713705585111267,1340,10012
1763008642160,1763008642371,211,33444.19457732347,3.3404109645748568,1341,10012
1763008642223,1763008642434,211,33444.19457732347,3.3404109645748568,1342,10012
1763008642287,1763008642496,209,33444.19457732347,3.3404109645748568,1343,10012
1763008642349,1763008642558,209,32748.922883549483,3.270967127801586,1344,10012
1763008642412,1763008642621,209,32748.922883549483,3.270967127801586,1345,10012
1763008642474,1763008642684,210,32748.922883549483,3.270967127801586,1346,10012
1763008642537,1763008642748,211,32192.77369242184,3.2154188666022607,1347,10012
1763008642600,1763008642811,211,32192.77369242184,3.2154188666022607,1348,10012
1763008642663,1763008642873,210,32192.77369242184,3.2154188666022607,1349,10012
1763008642726,1763008642936,210,31752.791859167784,3.1714734178153994,1350,10012
1763008642789,1763008642999,210,31752.791859167784,3.1714734178153994,1351,10012
1763008642852,1763008643062,210,31752.791859167784,3.1714734178153994,1352,10012
1763008642914,1763008643124,210,31752.791859167784,3.1714734178153994,1353,10012
1763008642977,1763008643186,209,33428.42390361589,3.3388357874166887,1354,10012
1763008643039,1763008643249,210,33428.42390361589,3.3388357874166887,1355,10012
1763008643102,1763008643311,209,33428.42390361589,3.3388357874166887,1356,10012
1763008643164,1763008643374,210,32736.36942727825,3.2697132867836842,1357,10012
1763008643227,1763008643437,210,32736.36942727825,3.2697132867836842,1358,10012
1763008643290,1763008643498,208,32736.36942727825,3.2697132867836842,1359,10012
1763008643352,1763008643560,208,32193.595172395322,3.2155009161401638,1360,10012
1763008643414,1763008643621,207,32193.595172395322,3.2155009161401638,1361,10012
1763008643476,1763008643685,209,32193.595172395322,3.2155009161401638,1362,10012
1763008643538,1763008643748,210,31751.28816205428,3.1713232283314303,1363,10012
1763008643600,1763008643811,211,31751.28816205428,3.1713232283314303,1364,10012
1763008643664,1763008643874,210,31751.28816205428,3.1713232283314303,1365,10012
1763008643726,1763008643936,210,31751.28816205428,3.1713232283314303,1366,10012
1763008643788,1763008643999,211,33435.52066515726,3.33954461298015,1367,10012
1763008643852,1763008644062,210,33435.52066515726,3.33954461298015,1368,10012
1763008643913,1763008644124,211,33435.52066515726,3.33954461298015,1369,10012
1763008643977,1763008644188,211,32738.61892880002,3.269937967319219,1370,10012
1763008644041,1763008644250,209,32738.61892880002,3.269937967319219,1371,10012
1763008644103,1763008644314,211,32738.61892880002,3.269937967319219,1372,10012
1763008644165,1763008644375,210,32187.284667324817,3.2148706219860985,1373,10012
1763008644229,1763008644440,211,32187.284667324817,3.2148706219860985,1374,10012
1763008644291,1763008644501,210,32187.284667324817,3.2148706219860985,1375,10012
1763008644354,1763008644564,210,31750.57387985788,3.1712518857229206,1376,10012
1763008644418,1763008644626,208,31750.57387985788,3.1712518857229206,1377,10012
1763008644480,1763008644690,210,31750.57387985788,3.1712518857229206,1378,10012
1763008644542,1763008644753,211,31750.57387985788,3.1712518857229206,1379,10012
1763008644605,1763008644816,211,33451.54623448701,3.3411452491497218,1380,10012
1763008644668,1763008644878,210,33451.54623448701,3.3411452491497218,1381,10012
1763008644731,1763008644941,210,33451.54623448701,3.3411452491497218,1382,10012
1763008644794,1763008645003,209,32754.77480265166,3.2715516183231785,1383,10012
1763008644857,1763008645066,209,32754.77480265166,3.2715516183231785,1384,10012
1763008644919,1763008645128,209,32754.77480265166,3.2715516183231785,1385,10012
1763008644981,1763008645191,210,32202.863517713373,3.2164266398035735,1386,10012
1763008645043,1763008645255,212,32202.863517713373,3.2164266398035735,1387,10012
1763008645107,1763008645319,212,32202.863517713373,3.2164266398035735,1388,10012
1763008645169,1763008645382,213,31754.322769546703,3.1716263253642336,1389,10012
1763008645233,1763008645445,212,31754.322769546703,3.1716263253642336,1390,10012
1763008645296,1763008645509,213,31754.322769546703,3.1716263253642336,1391,10012
1763008645363,1763008645572,209,31754.322769546703,3.1716263253642336,1392,10012
1763008645423,1763008645636,213,33462.82027902008,3.3422713023392014,1393,10012
1763008645487,1763008645698,211,33462.82027902008,3.3422713023392014,1394,10012
1763008645550,1763008645761,211,33462.82027902008,3.3422713023392014,1395,10012
1763008645614,1763008645823,209,32767.175762379004,3.2727902279643435,1396,10012
1763008645677,1763008645885,208,32767.175762379004,3.2727902279643435,1397,10012
1763008645740,1763008645949,209,32767.175762379004,3.2727902279643435,1398,10012
1763008645803,1763008646012,209,32210.01590685369,3.2171410214596174,1399,10012
1763008645864,1763008646075,211,32210.01590685369,3.2171410214596174,1400,10012
1763008645928,1763008646137,209,32210.01590685369,3.2171410214596174,1401,10012
1763008645990,1763008646199,209,31768.690677762388,3.173061394103315,1402,10012
1763008646054,1763008646261,207,31768.690677762388,3.173061394103315,1403,10012
1763008646115,1763008646324,209,31768.690677762388,3.173061394103315,1404,10012
1763008646176,1763008646387,211,31768.690677762388,3.173061394103315,1405,10012
1763008646239,1763008646450,211,33457.66977949886,3.3417568697062388,1406,10012
1763008646302,1763008646513,211,33457.66977949886,3.3417568697062388,1407,10012
1763008646364,1763008646575,211,33457.66977949886,3.3417568697062388,1408,10012
1763008646428,1763008646638,210,32759.64914448109,3.272038468286166,1409,10012
1763008646491,1763008646701,210,32759.64914448109,3.272038468286166,1410,10012
1763008646554,1763008646764,210,32759.64914448109,3.272038468286166,1411,10012
1763008646617,1763008646826,209,32204.024719006946,3.216542620755788,1412,10012
1763008646679,1763008646889,210,32204.024719006946,3.216542620755788,1413,10012
1763008646742,1763008646952,210,32204.024719006946,3.216542620755788,1414,10012
1763008646804,1763008647015,211,31761.747676329527,3.1723679261216073,1415,10012
1763008646868,1763008647077,209,31761.747676329527,3.1723679261216073,1416,10012
1763008646930,1763008647139,209,31761.747676329527,3.1723679261216073,1417,10012
1763008646993,1763008647202,209,31761.747676329527,3.1723679261216073,1418,10012
1763008647056,1763008647265,209,33443.85689803463,3.340377237118921,1419,10012
1763008647117,1763008647328,211,33443.85689803463,3.340377237118921,1420,10012
1763008647181,1763008647390,209,33443.85689803463,3.340377237118921,1421,10012
1763008647243,1763008647453,210,32748.654090835567,3.270940280746661,1422,10012
1763008647306,1763008647516,210,32748.654090835567,3.270940280746661,1423,10012
1763008647369,1763008647579,210,32748.654090835567,3.270940280746661,1424,10012
1763008647432,1763008647643,211,32192.560002214275,3.2153975231935954,1425,10012
1763008647494,1763008647704,210,32192.560002214275,3.2153975231935954,1426,10012
1763008647558,1763008647767,209,32192.560002214275,3.2153975231935954,1427,10012
1763008647621,1763008647828,207,31756.934881766992,3.171887223508489,1428,10012
1763008647683,1763008647892,209,31756.934881766992,3.171887223508489,1429,10012
1763008647745,1763008647954,209,31756.934881766992,3.171887223508489,1430,10012
1763008647806,1763008648016,210,31756.934881766992,3.171887223508489,1431,10012
1763008647870,1763008648079,209,33440.021100768296,3.339994117136266,1432,10012
1763008647932,1763008648141,209,33440.021100768296,3.339994117136266,1433,10012
1763008647995,1763008648203,208,33440.021100768296,3.339994117136266,1434,10012
1763008648057,1763008648266,209,32749.004817312332,3.270975311357604,1435,10012
1763008648119,1763008648329,210,32749.004817312332,3.270975311357604,1436,10012
1763008648181,1763008648392,211,32749.004817312332,3.270975311357604,1437,10012
1763008648244,1763008648456,212,32190.125824945993,3.2151543972179377,1438,10012
1763008648307,1763008648518,211,32190.125824945993,3.2151543972179377,1439,10012
1763008648370,1763008648579,209,32190.125824945993,3.2151543972179377,1440,10012
1763008648434,1763008648641,207,31757.146534131847,3.171908363377132,1441,10012
1763008648496,1763008648704,208,31757.146534131847,3.171908363377132,1442,10012
1763008648556,1763008648767,211,31757.146534131847,3.171908363377132,1443,10012
1763008648619,1763008648828,209,31757.146534131847,3.171908363377132,1444,10012
1763008648682,1763008648891,209,33431.898934237215,3.3391828739749516,1445,10012
1763008648744,1763008648953,209,33431.898934237215,3.3391828739749516,1446,10012
1763008648806,1763008649016,210,33431.898934237215,3.3391828739749516,1447,10012
1763008648870,1763008649078,208,32742.53145058706,3.2703287505580363,1448,10012
1763008648932,1763008649140,208,32742.53145058706,3.2703287505580363,1449,10012
1763008648994,1763008649203,209,32742.53145058706,3.2703287505580363,1450,10012
1763008649057,1763008649266,209,32190.399034667298,3.215181685444197,1451,10012
1763008649119,1763008649328,209,32190.399034667298,3.215181685444197,1452,10012
1763008649181,1763008649391,210,32190.399034667298,3.215181685444197,1453,10012
1763008649244,1763008649454,210,31753.056030629836,3.171499803299025,1454,10012
1763008649306,1763008649517,211,31753.056030629836,3.171499803299025,1455,10012
1763008649370,1763008649580,210,31753.056030629836,3.171499803299025,1456,10012
1763008649432,1763008649642,210,31753.056030629836,3.171499803299025,1457,10012
1763008649494,1763008649705,211,33453.51954435072,3.341342343622725,1458,10012
1763008649558,1763008649767,209,33453.51954435072,3.341342343622725,1459,10012
1763008649620,1763008649829,209,33453.51954435072,3.341342343622725,1460,10012
1763008649683,1763008649892,209,32759.76307684752,3.272049847867312,1461,10012
1763008649746,1763008649956,210,32759.76307684752,3.272049847867312,1462,10012
1763008649808,1763008650017,209,32759.76307684752,3.272049847867312,1463,10012
1763008649871,1763008650080,209,32209.56293532432,3.217095778598115,1464,10012
1763008649933,1763008650143,210,32209.56293532432,3.217095778598115,1465,10012
1763008649995,1763008650205,210,32209.56293532432,3.217095778598115,1466,10012
1763008650057,1763008650268,211,31766.15609651816,3.1728082397640995,1467,10012
1763008650121,1763008650331,210,31766.15609651816,3.1728082397640995,1468,10012
1763008650183,1763008650393,210,31766.15609651816,3.1728082397640995,1469,10012
1763008650246,1763008650456,210,31766.15609651816,3.1728082397640995,1470,10012
1763008650309,1763008650520,211,33463.93409673194,3.3423825506124594,1471,10012
1763008650371,1763008650583,212,33463.93409673194,3.3423825506124594,1472,10012
1763008650434,1763008650647,213,33463.93409673194,3.3423825506124594,1473,10012
1763008650498,1763008650710,212,32757.779672805158,3.271851745186293,1474,10012
1763008650561,1763008650773,212,32757.779672805158,3.271851745186293,1475,10012
1763008650625,1763008650835,210,32757.779672805158,3.271851745186293,1476,10012
1763008650688,1763008650898,210,32202.536619552906,3.216393989168289,1477,10012
1763008650750,1763008650961,211,32202.536619552906,3.216393989168289,1478,10012
1763008650814,1763008651024,210,32202.536619552906,3.216393989168289,1479,10012
1763008650877,1763008651088,211,31758.39661254456,3.17203322138879,1480,10012
1763008650940,1763008651150,210,31758.39661254456,3.17203322138879,1481,10012
1763008651004,1763008651212,208,31758.39661254456,3.17203322138879,1482,10012
1763008651067,1763008651274,207,31758.39661254456,3.17203322138879,1483,10012
1763008651128,1763008651336,208,33424.6068934231,3.338454543889643,1484,10012
1763008651191,1763008651399,208,33424.6068934231,3.338454543889643,1485,10012
1763008651252,1763008651463,211,33424.6068934231,3.338454543889643,1486,10012
1763008651314,1763008651526,212,32726.553873377943,3.2687329078483764,1487,10012
1763008651379,1763008651589,210,32726.553873377943,3.2687329078483764,1488,10012
1763008651442,1763008651653,211,32726.553873377943,3.2687329078483764,1489,10012
1763008651504,1763008651715,211,32177.680883208843,3.2139113946473077,1490,10012
1763008651568,1763008651778,210,32177.680883208843,3.2139113946473077,1491,10012
1763008651631,1763008651842,211,32177.680883208843,3.2139113946473077,1492,10012
1763008651693,1763008651905,212,31732.211259501404,3.169417824560668,1493,10012
1763008651757,1763008651968,211,31732.211259501404,3.169417824560668,1494,10012
1763008651821,1763008652031,210,31732.211259501404,3.169417824560668,1495,10012
1763008651884,1763008652094,210,31732.211259501404,3.169417824560668,1496,10012
1763008651947,1763008652157,210,33428.63216256312,3.338856588350292,1497,10012
1763008652010,1763008652220,210,33428.63216256312,3.338856588350292,1498,10012
1763008652072,1763008652283,211,33428.63216256312,3.338856588350292,1499,10012
1763008652134,1763008652345,211,32739.927833562804,3.2700687009151825,1500,10012
1763008652197,1763008652409,212,32739.927833562804,3.2700687009151825,1501,10012
1763008652261,1763008652472,211,32739.927833562804,3.2700687009151825,1502,10012
1763008652324,1763008652534,210,32185.62262768243,3.21470461722757,1503,10012
1763008652388,1763008652597,209,32185.62262768243,3.21470461722757,1504,10012
1763008652450,1763008652660,210,32185.62262768243,3.21470461722757,1505,10012
1763008652513,1763008652723,210,31744.94998900753,3.1706901706959183,1506,10012
1763008652575,1763008652788,213,31744.94998900753,3.1706901706959183,1507,10012
1763008652638,1763008652849,211,31744.94998900753,3.1706901706959183,1508,10012
1763008652702,1763008652911,209,31744.94998900753,3.1706901706959183,1509,10012
1763008652765,1763008652974,209,33430.469141239,3.339040066044647,1510,10012
1763008652827,1763008653037,210,33430.469141239,3.339040066044647,1511,10012
1763008652889,1763008653098,209,33430.469141239,3.339040066044647,1512,10012
1763008652953,1763008653160,207,32744.786374708725,3.2705539727036284,1513,10012
1763008653015,1763008653223,208,32744.786374708725,3.2705539727036284,1514,10012
1763008653077,1763008653285,208,32744.786374708725,3.2705539727036284,1515,10012
1763008653138,1763008653346,208,32194.902740642854,3.215631516244792,1516,10012
1763008653202,1763008653410,208,32194.902740642854,3.215631516244792,1517,10012
1763008653263,1763008653473,210,32194.902740642854,3.215631516244792,1518,10012
1763008653326,1763008653535,209,31752.32767881107,3.17142705541461,1519,10012
1763008653391,1763008653599,208,31752.32767881107,3.17142705541461,1520,10012
1763008653451,1763008653663,212,31752.32767881107,3.17142705541461,1521,10012
1763008653514,1763008653726,212,31752.32767881107,3.17142705541461,1522,10012
1763008653577,1763008653789,212,33452.9405046548,3.341284509054615,1523,10012
1763008653641,1763008653852,211,33452.9405046548,3.341284509054615,1524,10012
1763008653705,1763008653915,210,33452.9405046548,3.341284509054615,1525,10012
1763008653768,1763008653978,210,32752.467701200563,3.2713211846984187,1526,10012
1763008653829,1763008654040,211,32752.467701200563,3.2713211846984187,1527,10012
1763008653893,1763008654102,209,32752.467701200563,3.2713211846984187,1528,10012
1763008653955,1763008654166,211,32198.308290155648,3.2159716630199413,1529,10012
1763008654018,1763008654229,211,32198.308290155648,3.2159716630199413,1530,10012
1763008654080,1763008654291,211,32198.308290155648,3.2159716630199413,1531,10012
1763008654145,1763008654355,210,31755.03509067374,3.1716974721008535,1532,10012
1763008654208,1763008654417,209,31755.03509067374,3.1716974721008535,1533,10012
1763008654269,1763008654481,212,31755.03509067374,3.1716974721008535,1534,10012
1763008654333,1763008654544,211,31755.03509067374,3.1716974721008535,1535,10012
1763008654396,1763008654608,212,33455.092897085626,3.3414994903201785,1536,10012
1763008654459,1763008654671,212,33455.092897085626,3.3414994903201785,1537,10012
1763008654523,1763008654734,211,33455.092897085626,3.3414994903201785,1538,10012
1763008654587,1763008654796,209,32754.17885318307,3.271492094804542,1539,10012
1763008654650,1763008654859,209,32754.17885318307,3.271492094804542,1540,10012
1763008654712,1763008654922,210,32754.17885318307,3.271492094804542,1541,10012
1763008654775,1763008654986,211,32196.952188280542,3.215836215369611,1542,10012
1763008654838,1763008655048,210,32196.952188280542,3.215836215369611,1543,10012
1763008654901,1763008655111,210,32196.952188280542,3.215836215369611,1544,10012
1763008654964,1763008655174,210,31756.11794187131,3.1718056274342104,1545,10012
1763008655027,1763008655237,210,31756.11794187131,3.1718056274342104,1546,10012
1763008655091,1763008655298,207,31756.11794187131,3.1718056274342104,1547,10012
1763008655153,1763008655361,208,31756.11794187131,3.1718056274342104,1548,10012
1763008655215,1763008655424,209,33431.07811761331,3.3391008906925,1549,10012
1763008655277,1763008655487,210,33431.07811761331,3.3391008906925,1550,10012
1763008655339,1763008655548,209,33431.07811761331,3.3391008906925,1551,10012
1763008655405,1763008655610,205,32741.87725973781,3.2702634098819225,1552,10012
1763008655465,1763008655673,208,32741.87725973781,3.2702634098819225,1553,10012
1763008655527,1763008655735,208,32741.87725973781,3.2702634098819225,1554,10012
1763008655589,1763008655796,207,32197.99593053051,3.215940464495656,1555,10012
1763008655652,1763008655857,205,32197.99593053051,3.215940464495656,1556,10012
1763008655713,1763008655920,207,32197.99593053051,3.215940464495656,1557,10012
1763008655774,1763008655982,208,31761.272752563345,3.1723204906675333,1558,10012
1763008655836,1763008656045,209,31761.272752563345,3.1723204906675333,1559,10012
1763008655898,1763008656108,210,31761.272752563345,3.1723204906675333,1560,10012
1763008655960,1763008656171,211,31761.272752563345,3.1723204906675333,1561,10012
1763008656023,1763008656233,210,33443.478383792986,3.340339431062024,1562,10012
1763008656086,1763008656295,209,33443.478383792986,3.340339431062024,1563,10012
1763008656153,1763008656358,205,33443.478383792986,3.340339431062024,1564,10012
1763008656211,1763008656421,210,32748.352793499216,3.270910187125371,1565,10012
1763008656273,1763008656484,211,32748.352793499216,3.270910187125371,1566,10012
1763008656336,1763008656547,211,32748.352793499216,3.270910187125371,1567,10012
1763008656400,1763008656610,210,32192.320470831877,3.21537359876467,1568,10012
1763008656461,1763008656674,213,32192.320470831877,3.21537359876467,1569,10012
1763008656525,1763008656736,211,32192.320470831877,3.21537359876467,1570,10012
1763008656588,1763008656799,211,31750.274774311343,3.1712220110179126,1571,10012
1763008656652,1763008656862,210,31750.274774311343,3.1712220110179126,1572,10012
1763008656714,1763008656925,211,31750.274774311343,3.1712220110179126,1573,10012
1763008656778,1763008656987,209,31750.274774311343,3.1712220110179126,1574,10012
1763008656841,1763008657049,208,33434.71299512614,3.3394639427812765,1575,10012
1763008656903,1763008657112,209,33434.71299512614,3.3394639427812765,1576,10012
1763008656965,1763008657175,210,33434.71299512614,3.3394639427812765,1577,10012
1763008657027,1763008657240,213,32734.578118130154,3.2695343705683335,1578,10012
1763008657091,1763008657303,212,32734.578118130154,3.2695343705683335,1579,10012
1763008657154,1763008657367,213,32734.578118130154,3.2695343705683335,1580,10012
1763008657218,1763008657429,211,32181.369603913474,3.214279824601825,1581,10012
1763008657282,1763008657491,209,32181.369603913474,3.214279824601825,1582,10012
1763008657345,1763008657553,208,32181.369603913474,3.214279824601825,1583,10012
1763008657408,1763008657617,209,31745.859574319038,3.1707810202076545,1584,10012
1763008657469,1763008657678,209,31745.859574319038,3.1707810202076545,1585,10012
1763008657532,1763008657741,209,31745.859574319038,3.1707810202076545,1586,10012
1763008657594,1763008657804,210,31745.859574319038,3.1707810202076545,1587,10012
1763008657657,1763008657866,209,33431.194080732275,3.3391124731055006,1588,10012
1763008657720,1763008657928,208,33431.194080732275,3.3391124731055006,1589,10012
1763008657782,1763008657990,208,33431.194080732275,3.3391124731055006,1590,10012
1763008657845,1763008658052,207,32748.760070505086,3.270950866011295,1591,10012
1763008657906,1763008658116,210,32748.760070505086,3.270950866011295,1592,10012
1763008657968,1763008658178,210,32748.760070505086,3.270950866011295,1593,10012
1763008658031,1763008658241,210,32195.35701612205,3.2156768893449907,1594,10012
1763008658094,1763008658302,208,32195.35701612205,3.2156768893449907,1595,10012
1763008658157,1763008658365,208,32195.35701612205,3.2156768893449907,1596,10012
1763008658219,1763008658429,210,31757.007541849274,3.1718944808079574,1597,10012
1763008658281,1763008658491,210,31757.007541849274,3.1718944808079574,1598,10012
1763008658344,1763008658553,209,31757.007541849274,3.1718944808079574,1599,10012
1763008658407,1763008658616,209,31757.007541849274,3.1718944808079574,1600,10012
1763008658469,1763008658678,209,33456.66099577017,3.341656112242326,1601,10012
1763008658532,1763008658740,208,33456.66099577017,3.341656112242326,1602,10012
1763008658594,1763008658803,209,33456.66099577017,3.341656112242326,1603,10012
1763008658657,1763008658866,209,32765.6874746246,3.272641577569376,1604,10012
1763008658719,1763008658930,211,32765.6874746246,3.272641577569376,1605,10012
1763008658782,1763008658992,210,32765.6874746246,3.272641577569376,1606,10012
1763008658845,1763008659055,210,32206.101542326556,3.216750054167654,1607,10012
1763008658910,1763008659118,208,32206.101542326556,3.216750054167654,1608,10012
1763008658970,1763008659181,211,32206.101542326556,3.216750054167654,1609,10012
1763008659034,1763008659243,209,31763.400827691938,3.1725330431174528,1610,10012
1763008659097,1763008659306,209,31763.400827691938,3.1725330431174528,1611,10012
1763008659160,1763008659370,210,31763.400827691938,3.1725330431174528,1612,10012
1763008659222,1763008659432,210,31763.400827691938,3.1725330431174528,1613,10012
1763008659285,1763008659495,210,33453.45905884278,3.3413363023214924,1614,10012
1763008659347,1763008659557,210,33453.45905884278,3.3413363023214924,1615,10012
1763008659411,1763008659619,208,33453.45905884278,3.3413363023214924,1616,10012
1763008659472,1763008659682,210,32759.714869897696,3.2720450329502295,1617,10012
1763008659536,1763008659744,208,32759.714869897696,3.2720450329502295,1618,10012
1763008659598,1763008659808,210,32759.714869897696,3.2720450329502295,1619,10012
1763008659660,1763008659871,211,32201.35332156867,3.2162758011954327,1620,10012
1763008659723,1763008659934,211,32201.35332156867,3.2162758011954327,1621,10012
1763008659787,1763008659996,209,32201.35332156867,3.2162758011954327,1622,10012
1763008659849,1763008660060,211,31759.62124396866,3.1721555377515642,1623,10012
1763008659912,1763008660123,211,31759.62124396866,3.1721555377515642,1624,10012
1763008659975,1763008660187,212,31759.62124396866,3.1721555377515642,1625,10012
1763008660038,1763008660250,212,31759.62124396866,3.1721555377515642,1626,10012
1763008660102,1763008660312,210,33458.738888955086,3.3418636525124934,1627,10012
1763008660166,1763008660375,209,33458.738888955086,3.3418636525124934,1628,10012
1763008660228,1763008660437,209,33458.738888955086,3.3418636525124934,1629,10012
1763008660290,1763008660500,210,32760.50015560825,3.2721234673999446,1630,10012
1763008660354,1763008660564,210,32760.50015560825,3.2721234673999446,1631,10012
1763008660416,1763008660625,209,32760.50015560825,3.2721234673999446,1632,10012
1763008660479,1763008660689,210,32201.977623708557,3.216338156582956,1633,10012
1763008660541,1763008660751,210,32201.977623708557,3.216338156582956,1634,10012
1763008660604,1763008660813,209,32201.977623708557,3.216338156582956,1635,10012
1763008660667,1763008660877,210,31762.28416609572,3.1724215107966156,1636,10012
1763008660730,1763008660938,208,31762.28416609572,3.1724215107966156,1637,10012
1763008660792,1763008661001,209,31762.28416609572,3.1724215107966156,1638,10012
1763008660855,1763008661063,208,31762.28416609572,3.1724215107966156,1639,10012
1763008660917,1763008661125,208,33427.71304871048,3.338764787126496,1640,10012
1763008660979,1763008661188,209,33427.71304871048,3.338764787126496,1641,10012
1763008661041,1763008661250,209,33427.71304871048,3.338764787126496,1642,10012
1763008661103,1763008661312,209,32739.19529982225,3.269995535339817,1643,10012
1763008661166,1763008661376,210,32739.19529982225,3.269995535339817,1644,10012
1763008661228,1763008661439,211,32739.19529982225,3.269995535339817,1645,10012
1763008661291,1763008661502,211,32182.337068058867,3.214376455059815,1646,10012
1763008661355,1763008661563,208,32182.337068058867,3.214376455059815,1647,10012
1763008661418,1763008661626,208,32182.337068058867,3.214376455059815,1648,10012
1763008661480,1763008661688,208,31748.776980310977,3.1710724111377324,1649,10012
1763008661542,1763008661752,210,31748.776980310977,3.1710724111377324,1650,10012
1763008661604,1763008661815,211,31748.776980310977,3.1710724111377324,1651,10012
1763008661667,1763008661878,211,31748.776980310977,3.1710724111377324,1652,10012
1763008661731,1763008661943,212,33466.71614538661,3.342660422032222,1653,10012
1763008661793,1763008662006,213,33466.71614538661,3.342660422032222,1654,10012
1763008661857,1763008662068,211,33466.71614538661,3.342660422032222,1655,10012
1763008661921,1763008662131,210,32766.85005172774,3.2727576959376488,1656,10012
1763008661984,1763008662193,209,32766.85005172774,3.2727576959376488,1657,10012
1763008662046,1763008662256,210,32766.85005172774,3.2727576959376488,1658,10012
1763008662109,1763008662319,210,32209.75664117528,3.2171151259663686,1659,10012
1763008662172,1763008662382,210,32209.75664117528,3.2171151259663686,1660,10012
1763008662235,1763008662443,208,32209.75664117528,3.2171151259663686,1661,10012
1763008662298,1763008662506,208,31770.657799657874,3.1732578705211623,1662,10012
1763008662359,1763008662568,209,31770.657799657874,3.1732578705211623,1663,10012
1763008662422,1763008662630,208,31770.657799657874,3.1732578705211623,1664,10012
1763008662483,1763008662693,210,31770.657799657874,3.1732578705211623,1665,10012
1763008662546,1763008662755,209,33442.68092412698,3.3402597806758876,1666,10012
1763008662608,1763008662818,210,33442.68092412698,3.3402597806758876,1667,10012
1763008662671,1763008662882,211,33442.68092412698,3.3402597806758876,1668,10012
1763008662733,1763008662945,212,32740.90465375682,3.2701662658566546,1669,10012
1763008662796,1763008663008,212,32740.90465375682,3.2701662658566546,1670,10012
1763008662859,1763008663071,212,32740.90465375682,3.2701662658566546,1671,10012
1763008662923,1763008663132,209,32189.10410439043,3.215052347621897,1672,10012
1763008662988,1763008663195,207,32189.10410439043,3.215052347621897,1673,10012
1763008663049,1763008663258,209,32189.10410439043,3.215052347621897,1674,10012
1763008663111,1763008663320,209,31754.177075303563,3.1716117734022737,1675,10012
1763008663174,1763008663383,209,31754.177075303563,3.1716117734022737,1676,10012
1763008663237,1763008663446,209,31754.177075303563,3.1716117734022737,1677,10012
1763008663299,1763008663508,209,31754.177075303563,3.1716117734022737,1678,10012
1763008663361,1763008663571,210,33446.116951941636,3.34060297162821,1679,10012
1763008663425,1763008663635,210,33446.116951941636,3.34060297162821,1680,10012
1763008663487,1763008663698,211,33446.116951941636,3.34060297162821,1681,10012
1763008663550,1763008663761,211,32743.63285984166,3.270438759472799,1682,10012
1763008663614,1763008663824,210,32743.63285984166,3.270438759472799,1683,10012
1763008663677,1763008663887,210,32743.63285984166,3.270438759472799,1684,10012
1763008663739,1763008663949,210,32188.568123574118,3.214998813780875,1685,10012
1763008663803,1763008664011,208,32188.568123574118,3.214998813780875,1686,10012
1763008663866,1763008664075,209,32188.568123574118,3.214998813780875,1687,10012
1763008663928,1763008664138,210,31751.59679448857,3.1713540545833574,1688,10012
1763008663990,1763008664200,210,31751.59679448857,3.1713540545833574,1689,10012
1763008664054,1763008664263,209,31751.59679448857,3.1713540545833574,1690,10012
1763008664116,1763008664325,209,31751.59679448857,3.1713540545833574,1691,10012
1763008664178,1763008664387,209,33427.47024200188,3.3387405355575193,1692,10012
1763008664240,1763008664450,210,33427.47024200188,3.3387405355575193,1693,10012
1763008664303,1763008664513,210,33427.47024200188,3.3387405355575193,1694,10012
1763008664366,1763008664576,210,32732.218842391496,3.2692987257682278,1695,10012
1763008664430,1763008664638,208,32732.218842391496,3.2692987257682278,1696,10012
1763008664491,1763008664701,210,32732.218842391496,3.2692987257682278,1697,10012
1763008664555,1763008664764,209,32182.19019854363,3.2143617857115094,1698,10012
1763008664615,1763008664827,212,32182.19019854363,3.2143617857115094,1699,10012
1763008664680,1763008664890,210,32182.19019854363,3.2143617857115094,1700,10012
1763008664742,1763008664952,210,31744.36739804073,3.1706319814263617,1701,10012
1763008664805,1763008665014,209,31744.36739804073,3.1706319814263617,1702,10012
1763008664868,1763008665077,209,31744.36739804073,3.1706319814263617,1703,10012
1763008664931,1763008665141,210,31744.36739804073,3.1706319814263617,1704,10012
1763008664993,1763008665203,210,33438.30844884042,3.339823057215384,1705,10012
1763008665056,1763008665267,211,33438.30844884042,3.339823057215384,1706,10012
1763008665119,1763008665331,212,33438.30844884042,3.339823057215384,1707,10012
1763008665182,1763008665394,212,32737.432908379295,3.269819507429015,1708,10012
1763008665245,1763008665458,213,32737.432908379295,3.269819507429015,1709,10012
1763008665309,1763008665520,211,32737.432908379295,3.269819507429015,1710,10012
1763008665372,1763008665583,211,32183.63916216154,3.2145065084060667,1711,10012
1763008665435,1763008665646,211,32183.63916216154,3.2145065084060667,1712,10012
1763008665498,1763008665709,211,32183.63916216154,3.2145065084060667,1713,10012
1763008665562,1763008665772,210,31743.373133918423,3.170532674182823,1714,10012
1763008665623,1763008665836,213,31743.373133918423,3.170532674182823,1715,10012
1763008665687,1763008665899,212,31743.373133918423,3.170532674182823,1716,10012
1763008665750,1763008665961,211,31743.373133918423,3.170532674182823,1717,10012
1763008665813,1763008666024,211,33437.51701459906,3.339744008649527,1718,10012
1763008665877,1763008666088,211,33437.51701459906,3.339744008649527,1719,10012
1763008665939,1763008666151,212,33437.51701459906,3.339744008649527,1720,10012
1763008666003,1763008666212,209,32743.607543620856,3.270436230885023,1721,10012
1763008666066,1763008666274,208,32743.607543620856,3.270436230885023,1722,10012
1763008666129,1763008666337,208,32743.607543620856,3.270436230885023,1723,10012
1763008666191,1763008666398,207,32196.670819809442,3.2158081122462487,1724,10012
1763008666252,1763008666461,209,32196.670819809442,3.2158081122462487,1725,10012
1763008666314,1763008666523,209,32196.670819809442,3.2158081122462487,1726,10012
1763008666377,1763008666587,210,31753.733301748507,3.1715674492357677,1727,10012
1763008666439,1763008666650,211,31753.733301748507,3.1715674492357677,1728,10012
1763008666502,1763008666713,211,31753.733301748507,3.1715674492357677,1729,10012
1763008666566,1763008666776,210,31753.733301748507,3.1715674492357677,1730,10012
1763008666627,1763008666840,213,33454.05797489006,3.3413961221424353,1731,10012
1763008666690,1763008666904,214,33454.05797489006,3.3413961221424353,1732,10012
1763008666755,1763008666967,212,33454.05797489006,3.3413961221424353,1733,10012
1763008666819,1763008667029,210,32753.3560900376,3.2714099171032363,1734,10012
1763008666881,1763008667092,211,32753.3560900376,3.2714099171032363,1735,10012
1763008666945,1763008667155,210,32753.3560900376,3.2714099171032363,1736,10012
1763008667008,1763008667219,211,32196.29809157989,3.215770884097073,1737,10012
1763008667071,1763008667280,209,32196.29809157989,3.215770884097073,1738,10012
1763008667133,1763008667342,209,32196.29809157989,3.215770884097073,1739,10012
1763008667196,1763008667405,209,31757.757578989174,3.1719693946253673,1740,10012
1763008667259,1763008667469,210,31757.757578989174,3.1719693946253673,1741,10012
1763008667321,1763008667530,209,31757.757578989174,3.1719693946253673,1742,10012
1763008667383,1763008667593,210,31757.757578989174,3.1719693946253673,1743,10012
1763008667447,1763008667656,209,33440.676790454374,3.3400596075164177,1744,10012
1763008667509,1763008667720,211,33440.676790454374,3.3400596075164177,1745,10012
1763008667571,1763008667782,211,33440.676790454374,3.3400596075164177,1746,10012
1763008667637,1763008667844,207,32746.122725201683,3.2706874475830685,1747,10012
1763008667699,1763008667907,208,32746.122725201683,3.2706874475830685,1748,10012
1763008667761,1763008667970,209,32746.122725201683,3.2706874475830685,1749,10012
1763008667822,1763008668032,210,32193.25768926054,3.2154672082761224,1750,10012
1763008667886,1763008668095,209,32193.25768926054,3.2154672082761224,1751,10012
1763008667948,1763008668159,211,32193.25768926054,3.2154672082761224,1752,10012
1763008668011,1763008668222,211,31751.01986296213,3.1712964305795173,1753,10012
1763008668073,1763008668284,211,31751.01986296213,3.1712964305795173,1754,10012
1763008668136,1763008668347,211,31751.01986296213,3.1712964305795173,1755,10012
1763008668200,1763008668410,210,31751.01986296213,3.1712964305795173,1756,10012
1763008668262,1763008668471,209,33435.30683078082,3.3395232551718754,1757,10012
1763008668324,1763008668535,211,33435.30683078082,3.3395232551718754,1758,10012
1763008668387,1763008668598,211,33435.30683078082,3.3395232551718754,1759,10012
1763008668451,1763008668661,210,32738.448930470753,3.269920987861641,1760,10012
1763008668513,1763008668724,211,32738.448930470753,3.269920987861641,1761,10012
1763008668577,1763008668786,209,32738.448930470753,3.269920987861641,1762,10012
1763008668640,1763008668850,210,32184.446899724247,3.2145871853500045,1763,10012
1763008668702,1763008668913,211,32184.446899724247,3.2145871853500045,1764,10012
1763008668765,1763008668975,210,32184.446899724247,3.2145871853500045,1765,10012
1763008668828,1763008669037,209,31748.312179080225,3.1710259867239534,1766,10012
1763008668891,1763008669100,209,31748.312179080225,3.1710259867239534,1767,10012
1763008668954,1763008669163,209,31748.312179080225,3.1710259867239534,1768,10012
1763008669016,1763008669226,210,31748.312179080225,3.1710259867239534,1769,10012
1763008669079,1763008669289,210,33441.44849454786,3.3401366854322667,1770,10012
1763008669142,1763008669352,210,33441.44849454786,3.3401366854322667,1771,10012
1763008669204,1763008669415,211,33441.44849454786,3.3401366854322667,1772,10012
1763008669268,1763008669478,210,32743.33155316555,3.270408664918652,1773,10012
1763008669330,1763008669541,211,32743.33155316555,3.270408664918652,1774,10012
1763008669394,1763008669604,210,32743.33155316555,3.270408664918652,1775,10012
1763008669457,1763008669667,210,32188.328584766612,3.214974888610328,1776,10012
1763008669520,1763008669730,210,32188.328584766612,3.214974888610328,1777,10012
1763008669583,1763008669793,210,32188.328584766612,3.214974888610328,1778,10012
1763008669646,1763008669856,210,31747.101224889455,3.1709050364452107,1779,10012
1763008669709,1763008669920,211,31747.101224889455,3.1709050364452107,1780,10012
1763008669772,1763008669983,211,31747.101224889455,3.1709050364452107,1781,10012
1763008669835,1763008670046,211,31747.101224889455,3.1709050364452107,1782,10012
1763008669899,1763008670109,210,33448.78547378712,3.3408695039739427,1783,10012
1763008669962,1763008670171,209,33448.78547378712,3.3408695039739427,1784,10012
1763008670024,1763008670234,210,33448.78547378712,3.3408695039739427,1785,10012
1763008670087,1763008670296,209,32755.990022608334,3.2716729946672323,1786,10012
1763008670149,1763008670359,210,32755.990022608334,3.2716729946672323,1787,10012
1763008670213,1763008670422,209,32755.990022608334,3.2716729946672323,1788,10012
1763008670275,1763008670486,211,32195.672077951018,3.2157083577657826,1789,10012
1763008670338,1763008670550,212,32195.672077951018,3.2157083577657826,1790,10012
1763008670401,1763008670613,212,32195.672077951018,3.2157083577657826,1791,10012
1763008670465,1763008670676,211,31752.93930197106,3.171488144423797,1792,10012
1763008670529,1763008670739,210,31752.93930197106,3.171488144423797,1793,10012
1763008670592,1763008670803,211,31752.93930197106,3.171488144423797,1794,10012
1763008670655,1763008670867,212,31752.93930197106,3.171488144423797,1795,10012
1763008670718,1763008670930,212,33470.01686646305,3.342990098528071,1796,10012
1763008670782,1763008670993,211,33470.01686646305,3.342990098528071,1797,10012
1763008670846,1763008671056,210,33470.01686646305,3.342990098528071,1798,10012
1763008670909,1763008671118,209,32769.47742570459,3.2730201184283443,1799,10012
1763008670972,1763008671180,208,32769.47742570459,3.2730201184283443,1800,10012
1763008671035,1763008671242,207,32769.47742570459,3.2730201184283443,1801,10012
1763008671095,1763008671306,211,32211.848030860852,3.217324014268962,1802,10012
1763008671158,1763008671368,210,32211.848030860852,3.217324014268962,1803,10012
1763008671220,1763008671431,211,32211.848030860852,3.217324014268962,1804,10012
1763008671284,1763008671494,210,31770.1508805961,3.173207239372363,1805,10012
1763008671348,1763008671557,209,31770.1508805961,3.173207239372363,1806,10012
1763008671410,1763008671620,210,31770.1508805961,3.173207239372363,1807,10012
1763008671473,1763008671682,209,31770.1508805961,3.173207239372363,1808,10012
1763008671536,1763008671744,208,33450.55425183509,3.3410461697797733,1809,10012
1763008671598,1763008671806,208,33450.55425183509,3.3410461697797733,1810,10012
1763008671659,1763008671868,209,33450.55425183509,3.3410461697797733,1811,10012
1763008671721,1763008671931,210,32757.399738712567,3.271813797314479,1812,10012
1763008671784,1763008671993,209,32757.399738712567,3.271813797314479,1813,10012
1763008671845,1763008672055,210,32757.399738712567,3.271813797314479,1814,10012
1763008671909,1763008672118,209,32204.955591753915,3.21663559645964,1815,10012
1763008671971,1763008672181,210,32204.955591753915,3.21663559645964,1816,10012
1763008672034,1763008672243,209,32204.955591753915,3.21663559645964,1817,10012
1763008672097,1763008672306,209,31762.488651036118,3.1724419347818733,1818,10012
1763008672159,1763008672368,209,31762.488651036118,3.1724419347818733,1819,10012
1763008672222,1763008672432,210,31762.488651036118,3.1724419347818733,1820,10012
1763008672284,1763008672494,210,31762.488651036118,3.1724419347818733,1821,10012
1763008672347,1763008672557,210,33444.447454875786,3.340436222021153,1822,10012
1763008672411,1763008672619,208,33444.447454875786,3.340436222021153,1823,10012
1763008672473,1763008672682,209,33444.447454875786,3.340436222021153,1824,10012
1763008672535,1763008672745,210,32749.124174081127,3.270987232728838,1825,10012
1763008672597,1763008672808,211,32749.124174081127,3.270987232728838,1826,10012
1763008672660,1763008672871,211,32749.124174081127,3.270987232728838,1827,10012
1763008672724,1763008672934,210,32192.933718394495,3.215434850019426,1828,10012
1763008672787,1763008672999,212,32192.933718394495,3.215434850019426,1829,10012
1763008672849,1763008673061,212,32192.933718394495,3.215434850019426,1830,10012
1763008672913,1763008673123,210,31750.762306123623,3.1712707057654437,1831,10012
1763008672977,1763008673186,209,31750.762306123623,3.1712707057654437,1832,10012
1763008673039,1763008673250,211,31750.762306123623,3.1712707057654437,1833,10012
1763008673103,1763008673314,211,31750.762306123623,3.1712707057654437,1834,10012
1763008673165,1763008673377,212,33459.99327106216,3.341988940377762,1835,10012
1763008673229,1763008673440,211,33459.99327106216,3.341988940377762,1836,10012
1763008673292,1763008673503,211,33459.99327106216,3.341988940377762,1837,10012
1763008673356,1763008673567,211,32754.650657223352,3.2715392186599432,1838,10012
1763008673419,1763008673629,210,32754.650657223352,3.2715392186599432,1839,10012
1763008673483,1763008673692,209,32754.650657223352,3.2715392186599432,1840,10012
1763008673546,1763008673754,208,32205.483224464235,3.2166882964906347,1841,10012
1763008673607,1763008673817,210,32205.483224464235,3.2166882964906347,1842,10012
1763008673669,1763008673880,211,32205.483224464235,3.2166882964906347,1843,10012
1763008673732,1763008673943,211,31762.90864667353,3.172483884006545,1844,10012
1763008673795,1763008674005,210,31762.90864667353,3.172483884006545,1845,10012
1763008673858,1763008674068,210,31762.90864667353,3.172483884006545,1846,10012
1763008673920,1763008674131,211,31762.90864667353,3.172483884006545,1847,10012
1763008673984,1763008674194,210,33461.35237410546,3.342124687785203,1848,10012
1763008674045,1763008674256,211,33461.35237410546,3.342124687785203,1849,10012
1763008674109,1763008674320,211,33461.35237410546,3.342124687785203,1850,10012
1763008674171,1763008674379,208,32772.85654691026,3.273357625540377,1851,10012
1763008674233,1763008674441,208,32772.85654691026,3.273357625540377,1852,10012
1763008674295,1763008674505,210,32772.85654691026,3.273357625540377,1853,10012
1763008674357,1763008674568,211,32214.537811340568,3.21759266993014,1854,10012
1763008674420,1763008674630,210,32214.537811340568,3.21759266993014,1855,10012
1763008674484,1763008674693,209,32214.537811340568,3.21759266993014,1856,10012
1763008674545,1763008674756,211,31770.116097827093,3.1732037652643914,1857,10012
1763008674608,1763008674818,210,31770.116097827093,3.1732037652643914,1858,10012
1763008674672,1763008674880,208,31770.116097827093,3.1732037652643914,1859,10012
1763008674734,1763008674943,209,31770.116097827093,3.1732037652643914,1860,10012
1763008674796,1763008675005,209,33442.24864606602,3.3402166046809842,1861,10012
1763008674859,1763008675066,207,33442.24864606602,3.3402166046809842,1862,10012
1763008674920,1763008675130,210,33442.24864606602,3.3402166046809842,1863,10012
1763008674983,1763008675193,210,32747.373922268554,3.2708124173260633,1864,10012
1763008675045,1763008675255,210,32747.373922268554,3.2708124173260633,1865,10012
1763008675108,1763008675318,210,32747.373922268554,3.2708124173260633,1866,10012
1763008675171,1763008675381,210,32194.25364212577,3.2155666841915465,1867,10012
1763008675234,1763008675443,209,32194.25364212577,3.2155666841915465,1868,10012
1763008675296,1763008675506,210,32194.25364212577,3.2155666841915465,1869,10012
1763008675360,1763008675569,209,31753.969899132113,3.171591080616471,1870,10012
1763008675423,1763008675632,209,31753.969899132113,3.171591080616471,1871,10012
1763008675485,1763008675695,210,31753.969899132113,3.171591080616471,1872,10012
1763008675548,1763008675757,209,31753.969899132113,3.171591080616471,1873,10012
1763008675611,1763008675819,208,33429.36397950743,3.338929682331944,1874,10012
1763008675673,1763008675881,208,33429.36397950743,3.338929682331944,1875,10012
1763008675735,1763008675944,209,33429.36397950743,3.338929682331944,1876,10012
1763008675798,1763008676007,209,32737.117727687913,3.2697880271362276,1877,10012
1763008675860,1763008676069,209,32737.117727687913,3.2697880271362276,1878,10012
1763008675922,1763008676132,210,32737.117727687913,3.2697880271362276,1879,10012
1763008675985,1763008676194,209,32188.790828967267,3.2150210576275735,1880,10012
1763008676047,1763008676256,209,32188.790828967267,3.2150210576275735,1881,10012
1763008676109,1763008676319,210,32188.790828967267,3.2150210576275735,1882,10012
1763008676172,1763008676382,210,31751.774290686913,3.171371782929176,1883,10012
1763008676235,1763008676443,208,31751.774290686913,3.171371782929176,1884,10012
1763008676297,1763008676506,209,31751.774290686913,3.171371782929176,1885,10012
1763008676360,1763008676570,210,31751.774290686913,3.171371782929176,1886,10012
1763008676422,1763008676632,210,33435.90810967747,3.339583310994553,1887,10012
1763008676484,1763008676694,210,33435.90810967747,3.339583310994553,1888,10012
1763008676547,1763008676756,209,33435.90810967747,3.339583310994553,1889,10012
1763008676609,1763008676819,210,32745.726763412942,3.270647898862659,1890,10012
1763008676672,1763008676881,209,32745.726763412942,3.270647898862659,1891,10012
1763008676735,1763008676944,209,32745.726763412942,3.270647898862659,1892,10012
1763008676796,1763008677006,210,32198.361957203528,3.215977023292402,1893,10012
1763008676860,1763008677067,207,32198.361957203528,3.215977023292402,1894,10012
1763008676922,1763008677130,208,32198.361957203528,3.215977023292402,1895,10012
1763008676983,1763008677193,210,31759.40247989121,3.1721336875640445,1896,10012
1763008677047,1763008677256,209,31759.40247989121,3.1721336875640445,1897,10012
1763008677109,1763008677318,209,31759.40247989121,3.1721336875640445,1898,10012
1763008677171,1763008677380,209,31759.40247989121,3.1721336875640445,1899,10012
1763008677236,1763008677442,206,33433.69917895319,3.3393626826761076,1900,10012
1763008677296,1763008677506,210,33433.69917895319,3.3393626826761076,1901,10012
1763008677358,1763008677568,210,33433.69917895319,3.3393626826761076,1902,10012
1763008677421,1763008677631,210,32737.170847267786,3.2697933327275055,1903,10012
1763008677485,1763008677694,209,32737.170847267786,3.2697933327275055,1904,10012
1763008677547,1763008677757,210,32737.170847267786,3.2697933327275055,1905,10012
1763008677610,1763008677819,209,32186.13199442516,3.2147554928510944,1906,10012
1763008677673,1763008677883,210,32186.13199442516,3.2147554928510944,1907,10012
1763008677736,1763008677944,208,32186.13199442516,3.2147554928510944,1908,10012
1763008677798,1763008678007,209,31745.354935568,3.1707306168166203,1909,10012
1763008677861,1763008678071,210,31745.354935568,3.1707306168166203,1910,10012
1763008677923,1763008678134,211,31745.354935568,3.1707306168166203,1911,10012
1763008677986,1763008678198,212,31745.354935568,3.1707306168166203,1912,10012
1763008678050,1763008678261,211,33447.39717377656,3.340730840369213,1913,10012
1763008678113,1763008678323,210,33447.39717377656,3.340730840369213,1914,10012
1763008678175,1763008678386,211,33447.39717377656,3.340730840369213,1915,10012
1763008678239,1763008678449,210,32751.472150326143,3.2712217489338937,1916,10012
1763008678302,1763008678512,210,32751.472150326143,3.2712217489338937,1917,10012
1763008678365,1763008678575,210,32751.472150326143,3.2712217489338937,1918,10012
1763008678428,1763008678638,210,32192.084887358957,3.2153500686535117,1919,10012
1763008678491,1763008678701,210,32192.084887358957,3.2153500686535117,1920,10012
1763008678554,1763008678764,210,32192.084887358957,3.2153500686535117,1921,10012
1763008678617,1763008678827,210,31752.24357033773,3.1714186546481953,1922,10012
1763008678681,1763008678889,208,31752.24357033773,3.1714186546481953,1923,10012
1763008678742,1763008678951,209,31752.24357033773,3.1714186546481953,1924,10012
1763008678806,1763008679014,208,31752.24357033773,3.1714186546481953,1925,10012
1763008678867,1763008679077,210,33436.28212555917,3.3396206677546116,1926,10012
1763008678930,1763008679140,210,33436.28212555917,3.3396206677546116,1927,10012
1763008678993,1763008679202,209,33436.28212555917,3.3396206677546116,1928,10012
1763008679056,1763008679267,211,32739.22428981954,3.2699984308649164,1929,10012
1763008679118,1763008679329,211,32739.22428981954,3.2699984308649164,1930,10012
1763008679182,1763008679392,210,32739.22428981954,3.2699984308649164,1931,10012
1763008679244,1763008679455,211,32187.766534696355,3.2149187509684736,1932,10012
1763008679307,1763008679516,209,32187.766534696355,3.2149187509684736,1933,10012
1763008679371,1763008679579,208,32187.766534696355,3.2149187509684736,1934,10012
1763008679433,1763008679641,208,31755.261461222388,3.1717200820238105,1935,10012
1763008679495,1763008679703,208,31755.261461222388,3.1717200820238105,1936,10012
1763008679558,1763008679766,208,31755.261461222388,3.1717200820238105,1937,10012
1763008679619,1763008679830,211,31755.261461222388,3.1717200820238105,1938,10012
1763008679682,1763008679892,210,33446.98012313302,3.340689185290953,1939,10012
1763008679744,1763008679953,209,33446.98012313302,3.340689185290953,1940,10012
1763008679808,1763008680016,208,33446.98012313302,3.340689185290953,1941,10012
1763008679869,1763008680079,210,32751.140178013884,3.271188591491599,1942,10012
1763008679931,1763008680142,211,32751.140178013884,3.271188591491599,1943,10012
1763008679994,1763008680205,211,32751.140178013884,3.271188591491599,1944,10012
1763008680058,1763008680267,209,32197.251581699053,3.2158661188273125,1945,10012
1763008680122,1763008680330,208,32197.251581699053,3.2158661188273125,1946,10012
1763008680184,1763008680394,210,32197.251581699053,3.2158661188273125,1947,10012
1763008680246,1763008680456,210,31758.517510614143,3.172045296705368,1948,10012
1763008680309,1763008680519,210,31758.517510614143,3.172045296705368,1949,10012
1763008680373,1763008680582,209,31758.517510614143,3.172045296705368,1950,10012
1763008680435,1763008680646,211,31758.517510614143,3.172045296705368,1951,10012
1763008680497,1763008680708,211,33466.15090342763,3.342603965584062,1952,10012
1763008680562,1763008680770,208,33466.15090342763,3.342603965584062,1953,10012
1763008680625,1763008680834,209,33466.15090342763,3.342603965584062,1954,10012
1763008680687,1763008680897,210,32766.400119128393,3.2727127566049132,1955,10012
1763008680749,1763008680959,210,32766.400119128393,3.2727127566049132,1956,10012
1763008680813,1763008681022,209,32766.400119128393,3.2727127566049132,1957,10012
1763008680875,1763008681086,211,32206.66809470707,3.2168066415009062,1958,10012
1763008680938,1763008681149,211,32206.66809470707,3.2168066415009062,1959,10012
1763008681002,1763008681212,210,32206.66809470707,3.2168066415009062,1960,10012
1763008681065,1763008681274,209,31763.851803386828,3.1725780866347213,1961,10012
1763008681127,1763008681337,210,31763.851803386828,3.1725780866347213,1962,10012
1763008681190,1763008681400,210,31763.851803386828,3.1725780866347213,1963,10012
1763008681253,1763008681462,209,31763.851803386828,3.1725780866347213,1964,10012
1763008681316,1763008681525,209,33445.5338872993,3.3405447350478727,1965,10012
1763008681380,1763008681587,207,33445.5338872993,3.3405447350478727,1966,10012
1763008681440,1763008681651,211,33445.5338872993,3.3405447350478727,1967,10012
1763008681503,1763008681714,211,32746.579440402944,3.2707330643630588,1968,10012
1763008681566,1763008681777,211,32746.579440402944,3.2707330643630588,1969,10012
1763008681630,1763008681840,210,32746.579440402944,3.2707330643630588,1970,10012
1763008681692,1763008681904,212,32188.20007567994,3.214962053104269,1971,10012
1763008681755,1763008681967,212,32188.20007567994,3.214962053104269,1972,10012
1763008681819,1763008682031,212,32188.20007567994,3.214962053104269,1973,10012
1763008681883,1763008682094,211,31744.84686008987,3.1706798701647894,1974,10012
1763008681946,1763008682157,211,31744.84686008987,3.1706798701647894,1975,10012
1763008682009,1763008682221,212,31744.84686008987,3.1706798701647894,1976,10012
1763008682072,1763008682284,212,31744.84686008987,3.1706798701647894,1977,10012
1763008682136,1763008682346,210,33438.69010063154,3.3398611766511723,1978,10012
1763008682200,1763008682410,210,33438.69010063154,3.3398611766511723,1979,10012
1763008682264,1763008682472,208,33438.69010063154,3.3398611766511723,1980,10012
1763008682340,1763008682551,211,32741.13863000207,3.270189635437682,1981,10012
1763008682404,1763008682614,210,32741.13863000207,3.270189635437682,1982,10012
1763008682466,1763008682678,212,32741.13863000207,3.270189635437682,1983,10012
1763008682530,1763008682741,211,32181.174933591643,3.2142603809020818,1984,10012
1763008682594,1763008682805,211,32181.174933591643,3.2142603809020818,1985,10012
1763008682657,1763008682869,212,32181.174933591643,3.2142603809020818,1986,10012
1763008682720,1763008682932,212,31737.123722338172,3.1699084820553507,1987,10012
1763008682784,1763008682995,211,31737.123722338172,3.1699084820553507,1988,10012
1763008682848,1763008683058,210,31737.123722338172,3.1699084820553507,1989,10012
1763008682911,1763008683121,210,31390.094482981185,3.135247151716059,1990,10012
1763008682974,1763008683184,210,31390.094482981185,3.135247151716059,1991,10012
1763008683036,1763008683246,210,31390.094482981185,3.135247151716059,1992,10012
1763008683100,1763008683308,208,31390.094482981185,3.135247151716059,1993,10012
1763008683163,1763008683371,208,33138.991397418984,3.309927227069415,1994,10012
1763008683225,1763008683434,209,33138.991397418984,3.309927227069415,1995,10012
1763008683286,1763008683498,212,33138.991397418984,3.309927227069415,1996,10012
1763008683350,1763008683561,211,32496.672178153254,3.245772291066046,1997,10012
1763008683413,1763008683624,211,32496.672178153254,3.245772291066046,1998,10012
1763008683477,1763008683687,210,32496.672178153254,3.245772291066046,1999,10012
1763008683540,1763008683751,211,31992.23438163184,3.1953889713975068,2000,10012
1763008683602,1763008683813,211,31992.23438163184,3.1953889713975068,2001,10012
1763008683666,1763008683877,211,31992.23438163184,3.1953889713975068,2002,10012
1763008683730,1763008683940,210,31591.206333397313,3.155334232261018,2003,10012
1763008683792,1763008684002,210,31591.206333397313,3.155334232261018,2004,10012
1763008683856,1763008684065,209,31591.206333397313,3.155334232261018,2005,10012
1763008683918,1763008684128,210,31591.206333397313,3.155334232261018,2006,10012
1763008683980,1763008684191,211,33316.39224138426,3.32764604887977,2007,10012
1763008684044,1763008684254,210,33316.39224138426,3.32764604887977,2008,10012
1763008684106,1763008684315,209,33316.39224138426,3.32764604887977,2009,10012
1763008684169,1763008684378,209,32650.472616383253,3.261133900957177,2010,10012
1763008684233,1763008684442,209,32650.472616383253,3.261133900957177,2011,10012
1763008684294,1763008684505,211,32650.472616383253,3.261133900957177,2012,10012
1763008684357,1763008684569,212,32111.891257408304,3.2073403173599986,2013,10012
1763008684422,1763008684631,209,32111.891257408304,3.2073403173599986,2014,10012
1763008684485,1763008684694,209,32111.891257408304,3.2073403173599986,2015,10012
1763008684547,1763008684756,209,31688.40944089701,3.1650428926185588,2016,10012
1763008684609,1763008684820,211,31688.40944089701,3.1650428926185588,2017,10012
1763008684672,1763008684884,212,31688.40944089701,3.1650428926185588,2018,10012
1763008684735,1763008684948,213,31688.40944089701,3.1650428926185588,2019,10012
1763008684799,1763008685011,212,33418.84468663133,3.337879013846517,2020,10012
1763008684863,1763008685074,211,33418.84468663133,3.337879013846517,2021,10012
1763008684927,1763008685137,210,33418.84468663133,3.337879013846517,2022,10012
1763008684990,1763008685200,210,32725.361525871907,3.268613816007981,2023,10012
1763008685053,1763008685263,210,32725.361525871907,3.268613816007981,2024,10012
1763008685116,1763008685325,209,32725.361525871907,3.268613816007981,2025,10012
1763008685179,1763008685388,209,32176.731774594038,3.213816597542353,2026,10012
1763008685241,1763008685451,210,32176.731774594038,3.213816597542353,2027,10012
1763008685304,1763008685513,209,32176.731774594038,3.213816597542353,2028,10012
1763008685367,1763008685576,209,31742.163224351447,3.1704118282412552,2029,10012
1763008685430,1763008685639,209,31742.163224351447,3.1704118282412552,2030,10012
1763008685492,1763008685703,211,31742.163224351447,3.1704118282412552,2031,10012
1763008685555,1763008685765,210,31742.163224351447,3.1704118282412552,2032,10012
1763008685618,1763008685827,209,33436.55392658375,3.3396478152800393,2033,10012
1763008685682,1763008685890,208,33436.55392658375,3.3396478152800393,2034,10012
1763008685743,1763008685952,209,33436.55392658375,3.3396478152800393,2035,10012
1763008685805,1763008686016,211,32742.840925560664,3.270359660962911,2036,10012
1763008685869,1763008686078,209,32742.840925560664,3.270359660962911,2037,10012
1763008685931,1763008686141,210,32742.840925560664,3.270359660962911,2038,10012
1763008685994,1763008686204,210,32190.645376746288,3.2152062901264773,2039,10012
1763008686057,1763008686267,210,32190.645376746288,3.2152062901264773,2040,10012
1763008686120,1763008686329,209,32190.645376746288,3.2152062901264773,2041,10012
1763008686183,1763008686391,208,31751.097719890044,3.171304206940676,2042,10012
1763008686245,1763008686455,210,31751.097719890044,3.171304206940676,2043,10012
1763008686308,1763008686516,208,31751.097719890044,3.171304206940676,2044,10012
1763008686370,1763008686579,209,31751.097719890044,3.171304206940676,2045,10012
1763008686433,1763008686642,209,33427.071980472254,3.3387007571386595,2046,10012
1763008686495,1763008686706,211,33427.071980472254,3.3387007571386595,2047,10012
1763008686558,1763008686768,210,33427.071980472254,3.3387007571386595,2048,10012
1763008686621,1763008686831,210,32731.90222447544,3.269267101925234,2049,10012
1763008686685,1763008686893,208,32731.90222447544,3.269267101925234,2050,10012
1763008686746,1763008686956,210,32731.90222447544,3.269267101925234,2051,10012
1763008686809,1763008687019,210,32181.93817068245,3.2143366131324864,2052,10012
1763008686873,1763008687082,209,32181.93817068245,3.2143366131324864,2053,10012
1763008686935,1763008687145,210,32181.93817068245,3.2143366131324864,2054,10012
1763008686997,1763008687209,212,31742.020845692547,3.170397607440327,2055,10012
1763008687061,1763008687270,209,31742.020845692547,3.170397607440327,2056,10012
1763008687124,1763008687333,209,31742.020845692547,3.170397607440327,2057,10012
1763008687187,1763008687395,208,31742.020845692547,3.170397607440327,2058,10012
1763008687249,1763008687458,209,33428.13461401696,3.3388068931299406,2059,10012
1763008687312,1763008687521,209,33428.13461401696,3.3388068931299406,2060,10012
1763008687374,1763008687585,211,33428.13461401696,3.3388068931299406,2061,10012
1763008687436,1763008687648,212,32729.354883529468,3.269012673145173,2062,10012
1763008687500,1763008687711,211,32729.354883529468,3.269012673145173,2063,10012
1763008687564,1763008687774,210,32729.354883529468,3.269012673145173,2064,10012
1763008687627,1763008687836,209,32179.910487289457,3.214134087823558,2065,10012
1763008687690,1763008687900,210,32179.910487289457,3.214134087823558,2066,10012
1763008687753,1763008687963,210,32179.910487289457,3.214134087823558,2067,10012
1763008687815,1763008688025,210,31742.552747882408,3.170450733907552,2068,10012
1763008687879,1763008688087,208,31742.552747882408,3.170450733907552,2069,10012
1763008687941,1763008688149,208,31742.552747882408,3.170450733907552,2070,10012
1763008688004,1763008688212,208,31742.552747882408,3.170450733907552,2071,10012
1763008688066,1763008688275,209,33428.55854006228,3.338849234924319,2072,10012
1763008688129,1763008688339,210,33428.55854006228,3.338849234924319,2073,10012
1763008688191,1763008688402,211,33428.55854006228,3.338849234924319,2074,10012
1763008688254,1763008688464,210,32733.084039349513,3.2693851417648334,2075,10012
1763008688318,1763008688527,209,32733.084039349513,3.2693851417648334,2076,10012
1763008688380,1763008688589,209,32733.084039349513,3.2693851417648334,2077,10012
1763008688442,1763008688652,210,32182.878895322214,3.2144305728448073,2078,10012
1763008688505,1763008688714,209,32182.878895322214,3.2144305728448073,2079,10012
1763008688567,1763008688777,210,32182.878895322214,3.2144305728448073,2080,10012
1763008688632,1763008688841,209,31747.062479571803,3.1709011665573112,2081,10012
1763008688693,1763008688904,211,31747.062479571803,3.1709011665573112,2082,10012
1763008688756,1763008688966,210,31747.062479571803,3.1709011665573112,2083,10012
1763008688819,1763008689028,209,31747.062479571803,3.1709011665573112,2084,10012
1763008688882,1763008689092,210,33440.45373373915,3.3400373285796197,2085,10012
1763008688944,1763008689153,209,33440.45373373915,3.3400373285796197,2086,10012
1763008689007,1763008689216,209,33440.45373373915,3.3400373285796197,2087,10012
1763008689070,1763008689280,210,32745.945172056367,3.270669713549377,2088,10012
1763008689132,1763008689343,211,32745.945172056367,3.270669713549377,2089,10012
1763008689195,1763008689406,211,32745.945172056367,3.270669713549377,2090,10012
1763008689258,1763008689470,212,32190.40641178481,3.215182422271755,2091,10012
1763008689321,1763008689531,210,32190.40641178481,3.215182422271755,2092,10012
1763008689384,1763008689594,210,32190.40641178481,3.215182422271755,2093,10012
1763008689448,1763008689658,210,31748.753097368925,3.171070025706045,2094,10012
1763008689510,1763008689722,212,31748.753097368925,3.171070025706045,2095,10012
1763008689573,1763008689785,212,31748.753097368925,3.171070025706045,2096,10012
1763008689637,1763008689848,211,31748.753097368925,3.171070025706045,2097,10012
1763008689700,1763008689911,211,33450.0987124083,3.3410006704363058,2098,10012
1763008689763,1763008689974,211,33450.0987124083,3.3410006704363058,2099,10012
1763008689827,1763008690037,210,33450.0987124083,3.3410006704363058,2100,10012
1763008689890,1763008690100,210,32750.208476364594,3.271095532996863,2101,10012
1763008689953,1763008690163,210,32750.208476364594,3.271095532996863,2102,10012
1763008690016,1763008690227,211,32750.208476364594,3.271095532996863,2103,10012
1763008690079,1763008690289,210,32193.795738709854,3.215520948732506,2104,10012
1763008690142,1763008690352,210,32193.795738709854,3.215520948732506,2105,10012
1763008690205,1763008690414,209,32193.795738709854,3.215520948732506,2106,10012
1763008690268,1763008690476,208,31753.605408013045,3.171554675191075,2107,10012
1763008690331,1763008690541,210,31753.605408013045,3.171554675191075,2108,10012
1763008690393,1763008690604,211,31753.605408013045,3.171554675191075,2109,10012
1763008690455,1763008690665,210,31753.605408013045,3.171554675191075,2110,10012
1763008690520,1763008690729,209,33445.66190477838,3.3405575214520957,2111,10012
1763008690583,1763008690791,208,33445.66190477838,3.3405575214520957,2112,10012
1763008690645,1763008690853,208,33445.66190477838,3.3405575214520957,2113,10012
1763008690708,1763008690915,207,32753.500538108372,3.27142434459732,2114,10012
1763008690770,1763008690976,206,32753.500538108372,3.27142434459732,2115,10012
1763008690832,1763008691039,207,32753.500538108372,3.27142434459732,2116,10012
1763008690893,1763008691101,208,32204.565429410482,3.2165966269886614,2117,10012
1763008690955,1763008691165,210,32204.565429410482,3.2165966269886614,2118,10012
1763008691018,1763008691226,208,32204.565429410482,3.2165966269886614,2119,10012
1763008691080,1763008691288,208,31764.346647240156,3.172627511709963,2120,10012
1763008691144,1763008691351,207,31764.346647240156,3.172627511709963,2121,10012
1763008691205,1763008691415,210,31764.346647240156,3.172627511709963,2122,10012
1763008691268,1763008691478,210,31764.346647240156,3.172627511709963,2123,10012
1763008691330,1763008691541,211,33454.211931203165,3.3414114993211306,2124,10012
1763008691394,1763008691604,210,33454.211931203165,3.3414114993211306,2125,10012
1763008691457,1763008691667,210,33454.211931203165,3.3414114993211306,2126,10012
1763008691520,1763008691731,211,32750.06027337531,3.2710807304609775,2127,10012
1763008691583,1763008691793,210,32750.06027337531,3.2710807304609775,2128,10012
1763008691646,1763008691855,209,32750.06027337531,3.2710807304609775,2129,10012
1763008691710,1763008691918,208,32199.106037880123,3.216051342177399,2130,10012
1763008691771,1763008691981,210,32199.106037880123,3.216051342177399,2131,10012
1763008691834,1763008692045,211,32199.106037880123,3.216051342177399,2132,10012
1763008691897,1763008692107,210,31753.506194076817,3.171544765688855,2133,10012
1763008691960,1763008692170,210,31753.506194076817,3.171544765688855,2134,10012
1763008692024,1763008692233,209,31753.506194076817,3.171544765688855,2135,10012
1763008692086,1763008692296,210,31753.506194076817,3.171544765688855,2136,10012
1763008692148,1763008692357,209,33437.28843667922,3.3397211782540173,2137,10012
1763008692212,1763008692420,208,33437.28843667922,3.3397211782540173,2138,10012
1763008692275,1763008692483,208,33437.28843667922,3.3397211782540173,2139,10012
1763008692335,1763008692546,211,32743.42559559666,3.270418057890198,2140,10012
1763008692399,1763008692607,208,32743.42559559666,3.270418057890198,2141,10012
1763008692462,1763008692670,208,32743.42559559666,3.270418057890198,2142,10012
1763008692524,1763008692733,209,32199.23305088173,3.216064028254268,2143,10012
1763008692586,1763008692795,209,32199.23305088173,3.216064028254268,2144,10012
1763008692648,1763008692858,210,32199.23305088173,3.216064028254268,2145,10012
1763008692712,1763008692920,208,31757.933508501857,3.1719869664903975,2146,10012
1763008692774,1763008692982,208,31757.933508501857,3.1719869664903975,2147,10012
1763008692835,1763008693044,209,31757.933508501857,3.1719869664903975,2148,10012
1763008692899,1763008693106,207,31757.933508501857,3.1719869664903975,2149,10012
1763008692960,1763008693168,208,33424.23687329298,3.3384175862258276,2150,10012
1763008693023,1763008693230,207,33424.23687329298,3.3384175862258276,2151,10012
1763008693085,1763008693293,208,33424.23687329298,3.3384175862258276,2152,10012
1763008693146,1763008693356,210,32736.42478801451,3.269718816221985,2153,10012
1763008693209,1763008693417,208,32736.42478801451,3.269718816221985,2154,10012
1763008693272,1763008693480,208,32736.42478801451,3.269718816221985,2155,10012
1763008693334,1763008693543,209,32185.53813125955,3.2146961777127,2156,10012
1763008693397,1763008693605,208,32185.53813125955,3.2146961777127,2157,10012
1763008693459,1763008693668,209,32185.53813125955,3.2146961777127,2158,10012
1763008693522,1763008693731,209,31747.0323524826,3.1708981574593094,2159,10012
1763008693583,1763008693794,211,31747.0323524826,3.1708981574593094,2160,10012
1763008693647,1763008693857,210,31747.0323524826,3.1708981574593094,2161,10012
1763008693710,1763008693921,211,31747.0323524826,3.1708981574593094,2162,10012
1763008693773,1763008693984,211,33448.73072022367,3.340864035180151,2163,10012
1763008693836,1763008694047,211,33448.73072022367,3.340864035180151,2164,10012
1763008693900,1763008694110,210,33448.73072022367,3.340864035180151,2165,10012
1763008693963,1763008694173,210,32749.12092257782,3.27098690796822,2166,10012
1763008694026,1763008694238,212,32749.12092257782,3.27098690796822,2167,10012
1763008694090,1763008694298,208,32749.12092257782,3.27098690796822,2168,10012
1763008694153,1763008694360,207,32198.357375294523,3.215976565650671,2169,10012
1763008694215,1763008694424,209,32198.357375294523,3.215976565650671,2170,10012
1763008694277,1763008694488,211,32198.357375294523,3.215976565650671,2171,10012
1763008694339,1763008694550,211,31755.074113359147,3.1717013696922836,2172,10012
1763008694404,1763008694613,209,31755.074113359147,3.1717013696922836,2173,10012
1763008694466,1763008694676,210,31755.074113359147,3.1717013696922836,2174,10012
1763008694529,1763008694740,211,31755.074113359147,3.1717013696922836,2175,10012
1763008694592,1763008694803,211,33463.41684600716,3.342330887535673,2176,10012
1763008694655,1763008694866,211,33463.41684600716,3.342330887535673,2177,10012
1763008694719,1763008694928,209,33463.41684600716,3.342330887535673,2178,10012
1763008694782,1763008694991,209,32764.2238094217,3.2724953864783957,2179,10012
1763008694845,1763008695053,208,32764.2238094217,3.2724953864783957,2180,10012
1763008694909,1763008695116,207,32764.2238094217,3.2724953864783957,2181,10012
1763008694969,1763008695180,211,32207.666152299673,3.216906327636803,2182,10012
1763008695032,1763008695243,211,32207.666152299673,3.216906327636803,2183,10012
1763008695095,1763008695306,211,32207.666152299673,3.216906327636803,2184,10012
1763008695159,1763008695369,210,31760.30292492594,3.1722236241436215,2185,10012
1763008695222,1763008695432,210,31760.30292492594,3.1722236241436215,2186,10012
1763008695285,1763008695495,210,31760.30292492594,3.1722236241436215,2187,10012
1763008695349,1763008695557,208,31760.30292492594,3.1722236241436215,2188,10012
1763008695412,1763008695621,209,33442.705431165974,3.3402622284424663,2189,10012
1763008695474,1763008695682,208,33442.705431165974,3.3402622284424663,2190,10012
1763008695536,1763008695744,208,33442.705431165974,3.3402622284424663,2191,10012
1763008695600,1763008695806,206,32757.957639501612,3.271869520525531,2192,10012
1763008695661,1763008695869,208,32757.957639501612,3.271869520525531,2193,10012
1763008695723,1763008695932,209,32757.957639501612,3.271869520525531,2194,10012
1763008695785,1763008695996,211,32197.23436576428,3.2158643992972715,2195,10012
1763008695848,1763008696058,210,32197.23436576428,3.2158643992972715,2196,10012
1763008695910,1763008696120,210,32197.23436576428,3.2158643992972715,2197,10012
1763008695975,1763008696182,207,31762.82625824566,3.17247565503852,2198,10012
1763008696036,1763008696244,208,31762.82625824566,3.17247565503852,2199,10012
1763008696099,1763008696308,209,31762.82625824566,3.17247565503852,2200,10012
1763008696161,1763008696371,210,31762.82625824566,3.17247565503852,2201,10012
1763008696223,1763008696433,210,33461.2868753053,3.3421181457556233,2202,10012
1763008696288,1763008696495,207,33461.2868753053,3.3421181457556233,2203,10012
1763008696350,1763008696558,208,33461.2868753053,3.3421181457556233,2204,10012
1763008696412,1763008696621,209,32762.528352743015,3.2723260440214763,2205,10012
1763008696474,1763008696683,209,32762.528352743015,3.2723260440214763,2206,10012
1763008696536,1763008696747,211,32762.528352743015,3.2723260440214763,2207,10012
1763008696600,1763008696810,210,32203.590040430696,3.2164992049970738,2208,10012
1763008696662,1763008696874,212,32203.590040430696,3.2164992049970738,2209,10012
1763008696726,1763008696937,211,32203.590040430696,3.2164992049970738,2210,10012
1763008696789,1763008696998,209,31763.569262223264,3.172549866382668,2211,10012
1763008696854,1763008697061,207,31763.569262223264,3.172549866382668,2212,10012
1763008696915,1763008697124,209,31763.569262223264,3.172549866382668,2213,10012
1763008696977,1763008697188,211,31763.569262223264,3.172549866382668,2214,10012
1763008697038,1763008697251,213,33470.16199420527,3.343004593907838,2215,10012
1763008697103,1763008697314,211,33470.16199420527,3.343004593907838,2216,10012
1763008697166,1763008697375,209,33470.16199420527,3.343004593907838,2217,10012
1763008697230,1763008697438,208,32776.4612713758,3.273717665938455,2218,10012
1763008697292,1763008697500,208,32776.4612713758,3.273717665938455,2219,10012
1763008697354,1763008697564,210,32776.4612713758,3.273717665938455,2220,10012
1763008697418,1763008697628,210,32211.926249472388,3.2173318267551334,2221,10012
1763008697479,1763008697692,213,32211.926249472388,3.2173318267551334,2222,10012
1763008697543,1763008697756,213,32211.926249472388,3.2173318267551334,2223,10012
1763008697607,1763008697819,212,31763.685442081078,3.172561470443576,2224,10012
1763008697671,1763008697881,210,31763.685442081078,3.172561470443576,2225,10012
1763008697735,1763008697944,209,31763.685442081078,3.172561470443576,2226,10012
1763008697797,1763008698007,210,31763.685442081078,3.172561470443576,2227,10012
1763008697860,1763008698070,210,33461.969926454454,3.342186369002643,2228,10012
1763008697923,1763008698133,210,33461.969926454454,3.342186369002643,2229,10012
1763008697987,1763008698195,208,33461.969926454454,3.342186369002643,2230,10012
1763008698049,1763008698258,209,32766.4980313842,3.2727225360951064,2231,10012
1763008698111,1763008698321,210,32766.4980313842,3.2727225360951064,2232,10012
1763008698174,1763008698385,211,32766.4980313842,3.2727225360951064,2233,10012
1763008698236,1763008698448,212,32204.015436919053,3.2165416936595146,2234,10012
1763008698300,1763008698511,211,32204.015436919053,3.2165416936595146,2235,10012
1763008698363,1763008698574,211,32204.015436919053,3.2165416936595146,2236,10012
1763008698427,1763008698638,211,31759.572272350648,3.172150646459314,2237,10012
1763008698489,1763008698701,212,31759.572272350648,3.172150646459314,2238,10012
1763008698554,1763008698763,209,31759.572272350648,3.172150646459314,2239,10012
1763008698616,1763008698827,211,31759.572272350648,3.172150646459314,2240,10012
1763008698680,1763008698890,210,33458.699956518765,3.3418597639351546,2241,10012
1763008698742,1763008698953,211,33458.699956518765,3.3418597639351546,2242,10012
1763008698806,1763008699016,210,33458.699956518765,3.3418597639351546,2243,10012
1763008698869,1763008699078,209,32760.46916538894,3.2721203720923833,2244,10012
1763008698933,1763008699141,208,32760.46916538894,3.2721203720923833,2245,10012
1763008698994,1763008699204,210,32760.46916538894,3.2721203720923833,2246,10012
1763008699058,1763008699266,208,32201.952986484204,3.2163356958134446,2247,10012
1763008699119,1763008699329,210,32201.952986484204,3.2163356958134446,2248,10012
1763008699184,1763008699391,207,32201.952986484204,3.2163356958134446,2249,10012
1763008699245,1763008699454,209,31762.264530227912,3.1724195495633154,2250,10012
1763008699308,1763008699516,208,31762.264530227912,3.1724195495633154,2251,10012
1763008699370,1763008699578,208,31762.264530227912,3.1724195495633154,2252,10012
1763008699433,1763008699641,208,31762.264530227912,3.1724195495633154,2253,10012
1763008699494,1763008699705,211,33452.554566061415,3.3412459614523993,2254,10012
1763008699557,1763008699769,212,33452.554566061415,3.3412459614523993,2255,10012
1763008699620,1763008699832,212,33452.554566061415,3.3412459614523993,2256,10012
1763008699684,1763008699895,211,32748.744325452764,3.270949293393205,2257,10012
1763008699748,1763008699959,211,32748.744325452764,3.270949293393205,2258,10012
1763008699811,1763008700022,211,32748.744325452764,3.270949293393205,2259,10012
1763008699874,1763008700084,210,32192.631738734948,3.215404688247598,2260,10012
1763008699938,1763008700146,208,32192.631738734948,3.215404688247598,2261,10012
1763008699999,1763008700210,211,32192.631738734948,3.215404688247598,2262,10012
1763008700063,1763008700273,210,31750.522232294283,3.1712467271568405,2263,10012
1763008700125,1763008700337,212,31750.522232294283,3.1712467271568405,2264,10012
1763008700190,1763008700400,210,31750.522232294283,3.1712467271568405,2265,10012
1763008700252,1763008700463,211,31750.522232294283,3.1712467271568405,2266,10012
1763008700315,1763008700527,212,33459.802652441664,3.3419699013625315,2267,10012
1763008700379,1763008700590,211,33459.802652441664,3.3419699013625315,2268,10012
1763008700442,1763008700654,212,33459.802652441664,3.3419699013625315,2269,10012
1763008700506,1763008700716,210,32757.923108691124,3.2718660715832124,2270,10012
1763008700569,1763008700779,210,32757.923108691124,3.2718660715832124,2271,10012
1763008700632,1763008700842,210,32757.923108691124,3.2718660715832124,2272,10012
1763008700695,1763008700905,210,32205.372717626826,3.2166772590518202,2273,10012
1763008700758,1763008700968,210,32205.372717626826,3.2166772590518202,2274,10012
1763008700819,1763008701031,212,32205.372717626826,3.2166772590518202,2275,10012
1763008700882,1763008701094,212,31760.651310513327,3.1722584209461973,2276,10012
1763008700947,1763008701156,209,31760.651310513327,3.1722584209461973,2277,10012
1763008701010,1763008701218,208,31760.651310513327,3.1722584209461973,2278,10012
1763008701073,1763008701282,209,31760.651310513327,3.1722584209461973,2279,10012
1763008701135,1763008701345,210,33451.27044316861,3.341117703073173,2280,10012
1763008701197,1763008701407,210,33451.27044316861,3.341117703073173,2281,10012
1763008701261,1763008701471,210,33451.27044316861,3.341117703073173,2282,10012
1763008701323,1763008701532,209,32757.97054320538,3.271870809349319,2283,10012
1763008701386,1763008701595,209,32757.97054320538,3.271870809349319,2284,10012
1763008701448,1763008701656,208,32757.97054320538,3.271870809349319,2285,10012
1763008701511,1763008701717,206,32208.132493477893,3.2169529058607567,2286,10012
1763008701573,1763008701780,207,32208.132493477893,3.2169529058607567,2287,10012
1763008701634,1763008701843,209,32208.132493477893,3.2169529058607567,2288,10012
1763008701696,1763008701906,210,31765.017464808403,3.1726945130651623,2289,10012
1763008701759,1763008701970,211,31765.017464808403,3.1726945130651623,2290,10012
1763008701821,1763008702031,210,31765.017464808403,3.1726945130651623,2291,10012
1763008701884,1763008702094,210,31765.017464808403,3.1726945130651623,2292,10012
1763008701948,1763008702156,208,33446.4629194523,3.3406375269129343,2293,10012
1763008702010,1763008702218,208,33446.4629194523,3.3406375269129343,2294,10012
1763008702073,1763008702280,207,33446.4629194523,3.3406375269129343,2295,10012
1763008702135,1763008702344,209,32737.08663220622,3.269784921315044,2296,10012
1763008702197,1763008702406,209,32737.08663220622,3.269784921315044,2297,10012
1763008702267,1763008702468,201,32737.08663220622,3.269784921315044,2298,10012
1763008702333,1763008702531,198,32161.755179546297,3.2123207330749395,2299,10012
1763008702393,1763008702598,205,32161.755179546297,3.2123207330749395,2300,10012
1763008702470,1763008702689,219,32161.755179546297,3.2123207330749395,2301,10012
1763008702532,1763008702748,216,31730.226878098398,3.1692196242607267,2302,10012
1763008702598,1763008702795,197,31730.226878098398,3.1692196242607267,2303,10012
1763008702690,1763008702905,215,31730.226878098398,3.1692196242607267,2304,10012
1763008702749,1763008702952,203,31365.968099307243,3.1328374050446706,2305,10012
1763008702807,1763008703015,208,31365.968099307243,3.1328374050446706,2306,10012
1763008702878,1763008703092,214,31365.968099307243,3.1328374050446706,2307,10012
1763008702949,1763008703154,205,31090.664702750644,3.105340062200424,2308,10012
1763008703019,1763008703230,211,31090.664702750644,3.105340062200424,2309,10012
1763008703090,1763008703292,202,31090.664702750644,3.105340062200424,2310,10012
1763008703164,1763008703370,206,30863.911791659255,3.0826919488273328,2311,10012
1763008703236,1763008703449,213,30863.911791659255,3.0826919488273328,2312,10012
1763008703293,1763008703496,203,30863.911791659255,3.0826919488273328,2313,10012
1763008703349,1763008703558,209,30863.911791659255,3.0826919488273328,2314,10012
1763008703412,1763008703621,209,32728.281697952425,3.2689054832153843,2315,10012
1763008703489,1763008703700,211,32728.281697952425,3.2689054832153843,2316,10012
1763008703555,1763008703763,208,32728.281697952425,3.2689054832153843,2317,10012
1763008703623,1763008703825,202,32173.671668174225,3.213510953673015,2318,10012
1763008703682,1763008703888,206,32173.671668174225,3.213510953673015,2319,10012
1763008703743,1763008703951,208,32173.671668174225,3.213510953673015,2320,10012
1763008703804,1763008704013,209,31741.861991203034,3.170381741031066,2321,10012
1763008703867,1763008704075,208,31741.861991203034,3.170381741031066,2322,10012
1763008703931,1763008704137,206,31741.861991203034,3.170381741031066,2323,10012
1763008703991,1763008704200,209,31395.57200698882,3.1357942476017597,2324,10012
1763008704053,1763008704263,210,31395.57200698882,3.1357942476017597,2325,10012
1763008704116,1763008704326,210,31395.57200698882,3.1357942476017597,2326,10012
1763008704179,1763008704389,210,31116.85974555611,3.107956426843399,2327,10012
1763008704242,1763008704452,210,31116.85974555611,3.107956426843399,2328,10012
1763008704305,1763008704514,209,31116.85974555611,3.107956426843399,2329,10012
1763008704368,1763008704577,209,31116.85974555611,3.107956426843399,2330,10012
1763008704431,1763008704639,208,32929.88121720822,3.289041272194189,2331,10012
1763008704493,1763008704702,209,32929.88121720822,3.289041272194189,2332,10012
1763008704556,1763008704764,208,32929.88121720822,3.289041272194189,2333,10012
1763008704618,1763008704827,209,32339.52944889774,3.2300768526665746,2334,10012
1763008704681,1763008704890,209,32339.52944889774,3.2300768526665746,2335,10012
1763008704743,1763008704952,209,32339.52944889774,3.2300768526665746,2336,10012
1763008704806,1763008705014,208,31871.9129707715,3.18337125157526,2337,10012
1763008704869,1763008705077,208,31871.9129707715,3.18337125157526,2338,10012
1763008704931,1763008705140,209,31871.9129707715,3.18337125157526,2339,10012
1763008704993,1763008705203,210,31497.386724734115,3.145963516253907,2340,10012
1763008705056,1763008705265,209,31497.386724734115,3.145963516253907,2341,10012
1763008705119,1763008705327,208,31497.386724734115,3.145963516253907,2342,10012
1763008705182,1763008705389,207,31497.386724734115,3.145963516253907,2343,10012
1763008705243,1763008705452,209,33224.610606337825,3.3184788859706176,2344,10012
1763008705306,1763008705515,209,33224.610606337825,3.3184788859706176,2345,10012
1763008705367,1763008705576,209,33224.610606337825,3.3184788859706176,2346,10012
1763008705431,1763008705639,208,32580.511263857585,3.254146151004553,2347,10012
1763008705493,1763008705702,209,32580.511263857585,3.254146151004553,2348,10012
1763008705555,1763008705764,209,32580.511263857585,3.254146151004553,2349,10012
1763008705618,1763008705826,208,32061.43096603064,3.202300336199624,2350,10012
1763008705681,1763008705888,207,32061.43096603064,3.202300336199624,2351,10012
1763008705743,1763008705951,208,32061.43096603064,3.202300336199624,2352,10012
1763008705805,1763008706014,209,31648.24304896039,3.1610310676149007,2353,10012
1763008705867,1763008706078,211,31648.24304896039,3.1610310676149007,2354,10012
1763008705930,1763008706140,210,31648.24304896039,3.1610310676149007,2355,10012
1763008705993,1763008706203,210,31648.24304896039,3.1610310676149007,2356,10012
1763008706057,1763008706264,207,33344.99395307039,3.330502791956691,2357,10012
1763008706119,1763008706327,208,33344.99395307039,3.330502791956691,2358,10012
1763008706181,1763008706388,207,33344.99395307039,3.330502791956691,2359,10012
1763008706243,1763008706450,207,32676.577174550173,3.2637412279814395,2360,10012
1763008706305,1763008706512,207,32676.577174550173,3.2637412279814395,2361,10012
1763008706366,1763008706576,210,32676.577174550173,3.2637412279814395,2362,10012
1763008706429,1763008706639,210,32137.89943094194,3.2099380174732257,2363,10012
1763008706491,1763008706702,211,32137.89943094194,3.2099380174732257,2364,10012
1763008706555,1763008706762,207,32137.89943094194,3.2099380174732257,2365,10012
1763008706618,1763008706825,207,31713.31574589167,3.1675305379436343,2366,10012
1763008706680,1763008706887,207,31713.31574589167,3.1675305379436343,2367,10012
1763008706741,1763008706950,209,31713.31574589167,3.1675305379436343,2368,10012
1763008706804,1763008707012,208,31713.31574589167,3.1675305379436343,2369,10012
1763008706866,1763008707074,208,33396.921965221554,3.33568936927902,2370,10012
1763008706928,1763008707138,210,33396.921965221554,3.33568936927902,2371,10012
1763008706991,1763008707199,208,33396.921965221554,3.33568936927902,2372,10012
1763008707053,1763008707262,209,32711.293884316357,3.2672087379461,2373,10012
1763008707117,1763008707324,207,32711.293884316357,3.2672087379461,2374,10012
1763008707177,1763008707387,210,32711.293884316357,3.2672087379461,2375,10012
1763008707240,1763008707448,208,32170.884519684452,3.2132325728809876,2376,10012
1763008707303,1763008707511,208,32170.884519684452,3.2132325728809876,2377,10012
1763008707365,1763008707574,209,32170.884519684452,3.2132325728809876,2378,10012
1763008707428,1763008707636,208,31735.368077668823,3.169733128013266,2379,10012
1763008707490,1763008707700,210,31735.368077668823,3.169733128013266,2380,10012
1763008707553,1763008707762,209,31735.368077668823,3.169733128013266,2381,10012
1763008707615,1763008707825,210,31735.368077668823,3.169733128013266,2382,10012
1763008707678,1763008707886,208,33414.51972597972,3.3374470361545865,2383,10012
1763008707741,1763008707949,208,33414.51972597972,3.3374470361545865,2384,10012
1763008707803,1763008708011,208,33414.51972597972,3.3374470361545865,2385,10012
1763008707864,1763008708075,211,32725.301701879856,3.2686078407790506,2386,10012
1763008707928,1763008708137,209,32725.301701879856,3.2686078407790506,2387,10012
1763008707990,1763008708201,211,32725.301701879856,3.2686078407790506,2388,10012
1763008708054,1763008708262,208,32176.684154696366,3.2138118412601244,2389,10012
1763008708116,1763008708325,209,32176.684154696366,3.2138118412601244,2390,10012
1763008708180,1763008708385,205,32176.684154696366,3.2138118412601244,2391,10012
1763008708242,1763008708448,206,31746.406639602395,3.1708356611668393,2392,10012
1763008708304,1763008708511,207,31746.406639602395,3.1708356611668393,2393,10012
1763008708364,1763008708574,210,31746.406639602395,3.1708356611668393,2394,10012
1763008708426,1763008708637,211,31746.406639602395,3.1708356611668393,2395,10012
1763008708489,1763008708700,211,33439.931685123505,3.3399851862888044,2396,10012
1763008708553,1763008708763,210,33439.931685123505,3.3399851862888044,2397,10012
1763008708615,1763008708825,210,33439.931685123505,3.3399851862888044,2398,10012
1763008708678,1763008708888,210,32745.52962135831,3.2706282082858884,2399,10012
1763008708741,1763008708951,210,32745.52962135831,3.2706282082858884,2400,10012