1763068268737,1763068268851,114,0,0,1,102
1763068268769,1763068268870,101,0,0,2,102
1763068268800,1763068268902,102,0,0,3,102
1763068268831,1763068268930,99,0,0,4,102
1763068268861,1763068268962,101,82.416,0.808,5,102
1763068268894,1763068268993,99,82.416,0.808,6,102
1763068268924,1763068269024,100,82.416,0.808,7,102
1763068268956,1763068269056,100,82.416,0.808,8,102
1763068268987,1763068269086,99,82.416,0.808,9,102
1763068269018,1763068269117,99,82.416,0.808,10,102
1763068269049,1763068269148,99,82.416,0.808,11,102
1763068269080,1763068269180,100,210.627552,2.064976,12,102
1763068269111,1763068269212,101,210.627552,2.064976,13,102
1763068269142,1763068269242,100,210.627552,2.064976,14,102
1763068269174,1763068269273,99,210.627552,2.064976,15,102
1763068269205,1763068269303,98,210.627552,2.064976,16,102
1763068269236,1763068269334,98,210.627552,2.064976,17,102
1763068269266,1763068269366,100,291.704786496,2.8598508480000002,18,102
1763068269296,1763068269397,101,291.704786496,2.8598508480000002,19,102
1763068269328,1763068269428,100,291.704786496,2.8598508480000002,20,102
1763068269360,1763068269460,100,291.704786496,2.8598508480000002,21,102
1763068269392,1763068269491,99,291.704786496,2.8598508480000002,22,102
1763068269423,1763068269523,100,291.704786496,2.8598508480000002,23,102
1763068269455,1763068269555,100,291.704786496,2.8598508480000002,24,102
1763068269485,1763068269585,100,377.430714837312,3.700301125856,25,102
1763068269517,1763068269617,100,377.430714837312,3.700301125856,26,102
1763068269547,1763068269647,100,377.430714837312,3.700301125856,27,102
1763068269579,1763068269677,98,377.430714837312,3.700301125856,28,102
1763068269610,1763068269707,97,377.430714837312,3.700301125856,29,102
1763068269640,1763068269738,98,377.430714837312,3.700301125856,30,102
1763068269670,1763068269769,99,424.5791411550123,4.162540599558944,31,102
1763068269701,1763068269801,100,424.5791411550123,4.162540599558944,32,102
1763068269732,1763068269833,101,424.5791411550123,4.162540599558944,33,102
1763068269764,1763068269864,100,424.5791411550123,4.162540599558944,34,102
1763068269795,1763068269895,100,424.5791411550123,4.162540599558944,35,102
1763068269826,1763068269927,101,424.5791411550123,4.162540599558944,36,102
1763068269858,1763068269958,100,424.5791411550123,4.162540599558944,37,102
1763068269890,1763068269988,98,483.3315755005448,4.738544857848478,38,102
1763068269920,1763068270021,101,483.3315755005448,4.738544857848478,39,102
1763068269951,1763068270053,102,483.3315755005448,4.738544857848478,40,102
1763068269983,1763068270084,101,483.3315755005448,4.738544857848478,41,102
1763068270015,1763068270115,100,483.3315755005448,4.738544857848478,42,102
1763068270047,1763068270147,100,483.3315755005448,4.738544857848478,43,102
1763068270078,1763068270178,100,509.5799340984336,4.995881706847388,44,102
1763068270109,1763068270209,100,509.5799340984336,4.995881706847388,45,102
1763068270140,1763068270240,100,509.5799340984336,4.995881706847388,46,102
1763068270172,1763068270271,99,509.5799340984336,4.995881706847388,47,102
1763068270203,1763068270302,99,509.5799340984336,4.995881706847388,48,102
1763068270233,1763068270334,101,509.5799340984336,4.995881706847388,49,102
1763068270265,1763068270366,101,509.5799340984336,4.995881706847388,50,102
1763068270296,1763068270396,100,551.0772074764516,5.402717720357368,51,102
1763068270328,1763068270427,99,551.0772074764516,5.402717720357368,52,102
1763068270359,1763068270458,99,551.0772074764516,5.402717720357368,53,102
1763068270390,1763068270490,100,551.0772074764516,5.402717720357368,54,102
1763068270421,1763068270522,101,551.0772074764516,5.402717720357368,55,102
1763068270452,1763068270554,102,551.0772074764516,5.402717720357368,56,102
1763068270484,1763068270586,102,563.6273027363026,5.52575786996375,57,102
1763068270517,1763068270618,101,563.6273027363026,5.52575786996375,58,102
1763068270548,1763068270649,101,563.6273027363026,5.52575786996375,59,102
1763068270580,1763068270680,100,563.6273027363026,5.52575786996375,60,102
1763068270612,1763068270711,99,563.6273027363026,5.52575786996375,61,102
1763068270643,1763068270743,100,563.6273027363026,5.52575786996375,62,102
1763068270674,1763068270774,100,563.6273027363026,5.52575786996375,63,102
1763068270706,1763068270805,99,594.3033329780968,5.826503264491145,64,102
1763068270737,1763068270838,101,594.3033329780968,5.826503264491145,65,102
1763068270768,1763068270870,102,594.3033329780968,5.826503264491145,66,102
1763068270800,1763068270900,100,594.3033329780968,5.826503264491145,67,102
1763068270832,1763068270931,99,594.3033329780968,5.826503264491145,68,102
1763068270863,1763068270964,101,594.3033329780968,5.826503264491145,69,102
1763068270893,1763068270995,102,597.9134530505651,5.861896598534951,70,102
1763068270926,1763068271027,101,597.9134530505651,5.861896598534951,71,102
1763068270958,1763068271059,101,597.9134530505651,5.861896598534951,72,102
1763068270989,1763068271090,101,597.9134530505651,5.861896598534951,73,102
1763068271021,1763068271122,101,597.9134530505651,5.861896598534951,74,102
1763068271053,1763068271152,99,597.9134530505651,5.861896598534951,75,102
1763068271084,1763068271184,100,597.9134530505651,5.861896598534951,76,102
1763068271115,1763068271216,101,621.8272817221487,6.096345899236751,77,102
1763068271147,1763068271247,100,621.8272817221487,6.096345899236751,78,102
1763068271178,1763068271278,100,621.8272817221487,6.096345899236751,79,102
1763068271210,1763068271309,99,621.8272817221487,6.096345899236751,80,102
1763068271240,1763068271340,100,621.8272817221487,6.096345899236751,81,102
1763068271271,1763068271371,100,621.8272817221487,6.096345899236751,82,102
1763068271302,1763068271402,100,619.8421708142746,6.0768840275909275,83,102
1763068271333,1763068271434,101,619.8421708142746,6.0768840275909275,84,102
1763068271364,1763068271465,101,619.8421708142746,6.0768840275909275,85,102
1763068271396,1763068271496,100,619.8421708142746,6.0768840275909275,86,102
1763068271428,1763068271527,99,619.8421708142746,6.0768840275909275,87,102
1763068271459,1763068271558,99,619.8421708142746,6.0768840275909275,88,102
1763068271490,1763068271590,100,619.8421708142746,6.0768840275909275,89,102
1763068271521,1763068271621,100,638.9562101389769,6.26427656998997,90,102
1763068271552,1763068271653,101,638.9562101389769,6.26427656998997,91,102
1763068271584,1763068271685,101,638.9562101389769,6.26427656998997,92,102
1763068271615,1763068271717,102,638.9562101389769,6.26427656998997,93,102
1763068271647,1763068271748,101,638.9562101389769,6.26427656998997,94,102
1763068271679,1763068271780,101,638.9562101389769,6.26427656998997,95,102
1763068271711,1763068271812,101,633.4032308503477,6.209835596572036,96,102
1763068271742,1763068271843,101,633.4032308503477,6.209835596572036,97,102
1763068271774,1763068271875,101,633.4032308503477,6.209835596572036,98,102
1763068271806,1763068271905,99,633.4032308503477,6.209835596572036,99,102
1763068271836,1763068271936,100,633.4032308503477,6.209835596572036,100,102
1763068271868,1763068271969,101,633.4032308503477,6.209835596572036,101,102
1763068271899,1763068271999,100,633.4032308503477,6.209835596572036,102,102
1763068271930,1763068272030,100,649.764374987727,6.370238970467913,103,102
1763068271962,1763068272062,100,649.764374987727,6.370238970467913,104,102
1763068271992,1763068272094,102,649.764374987727,6.370238970467913,105,102
1763068272024,1763068272125,101,649.764374987727,6.370238970467913,106,102
1763068272056,1763068272156,100,649.764374987727,6.370238970467913,107,102
1763068272088,1763068272188,100,649.764374987727,6.370238970467913,108,102
1763068272119,1763068272219,100,642.0604424902307,6.294710220492458,109,102
1763068272150,1763068272250,100,642.0604424902307,6.294710220492458,110,102
1763068272181,1763068272282,101,642.0604424902307,6.294710220492458,111,102
1763068272213,1763068272313,100,642.0604424902307,6.294710220492458,112,102
1763068272244,1763068272343,99,642.0604424902307,6.294710220492458,113,102
1763068272276,1763068272375,99,642.0604424902307,6.294710220492458,114,102
1763068272306,1763068272406,100,642.0604424902307,6.294710220492458,115,102
1763068272337,1763068272437,100,656.6641726647139,6.437884045732489,116,102
1763068272369,1763068272469,100,656.6641726647139,6.437884045732489,117,102
1763068272400,1763068272500,100,656.6641726647139,6.437884045732489,118,102
1763068272431,1763068272531,100,656.6641726647139,6.437884045732489,119,102
1763068272463,1763068272563,100,656.6641726647139,6.437884045732489,120,102
1763068272494,1763068272594,100,656.6641726647139,6.437884045732489,121,102
1763068272525,1763068272626,101,647.5526814411122,6.348555700403061,122,102
1763068272557,1763068272657,100,647.5526814411122,6.348555700403061,123,102
1763068272588,1763068272687,99,647.5526814411122,6.348555700403061,124,102
1763068272619,1763068272718,99,647.5526814411122,6.348555700403061,125,102
1763068272650,1763068272751,101,647.5526814411122,6.348555700403061,126,102
1763068272681,1763068272781,100,647.5526814411122,6.348555700403061,127,102
1763068272713,1763068272812,99,647.5526814411122,6.348555700403061,128,102
1763068272744,1763068272843,99,660.9750397900076,6.480147448921643,129,102
1763068272775,1763068272874,99,660.9750397900076,6.480147448921643,130,102
1763068272806,1763068272906,100,660.9750397900076,6.480147448921643,131,102
1763068272836,1763068272937,101,660.9750397900076,6.480147448921643,132,102
1763068272868,1763068272968,100,660.9750397900076,6.480147448921643,133,102
1763068272900,1763068272999,99,660.9750397900076,6.480147448921643,134,102
1763068272931,1763068273031,100,650.984131672846,6.382197369341627,135,102
1763068272962,1763068273063,101,650.984131672846,6.382197369341627,136,102
1763068272993,1763068273094,101,650.984131672846,6.382197369341627,137,102
1763068273025,1763068273124,99,650.984131672846,6.382197369341627,138,102
1763068273057,1763068273156,99,650.984131672846,6.382197369341627,139,102
1763068273087,1763068273187,100,650.984131672846,6.382197369341627,140,102
1763068273119,1763068273218,99,650.984131672846,6.382197369341627,141,102
1763068273150,1763068273250,100,663.7763529432583,6.507611303365277,142,102
1763068273181,1763068273281,100,663.7763529432583,6.507611303365277,143,102
1763068273212,1763068273312,100,663.7763529432583,6.507611303365277,144,102
1763068273244,1763068273343,99,663.7763529432583,6.507611303365277,145,102
1763068273275,1763068273375,100,663.7763529432583,6.507611303365277,146,102
1763068273306,1763068273406,100,663.7763529432583,6.507611303365277,147,102
1763068273337,1763068273437,100,653.2657532957769,6.404566208782126,148,102
1763068273369,1763068273469,100,653.2657532957769,6.404566208782126,149,102
1763068273400,1763068273500,100,653.2657532957769,6.404566208782126,150,102
1763068273431,1763068273532,101,653.2657532957769,6.404566208782126,151,102
1763068273463,1763068273562,99,653.2657532957769,6.404566208782126,152,102
1763068273494,1763068273594,100,653.2657532957769,6.404566208782126,153,102
1763068273525,1763068273626,101,653.2657532957769,6.404566208782126,154,102
1763068273556,1763068273656,100,665.5948053767341,6.525439268399354,155,102
1763068273588,1763068273688,100,665.5948053767341,6.525439268399354,156,102
1763068273619,1763068273718,99,665.5948053767341,6.525439268399354,157,102
1763068273650,1763068273750,100,665.5948053767341,6.525439268399354,158,102
1763068273681,1763068273781,100,665.5948053767341,6.525439268399354,159,102
1763068273712,1763068273813,101,665.5948053767341,6.525439268399354,160,102
1763068273744,1763068273844,100,654.6614650798804,6.418249657645886,161,102
1763068273775,1763068273875,100,654.6614650798804,6.418249657645886,162,102
1763068273806,1763068273907,101,654.6614650798804,6.418249657645886,163,102
1763068273838,1763068273938,100,654.6614650798804,6.418249657645886,164,102
1763068273869,1763068273970,101,654.6614650798804,6.418249657645886,165,102
1763068273901,1763068274000,99,654.6614650798804,6.418249657645886,166,102
1763068273932,1763068274031,99,654.6614650798804,6.418249657645886,167,102
1763068273963,1763068274063,100,666.7071876686647,6.536344977143771,168,102
1763068273993,1763068274095,102,666.7071876686647,6.536344977143771,169,102
1763068274026,1763068274126,100,666.7071876686647,6.536344977143771,170,102
1763068274057,1763068274159,102,666.7071876686647,6.536344977143771,171,102
1763068274089,1763068274190,101,666.7071876686647,6.536344977143771,172,102
1763068274120,1763068274222,102,666.7071876686647,6.536344977143771,173,102
1763068274153,1763068274254,101,655.4375070089197,6.425857911852154,174,102
1763068274184,1763068274285,101,655.4375070089197,6.425857911852154,175,102
1763068274216,1763068274316,100,655.4375070089197,6.425857911852154,176,102
1763068274248,1763068274347,99,655.4375070089197,6.425857911852154,177,102
1763068274278,1763068274379,101,655.4375070089197,6.425857911852154,178,102
1763068274310,1763068274410,100,655.4375070089197,6.425857911852154,179,102
1763068274341,1763068274441,100,655.4375070089197,6.425857911852154,180,102
1763068274373,1763068274473,100,667.3842555791001,6.542982897834315,181,102
1763068274404,1763068274504,100,667.3842555791001,6.542982897834315,182,102
1763068274435,1763068274535,100,667.3842555791001,6.542982897834315,183,102
1763068274467,1763068274567,100,667.3842555791001,6.542982897834315,184,102
1763068274498,1763068274599,101,667.3842555791001,6.542982897834315,185,102
1763068274529,1763068274629,100,667.3842555791001,6.542982897834315,186,102
1763068274561,1763068274660,99,656.1412516965428,6.432757369573949,187,102
1763068274592,1763068274692,100,656.1412516965428,6.432757369573949,188,102
1763068274623,1763068274722,99,656.1412516965428,6.432757369573949,189,102
1763068274654,1763068274754,100,656.1412516965428,6.432757369573949,190,102
1763068274685,1763068274785,100,656.1412516965428,6.432757369573949,191,102
1763068274717,1763068274816,99,656.1412516965428,6.432757369573949,192,102
1763068274748,1763068274848,100,656.1412516965428,6.432757369573949,193,102
1763068274779,1763068274878,99,667.8287188538411,6.547340380920011,194,102
1763068274810,1763068274910,100,667.8287188538411,6.547340380920011,195,102
1763068274841,1763068274941,100,667.8287188538411,6.547340380920011,196,102
1763068274872,1763068274973,101,667.8287188538411,6.547340380920011,197,102
1763068274903,1763068275004,101,667.8287188538411,6.547340380920011,198,102
1763068274935,1763068275035,100,667.8287188538411,6.547340380920011,199,102
1763068274967,1763068275066,99,656.4396602076575,6.435682943212329,200,102
1763068274998,1763068275097,99,656.4396602076575,6.435682943212329,201,102
1763068275029,1763068275130,101,656.4396602076575,6.435682943212329,202,102
1763068275061,1763068275162,101,656.4396602076575,6.435682943212329,203,102
1763068275092,1763068275193,101,656.4396602076575,6.435682943212329,204,102
1763068275124,1763068275224,100,656.4396602076575,6.435682943212329,205,102
1763068275156,1763068275256,100,656.4396602076575,6.435682943212329,206,102
1763068275187,1763068275286,99,668.1819695252954,6.550803622797013,207,102
1763068275218,1763068275317,99,668.1819695252954,6.550803622797013,208,102
1763068275249,1763068275348,99,668.1819695252954,6.550803622797013,209,102
1763068275281,1763068275384,103,668.1819695252954,6.550803622797013,210,102
1763068275312,1763068275411,99,668.1819695252954,6.550803622797013,211,102
1763068275342,1763068275442,100,668.1819695252954,6.550803622797013,212,102
1763068275373,1763068275474,101,656.7770297116604,6.438990487369219,213,102
1763068275404,1763068275505,101,656.7770297116604,6.438990487369219,214,102
1763068275436,1763068275537,101,656.7770297116604,6.438990487369219,215,102
1763068275467,1763068275569,102,656.7770297116604,6.438990487369219,216,102
1763068275500,1763068275602,102,656.7770297116604,6.438990487369219,217,102
1763068275531,1763068275632,101,656.7770297116604,6.438990487369219,218,102
1763068275563,1763068275663,100,656.7770297116604,6.438990487369219,219,102
1763068275595,1763068275694,99,668.5077386207699,6.55399743745853,220,102
1763068275627,1763068275726,99,668.5077386207699,6.55399743745853,221,102
1763068275656,1763068275757,101,668.5077386207699,6.55399743745853,222,102
1763068275688,1763068275788,100,668.5077386207699,6.55399743745853,223,102
1763068275719,1763068275820,101,668.5077386207699,6.55399743745853,224,102
1763068275751,1763068275852,101,668.5077386207699,6.55399743745853,225,102
1763068275782,1763068275883,101,656.9236522035121,6.440427962779531,226,102
1763068275814,1763068275916,102,656.9236522035121,6.440427962779531,227,102
1763068275846,1763068275946,100,656.9236522035121,6.440427962779531,228,102
1763068275877,1763068275978,101,656.9236522035121,6.440427962779531,229,102
1763068275908,1763068276008,100,656.9236522035121,6.440427962779531,230,102
1763068275940,1763068276039,99,656.9236522035121,6.440427962779531,231,102
1763068275970,1763068276070,100,656.9236522035121,6.440427962779531,232,102
1763068276002,1763068276102,100,668.5101508061991,6.554021086335286,233,102
1763068276032,1763068276133,101,668.5101508061991,6.554021086335286,234,102
1763068276064,1763068276165,101,668.5101508061991,6.554021086335286,235,102
1763068276096,1763068276195,99,668.5101508061991,6.554021086335286,236,102
1763068276127,1763068276226,99,668.5101508061991,6.554021086335286,237,102
1763068276158,1763068276257,99,668.5101508061991,6.554021086335286,238,102
1763068276189,1763068276288,99,657.0951003433469,6.442108826895558,239,102
1763068276220,1763068276319,99,657.0951003433469,6.442108826895558,240,102
1763068276251,1763068276350,99,657.0951003433469,6.442108826895558,241,102
1763068276282,1763068276381,99,657.0951003433469,6.442108826895558,242,102
1763068276312,1763068276413,101,657.0951003433469,6.442108826895558,243,102
1763068276344,1763068276445,101,657.0951003433469,6.442108826895558,244,102
1763068276376,1763068276477,101,657.0951003433469,6.442108826895558,245,102
1763068276407,1763068276508,101,668.7036998733041,6.5559186262088645,246,102
1763068276439,1763068276539,100,668.7036998733041,6.5559186262088645,247,102
1763068276471,1763068276571,100,668.7036998733041,6.5559186262088645,248,102
1763068276503,1763068276602,99,668.7036998733041,6.5559186262088645,249,102
1763068276534,1763068276633,99,668.7036998733041,6.5559186262088645,250,102
1763068276565,1763068276664,99,668.7036998733041,6.5559186262088645,251,102
1763068276596,1763068276696,100,657.1361450991501,6.442511226462256,252,102
1763068276627,1763068276728,101,657.1361450991501,6.442511226462256,253,102
1763068276659,1763068276759,100,657.1361450991501,6.442511226462256,254,102
1763068276690,1763068276790,100,657.1361450991501,6.442511226462256,255,102
1763068276722,1763068276821,99,657.1361450991501,6.442511226462256,256,102
1763068276753,1763068276852,99,657.1361450991501,6.442511226462256,257,102
1763068276784,1763068276882,98,657.1361450991501,6.442511226462256,258,102
1763068276815,1763068276913,98,668.5657799342209,6.554566469943342,259,102
1763068276845,1763068276945,100,668.5657799342209,6.554566469943342,260,102
1763068276876,1763068276976,100,668.5657799342209,6.554566469943342,261,102
1763068276908,1763068277008,100,668.5657799342209,6.554566469943342,262,102
1763068276939,1763068277039,100,668.5657799342209,6.554566469943342,263,102
1763068276970,1763068277070,100,668.5657799342209,6.554566469943342,264,102
1763068277002,1763068277101,99,657.0263608276399,6.441434910074901,265,102
1763068277032,1763068277133,101,657.0263608276399,6.441434910074901,266,102
1763068277064,1763068277163,99,657.0263608276399,6.441434910074901,267,102
1763068277095,1763068277194,99,657.0263608276399,6.441434910074901,268,102
1763068277126,1763068277225,99,657.0263608276399,6.441434910074901,269,102
1763068277157,1763068277256,99,657.0263608276399,6.441434910074901,270,102
1763068277188,1763068277288,100,657.0263608276399,6.441434910074901,271,102
1763068277219,1763068277318,99,668.4780623012842,6.553706493149845,272,102
1763068277250,1763068277349,99,668.4780623012842,6.553706493149845,273,102
1763068277281,1763068277381,100,668.4780623012842,6.553706493149845,274,102
1763068277312,1763068277413,101,668.4780623012842,6.553706493149845,275,102
1763068277343,1763068277445,102,668.4780623012842,6.553706493149845,276,102
1763068277375,1763068277475,100,668.4780623012842,6.553706493149845,277,102
1763068277407,1763068277507,100,656.900059529521,6.440196662054127,278,102
1763068277438,1763068277538,100,656.900059529521,6.440196662054127,279,102
1763068277470,1763068277569,99,656.900059529521,6.440196662054127,280,102
1763068277501,1763068277601,100,656.900059529521,6.440196662054127,281,102
1763068277532,1763068277632,100,656.900059529521,6.440196662054127,282,102
1763068277563,1763068277663,100,656.900059529521,6.440196662054127,283,102
1763068277595,1763068277694,99,656.900059529521,6.440196662054127,284,102
1763068277626,1763068277725,99,668.4342475045577,6.553276936319193,285,102
1763068277657,1763068277756,99,668.4342475045577,6.553276936319193,286,102
1763068277688,1763068277788,100,668.4342475045577,6.553276936319193,287,102
1763068277719,1763068277820,101,668.4342475045577,6.553276936319193,288,102
1763068277750,1763068277851,101,668.4342475045577,6.553276936319193,289,102
1763068277782,1763068277881,99,668.4342475045577,6.553276936319193,290,102
1763068277814,1763068277913,99,656.9780952611325,6.440961718246397,291,102
1763068277844,1763068277945,101,656.9780952611325,6.440961718246397,292,102
1763068277875,1763068277977,102,656.9780952611325,6.440961718246397,293,102
1763068277907,1763068278008,101,656.9780952611325,6.440961718246397,294,102
1763068277939,1763068278039,100,656.9780952611325,6.440961718246397,295,102
1763068277970,1763068278070,100,656.9780952611325,6.440961718246397,296,102
1763068278002,1763068278101,99,656.9780952611325,6.440961718246397,297,102
1763068278033,1763068278132,99,668.6105638278615,6.555005527724132,298,102
1763068278064,1763068278164,100,668.6105638278615,6.555005527724132,299,102
1763068278095,1763068278195,100,668.6105638278615,6.555005527724132,300,102
1763068278126,1763068278226,100,668.6105638278615,6.555005527724132,301,102
1763068278158,1763068278258,100,668.6105638278615,6.555005527724132,302,102
1763068278189,1763068278289,100,668.6105638278615,6.555005527724132,303,102
1763068278221,1763068278319,98,657.1186193708056,6.442339405596133,304,102
1763068278252,1763068278350,98,657.1186193708056,6.442339405596133,305,102
1763068278282,1763068278381,99,657.1186193708056,6.442339405596133,306,102
1763068278313,1763068278412,99,657.1186193708056,6.442339405596133,307,102
1763068278344,1763068278444,100,657.1186193708056,6.442339405596133,308,102
1763068278374,1763068278476,102,657.1186193708056,6.442339405596133,309,102
1763068278406,1763068278507,101,657.1186193708056,6.442339405596133,310,102
1763068278438,1763068278539,101,668.7224210191613,6.556102166854522,311,102
1763068278470,1763068278569,99,668.7224210191613,6.556102166854522,312,102
1763068278501,1763068278600,99,668.7224210191613,6.556102166854522,313,102
1763068278532,1763068278631,99,668.7224210191613,6.556102166854522,314,102
1763068278563,1763068278663,100,668.7224210191613,6.556102166854522,315,102
1763068278594,1763068278694,100,668.7224210191613,6.556102166854522,316,102
1763068278625,1763068278726,101,657.2077695522715,6.443213426983054,317,102
1763068278657,1763068278757,100,657.2077695522715,6.443213426983054,318,102
1763068278688,1763068278789,101,657.2077695522715,6.443213426983054,319,102
1763068278720,1763068278819,99,657.2077695522715,6.443213426983054,320,102
1763068278751,1763068278850,99,657.2077695522715,6.443213426983054,321,102
1763068278782,1763068278882,100,657.2077695522715,6.443213426983054,322,102
1763068278814,1763068278913,99,657.2077695522715,6.443213426983054,323,102
1763068278844,1763068278945,101,668.6798001027126,6.555684314732478,324,102
1763068278875,1763068278974,99,668.6798001027126,6.555684314732478,325,102
1763068278907,1763068279006,99,668.6798001027126,6.555684314732478,326,102
1763068278938,1763068279037,99,668.6798001027126,6.555684314732478,327,102
1763068278968,1763068279068,100,668.6798001027126,6.555684314732478,328,102
1763068279001,1763068279100,99,668.6798001027126,6.555684314732478,329,102
1763068279031,1763068279131,100,657.2304804819647,6.443436083156517,330,102
1763068279062,1763068279162,100,657.2304804819647,6.443436083156517,331,102
1763068279093,1763068279193,100,657.2304804819647,6.443436083156517,332,102
1763068279124,1763068279224,100,657.2304804819647,6.443436083156517,333,102
1763068279155,1763068279256,101,657.2304804819647,6.443436083156517,334,102
1763068279187,1763068279288,101,657.2304804819647,6.443436083156517,335,102
1763068279218,1763068279320,102,657.2304804819647,6.443436083156517,336,102
1763068279251,1763068279349,98,668.7546929441258,6.556418558275745,337,102
1763068279282,1763068279381,99,668.7546929441258,6.556418558275745,338,102
1763068279313,1763068279412,99,668.7546929441258,6.556418558275745,339,102
1763068279343,1763068279443,100,668.7546929441258,6.556418558275745,340,102
1763068279374,1763068279475,101,668.7546929441258,6.556418558275745,341,102
1763068279406,1763068279507,101,668.7546929441258,6.556418558275745,342,102
1763068279437,1763068279538,101,657.11998089058,6.442352753829217,343,102
1763068279469,1763068279569,100,657.11998089058,6.442352753829217,344,102
1763068279500,1763068279601,101,657.11998089058,6.442352753829217,345,102
1763068279532,1763068279631,99,657.11998089058,6.442352753829217,346,102
1763068279563,1763068279662,99,657.11998089058,6.442352753829217,347,102
1763068279594,1763068279693,99,657.11998089058,6.442352753829217,348,102
1763068279625,1763068279724,99,657.11998089058,6.442352753829217,349,102
1763068279656,1763068279756,100,668.6097447506828,6.554997497555715,350,102
1763068279687,1763068279787,100,668.6097447506828,6.554997497555715,351,102
1763068279719,1763068279819,100,668.6097447506828,6.554997497555715,352,102
1763068279750,1763068279851,101,668.6097447506828,6.554997497555715,353,102
1763068279781,1763068279883,102,668.6097447506828,6.554997497555715,354,102
1763068279813,1763068279914,101,668.6097447506828,6.554997497555715,355,102
1763068279845,1763068279945,100,657.0047470767928,6.441223010556794,356,102
1763068279877,1763068279976,99,657.0047470767928,6.441223010556794,357,102
1763068279908,1763068280007,99,657.0047470767928,6.441223010556794,358,102
1763068279939,1763068280038,99,657.0047470767928,6.441223010556794,359,102
1763068279970,1763068280069,99,657.0047470767928,6.441223010556794,360,102
1763068280001,1763068280102,101,657.0047470767928,6.441223010556794,361,102
1763068280032,1763068280133,101,657.0047470767928,6.441223010556794,362,102
1763068280064,1763068280163,99,668.5177881672806,6.554095962424321,363,102
1763068280096,1763068280195,99,668.5177881672806,6.554095962424321,364,102
1763068280126,1763068280227,101,668.5177881672806,6.554095962424321,365,102
1763068280157,1763068280259,102,668.5177881672806,6.554095962424321,366,102
1763068280189,1763068280290,101,668.5177881672806,6.554095962424321,367,102
1763068280221,1763068280321,100,668.5177881672806,6.554095962424321,368,102
1763068280252,1763068280352,100,656.9316415929881,6.4405062901273356,369,102
1763068280284,1763068280384,100,656.9316415929881,6.4405062901273356,370,102
1763068280315,1763068280415,100,656.9316415929881,6.4405062901273356,371,102
1763068280346,1763068280446,100,656.9316415929881,6.4405062901273356,372,102
1763068280377,1763068280477,100,656.9316415929881,6.4405062901273356,373,102
1763068280409,1763068280509,100,656.9316415929881,6.4405062901273356,374,102
1763068280439,1763068280540,101,656.9316415929881,6.4405062901273356,375,102
1763068280471,1763068280571,100,668.5165183496115,6.554083513231486,376,102
1763068280503,1763068280610,107,668.5165183496115,6.554083513231486,377,102
1763068280534,1763068280632,98,668.5165183496115,6.554083513231486,378,102
1763068280574,1763068280666,92,668.5165183496115,6.554083513231486,379,102
1763068280608,1763068280713,105,668.5165183496115,6.554083513231486,380,102
1763068280629,1763068280735,106,668.5165183496115,6.554083513231486,381,102
1763068280660,1763068280759,99,656.9871486062907,6.441050476532263,382,102
1763068280691,1763068280791,100,656.9871486062907,6.441050476532263,383,102
1763068280722,1763068280822,100,656.9871486062907,6.441050476532263,384,102
1763068280753,1763068280853,100,656.9871486062907,6.441050476532263,385,102
1763068280785,1763068280884,99,656.9871486062907,6.441050476532263,386,102
1763068280816,1763068280915,99,656.9871486062907,6.441050476532263,387,102
1763068280847,1763068280948,101,656.9871486062907,6.441050476532263,388,102
1763068280878,1763068280979,101,668.6177702906074,6.5550761793196815,389,102
1763068280910,1763068281011,101,668.6177702906074,6.5550761793196815,390,102
1763068280941,1763068281041,100,668.6177702906074,6.5550761793196815,391,102
1763068280973,1763068281072,99,668.6177702906074,6.5550761793196815,392,102
1763068281004,1763068281104,100,668.6177702906074,6.5550761793196815,393,102
1763068281035,1763068281135,100,668.6177702906074,6.5550761793196815,394,102
1763068281066,1763068281166,100,657.1243629216141,6.442395714917786,395,102
1763068281098,1763068281197,99,657.1243629216141,6.442395714917786,396,102
1763068281129,1763068281229,100,657.1243629216141,6.442395714917786,397,102
1763068281160,1763068281260,100,657.1243629216141,6.442395714917786,398,102
1763068281191,1763068281292,101,657.1243629216141,6.442395714917786,399,102
1763068281223,1763068281323,100,657.1243629216141,6.442395714917786,400,102
1763068281254,1763068281354,100,657.1243629216141,6.442395714917786,401,102
1763068281286,1763068281386,100,668.7269928856048,6.556146989074557,402,102
1763068281317,1763068281417,100,668.7269928856048,6.556146989074557,403,102
1763068281348,1763068281449,101,668.7269928856048,6.556146989074557,404,102
1763068281380,1763068281480,100,668.7269928856048,6.556146989074557,405,102
1763068281411,1763068281510,99,668.7269928856048,6.556146989074557,406,102
1763068281442,1763068281542,100,668.7269928856048,6.556146989074557,407,102
1763068281473,1763068281574,101,657.1546863369414,6.442693003303348,408,102
1763068281504,1763068281605,101,657.1546863369414,6.442693003303348,409,102
1763068281536,1763068281636,100,657.1546863369414,6.442693003303348,410,102
1763068281568,1763068281667,99,657.1546863369414,6.442693003303348,411,102
1763068281599,1763068281698,99,657.1546863369414,6.442693003303348,412,102
1763068281631,1763068281730,99,657.1546863369414,6.442693003303348,413,102
1763068281661,1763068281761,100,657.1546863369414,6.442693003303348,414,102
1763068281692,1763068281793,101,668.6942850105423,6.555826323632768,415,102
1763068281724,1763068281824,100,668.6942850105423,6.555826323632768,416,102
1763068281755,1763068281856,101,668.6942850105423,6.555826323632768,417,102
1763068281787,1763068281886,99,668.6942850105423,6.555826323632768,418,102
1763068281818,1763068281917,99,668.6942850105423,6.555826323632768,419,102
1763068281849,1763068281950,101,668.6942850105423,6.555826323632768,420,102
1763068281880,1763068281982,102,657.1286508683917,6.442437753611683,421,102
1763068281912,1763068282013,101,657.1286508683917,6.442437753611683,422,102
1763068281944,1763068282044,100,657.1286508683917,6.442437753611683,423,102
1763068281975,1763068282076,101,657.1286508683917,6.442437753611683,424,102
1763068282007,1763068282107,100,657.1286508683917,6.442437753611683,425,102
1763068282038,1763068282137,99,657.1286508683917,6.442437753611683,426,102
1763068282069,1763068282169,100,657.1286508683917,6.442437753611683,427,102
1763068282100,1763068282201,101,668.7304060912397,6.5561804518749,428,102
1763068282131,1763068282231,100,668.7304060912397,6.5561804518749,429,102
1763068282163,1763068282262,99,668.7304060912397,6.5561804518749,430,102
1763068282194,1763068282294,100,668.7304060912397,6.5561804518749,431,102
1763068282225,1763068282325,100,668.7304060912397,6.5561804518749,432,102
1763068282256,1763068282357,101,668.7304060912397,6.5561804518749,433,102
1763068282288,1763068282388,100,657.214133654718,6.443275820144295,434,102
1763068282320,1763068282420,100,657.214133654718,6.443275820144295,435,102
1763068282350,1763068282454,104,657.214133654718,6.443275820144295,436,102
1763068282382,1763068282485,103,657.214133654718,6.443275820144295,437,102
1763068282414,1763068282515,101,657.214133654718,6.443275820144295,438,102
1763068282445,1763068282547,102,657.214133654718,6.443275820144295,439,102
1763068282478,1763068282578,100,657.214133654718,6.443275820144295,440,102
1763068282510,1763068282610,100,668.9120221218461,6.5579610011945695,441,102
1763068282541,1763068282641,100,668.9120221218461,6.5579610011945695,442,102
1763068282572,1763068282673,101,668.9120221218461,6.5579610011945695,443,102
1763068282603,1763068282703,100,668.9120221218461,6.5579610011945695,444,102
1763068282634,1763068282735,101,668.9120221218461,6.5579610011945695,445,102
1763068282666,1763068282766,100,668.9120221218461,6.5579610011945695,446,102
1763068282697,1763068282798,101,657.3588816311113,6.444694917952072,447,102
1763068282728,1763068282829,101,657.3588816311113,6.444694917952072,448,102
1763068282759,1763068282861,102,657.3588816311113,6.444694917952072,449,102
1763068282791,1763068282892,101,657.3588816311113,6.444694917952072,450,102
1763068282823,1763068282924,101,657.3588816311113,6.444694917952072,451,102
1763068282855,1763068282955,100,657.3588816311113,6.444694917952072,452,102
1763068282885,1763068282987,102,657.3588816311113,6.444694917952072,453,102
1763068282918,1763068283018,100,668.9703108967335,6.5585324597718975,454,102
1763068282948,1763068283050,102,668.9703108967335,6.5585324597718975,455,102
1763068282980,1763068283081,101,668.9703108967335,6.5585324597718975,456,102
1763068283013,1763068283113,100,668.9703108967335,6.5585324597718975,457,102
1763068283044,1763068283144,100,668.9703108967335,6.5585324597718975,458,102
1763068283076,1763068283176,100,668.9703108967335,6.5585324597718975,459,102
1763068283106,1763068283207,101,657.2913971629032,6.4440333055186585,460,102
1763068283138,1763068283239,101,657.2913971629032,6.4440333055186585,461,102
1763068283170,1763068283270,100,657.2913971629032,6.4440333055186585,462,102
1763068283201,1763068283301,100,657.2913971629032,6.4440333055186585,463,102
1763068283233,1763068283332,99,657.2913971629032,6.4440333055186585,464,102
1763068283264,1763068283364,100,657.2913971629032,6.4440333055186585,465,102
1763068283295,1763068283394,99,657.2913971629032,6.4440333055186585,466,102
1763068283327,1763068283427,100,668.859952141671,6.557450511192852,467,102
1763068283357,1763068283459,102,668.859952141671,6.557450511192852,468,102
1763068283389,1763068283491,102,668.859952141671,6.557450511192852,469,102
1763068283421,1763068283523,102,668.859952141671,6.557450511192852,470,102
1763068283453,1763068283555,102,668.859952141671,6.557450511192852,471,102
1763068283485,1763068283586,101,668.859952141671,6.557450511192852,472,102
1763068283517,1763068283617,100,657.1468020004868,6.442615705887125,473,102
1763068283548,1763068283649,101,657.1468020004868,6.442615705887125,474,102
1763068283579,1763068283681,102,657.1468020004868,6.442615705887125,475,102
1763068283611,1763068283712,101,657.1468020004868,6.442615705887125,476,102
1763068283643,1763068283743,100,657.1468020004868,6.442615705887125,477,102
1763068283675,1763068283774,99,657.1468020004868,6.442615705887125,478,102
1763068283706,1763068283806,100,657.1468020004868,6.442615705887125,479,102
1763068283737,1763068283837,100,668.7448543923875,6.556322101886152,480,102
1763068283769,1763068283869,100,668.7448543923875,6.556322101886152,481,102
1763068283800,1763068283899,99,668.7448543923875,6.556322101886152,482,102
1763068283831,1763068283931,100,668.7448543923875,6.556322101886152,483,102
1763068283862,1763068283962,100,668.7448543923875,6.556322101886152,484,102
1763068283894,1763068283994,100,668.7448543923875,6.556322101886152,485,102
1763068283925,1763068284025,100,657.2256489507329,6.4433887152032625,486,102
1763068283955,1763068284056,101,657.2256489507329,6.4433887152032625,487,102
1763068283987,1763068284088,101,657.2256489507329,6.4433887152032625,488,102
1763068284018,1763068284119,101,657.2256489507329,6.4433887152032625,489,102
1763068284050,1763068284151,101,657.2256489507329,6.4433887152032625,490,102
1763068284082,1763068284183,101,657.2256489507329,6.4433887152032625,491,102
1763068284113,1763068284214,101,657.2256489507329,6.4433887152032625,492,102
1763068284145,1763068284246,101,668.9211652668819,6.55805063987139,493,102
1763068284177,1763068284277,100,668.9211652668819,6.55805063987139,494,102
1763068284208,1763068284309,101,668.9211652668819,6.55805063987139,495,102
1763068284240,1763068284339,99,668.9211652668819,6.55805063987139,496,102
1763068284270,1763068284370,100,668.9211652668819,6.55805063987139,497,102
1763068284301,1763068284401,100,668.9211652668819,6.55805063987139,498,102
1763068284333,1763068284433,100,657.3661687177048,6.444766359977498,499,102
1763068284364,1763068284464,100,657.3661687177048,6.444766359977498,500,102
1763068284395,1763068284497,102,657.3661687177048,6.444766359977498,501,102
1763068284427,1763068284527,100,657.3661687177048,6.444766359977498,502,102
1763068284458,1763068284558,100,657.3661687177048,6.444766359977498,503,102
1763068284489,1763068284589,100,657.3661687177048,6.444766359977498,504,102
1763068284521,1763068284621,100,657.3661687177048,6.444766359977498,505,102
1763068284552,1763068284651,99,668.8062026367285,6.556923555262044,506,102
1763068284583,1763068284682,99,668.8062026367285,6.556923555262044,507,102
1763068284614,1763068284713,99,668.8062026367285,6.556923555262044,508,102
1763068284644,1763068284744,100,668.8062026367285,6.556923555262044,509,102
1763068284677,1763068284775,98,668.8062026367285,6.556923555262044,510,102
1763068284707,1763068284806,99,668.8062026367285,6.556923555262044,511,102
1763068284738,1763068284838,100,657.2745435014726,6.4438680735438485,512,102
1763068284769,1763068284869,100,657.2745435014726,6.4438680735438485,513,102
1763068284800,1763068284901,101,657.2745435014726,6.4438680735438485,514,102
1763068284832,1763068284931,99,657.2745435014726,6.4438680735438485,515,102
1763068284863,1763068284963,100,657.2745435014726,6.4438680735438485,516,102
1763068284894,1763068284993,99,657.2745435014726,6.4438680735438485,517,102
1763068284924,1763068285024,100,657.2745435014726,6.4438680735438485,518,102
1763068284955,1763068285056,101,668.6763602576766,6.555650590761535,519,102
1763068284986,1763068285086,100,668.6763602576766,6.555650590761535,520,102
1763068285017,1763068285117,100,668.6763602576766,6.555650590761535,521,102
1763068285050,1763068285149,99,668.6763602576766,6.555650590761535,522,102
1763068285079,1763068285181,102,668.6763602576766,6.555650590761535,523,102
1763068285112,1763068285213,101,668.6763602576766,6.555650590761535,524,102
1763068285143,1763068285243,100,657.0577064048529,6.441742219655421,525,102
1763068285175,1763068285276,101,657.0577064048529,6.441742219655421,526,102
1763068285206,1763068285308,102,657.0577064048529,6.441742219655421,527,102
1763068285238,1763068285340,102,657.0577064048529,6.441742219655421,528,102
1763068285270,1763068285371,101,657.0577064048529,6.441742219655421,529,102
1763068285302,1763068285404,102,657.0577064048529,6.441742219655421,530,102
1763068285334,1763068285435,101,657.0577064048529,6.441742219655421,531,102
1763068285366,1763068285466,100,668.7878188854531,6.556743322406404,532,102
1763068285398,1763068285498,100,668.7878188854531,6.556743322406404,533,102
1763068285429,1763068285528,99,668.7878188854531,6.556743322406404,534,102
1763068285460,1763068285559,99,668.7878188854531,6.556743322406404,535,102
1763068285491,1763068285590,99,668.7878188854531,6.556743322406404,536,102
1763068285522,1763068285622,100,668.7878188854531,6.556743322406404,537,102
1763068285553,1763068285652,99,657.3166794705916,6.44428117128031,538,102
1763068285584,1763068285684,100,657.3166794705916,6.44428117128031,539,102
1763068285615,1763068285715,100,657.3166794705916,6.44428117128031,540,102
1763068285646,1763068285746,100,657.3166794705916,6.44428117128031,541,102
1763068285678,1763068285777,99,657.3166794705916,6.44428117128031,542,102
1763068285709,1763068285808,99,657.3166794705916,6.44428117128031,543,102
1763068285740,1763068285838,98,657.3166794705916,6.44428117128031,544,102
1763068285771,1763068285870,99,668.766710217532,6.556536374681688,545,102
1763068285801,1763068285900,99,668.766710217532,6.556536374681688,546,102
1763068285832,1763068285930,98,668.766710217532,6.556536374681688,547,102
1763068285863,1763068285962,99,668.766710217532,6.556536374681688,548,102
1763068285893,1763068285994,101,668.766710217532,6.556536374681688,549,102
1763068285925,1763068286025,100,668.766710217532,6.556536374681688,550,102
1763068285956,1763068286056,100,657.356601463808,6.444672563370669,551,102
1763068285987,1763068286086,99,657.356601463808,6.444672563370669,552,102
1763068286018,1763068286118,100,657.356601463808,6.444672563370669,553,102
1763068286049,1763068286150,101,657.356601463808,6.444672563370669,554,102
1763068286080,1763068286181,101,657.356601463808,6.444672563370669,555,102
1763068286112,1763068286212,100,657.356601463808,6.444672563370669,556,102
1763068286143,1763068286244,101,657.356601463808,6.444672563370669,557,102
1763068286174,1763068286276,102,668.9684981637274,6.558514687879682,558,102
1763068286206,1763068286307,101,668.9684981637274,6.558514687879682,559,102
1763068286238,1763068286338,100,668.9684981637274,6.558514687879682,560,102
1763068286269,1763068286369,100,668.9684981637274,6.558514687879682,561,102
1763068286300,1763068286401,101,668.9684981637274,6.558514687879682,562,102
1763068286332,1763068286432,100,668.9684981637274,6.558514687879682,563,102
1763068286363,1763068286464,101,657.346924538327,6.444577691552227,564,102
1763068286394,1763068286495,101,657.346924538327,6.444577691552227,565,102
1763068286426,1763068286527,101,657.346924538327,6.444577691552227,566,102
1763068286458,1763068286557,99,657.346924538327,6.444577691552227,567,102
1763068286489,1763068286588,99,657.346924538327,6.444577691552227,568,102
1763068286519,1763068286618,99,657.346924538327,6.444577691552227,569,102
1763068286551,1763068286650,99,657.346924538327,6.444577691552227,570,102
1763068286582,1763068286681,99,668.7341927061233,6.556217575550229,571,102
1763068286613,1763068286713,100,668.7341927061233,6.556217575550229,572,102
1763068286644,1763068286744,100,668.7341927061233,6.556217575550229,573,102
1763068286675,1763068286774,99,668.7341927061233,6.556217575550229,574,102
1763068286707,1763068286806,99,668.7341927061233,6.556217575550229,575,102
1763068286738,1763068286838,100,668.7341927061233,6.556217575550229,576,102
1763068286769,1763068286870,101,657.1604173940741,6.442749190137982,577,102
1763068286800,1763068286900,100,657.1604173940741,6.442749190137982,578,102
1763068286832,1763068286931,99,657.1604173940741,6.442749190137982,579,102
1763068286863,1763068286963,100,657.1604173940741,6.442749190137982,580,102
1763068286894,1763068286994,100,657.1604173940741,6.442749190137982,581,102
1763068286925,1763068287025,100,657.1604173940741,6.442749190137982,582,102
1763068286956,1763068287056,100,657.1604173940741,6.442749190137982,583,102
1763068286988,1763068287087,99,668.6420130804711,6.55531385373011,584,102
1763068287018,1763068287117,99,668.6420130804711,6.55531385373011,585,102
1763068287049,1763068287149,100,668.6420130804711,6.55531385373011,586,102
1763068287080,1763068287181,101,668.6420130804711,6.55531385373011,587,102
1763068287112,1763068287212,100,668.6420130804711,6.55531385373011,588,102
1763068287143,1763068287243,100,668.6420130804711,6.55531385373011,589,102
1763068287175,1763068287274,99,657.1436844251355,6.442585141422898,590,102
1763068287205,1763068287306,101,657.1436844251355,6.442585141422898,591,102
1763068287237,1763068287336,99,657.1436844251355,6.442585141422898,592,102
1763068287268,1763068287367,99,657.1436844251355,6.442585141422898,593,102
1763068287299,1763068287399,100,657.1436844251355,6.442585141422898,594,102
1763068287330,1763068287430,100,657.1436844251355,6.442585141422898,595,102
1763068287361,1763068287461,100,657.1436844251355,6.442585141422898,596,102
1763068287393,1763068287493,100,668.685516486833,6.55574035771405,597,102
1763068287424,1763068287526,102,668.685516486833,6.55574035771405,598,102
1763068287456,1763068287556,100,668.685516486833,6.55574035771405,599,102
1763068287488,1763068287587,99,668.685516486833,6.55574035771405,600,102
1763068287519,1763068287618,99,668.685516486833,6.55574035771405,601,102
1763068287549,1763068287649,100,668.685516486833,6.55574035771405,602,102
1763068287581,1763068287681,100,657.1783566400059,6.442925065098097,603,102
1763068287612,1763068287712,100,657.1783566400059,6.442925065098097,604,102
1763068287644,1763068287742,98,657.1783566400059,6.442925065098097,605,102
1763068287674,1763068287772,98,657.1783566400059,6.442925065098097,606,102
1763068287705,1763068287803,98,657.1783566400059,6.442925065098097,607,102
1763068287735,1763068287834,99,657.1783566400059,6.442925065098097,608,102
1763068287766,1763068287865,99,657.1783566400059,6.442925065098097,609,102
1763068287797,1763068287897,100,668.5995069553646,6.55489712701338,610,102
1763068287828,1763068287928,100,668.5995069553646,6.55489712701338,611,102
1763068287859,1763068287958,99,668.5995069553646,6.55489712701338,612,102
1763068287890,1763068287990,100,668.5995069553646,6.55489712701338,613,102
1763068287921,1763068288021,100,668.5995069553646,6.55489712701338,614,102
1763068287952,1763068288052,100,668.5995069553646,6.55489712701338,615,102
1763068287983,1763068288083,100,657.166406550381,6.442807907356677,616,102
1763068288014,1763068288114,100,657.166406550381,6.442807907356677,617,102
1763068288046,1763068288145,99,657.166406550381,6.442807907356677,618,102
1763068288077,1763068288177,100,657.166406550381,6.442807907356677,619,102
1763068288107,1763068288209,102,657.166406550381,6.442807907356677,620,102
1763068288139,1763068288239,100,657.166406550381,6.442807907356677,621,102
1763068288172,1763068288271,99,657.166406550381,6.442807907356677,622,102
1763068288202,1763068288301,99,668.646792427204,6.555360710070628,623,102
1763068288233,1763068288333,100,668.646792427204,6.555360710070628,624,102
1763068288264,1763068288364,100,668.646792427204,6.555360710070628,625,102
1763068288296,1763068288395,99,668.646792427204,6.555360710070628,626,102
1763068288327,1763068288426,99,668.646792427204,6.555360710070628,627,102
1763068288357,1763068288458,101,668.646792427204,6.555360710070628,628,102
1763068288388,1763068288489,101,657.0908467720544,6.44206712521622,629,102
1763068288420,1763068288521,101,657.0908467720544,6.44206712521622,630,102
1763068288452,1763068288553,101,657.0908467720544,6.44206712521622,631,102
1763068288483,1763068288584,101,657.0908467720544,6.44206712521622,632,102
1763068288514,1763068288615,101,657.0908467720544,6.44206712521622,633,102
1763068288546,1763068288646,100,657.0908467720544,6.44206712521622,634,102
1763068288578,1763068288678,100,657.0908467720544,6.44206712521622,635,102
1763068288609,1763068288710,101,668.7572231837833,6.556443364546895,636,102
1763068288640,1763068288741,101,668.7572231837833,6.556443364546895,637,102
1763068288672,1763068288773,101,668.7572231837833,6.556443364546895,638,102
1763068288704,1763068288804,100,668.7572231837833,6.556443364546895,639,102
1763068288735,1763068288835,100,668.7572231837833,6.556443364546895,640,102
1763068288767,1763068288867,100,668.7572231837833,6.556443364546895,641,102
1763068288798,1763068288898,100,657.1787496542914,6.442928918179328,642,102
1763068288829,1763068288930,101,657.1787496542914,6.442928918179328,643,102
1763068288861,1763068288960,99,657.1787496542914,6.442928918179328,644,102
1763068288892,1763068288992,100,657.1787496542914,6.442928918179328,645,102
1763068288923,1763068289023,100,657.1787496542914,6.442928918179328,646,102
1763068288954,1763068289054,100,657.1787496542914,6.442928918179328,647,102
1763068288985,1763068289085,100,657.1787496542914,6.442928918179328,648,102
1763068289016,1763068289116,100,668.6566422241245,6.555457276707104,649,102
1763068289048,1763068289146,98,668.6566422241245,6.555457276707104,650,102
1763068289078,1763068289178,100,668.6566422241245,6.555457276707104,651,102
1763068289109,1763068289208,99,668.6566422241245,6.555457276707104,652,102
1763068289140,1763068289240,100,668.6566422241245,6.555457276707104,653,102
1763068289171,1763068289272,101,668.6566422241245,6.555457276707104,654,102
1763068289202,1763068289304,102,657.0986872104031,6.442143992258854,655,102
1763068289234,1763068289335,101,657.0986872104031,6.442143992258854,656,102
1763068289266,1763068289366,100,657.0986872104031,6.442143992258854,657,102
1763068289298,1763068289397,99,657.0986872104031,6.442143992258854,658,102
1763068289328,1763068289428,100,657.0986872104031,6.442143992258854,659,102
1763068289360,1763068289461,101,657.0986872104031,6.442143992258854,660,102
1763068289391,1763068289491,100,657.0986872104031,6.442143992258854,661,102
1763068289422,1763068289524,102,668.6496537066913,6.555388761830307,662,102
1763068289453,1763068289557,104,668.6496537066913,6.555388761830307,663,102
1763068289485,1763068289586,101,668.6496537066913,6.555388761830307,664,102
1763068289517,1763068289617,100,668.6496537066913,6.555388761830307,665,102
1763068289548,1763068289649,101,668.6496537066913,6.555388761830307,666,102
1763068289579,1763068289681,102,668.6496537066913,6.555388761830307,667,102
1763068289611,1763068289713,102,656.9798250431129,6.4409786768932635,668,102
1763068289643,1763068289745,102,656.9798250431129,6.4409786768932635,669,102
1763068289675,1763068289777,102,656.9798250431129,6.4409786768932635,670,102
1763068289707,1763068289809,102,656.9798250431129,6.4409786768932635,671,102
1763068289739,1763068289839,100,656.9798250431129,6.4409786768932635,672,102
1763068289771,1763068289871,100,656.9798250431129,6.4409786768932635,673,102
1763068289802,1763068289903,101,656.9798250431129,6.4409786768932635,674,102
1763068289833,1763068289934,101,668.6689609092748,6.555578048130145,675,102
1763068289865,1763068289967,102,668.6689609092748,6.555578048130145,676,102
1763068289897,1763068289996,99,668.6689609092748,6.555578048130145,677,102
1763068289928,1763068290028,100,668.6689609092748,6.555578048130145,678,102
1763068289959,1763068290059,100,668.6689609092748,6.555578048130145,679,102
1763068289989,1763068290089,100,668.6689609092748,6.555578048130145,680,102
1763068290021,1763068290120,99,657.2218308056013,6.443351282407856,681,102
1763068290052,1763068290152,100,657.2218308056013,6.443351282407856,682,102
1763068290083,1763068290183,100,657.2218308056013,6.443351282407856,683,102
1763068290114,1763068290214,100,657.2218308056013,6.443351282407856,684,102
1763068290146,1763068290245,99,657.2218308056013,6.443351282407856,685,102
1763068290177,1763068290276,99,657.2218308056013,6.443351282407856,686,102
1763068290207,1763068290307,100,657.2218308056013,6.443351282407856,687,102
1763068290239,1763068290337,98,668.6342428136754,6.555237674643877,688,102
1763068290269,1763068290368,99,668.6342428136754,6.555237674643877,689,102
1763068290300,1763068290399,99,668.6342428136754,6.555237674643877,690,102
1763068290331,1763068290429,98,668.6342428136754,6.555237674643877,691,102
1763068290362,1763068290461,99,668.6342428136754,6.555237674643877,692,102
1763068290393,1763068290491,98,668.6342428136754,6.555237674643877,693,102
1763068290423,1763068290523,100,657.2507600081267,6.443634902040458,694,102
1763068290454,1763068290553,99,657.2507600081267,6.443634902040458,695,102
1763068290486,1763068290584,98,657.2507600081267,6.443634902040458,696,102
1763068290516,1763068290615,99,657.2507600081267,6.443634902040458,697,102
1763068290547,1763068290646,99,657.2507600081267,6.443634902040458,698,102
1763068290578,1763068290676,98,657.2507600081267,6.443634902040458,699,102
1763068290609,1763068290708,99,657.2507600081267,6.443634902040458,700,102
1763068290639,1763068290740,101,668.7141064864851,6.556020651828285,701,102
1763068290670,1763068290772,102,668.7141064864851,6.556020651828285,702,102
1763068290702,1763068290804,102,668.7141064864851,6.556020651828285,703,102
1763068290734,1763068290836,102,668.7141064864851,6.556020651828285,704,102
1763068290766,1763068290866,100,668.7141064864851,6.556020651828285,705,102
1763068290798,1763068290898,100,668.7141064864851,6.556020651828285,706,102
1763068290829,1763068290930,101,657.0877146567557,6.442036418203487,707,102
1763068290860,1763068290961,101,657.0877146567557,6.442036418203487,708,102
1763068290892,1763068290992,100,657.0877146567557,6.442036418203487,709,102
1763068290923,1763068291023,100,657.0877146567557,6.442036418203487,710,102
1763068290955,1763068291054,99,657.0877146567557,6.442036418203487,711,102
1763068290986,1763068291086,100,657.0877146567557,6.442036418203487,712,102
1763068291017,1763068291117,100,657.0877146567557,6.442036418203487,713,102
1763068291048,1763068291148,100,668.6409085814342,6.555303025308179,714,102
1763068291080,1763068291179,99,668.6409085814342,6.555303025308179,715,102
1763068291111,1763068291210,99,668.6409085814342,6.555303025308179,716,102
1763068291142,1763068291241,99,668.6409085814342,6.555303025308179,717,102
1763068291173,1763068291272,99,668.6409085814342,6.555303025308179,718,102
1763068291204,1763068291303,99,668.6409085814342,6.555303025308179,719,102
1763068291235,1763068291334,99,657.1994450479846,6.443131814195927,720,102
1763068291266,1763068291365,99,657.1994450479846,6.443131814195927,721,102
1763068291297,1763068291397,100,657.1994450479846,6.443131814195927,722,102
1763068291328,1763068291427,99,657.1994450479846,6.443131814195927,723,102
1763068291359,1763068291459,100,657.1994450479846,6.443131814195927,724,102
1763068291390,1763068291491,101,657.1994450479846,6.443131814195927,725,102
1763068291421,1763068291522,101,657.1994450479846,6.443131814195927,726,102
1763068291453,1763068291554,101,668.7867582581957,6.556732924099958,727,102
1763068291484,1763068291585,101,668.7867582581957,6.556732924099958,728,102
1763068291516,1763068291616,100,668.7867582581957,6.556732924099958,729,102
1763068291548,1763068291648,100,668.7867582581957,6.556732924099958,730,102
1763068291579,1763068291678,99,668.7867582581957,6.556732924099958,731,102
1763068291610,1763068291710,100,668.7867582581957,6.556732924099958,732,102
1763068291641,1763068291741,100,657.3158330900402,6.444272873431766,733,102
1763068291673,1763068291771,98,657.3158330900402,6.444272873431766,734,102
1763068291704,1763068291803,99,657.3158330900402,6.444272873431766,735,102
1763068291735,1763068291835,100,657.3158330900402,6.444272873431766,736,102
1763068291765,1763068291865,100,657.3158330900402,6.444272873431766,737,102
1763068291797,1763068291897,100,657.3158330900402,6.444272873431766,738,102
1763068291827,1763068291929,102,657.3158330900402,6.444272873431766,739,102
1763068291859,1763068291960,101,668.879403139672,6.557641207251685,740,102
1763068291892,1763068291992,100,668.879403139672,6.557641207251685,741,102
1763068291923,1763068292022,99,668.879403139672,6.557641207251685,742,102
1763068291954,1763068292054,100,668.879403139672,6.557641207251685,743,102
1763068291985,1763068292084,99,668.879403139672,6.557641207251685,744,102
1763068292016,1763068292115,99,668.879403139672,6.557641207251685,745,102
1763068292047,1763068292146,99,657.3328843023186,6.444440042179593,746,102
1763068292078,1763068292178,100,657.3328843023186,6.444440042179593,747,102
1763068292109,1763068292210,101,657.3328843023186,6.444440042179593,748,102
1763068292141,1763068292241,100,657.3328843023186,6.444440042179593,749,102
1763068292172,1763068292273,101,657.3328843023186,6.444440042179593,750,102
1763068292203,1763068292303,100,657.3328843023186,6.444440042179593,751,102
1763068292235,1763068292335,100,657.3328843023186,6.444440042179593,752,102
1763068292266,1763068292366,100,668.8929759046456,6.557774273574957,753,102
1763068292297,1763068292399,102,668.8929759046456,6.557774273574957,754,102
1763068292329,1763068292430,101,668.8929759046456,6.557774273574957,755,102
1763068292363,1763068292462,99,668.8929759046456,6.557774273574957,756,102
1763068292393,1763068292493,100,668.8929759046456,6.557774273574957,757,102
1763068292424,1763068292525,101,668.8929759046456,6.557774273574957,758,102
1763068292455,1763068292556,101,657.2868088200979,6.443988321765666,759,102
1763068292487,1763068292587,100,657.2868088200979,6.443988321765666,760,102
1763068292519,1763068292618,99,657.2868088200979,6.443988321765666,761,102
1763068292550,1763068292649,99,657.2868088200979,6.443988321765666,762,102
1763068292581,1763068292681,100,657.2868088200979,6.443988321765666,763,102
1763068292612,1763068292712,100,657.2868088200979,6.443988321765666,764,102
1763068292644,1763068292743,99,657.2868088200979,6.443988321765666,765,102
1763068292675,1763068292775,100,668.856299820798,6.55741470412547,766,102
1763068292706,1763068292807,101,668.856299820798,6.55741470412547,767,102
1763068292737,1763068292839,102,668.856299820798,6.55741470412547,768,102
1763068292769,1763068292871,102,668.856299820798,6.55741470412547,769,102
1763068292801,1763068292903,102,668.856299820798,6.55741470412547,770,102
1763068292833,1763068292935,102,668.856299820798,6.55741470412547,771,102
1763068292865,1763068292965,100,657.1439020577136,6.442587275075623,772,102
1763068292897,1763068292996,99,657.1439020577136,6.442587275075623,773,102
1763068292928,1763068293028,100,657.1439020577136,6.442587275075623,774,102
1763068292959,1763068293059,100,657.1439020577136,6.442587275075623,775,102
1763068292990,1763068293090,100,657.1439020577136,6.442587275075623,776,102
1763068293022,1763068293121,99,657.1439020577136,6.442587275075623,777,102
1763068293052,1763068293152,100,657.1439020577136,6.442587275075623,778,102
1763068293083,1763068293184,101,668.6856899399977,6.555742058235272,779,102
1763068293118,1763068293215,97,668.6856899399977,6.555742058235272,780,102
1763068293146,1763068293247,101,668.6856899399977,6.555742058235272,781,102
1763068293178,1763068293279,101,668.6856899399977,6.555742058235272,782,102
1763068293209,1763068293309,100,668.6856899399977,6.555742058235272,783,102
1763068293241,1763068293341,100,668.6856899399977,6.555742058235272,784,102
1763068293272,1763068293373,101,657.1218091922382,6.442370678355276,785,102
1763068293303,1763068293403,100,657.1218091922382,6.442370678355276,786,102
1763068293335,1763068293435,100,657.1218091922382,6.442370678355276,787,102
1763068293366,1763068293467,101,657.1218091922382,6.442370678355276,788,102
1763068293398,1763068293498,100,657.1218091922382,6.442370678355276,789,102
1763068293429,1763068293529,100,657.1218091922382,6.442370678355276,790,102
1763068293460,1763068293561,101,657.1218091922382,6.442370678355276,791,102
1763068293492,1763068293592,100,668.7249601170216,6.5561270599708,792,102
1763068293523,1763068293622,99,668.7249601170216,6.5561270599708,793,102
1763068293554,1763068293654,100,668.7249601170216,6.5561270599708,794,102
1763068293586,1763068293687,101,668.7249601170216,6.5561270599708,795,102
1763068293617,1763068293719,102,668.7249601170216,6.5561270599708,796,102
1763068293649,1763068293750,101,668.7249601170216,6.5561270599708,797,102
1763068293681,1763068293781,100,657.1530682531492,6.442677139736757,798,102
1763068293713,1763068293811,98,657.1530682531492,6.442677139736757,799,102
1763068293744,1763068293844,100,657.1530682531492,6.442677139736757,800,102
1763068293775,1763068293876,101,657.1530682531492,6.442677139736757,801,102
1763068293806,1763068293907,101,657.1530682531492,6.442677139736757,802,102
1763068293838,1763068293938,100,657.1530682531492,6.442677139736757,803,102
1763068293870,1763068293969,99,657.1530682531492,6.442677139736757,804,102
1763068293901,1763068294000,99,668.7498423295067,6.556371003230459,805,102
1763068293932,1763068294031,99,668.7498423295067,6.556371003230459,806,102
1763068293963,1763068294062,99,668.7498423295067,6.556371003230459,807,102
1763068293994,1763068294093,99,668.7498423295067,6.556371003230459,808,102
1763068294025,1763068294124,99,668.7498423295067,6.556371003230459,809,102
1763068294056,1763068294156,100,668.7498423295067,6.556371003230459,810,102
1763068294087,1763068294187,100,657.2863741789463,6.443984060577907,811,102
1763068294118,1763068294217,99,657.2863741789463,6.443984060577907,812,102
1763068294149,1763068294249,100,657.2863741789463,6.443984060577907,813,102
1763068294180,1763068294280,100,657.2863741789463,6.443984060577907,814,102
1763068294211,1763068294311,100,657.2863741789463,6.443984060577907,815,102
1763068294243,1763068294342,99,657.2863741789463,6.443984060577907,816,102
1763068294274,1763068294374,100,657.2863741789463,6.443984060577907,817,102
1763068294305,1763068294405,100,668.7992402206202,6.556855296280592,818,102
1763068294336,1763068294437,101,668.7992402206202,6.556855296280592,819,102
1763068294368,1763068294468,100,668.7992402206202,6.556855296280592,820,102
1763068294399,1763068294499,100,668.7992402206202,6.556855296280592,821,102
1763068294430,1763068294530,100,668.7992402206202,6.556855296280592,822,102
1763068294462,1763068294561,99,668.7992402206202,6.556855296280592,823,102
1763068294493,1763068294592,99,657.2121952156136,6.443256815839351,824,102
1763068294524,1763068294625,101,657.2121952156136,6.443256815839351,825,102
1763068294555,1763068294657,102,657.2121952156136,6.443256815839351,826,102
1763068294587,1763068294688,101,657.2121952156136,6.443256815839351,827,102
1763068294619,1763068294720,101,657.2121952156136,6.443256815839351,828,102
1763068294650,1763068294751,101,657.2121952156136,6.443256815839351,829,102
1763068294682,1763068294782,100,657.2121952156136,6.443256815839351,830,102
1763068294713,1763068294813,100,668.7969073916285,6.556832425408123,831,102
1763068294745,1763068294844,99,668.7969073916285,6.556832425408123,832,102
1763068294776,1763068294875,99,668.7969073916285,6.556832425408123,833,102
1763068294806,1763068294907,101,668.7969073916285,6.556832425408123,834,102
1763068294838,1763068294938,100,668.7969073916285,6.556832425408123,835,102
1763068294869,1763068294970,101,668.7969073916285,6.556832425408123,836,102
1763068294901,1763068295001,100,657.2103382837363,6.443238610624866,837,102
1763068294932,1763068295033,101,657.2103382837363,6.443238610624866,838,102
1763068294963,1763068295063,100,657.2103382837363,6.443238610624866,839,102
1763068294995,1763068295094,99,657.2103382837363,6.443238610624866,840,102
1763068295026,1763068295126,100,657.2103382837363,6.443238610624866,841,102
1763068295056,1763068295156,100,657.2103382837363,6.443238610624866,842,102
1763068295088,1763068295188,100,657.2103382837363,6.443238610624866,843,102
1763068295119,1763068295219,100,668.6818499504216,6.555704411278644,844,102
1763068295151,1763068295251,100,668.6818499504216,6.555704411278644,845,102
1763068295182,1763068295282,100,668.6818499504216,6.555704411278644,846,102
1763068295213,1763068295313,100,668.6818499504216,6.555704411278644,847,102
1763068295245,1763068295344,99,668.6818499504216,6.555704411278644,848,102
1763068295275,1763068295375,100,668.6818499504216,6.555704411278644,849,102
1763068295307,1763068295406,99,657.175434410486,6.442896415789079,850,102
1763068295337,1763068295438,101,657.175434410486,6.442896415789079,851,102
1763068295369,1763068295468,99,657.175434410486,6.442896415789079,852,102
1763068295400,1763068295499,99,657.175434410486,6.442896415789079,853,102
1763068295431,1763068295530,99,657.175434410486,6.442896415789079,854,102
1763068295462,1763068295561,99,657.175434410486,6.442896415789079,855,102
1763068295492,1763068295593,101,657.175434410486,6.442896415789079,856,102
1763068295524,1763068295624,100,668.7108212251574,6.555988443383896,857,102
1763068295555,1763068295655,100,668.7108212251574,6.555988443383896,858,102
1763068295587,1763068295686,99,668.7108212251574,6.555988443383896,859,102
1763068295618,1763068295718,100,668.7108212251574,6.555988443383896,860,102
1763068295649,1763068295749,100,668.7108212251574,6.555988443383896,861,102
1763068295681,1763068295781,100,668.7108212251574,6.555988443383896,862,102
1763068295712,1763068295813,101,657.1418136952252,6.442566800933581,863,102
1763068295743,1763068295844,101,657.1418136952252,6.442566800933581,864,102
1763068295775,1763068295875,100,657.1418136952252,6.442566800933581,865,102
1763068295807,1763068295906,99,657.1418136952252,6.442566800933581,866,102
1763068295838,1763068295937,99,657.1418136952252,6.442566800933581,867,102
1763068295868,1763068295969,101,657.1418136952252,6.442566800933581,868,102
1763068295900,1763068296000,100,657.1418136952252,6.442566800933581,869,102
1763068295932,1763068296031,99,668.6271673287897,6.5551683071449975,870,102
1763068295963,1763068296062,99,668.6271673287897,6.5551683071449975,871,102
1763068295993,1763068296093,100,668.6271673287897,6.5551683071449975,872,102
1763068296024,1763068296125,101,668.6271673287897,6.5551683071449975,873,102
1763068296056,1763068296158,102,668.6271673287897,6.5551683071449975,874,102
1763068296087,1763068296186,99,668.6271673287897,6.5551683071449975,875,102
1763068296118,1763068296218,100,657.1884795283742,6.443024309101708,876,102
1763068296149,1763068296249,100,657.1884795283742,6.443024309101708,877,102
1763068296180,1763068296280,100,657.1884795283742,6.443024309101708,878,102
1763068296211,1763068296311,100,657.1884795283742,6.443024309101708,879,102
1763068296243,1763068296342,99,657.1884795283742,6.443024309101708,880,102
1763068296275,1763068296372,97,657.1884795283742,6.443024309101708,881,102
1763068296304,1763068296404,100,657.1884795283742,6.443024309101708,882,102
1763068296335,1763068296436,101,668.7212181841142,6.556090374354062,883,102
1763068296366,1763068296467,101,668.7212181841142,6.556090374354062,884,102
1763068296398,1763068296498,100,668.7212181841142,6.556090374354062,885,102
1763068296429,1763068296528,99,668.7212181841142,6.556090374354062,886,102
1763068296461,1763068296560,99,668.7212181841142,6.556090374354062,887,102
1763068296491,1763068296591,100,668.7212181841142,6.556090374354062,888,102
1763068296522,1763068296623,101,657.206810892739,6.443204028360187,889,102
1763068296554,1763068296655,101,657.206810892739,6.443204028360187,890,102
1763068296586,1763068296686,100,657.206810892739,6.443204028360187,891,102
1763068296617,1763068296718,101,657.206810892739,6.443204028360187,892,102
1763068296648,1763068296749,101,657.206810892739,6.443204028360187,893,102
1763068296680,1763068296781,101,657.206810892739,6.443204028360187,894,102
1763068296712,1763068296813,101,657.206810892739,6.443204028360187,895,102
1763068296743,1763068296844,101,668.7926214706202,6.5567904065747085,896,102
1763068296775,1763068296875,100,668.7926214706202,6.5567904065747085,897,102
1763068296807,1763068296907,100,668.7926214706202,6.5567904065747085,898,102
1763068296838,1763068296937,99,668.7926214706202,6.5567904065747085,899,102
1763068296869,1763068296968,99,668.7926214706202,6.5567904065747085,900,102
1763068296901,1763068297002,101,668.7926214706202,6.5567904065747085,901,102
1763068296932,1763068297032,100,657.2069266906137,6.4432051636334675,902,102
1763068296962,1763068297064,102,657.2069266906137,6.4432051636334675,903,102
1763068296995,1763068297096,101,657.2069266906137,6.4432051636334675,904,102
1763068297026,1763068297126,100,657.2069266906137,6.4432051636334675,905,102
1763068297057,1763068297158,101,657.2069266906137,6.4432051636334675,906,102
1763068297089,1763068297187,98,657.2069266906137,6.4432051636334675,907,102
1763068297120,1763068297218,98,657.2069266906137,6.4432051636334675,908,102
1763068297150,1763068297248,98,668.6223344258003,6.55512092574314,909,102
1763068297180,1763068297280,100,668.6223344258003,6.55512092574314,910,102
1763068297211,1763068297312,101,668.6223344258003,6.55512092574314,911,102
1763068297243,1763068297343,100,668.6223344258003,6.55512092574314,912,102
1763068297275,1763068297375,100,668.6223344258003,6.55512092574314,913,102
1763068297306,1763068297406,100,668.6223344258003,6.55512092574314,914,102
1763068297338,1763068297437,99,657.071378202937,6.44187625689154,915,102
1763068297369,1763068297467,98,657.071378202937,6.44187625689154,916,102
1763068297400,1763068297498,98,657.071378202937,6.44187625689154,917,102
1763068297430,1763068297529,99,657.071378202937,6.44187625689154,918,102
1763068297461,1763068297560,99,657.071378202937,6.44187625689154,919,102
1763068297492,1763068297592,100,657.071378202937,6.44187625689154,920,102
1763068297522,1763068297624,102,657.071378202937,6.44187625689154,921,102
1763068297554,1763068297655,101,668.6278884277408,6.555175376742557,922,102
1763068297586,1763068297686,100,668.6278884277408,6.555175376742557,923,102
1763068297618,1763068297718,100,668.6278884277408,6.555175376742557,924,102
1763068297649,1763068297748,99,668.6278884277408,6.555175376742557,925,102
1763068297680,1763068297780,100,668.6278884277408,6.555175376742557,926,102
1763068297711,1763068297811,100,668.6278884277408,6.555175376742557,927,102
1763068297742,1763068297842,100,657.1324270769094,6.442474775263818,928,102
1763068297774,1763068297873,99,657.1324270769094,6.442474775263818,929,102
1763068297805,1763068297905,100,657.1324270769094,6.442474775263818,930,102
1763068297836,1763068297937,101,657.1324270769094,6.442474775263818,931,102
1763068297867,1763068297968,101,657.1324270769094,6.442474775263818,932,102
1763068297899,1763068297998,99,657.1324270769094,6.442474775263818,933,102
1763068297931,1763068298030,99,657.1324270769094,6.442474775263818,934,102
1763068297961,1763068298063,102,668.7334119532198,6.55620992111,935,102
1763068297993,1763068298093,100,668.7334119532198,6.55620992111,936,102
1763068298024,1763068298125,101,668.7334119532198,6.55620992111,937,102
1763068298056,1763068298157,101,668.7334119532198,6.55620992111,938,102
1763068298087,1763068298188,101,668.7334119532198,6.55620992111,939,102
1763068298119,1763068298220,101,668.7334119532198,6.55620992111,940,102
1763068298151,1763068298251,100,657.159795914763,6.44274309720356,941,102
1763068298182,1763068298282,100,657.159795914763,6.44274309720356,942,102
1763068298213,1763068298314,101,657.159795914763,6.44274309720356,943,102
1763068298245,1763068298345,100,657.159795914763,6.44274309720356,944,102
1763068298276,1763068298376,100,657.159795914763,6.44274309720356,945,102
1763068298308,1763068298407,99,657.159795914763,6.44274309720356,946,102
1763068298339,1763068298438,99,657.159795914763,6.44274309720356,947,102
1763068298370,1763068298472,102,668.698357344066,6.555866248471237,948,102
1763068298401,1763068298503,102,668.698357344066,6.555866248471237,949,102
1763068298432,1763068298534,102,668.698357344066,6.555866248471237,950,102
1763068298464,1763068298564,100,668.698357344066,6.555866248471237,951,102
1763068298496,1763068298594,98,668.698357344066,6.555866248471237,952,102
1763068298526,1763068298626,100,668.698357344066,6.555866248471237,953,102
1763068298557,1763068298657,100,657.1885908032207,6.443025400031576,954,102
1763068298588,1763068298688,100,657.1885908032207,6.443025400031576,955,102
1763068298620,1763068298720,100,657.1885908032207,6.443025400031576,956,102
1763068298650,1763068298750,100,657.1885908032207,6.443025400031576,957,102
1763068298682,1763068298781,99,657.1885908032207,6.443025400031576,958,102
1763068298713,1763068298813,100,657.1885908032207,6.443025400031576,959,102
1763068298744,1763068298845,101,657.1885908032207,6.443025400031576,960,102
1763068298776,1763068298875,99,668.7213068701669,6.556091243825167,961,102
1763068298807,1763068298907,100,668.7213068701669,6.556091243825167,962,102
1763068298838,1763068298939,101,668.7213068701669,6.556091243825167,963,102
1763068298870,1763068298971,101,668.7213068701669,6.556091243825167,964,102
1763068298901,1763068299002,101,668.7213068701669,6.556091243825167,965,102
1763068298933,1763068299033,100,668.7213068701669,6.556091243825167,966,102
1763068298965,1763068299065,100,657.0934389617827,6.442092538841007,967,102
1763068298996,1763068299096,100,657.0934389617827,6.442092538841007,968,102
1763068299027,1763068299127,100,657.0934389617827,6.442092538841007,969,102
1763068299058,1763068299158,100,657.0934389617827,6.442092538841007,970,102
1763068299089,1763068299192,103,657.0934389617827,6.442092538841007,971,102
1763068299121,1763068299222,101,657.0934389617827,6.442092538841007,972,102
1763068299153,1763068299253,100,657.0934389617827,6.442092538841007,973,102
1763068299185,1763068299284,99,668.702377413579,6.555905660917442,974,102
1763068299216,1763068299315,99,668.702377413579,6.555905660917442,975,102
1763068299247,1763068299346,99,668.702377413579,6.555905660917442,976,102
1763068299277,1763068299377,100,668.702377413579,6.555905660917442,977,102
1763068299308,1763068299409,101,668.702377413579,6.555905660917442,978,102
1763068299340,1763068299440,100,668.702377413579,6.555905660917442,979,102
1763068299371,1763068299471,100,657.248497176036,6.443612717412119,980,102
1763068299403,1763068299502,99,657.248497176036,6.443612717412119,981,102
1763068299434,1763068299533,99,657.248497176036,6.443612717412119,982,102
1763068299465,1763068299564,99,657.248497176036,6.443612717412119,983,102
1763068299496,1763068299595,99,657.248497176036,6.443612717412119,984,102
1763068299527,1763068299626,99,657.248497176036,6.443612717412119,985,102
1763068299558,1763068299657,99,657.248497176036,6.443612717412119,986,102
1763068299589,1763068299687,98,668.6555492436528,6.555446561212283,987,102
1763068299620,1763068299718,98,668.6555492436528,6.555446561212283,988,102
1763068299650,1763068299749,99,668.6555492436528,6.555446561212283,989,102
1763068299680,1763068299781,101,668.6555492436528,6.555446561212283,990,102
1763068299712,1763068299812,100,668.6555492436528,6.555446561212283,991,102
1763068299743,1763068299842,99,668.6555492436528,6.555446561212283,992,102
1763068299774,1763068299873,99,657.2111282964349,6.443246355847402,993,102
1763068299805,1763068299904,99,657.2111282964349,6.443246355847402,994,102
1763068299836,1763068299936,100,657.2111282964349,6.443246355847402,995,102
1763068299867,1763068299967,100,657.2111282964349,6.443246355847402,996,102
1763068299898,1763068299999,101,657.2111282964349,6.443246355847402,997,102
1763068299930,1763068300029,99,657.2111282964349,6.443246355847402,998,102
1763068299961,1763068300060,99,657.2111282964349,6.443246355847402,999,102
1763068299992,1763068300092,100,668.7392692522586,6.5562673456103795,1000,102
1763068300023,1763068300123,100,668.7392692522586,6.5562673456103795,1001,102
1763068300054,1763068300154,100,668.7392692522586,6.5562673456103795,1002,102
1763068300086,1763068300185,99,668.7392692522586,6.5562673456103795,1003,102
1763068300116,1763068300216,100,668.7392692522586,6.5562673456103795,1004,102
1763068300147,1763068300247,100,668.7392692522586,6.5562673456103795,1005,102
1763068300178,1763068300279,101,657.2211975940501,6.443345074451472,1006,102
1763068300209,1763068300311,102,657.2211975940501,6.443345074451472,1007,102
1763068300241,1763068300343,102,657.2211975940501,6.443345074451472,1008,102
1763068300273,1763068300374,101,657.2211975940501,6.443345074451472,1009,102
1763068300305,1763068300406,101,657.2211975940501,6.443345074451472,1010,102
1763068300336,1763068300438,102,657.2211975940501,6.443345074451472,1011,102
1763068300368,1763068300470,102,657.2211975940501,6.443345074451472,1012,102
1763068300400,1763068300501,101,668.9176308896757,6.558015989114469,1013,102
1763068300432,1763068300533,101,668.9176308896757,6.558015989114469,1014,102
1763068300464,1763068300564,100,668.9176308896757,6.558015989114469,1015,102
1763068300495,1763068300596,101,668.9176308896757,6.558015989114469,1016,102
1763068300527,1763068300627,100,668.9176308896757,6.558015989114469,1017,102
1763068300558,1763068300659,101,668.9176308896757,6.558015989114469,1018,102
1763068300589,1763068300690,101,657.2495165572922,6.443622711346003,1019,102
1763068300621,1763068300722,101,657.2495165572922,6.443622711346003,1020,102
1763068300654,1763068300753,99,657.2495165572922,6.443622711346003,1021,102
1763068300684,1763068300785,101,657.2495165572922,6.443622711346003,1022,102
1763068300715,1763068300816,101,657.2495165572922,6.443622711346003,1023,102
1763068300747,1763068300847,100,657.2495165572922,6.443622711346003,1024,102
1763068300779,1763068300879,100,657.2495165572922,6.443622711346003,1025,102
1763068300810,1763068300910,100,668.8266151796046,6.557123678231418,1026,102
1763068300841,1763068300941,100,668.8266151796046,6.557123678231418,1027,102
1763068300873,1763068300972,99,668.8266151796046,6.557123678231418,1028,102
1763068300904,1763068301005,101,668.8266151796046,6.557123678231418,1029,102
1763068300935,1763068301034,99,668.8266151796046,6.557123678231418,1030,102
1763068300966,1763068301066,100,668.8266151796046,6.557123678231418,1031,102
1763068300997,1763068301097,100,657.2908122981448,6.44402757155044,1032,102
1763068301028,1763068301129,101,657.2908122981448,6.44402757155044,1033,102
1763068301060,1763068301160,100,657.2908122981448,6.44402757155044,1034,102
1763068301080,1763068301182,102,657.2908122981448,6.44402757155044,1035,102
1763068301107,1763068301207,100,657.2908122981448,6.44402757155044,1036,102
1763068301138,1763068301239,101,657.2908122981448,6.44402757155044,1037,102
1763068301169,1763068301271,102,657.2908122981448,6.44402757155044,1038,102
1763068301201,1763068301303,102,668.9161957770251,6.5580019193826,1039,102
1763068301233,1763068301334,101,668.9161957770251,6.5580019193826,1040,102
1763068301265,1763068301364,99,668.9161957770251,6.5580019193826,1041,102
1763068301296,1763068301396,100,668.9161957770251,6.5580019193826,1042,102
1763068301327,1763068301427,100,668.9161957770251,6.5580019193826,1043,102
1763068301359,1763068301459,100,668.9161957770251,6.5580019193826,1044,102
1763068301390,1763068301490,100,668.9161957770251,6.5580019193826,1045,102
1763068301421,1763068301521,100,678.068208034289,6.647727529747932,1046,102
1763068301453,1763068301553,100,678.068208034289,6.647727529747932,1047,102
1763068301484,1763068301584,100,678.068208034289,6.647727529747932,1048,102
1763068301516,1763068301616,100,678.068208034289,6.647727529747932,1049,102
1763068301547,1763068301648,101,678.068208034289,6.647727529747932,1050,102
1763068301579,1763068301678,99,678.068208034289,6.647727529747932,1051,102
1763068301610,1763068301709,99,664.590293595294,6.5155911136793545,1052,102
1763068301641,1763068301742,101,664.590293595294,6.5155911136793545,1053,102
1763068301672,1763068301773,101,664.590293595294,6.5155911136793545,1054,102
1763068301707,1763068301803,96,664.590293595294,6.5155911136793545,1055,102
1763068301737,1763068301835,98,664.590293595294,6.5155911136793545,1056,102
1763068301766,1763068301866,100,664.590293595294,6.5155911136793545,1057,102
1763068301797,1763068301897,100,664.590293595294,6.5155911136793545,1058,102
1763068301829,1763068301928,99,674.6204639954493,6.613926117602445,1059,102
1763068301860,1763068301960,100,674.6204639954493,6.613926117602445,1060,102
1763068301891,1763068301991,100,674.6204639954493,6.613926117602445,1061,102
1763068301922,1763068302023,101,674.6204639954493,6.613926117602445,1062,102
1763068301953,1763068302054,101,674.6204639954493,6.613926117602445,1063,102
1763068301985,1763068302087,102,674.6204639954493,6.613926117602445,1064,102
1763068302016,1763068302117,101,661.7832688763822,6.488071263493944,1065,102
1763068302048,1763068302149,101,661.7832688763822,6.488071263493944,1066,102
1763068302080,1763068302180,100,661.7832688763822,6.488071263493944,1067,102
1763068302111,1763068302211,100,661.7832688763822,6.488071263493944,1068,102
1763068302142,1763068302243,101,661.7832688763822,6.488071263493944,1069,102
1763068302174,1763068302275,101,661.7832688763822,6.488071263493944,1070,102
1763068302205,1763068302307,102,661.7832688763822,6.488071263493944,1071,102
1763068302237,1763068302338,101,672.4876987567238,6.593016654477685,1072,102
1763068302269,1763068302370,101,672.4876987567238,6.593016654477685,1073,102
1763068302301,1763068302402,101,672.4876987567238,6.593016654477685,1074,102
1763068302332,1763068302433,101,672.4876987567238,6.593016654477685,1075,102
1763068302364,1763068302464,100,672.4876987567238,6.593016654477685,1076,102
1763068302396,1763068302496,100,672.4876987567238,6.593016654477685,1077,102
1763068302427,1763068302527,100,660.0877205115954,6.471448240309759,1078,102
1763068302458,1763068302559,101,660.0877205115954,6.471448240309759,1079,102
1763068302490,1763068302589,99,660.0877205115954,6.471448240309759,1080,102
1763068302522,1763068302621,99,660.0877205115954,6.471448240309759,1081,102
1763068302552,1763068302652,100,660.0877205115954,6.471448240309759,1082,102
1763068302583,1763068302683,100,660.0877205115954,6.471448240309759,1083,102
1763068302614,1763068302714,100,660.0877205115954,6.471448240309759,1084,102
1763068302645,1763068302745,100,670.9780009682531,6.578215695767188,1085,102
1763068302677,1763068302777,100,670.9780009682531,6.578215695767188,1086,102
1763068302708,1763068302807,99,670.9780009682531,6.578215695767188,1087,102
1763068302739,1763068302839,100,670.9780009682531,6.578215695767188,1088,102
1763068302770,1763068302870,100,670.9780009682531,6.578215695767188,1089,102
1763068302801,1763068302902,101,670.9780009682531,6.578215695767188,1090,102
1763068302833,1763068302934,101,658.8875107697612,6.459681478134915,1091,102
1763068302864,1763068302965,101,658.8875107697612,6.459681478134915,1092,102
1763068302896,1763068302997,101,658.8875107697612,6.459681478134915,1093,102
1763068302928,1763068303028,100,658.8875107697612,6.459681478134915,1094,102
1763068302959,1763068303060,101,658.8875107697612,6.459681478134915,1095,102
1763068302991,1763068303091,100,658.8875107697612,6.459681478134915,1096,102
1763068303022,1763068303122,100,658.8875107697612,6.459681478134915,1097,102
1763068303053,1763068303153,100,670.0753460834997,6.569366138073527,1098,102
1763068303084,1763068303185,101,670.0753460834997,6.569366138073527,1099,102
1763068303115,1763068303216,101,670.0753460834997,6.569366138073527,1100,102
1763068303147,1763068303248,101,670.0753460834997,6.569366138073527,1101,102
1763068303179,1763068303278,99,670.0753460834997,6.569366138073527,1102,102
1763068303210,1763068303309,99,670.0753460834997,6.569366138073527,1103,102
1763068303241,1763068303340,99,658.2860508285493,6.453784812044601,1104,102
1763068303271,1763068303372,101,658.2860508285493,6.453784812044601,1105,102
1763068303303,1763068303404,101,658.2860508285493,6.453784812044601,1106,102
1763068303334,1763068303436,102,658.2860508285493,6.453784812044601,1107,102
1763068303366,1763068303467,101,658.2860508285493,6.453784812044601,1108,102
1763068303399,1763068303499,100,658.2860508285493,6.453784812044601,1109,102
1763068303430,1763068303531,101,658.2860508285493,6.453784812044601,1110,102
1763068303461,1763068303563,102,669.8188383070395,6.566851355951369,1111,102
1763068303493,1763068303595,102,669.8188383070395,6.566851355951369,1112,102
1763068303525,1763068303625,100,669.8188383070395,6.566851355951369,1113,102
1763068303557,1763068303656,99,669.8188383070395,6.566851355951369,1114,102
1763068303588,1763068303692,104,669.8188383070395,6.566851355951369,1115,102
1763068303618,1763068303719,101,669.8188383070395,6.566851355951369,1116,102
1763068303650,1763068303750,100,658.0816141307105,6.451780530693241,1117,102
1763068303682,1763068303782,100,658.0816141307105,6.451780530693241,1118,102
1763068303713,1763068303813,100,658.0816141307105,6.451780530693241,1119,102
1763068303744,1763068303845,101,658.0816141307105,6.451780530693241,1120,102
1763068303776,1763068303876,100,658.0816141307105,6.451780530693241,1121,102
1763068303807,1763068303907,100,658.0816141307105,6.451780530693241,1122,102
1763068303839,1763068303938,99,658.0816141307105,6.451780530693241,1123,102
1763068303870,1763068303970,100,669.4330464621762,6.563069082962513,1124,102
1763068303901,1763068304001,100,669.4330464621762,6.563069082962513,1125,102
1763068303932,1763068304032,100,669.4330464621762,6.563069082962513,1126,102
1763068303963,1763068304064,101,669.4330464621762,6.563069082962513,1127,102
1763068303994,1763068304096,102,669.4330464621762,6.563069082962513,1128,102
1763068304027,1763068304127,100,669.4330464621762,6.563069082962513,1129,102
1763068304058,1763068304158,100,657.65927193743,6.447639920955198,1130,102
1763068304088,1763068304189,101,657.65927193743,6.447639920955198,1131,102
1763068304120,1763068304221,101,657.65927193743,6.447639920955198,1132,102
1763068304152,1763068304252,100,657.65927193743,6.447639920955198,1133,102
1763068304183,1763068304283,100,657.65927193743,6.447639920955198,1134,102
1763068304214,1763068304315,101,657.65927193743,6.447639920955198,1135,102
1763068304246,1763068304346,100,657.65927193743,6.447639920955198,1136,102
1763068304278,1763068304377,99,669.0964397341318,6.559769017001293,1137,102
1763068304308,1763068304409,101,669.0964397341318,6.559769017001293,1138,102
1763068304340,1763068304440,100,669.0964397341318,6.559769017001293,1139,102
1763068304371,1763068304471,100,669.0964397341318,6.559769017001293,1140,102
1763068304403,1763068304503,100,669.0964397341318,6.559769017001293,1141,102
1763068304434,1763068304534,100,669.0964397341318,6.559769017001293,1142,102
1763068304466,1763068304566,100,657.3916695886347,6.445016368516028,1143,102
1763068304497,1763068304598,101,657.3916695886347,6.445016368516028,1144,102
1763068304528,1763068304629,101,657.3916695886347,6.445016368516028,1145,102
1763068304560,1763068304660,100,657.3916695886347,6.445016368516028,1146,102
1763068304592,1763068304691,99,657.3916695886347,6.445016368516028,1147,102
1763068304623,1763068304723,100,657.3916695886347,6.445016368516028,1148,102
1763068304654,1763068304754,100,657.3916695886347,6.445016368516028,1149,102
1763068304686,1763068304785,99,668.8831606621419,6.5576780457072745,1150,102
1763068304716,1763068304816,100,668.8831606621419,6.5576780457072745,1151,102
1763068304747,1763068304847,100,668.8831606621419,6.5576780457072745,1152,102
1763068304779,1763068304879,100,668.8831606621419,6.5576780457072745,1153,102
1763068304810,1763068304910,100,668.8831606621419,6.5576780457072745,1154,102
1763068304841,1763068304941,100,668.8831606621419,6.5576780457072745,1155,102
1763068304873,1763068304972,99,657.3358790477271,6.444469402428698,1156,102
1763068304904,1763068305003,99,657.3358790477271,6.444469402428698,1157,102
1763068304935,1763068305034,99,657.3358790477271,6.444469402428698,1158,102
1763068304966,1763068305065,99,657.3358790477271,6.444469402428698,1159,102
1763068304997,1763068305097,100,657.3358790477271,6.444469402428698,1160,102
1763068305028,1763068305128,100,657.3358790477271,6.444469402428698,1161,102
1763068305059,1763068305159,100,657.3358790477271,6.444469402428698,1162,102
1763068305091,1763068305190,99,668.7820314800862,6.556686583138101,1163,102
1763068305122,1763068305221,99,668.7820314800862,6.556686583138101,1164,102
1763068305153,1763068305254,101,668.7820314800862,6.556686583138101,1165,102
1763068305184,1763068305285,101,668.7820314800862,6.556686583138101,1166,102
1763068305216,1763068305315,99,668.7820314800862,6.556686583138101,1167,102
1763068305247,1763068305347,100,668.7820314800862,6.556686583138101,1168,102
1763068305278,1763068305379,101,657.1984970581486,6.443122520177929,1169,102
1763068305309,1763068305410,101,657.1984970581486,6.443122520177929,1170,102
1763068305341,1763068305443,102,657.1984970581486,6.443122520177929,1171,102
1763068305373,1763068305474,101,657.1984970581486,6.443122520177929,1172,102
1763068305404,1763068305507,103,657.1984970581486,6.443122520177929,1173,102
1763068305436,1763068305537,101,657.1984970581486,6.443122520177929,1174,102
1763068305469,1763068305569,100,657.1984970581486,6.443122520177929,1175,102
1763068305499,1763068305601,102,668.9564081671118,6.558396158501098,1176,102
1763068305531,1763068305632,101,668.9564081671118,6.558396158501098,1177,102
1763068305563,1763068305663,100,668.9564081671118,6.558396158501098,1178,102
1763068305596,1763068305694,98,668.9564081671118,6.558396158501098,1179,102
1763068305626,1763068305725,99,668.9564081671118,6.558396158501098,1180,102
1763068305657,1763068305758,101,668.9564081671118,6.558396158501098,1181,102
1763068305688,1763068305789,101,657.337300901021,6.4444833421668735,1182,102
1763068305719,1763068305822,103,657.337300901021,6.4444833421668735,1183,102
1763068305751,1763068305852,101,657.337300901021,6.4444833421668735,1184,102
1763068305784,1763068305883,99,657.337300901021,6.4444833421668735,1185,102
1763068305815,1763068305915,100,657.337300901021,6.4444833421668735,1186,102
1763068305845,1763068305946,101,657.337300901021,6.4444833421668735,1187,102
1763068305877,1763068305978,101,657.337300901021,6.4444833421668735,1188,102
1763068305909,1763068306009,100,668.8964915172127,6.557808740364831,1189,102
1763068305941,1763068306041,100,668.8964915172127,6.557808740364831,1190,102
1763068305972,1763068306072,100,668.8964915172127,6.557808740364831,1191,102
1763068306004,1763068306105,101,668.8964915172127,6.557808740364831,1192,102
1763068306036,1763068306135,99,668.8964915172127,6.557808740364831,1193,102
1763068306066,1763068306167,101,668.8964915172127,6.557808740364831,1194,102
1763068306099,1763068306198,99,657.232710756184,6.443457948590041,1195,102
1763068306129,1763068306230,101,657.232710756184,6.443457948590041,1196,102
1763068306161,1763068306263,102,657.232710756184,6.443457948590041,1197,102
1763068306193,1763068306293,100,657.232710756184,6.443457948590041,1198,102
1763068306225,1763068306325,100,657.232710756184,6.443457948590041,1199,102
1763068306257,1763068306357,100,657.232710756184,6.443457948590041,1200,102
1763068306287,1763068306388,101,657.232710756184,6.443457948590041,1201,102
1763068306319,1763068306419,100,668.9267723404101,6.558105611180492,1202,102
1763068306350,1763068306451,101,668.9267723404101,6.558105611180492,1203,102
1763068306382,1763068306482,100,668.9267723404101,6.558105611180492,1204,102
1763068306414,1763068306513,99,668.9267723404101,6.558105611180492,1205,102
1763068306446,1763068306544,98,668.9267723404101,6.558105611180492,1206,102
1763068306476,1763068306576,100,668.9267723404101,6.558105611180492,1207,102
1763068306507,1763068306606,99,657.4844910999877,6.445926383333213,1208,102
1763068306539,1763068306637,98,657.4844910999877,6.445926383333213,1209,102
1763068306570,1763068306669,99,657.4844910999877,6.445926383333213,1210,102
1763068306600,1763068306700,100,657.4844910999877,6.445926383333213,1211,102
1763068306632,1763068306732,100,657.4844910999877,6.445926383333213,1212,102
1763068306663,1763068306762,99,657.4844910999877,6.445926383333213,1213,102
1763068306694,1763068306793,99,657.4844910999877,6.445926383333213,1214,102
1763068306725,1763068306825,100,669.0136549155902,6.558957401133238,1215,102
1763068306756,1763068306856,100,669.0136549155902,6.558957401133238,1216,102
1763068306788,1763068306888,100,669.0136549155902,6.558957401133238,1217,102
1763068306819,1763068306918,99,669.0136549155902,6.558957401133238,1218,102
1763068306850,1763068306949,99,669.0136549155902,6.558957401133238,1219,102
1763068306881,1763068306981,100,669.0136549155902,6.558957401133238,1220,102
1763068306912,1763068307012,100,657.4398829677255,6.445489048703191,1221,102
1763068306943,1763068307044,101,657.4398829677255,6.445489048703191,1222,102
1763068306975,1763068307075,100,657.4398829677255,6.445489048703191,1223,102
1763068307007,1763068307106,99,657.4398829677255,6.445489048703191,1224,102
1763068307038,1763068307138,100,657.4398829677255,6.445489048703191,1225,102
1763068307069,1763068307168,99,657.4398829677255,6.445489048703191,1226,102
1763068307100,1763068307200,100,657.4398829677255,6.445489048703191,1227,102
1763068307131,1763068307230,99,668.8650266082449,6.5575002608651465,1228,102
1763068307162,1763068307261,99,668.8650266082449,6.5575002608651465,1229,102
1763068307193,1763068307293,100,668.8650266082449,6.5575002608651465,1230,102
1763068307223,1763068307323,100,668.8650266082449,6.5575002608651465,1231,102
1763068307255,1763068307355,100,668.8650266082449,6.5575002608651465,1232,102
1763068307286,1763068307387,101,668.8650266082449,6.5575002608651465,1233,102
1763068307317,1763068307418,101,657.2645611801629,6.443770207648656,1234,102
1763068307349,1763068307450,101,657.2645611801629,6.443770207648656,1235,102
1763068307381,1763068307481,100,657.2645611801629,6.443770207648656,1236,102
1763068307412,1763068307512,100,657.2645611801629,6.443770207648656,1237,102
1763068307443,1763068307545,102,657.2645611801629,6.443770207648656,1238,102
1763068307474,1763068307575,101,657.2645611801629,6.443770207648656,1239,102
1763068307506,1763068307606,100,657.2645611801629,6.443770207648656,1240,102
1763068307537,1763068307637,100,668.7818552605899,6.556684855495979,1241,102
1763068307569,1763068307670,101,668.7818552605899,6.556684855495979,1242,102
1763068307600,1763068307701,101,668.7818552605899,6.556684855495979,1243,102
1763068307631,1763068307733,102,668.7818552605899,6.556684855495979,1244,102
1763068307663,1763068307765,102,668.7818552605899,6.556684855495979,1245,102
1763068307696,1763068307797,101,668.7818552605899,6.556684855495979,1246,102
1763068307727,1763068307828,101,657.0847930769083,6.442007775263807,1247,102
1763068307759,1763068307858,99,657.0847930769083,6.442007775263807,1248,102
1763068307790,1763068307890,100,657.0847930769083,6.442007775263807,1249,102
1763068307821,1763068307922,101,657.0847930769083,6.442007775263807,1250,102
1763068307852,1763068307954,102,657.0847930769083,6.442007775263807,1251,102
1763068307884,1763068307985,101,657.0847930769083,6.442007775263807,1252,102
1763068307916,1763068308017,101,657.0847930769083,6.442007775263807,1253,102
1763068307947,1763068308048,101,668.7524104961421,6.556396181334727,1254,102
1763068307979,1763068308080,101,668.7524104961421,6.556396181334727,1255,102
1763068308010,1763068308111,101,668.7524104961421,6.556396181334727,1256,102
1763068308042,1763068308142,100,668.7524104961421,6.556396181334727,1257,102
1763068308074,1763068308173,99,668.7524104961421,6.556396181334727,1258,102
1763068308105,1763068308204,99,668.7524104961421,6.556396181334727,1259,102
1763068308136,1763068308236,100,657.1749187549292,6.4428913603424425,1260,102
1763068308167,1763068308268,101,657.1749187549292,6.4428913603424425,1261,102
1763068308198,1763068308300,102,657.1749187549292,6.4428913603424425,1262,102
1763068308230,1763068308331,101,657.1749187549292,6.4428913603424425,1263,102
1763068308262,1763068308362,100,657.1749187549292,6.4428913603424425,1264,102
1763068308294,1763068308393,99,657.1749187549292,6.4428913603424425,1265,102
1763068308325,1763068308424,99,657.1749187549292,6.4428913603424425,1266,102
1763068308356,1763068308454,98,668.6535851664335,6.555427305553269,1267,102
1763068308387,1763068308485,98,668.6535851664335,6.555427305553269,1268,102
1763068308417,1763068308517,100,668.6535851664335,6.555427305553269,1269,102
1763068308448,1763068308549,101,668.6535851664335,6.555427305553269,1270,102
1763068308479,1763068308581,102,668.6535851664335,6.555427305553269,1271,102
1763068308511,1763068308613,102,668.6535851664335,6.555427305553269,1272,102
1763068308543,1763068308645,102,656.9262930369817,6.440453853303742,1273,102
1763068308575,1763068308676,101,656.9262930369817,6.440453853303742,1274,102
1763068308607,1763068308707,100,656.9262930369817,6.440453853303742,1275,102
1763068308639,1763068308739,100,656.9262930369817,6.440453853303742,1276,102
1763068308670,1763068308770,100,656.9262930369817,6.440453853303742,1277,102
1763068308701,1763068308802,101,656.9262930369817,6.440453853303742,1278,102
1763068308732,1763068308833,101,656.9262930369817,6.440453853303742,1279,102
1763068308764,1763068308864,100,668.5122555504745,6.554041721083083,1280,102
1763068308795,1763068308896,101,668.5122555504745,6.554041721083083,1281,102
1763068308827,1763068308927,100,668.5122555504745,6.554041721083083,1282,102
1763068308858,1763068308958,100,668.5122555504745,6.554041721083083,1283,102
1763068308889,1763068308990,101,668.5122555504745,6.554041721083083,1284,102
1763068308921,1763068309021,100,668.5122555504745,6.554041721083083,1285,102
1763068308953,1763068309052,99,656.9837554181777,6.441017209982134,1286,102
1763068308984,1763068309085,101,656.9837554181777,6.441017209982134,1287,102
1763068309016,1763068309115,99,656.9837554181777,6.441017209982134,1288,102
1763068309046,1763068309147,101,656.9837554181777,6.441017209982134,1289,102
1763068309078,1763068309178,100,656.9837554181777,6.441017209982134,1290,102
1763068309110,1763068309210,100,656.9837554181777,6.441017209982134,1291,102
1763068309141,1763068309241,100,656.9837554181777,6.441017209982134,1292,102
1763068309172,1763068309273,101,668.6720855574513,6.555608681935797,1293,102
1763068309204,1763068309305,101,668.6720855574513,6.555608681935797,1294,102
1763068309235,1763068309335,100,668.6720855574513,6.555608681935797,1295,102
1763068309267,1763068309366,99,668.6720855574513,6.555608681935797,1296,102
1763068309298,1763068309398,100,668.6720855574513,6.555608681935797,1297,102
1763068309329,1763068309430,101,668.6720855574513,6.555608681935797,1298,102
1763068309361,1763068309462,101,657.0543080181737,6.441708902138958,1299,102
1763068309392,1763068309493,101,657.0543080181737,6.441708902138958,1300,102
1763068309424,1763068309524,100,657.0543080181737,6.441708902138958,1301,102
1763068309456,1763068309555,99,657.0543080181737,6.441708902138958,1302,102
1763068309487,1763068309587,100,657.0543080181737,6.441708902138958,1303,102
1763068309518,1763068309618,100,657.0543080181737,6.441708902138958,1304,102
1763068309549,1763068309650,101,657.0543080181737,6.441708902138958,1305,102
1763068309581,1763068309682,101,668.6712291824663,6.555600286102611,1306,102
1763068309612,1763068309713,101,668.6712291824663,6.555600286102611,1307,102
1763068309644,1763068309744,100,668.6712291824663,6.555600286102611,1308,102
1763068309675,1763068309776,101,668.6712291824663,6.555600286102611,1309,102
1763068309707,1763068309809,102,668.6712291824663,6.555600286102611,1310,102
1763068309738,1763068309840,102,668.6712291824663,6.555600286102611,1311,102
1763068309770,1763068309871,101,657.0536272000606,6.441702227451576,1312,102
1763068309802,1763068309902,100,657.0536272000606,6.441702227451576,1313,102
1763068309834,1763068309933,99,657.0536272000606,6.441702227451576,1314,102
1763068309865,1763068309964,99,657.0536272000606,6.441702227451576,1315,102
1763068309896,1763068309996,100,657.0536272000606,6.441702227451576,1316,102
1763068309927,1763068310026,99,657.0536272000606,6.441702227451576,1317,102
1763068309958,1763068310058,100,657.0536272000606,6.441702227451576,1318,102
1763068309989,1763068310088,99,668.4998481328485,6.5539200797338095,1319,102
1763068310020,1763068310120,100,668.4998481328485,6.5539200797338095,1320,102
1763068310051,1763068310151,100,668.4998481328485,6.5539200797338095,1321,102
1763068310082,1763068310183,101,668.4998481328485,6.5539200797338095,1322,102
1763068310113,1763068310213,100,668.4998481328485,6.5539200797338095,1323,102
1763068310145,1763068310245,100,668.4998481328485,6.5539200797338095,1324,102
1763068310176,1763068310276,100,656.9738791137473,6.440920383468113,1325,102
1763068310208,1763068310309,101,656.9738791137473,6.440920383468113,1326,102
1763068310238,1763068310339,101,656.9738791137473,6.440920383468113,1327,102
1763068310270,1763068310370,100,656.9738791137473,6.440920383468113,1328,102
1763068310301,1763068310401,100,656.9738791137473,6.440920383468113,1329,102
1763068310333,1763068310432,99,656.9738791137473,6.440920383468113,1330,102
1763068310364,1763068310463,99,656.9738791137473,6.440920383468113,1331,102
1763068310395,1763068310494,99,668.4931555327704,6.553854466007554,1332,102
1763068310426,1763068310526,100,668.4931555327704,6.553854466007554,1333,102
1763068310457,1763068310557,100,668.4931555327704,6.553854466007554,1334,102
1763068310488,1763068310587,99,668.4931555327704,6.553854466007554,1335,102
1763068310519,1763068310618,99,668.4931555327704,6.553854466007554,1336,102
1763068310550,1763068310649,99,668.4931555327704,6.553854466007554,1337,102
1763068310580,1763068310681,101,657.025044959618,6.44142200940802,1338,102
1763068310612,1763068310713,101,657.025044959618,6.44142200940802,1339,102
1763068310643,1763068310744,101,657.025044959618,6.44142200940802,1340,102
1763068310675,1763068310775,100,657.025044959618,6.44142200940802,1341,102
1763068310706,1763068310807,101,657.025044959618,6.44142200940802,1342,102
1763068310738,1763068310838,100,657.025044959618,6.44142200940802,1343,102
1763068310769,1763068310869,100,657.025044959618,6.44142200940802,1344,102
1763068310801,1763068310901,100,668.6479357878559,6.555371919488784,1345,102
1763068310832,1763068310933,101,668.6479357878559,6.555371919488784,1346,102
1763068310863,1763068310963,100,668.6479357878559,6.555371919488784,1347,102
1763068310895,1763068310995,100,668.6479357878559,6.555371919488784,1348,102
1763068310926,1763068311025,99,668.6479357878559,6.555371919488784,1349,102
1763068310957,1763068311057,100,668.6479357878559,6.555371919488784,1350,102
1763068310988,1763068311088,100,657.1484048229212,6.44263141983256,1351,102
1763068311019,1763068311119,100,657.1484048229212,6.44263141983256,1352,102
1763068311050,1763068311151,101,657.1484048229212,6.44263141983256,1353,102
1763068311083,1763068311183,100,657.1484048229212,6.44263141983256,1354,102
1763068311113,1763068311213,100,657.1484048229212,6.44263141983256,1355,102
1763068311145,1763068311245,100,657.1484048229212,6.44263141983256,1356,102
1763068311177,1763068311277,100,657.1484048229212,6.44263141983256,1357,102
1763068311208,1763068311308,100,668.6892786438682,6.555777241606551,1358,102
1763068311239,1763068311340,101,668.6892786438682,6.555777241606551,1359,102
1763068311270,1763068311370,100,668.6892786438682,6.555777241606551,1360,102
1763068311302,1763068311401,99,668.6892786438682,6.555777241606551,1361,102
1763068311333,1763068311432,99,668.6892786438682,6.555777241606551,1362,102
1763068311364,1763068311465,101,668.6892786438682,6.555777241606551,1363,102
1763068311395,1763068311495,100,657.1246658005191,6.442398684318815,1364,102
1763068311427,1763068311526,99,657.1246658005191,6.442398684318815,1365,102
1763068311459,1763068311557,98,657.1246658005191,6.442398684318815,1366,102
1763068311489,1763068311588,99,657.1246658005191,6.442398684318815,1367,102
1763068311520,1763068311620,100,657.1246658005191,6.442398684318815,1368,102
1763068311551,1763068311651,100,657.1246658005191,6.442398684318815,1369,102
1763068311583,1763068311683,100,657.1246658005191,6.442398684318815,1370,102
1763068311614,1763068311715,101,668.6703586430137,6.555591751402096,1371,102
1763068311645,1763068311745,100,668.6703586430137,6.555591751402096,1372,102
1763068311676,1763068311776,100,668.6703586430137,6.555591751402096,1373,102
1763068311708,1763068311807,99,668.6703586430137,6.555591751402096,1374,102
1763068311739,1763068311839,100,668.6703586430137,6.555591751402096,1375,102
1763068311770,1763068311870,100,668.6703586430137,6.555591751402096,1376,102
1763068311801,1763068311901,100,657.166275838482,6.442806625867471,1377,102
1763068311832,1763068311932,100,657.166275838482,6.442806625867471,1378,102
1763068311863,1763068311962,99,657.166275838482,6.442806625867471,1379,102
1763068311895,1763068311994,99,657.166275838482,6.442806625867471,1380,102
1763068311925,1763068312025,100,657.166275838482,6.442806625867471,1381,102
1763068311957,1763068312056,99,657.166275838482,6.442806625867471,1382,102
1763068311987,1763068312086,99,657.166275838482,6.442806625867471,1383,102
1763068312018,1763068312117,99,668.5330206707856,6.554245300693976,1384,102
1763068312049,1763068312149,100,668.5330206707856,6.554245300693976,1385,102
1763068312080,1763068312180,100,668.5330206707856,6.554245300693976,1386,102
1763068312112,1763068312211,99,668.5330206707856,6.554245300693976,1387,102
1763068312143,1763068312243,100,668.5330206707856,6.554245300693976,1388,102
1763068312174,1763068312274,100,668.5330206707856,6.554245300693976,1389,102
1763068312205,1763068312306,101,657.0002844539454,6.441179259352405,1390,102
1763068312237,1763068312337,100,657.0002844539454,6.441179259352405,1391,102
1763068312268,1763068312369,101,657.0002844539454,6.441179259352405,1392,102
1763068312299,1763068312399,100,657.0002844539454,6.441179259352405,1393,102
1763068312331,1763068312431,100,657.0002844539454,6.441179259352405,1394,102
1763068312362,1763068312463,101,657.0002844539454,6.441179259352405,1395,102
1763068312394,1763068312494,100,657.0002844539454,6.441179259352405,1396,102
1763068312425,1763068312525,100,668.6282264253405,6.555178690444515,1397,102
1763068312457,1763068312556,99,668.6282264253405,6.555178690444515,1398,102
1763068312488,1763068312588,100,668.6282264253405,6.555178690444515,1399,102
1763068312519,1763068312619,100,668.6282264253405,6.555178690444515,1400,102
1763068312551,1763068312651,100,668.6282264253405,6.555178690444515,1401,102
1763068312582,1763068312682,100,668.6282264253405,6.555178690444515,1402,102
1763068312613,1763068312713,100,657.1326964609964,6.442477416284278,1403,102
1763068312644,1763068312743,99,657.1326964609964,6.442477416284278,1404,102
1763068312676,1763068312774,98,657.1326964609964,6.442477416284278,1405,102
1763068312706,1763068312806,100,657.1326964609964,6.442477416284278,1406,102
1763068312737,1763068312836,99,657.1326964609964,6.442477416284278,1407,102
1763068312768,1763068312868,100,657.1326964609964,6.442477416284278,1408,102
1763068312799,1763068312899,100,657.1326964609964,6.442477416284278,1409,102
1763068312830,1763068312931,101,668.6767590794141,6.55565450077857,1410,102
1763068312861,1763068312961,100,668.6767590794141,6.55565450077857,1411,102
1763068312893,1763068312992,99,668.6767590794141,6.55565450077857,1412,102
1763068312924,1763068313024,100,668.6767590794141,6.55565450077857,1413,102
1763068312955,1763068313055,100,668.6767590794141,6.55565450077857,1414,102
1763068312987,1763068313087,100,668.6767590794141,6.55565450077857,1415,102
1763068313017,1763068313119,102,657.1147002272136,6.4423009826197415,1416,102
1763068313049,1763068313150,101,657.1147002272136,6.4423009826197415,1417,102
1763068313081,1763068313183,102,657.1147002272136,6.4423009826197415,1418,102
1763068313113,1763068313214,101,657.1147002272136,6.4423009826197415,1419,102
1763068313145,1763068313245,100,657.1147002272136,6.4423009826197415,1420,102
1763068313177,1763068313277,100,657.1147002272136,6.4423009826197415,1421,102
1763068313208,1763068313310,102,657.1147002272136,6.4423009826197415,1422,102
1763068313240,1763068313342,102,668.8899572801804,6.557744679217455,1423,102
1763068313272,1763068313373,101,668.8899572801804,6.557744679217455,1424,102
1763068313304,1763068313404,100,668.8899572801804,6.557744679217455,1425,102
1763068313336,1763068313435,99,668.8899572801804,6.557744679217455,1426,102
1763068313367,1763068313467,100,668.8899572801804,6.557744679217455,1427,102
1763068313398,1763068313498,100,668.8899572801804,6.557744679217455,1428,102
1763068313430,1763068313530,100,657.2844059950236,6.443964764657094,1429,102
1763068313461,1763068313562,101,657.2844059950236,6.443964764657094,1430,102
1763068313492,1763068313593,101,657.2844059950236,6.443964764657094,1431,102
1763068313524,1763068313624,100,657.2844059950236,6.443964764657094,1432,102
1763068313555,1763068313655,100,657.2844059950236,6.443964764657094,1433,102
1763068313587,1763068313687,100,657.2844059950236,6.443964764657094,1434,102
1763068313618,1763068313718,100,657.2844059950236,6.443964764657094,1435,102
1763068313649,1763068313751,102,668.8543871720387,6.557395952667047,1436,102
1763068313681,1763068313781,100,668.8543871720387,6.557395952667047,1437,102
1763068313713,1763068313813,100,668.8543871720387,6.557395952667047,1438,102
1763068313744,1763068313844,100,668.8543871720387,6.557395952667047,1439,102
1763068313776,1763068313876,100,668.8543871720387,6.557395952667047,1440,102
1763068313806,1763068313908,102,668.8543871720387,6.557395952667047,1441,102
1763068313839,1763068313939,100,657.1992378017708,6.443129782370303,1442,102
1763068313870,1763068313970,100,657.1992378017708,6.443129782370303,1443,102
1763068313902,1763068314002,100,657.1992378017708,6.443129782370303,1444,102
1763068313933,1763068314034,101,657.1992378017708,6.443129782370303,1445,102
1763068313964,1763068314066,102,657.1992378017708,6.443129782370303,1446,102
1763068313996,1763068314097,101,657.1992378017708,6.443129782370303,1447,102
1763068314028,1763068314128,100,657.1992378017708,6.443129782370303,1448,102
1763068314059,1763068314159,100,668.7865932902096,6.5567313067667605,1449,102
1763068314090,1763068314190,100,668.7865932902096,6.5567313067667605,1450,102
1763068314122,1763068314222,100,668.7865932902096,6.5567313067667605,1451,102
1763068314153,1763068314253,100,668.7865932902096,6.5567313067667605,1452,102
1763068314184,1763068314284,100,668.7865932902096,6.5567313067667605,1453,102
1763068314215,1763068314316,101,668.7865932902096,6.5567313067667605,1454,102
1763068314247,1763068314346,99,657.258914852297,6.443714851493108,1455,102
1763068314278,1763068314378,100,657.258914852297,6.443714851493108,1456,102
1763068314309,1763068314408,99,657.258914852297,6.443714851493108,1457,102
1763068314340,1763068314439,99,657.258914852297,6.443714851493108,1458,102
1763068314371,1763068314471,100,657.258914852297,6.443714851493108,1459,102
1763068314402,1763068314504,102,657.258914852297,6.443714851493108,1460,102
1763068314433,1763068314535,102,657.258914852297,6.443714851493108,1461,102
1763068314465,1763068314566,101,668.8340962224285,6.557197021788514,1462,102
1763068314497,1763068314598,101,668.8340962224285,6.557197021788514,1463,102
1763068314529,1763068314629,100,668.8340962224285,6.557197021788514,1464,102
1763068314560,1763068314660,100,668.8340962224285,6.557197021788514,1465,102
1763068314591,1763068314692,101,668.8340962224285,6.557197021788514,1466,102
1763068314623,1763068314724,101,668.8340962224285,6.557197021788514,1467,102
1763068314654,1763068314755,101,657.239940593053,6.443528829343657,1468,102
1763068314686,1763068314786,100,657.239940593053,6.443528829343657,1469,102
1763068314717,1763068314817,100,657.239940593053,6.443528829343657,1470,102
1763068314748,1763068314849,101,657.239940593053,6.443528829343657,1471,102
1763068314779,1763068314881,102,657.239940593053,6.443528829343657,1472,102
1763068314812,1763068314912,100,657.239940593053,6.443528829343657,1473,102
1763068314843,1763068314943,100,657.239940593053,6.443528829343657,1474,102
1763068314875,1763068314974,99,668.8189927120702,6.557048948157551,1475,102
1763068314906,1763068315005,99,668.8189927120702,6.557048948157551,1476,102
1763068314937,1763068315036,99,668.8189927120702,6.557048948157551,1477,102
1763068314967,1763068315067,100,668.8189927120702,6.557048948157551,1478,102
1763068314998,1763068315099,101,668.8189927120702,6.557048948157551,1479,102
1763068315030,1763068315129,99,668.8189927120702,6.557048948157551,1480,102
1763068315061,1763068315160,99,657.341556184232,6.444525060629726,1481,102
1763068315092,1763068315192,100,657.341556184232,6.444525060629726,1482,102
1763068315123,1763068315223,100,657.341556184232,6.444525060629726,1483,102
1763068315154,1763068315255,101,657.341556184232,6.444525060629726,1484,102
1763068315186,1763068315286,100,657.341556184232,6.444525060629726,1485,102
1763068315217,1763068315317,100,657.341556184232,6.444525060629726,1486,102
1763068315249,1763068315348,99,657.341556184232,6.444525060629726,1487,102
1763068315279,1763068315380,101,668.8998787226486,6.557841948261261,1488,102
1763068315311,1763068315412,101,668.8998787226486,6.557841948261261,1489,102
1763068315342,1763068315443,101,668.8998787226486,6.557841948261261,1490,102
1763068315374,1763068315474,100,668.8998787226486,6.557841948261261,1491,102
1763068315406,1763068315507,101,668.8998787226486,6.557841948261261,1492,102
1763068315437,1763068315538,101,668.8998787226486,6.557841948261261,1493,102
1763068315469,1763068315569,100,657.2354035845057,6.4434843488677025,1494,102
1763068315501,1763068315601,100,657.2354035845057,6.4434843488677025,1495,102
1763068315532,1763068315632,100,657.2354035845057,6.4434843488677025,1496,102
1763068315563,1763068315664,101,657.2354035845057,6.4434843488677025,1497,102
1763068315595,1763068315696,101,657.2354035845057,6.4434843488677025,1498,102
1763068315626,1763068315726,100,657.2354035845057,6.4434843488677025,1499,102
1763068315658,1763068315757,99,657.2354035845057,6.4434843488677025,1500,102
1763068315689,1763068315789,100,668.8153812532665,6.557013541698691,1501,102
1763068315720,1763068315820,100,668.8153812532665,6.557013541698691,1502,102
1763068315752,1763068315852,100,668.8153812532665,6.557013541698691,1503,102
1763068315783,1763068315883,100,668.8153812532665,6.557013541698691,1504,102
1763068315814,1763068315915,101,668.8153812532665,6.557013541698691,1505,102
1763068315846,1763068315946,100,668.8153812532665,6.557013541698691,1506,102
1763068315878,1763068315976,98,657.2818588588534,6.443939792733857,1507,102
1763068315909,1763068316007,98,657.2818588588534,6.443939792733857,1508,102
1763068315939,1763068316039,100,657.2818588588534,6.443939792733857,1509,102
1763068315971,1763068316069,98,657.2818588588534,6.443939792733857,1510,102
1763068316001,1763068316101,100,657.2818588588534,6.443939792733857,1511,102
1763068316032,1763068316132,100,657.2818588588534,6.443939792733857,1512,102
1763068316064,1763068316163,99,657.2818588588534,6.443939792733857,1513,102
1763068316095,1763068316195,100,668.7956415105061,6.556820014808884,1514,102
1763068316127,1763068316226,99,668.7956415105061,6.556820014808884,1515,102
1763068316158,1763068316258,100,668.7956415105061,6.556820014808884,1516,102
1763068316189,1763068316289,100,668.7956415105061,6.556820014808884,1517,102
1763068316220,1763068316321,101,668.7956415105061,6.556820014808884,1518,102
1763068316252,1763068316353,101,668.7956415105061,6.556820014808884,1519,102
1763068316283,1763068316384,101,657.2093306423628,6.443228731787872,1520,102
1763068316315,1763068316415,100,657.2093306423628,6.443228731787872,1521,102
1763068316348,1763068316445,97,657.2093306423628,6.443228731787872,1522,102
1763068316377,1763068316477,100,657.2093306423628,6.443228731787872,1523,102
1763068316408,1763068316508,100,657.2093306423628,6.443228731787872,1524,102
1763068316439,1763068316539,100,657.2093306423628,6.443228731787872,1525,102
1763068316470,1763068316571,101,657.2093306423628,6.443228731787872,1526,102
1763068316502,1763068316601,99,668.6810458526055,6.555696527966721,1527,102
1763068316533,1763068316633,100,668.6810458526055,6.555696527966721,1528,102
1763068316564,1763068316664,100,668.6810458526055,6.555696527966721,1529,102
1763068316595,1763068316697,102,668.6810458526055,6.555696527966721,1530,102
1763068316627,1763068316728,101,668.6810458526055,6.555696527966721,1531,102
1763068316659,1763068316759,100,668.6810458526055,6.555696527966721,1532,102
1763068316691,1763068316790,99,657.0614314528214,6.441778739733543,1533,102
1763068316722,1763068316822,100,657.0614314528214,6.441778739733543,1534,102
1763068316753,1763068316853,100,657.0614314528214,6.441778739733543,1535,102
1763068316785,1763068316885,100,657.0614314528214,6.441778739733543,1536,102
1763068316816,1763068316917,101,657.0614314528214,6.441778739733543,1537,102
1763068316847,1763068316948,101,657.0614314528214,6.441778739733543,1538,102
1763068316879,1763068316979,100,657.0614314528214,6.441778739733543,1539,102
1763068316911,1763068317011,100,668.733838004993,6.556214098088167,1540,102
1763068316942,1763068317042,100,668.733838004993,6.556214098088167,1541,102
1763068316973,1763068317074,101,668.733838004993,6.556214098088167,1542,102
1763068317004,1763068317104,100,668.733838004993,6.556214098088167,1543,102
1763068317036,1763068317135,99,668.733838004993,6.556214098088167,1544,102
1763068317067,1763068317166,99,668.733838004993,6.556214098088167,1545,102
1763068317098,1763068317197,99,657.2736027279844,6.443858850274357,1546,102
1763068317129,1763068317228,99,657.2736027279844,6.443858850274357,1547,102
1763068317160,1763068317260,100,657.2736027279844,6.443858850274357,1548,102
1763068317191,1763068317291,100,657.2736027279844,6.443858850274357,1549,102
1763068317222,1763068317322,100,657.2736027279844,6.443858850274357,1550,102
1763068317254,1763068317354,100,657.2736027279844,6.443858850274357,1551,102
1763068317285,1763068317385,100,657.2736027279844,6.443858850274357,1552,102
1763068317317,1763068317416,99,668.7890613742036,6.556755503668663,1553,102
1763068317348,1763068317447,99,668.7890613742036,6.556755503668663,1554,102
1763068317379,1763068317478,99,668.7890613742036,6.556755503668663,1555,102
1763068317410,1763068317510,100,668.7890613742036,6.556755503668663,1556,102
1763068317441,1763068317541,100,668.7890613742036,6.556755503668663,1557,102
1763068317472,1763068317573,101,668.7890613742036,6.556755503668663,1558,102
1763068317504,1763068317604,100,657.2040928538661,6.443177380920256,1559,102
1763068317536,1763068317635,99,657.2040928538661,6.443177380920256,1560,102
1763068317567,1763068317668,101,657.2040928538661,6.443177380920256,1561,102
1763068317598,1763068317700,102,657.2040928538661,6.443177380920256,1562,102
1763068317630,1763068317732,102,657.2040928538661,6.443177380920256,1563,102
1763068317662,1763068317763,101,657.2040928538661,6.443177380920256,1564,102
1763068317694,1763068317795,101,657.2040928538661,6.443177380920256,1565,102
1763068317725,1763068317826,101,668.9040497259697,6.557882840450683,1566,102
1763068317757,1763068317856,99,668.9040497259697,6.557882840450683,1567,102
1763068317789,1763068317888,99,668.9040497259697,6.557882840450683,1568,102
1763068317819,1763068317920,101,668.9040497259697,6.557882840450683,1569,102
1763068317851,1763068317951,100,668.9040497259697,6.557882840450683,1570,102
1763068317882,1763068317983,101,668.9040497259697,6.557882840450683,1571,102
1763068317914,1763068318014,100,657.3525276315978,6.444632623839194,1572,102
1763068317945,1763068318045,100,657.3525276315978,6.444632623839194,1573,102
1763068317976,1763068318076,100,657.3525276315978,6.444632623839194,1574,102
1763068318008,1763068318107,99,657.3525276315978,6.444632623839194,1575,102
1763068318039,1763068318139,100,657.3525276315978,6.444632623839194,1576,102
1763068318070,1763068318171,101,657.3525276315978,6.444632623839194,1577,102
1763068318101,1763068318202,101,657.3525276315978,6.444632623839194,1578,102
1763068318134,1763068318233,99,668.9086119947518,6.557927568575998,1579,102
1763068318165,1763068318264,99,668.9086119947518,6.557927568575998,1580,102
1763068318196,1763068318295,99,668.9086119947518,6.557927568575998,1581,102
1763068318227,1763068318327,100,668.9086119947518,6.557927568575998,1582,102
1763068318259,1763068318358,99,668.9086119947518,6.557927568575998,1583,102
1763068318289,1763068318389,100,668.9086119947518,6.557927568575998,1584,102
1763068318321,1763068318420,99,657.3561637598172,6.44466827215507,1585,102
1763068318352,1763068318452,100,657.3561637598172,6.44466827215507,1586,102
1763068318383,1763068318483,100,657.3561637598172,6.44466827215507,1587,102
1763068318414,1763068318515,101,657.3561637598172,6.44466827215507,1588,102
1763068318445,1763068318547,102,657.3561637598172,6.44466827215507,1589,102
1763068318477,1763068318578,101,657.3561637598172,6.44466827215507,1590,102
1763068318509,1763068318609,100,657.3561637598172,6.44466827215507,1591,102
1763068318541,1763068318640,99,668.9115063528144,6.557955944635435,1592,102
1763068318572,1763068318671,99,668.9115063528144,6.557955944635435,1593,102
1763068318603,1763068318702,99,668.9115063528144,6.557955944635435,1594,102
1763068318634,1763068318733,99,668.9115063528144,6.557955944635435,1595,102
1763068318665,1763068318765,100,668.9115063528144,6.557955944635435,1596,102
1763068318696,1763068318797,101,668.9115063528144,6.557955944635435,1597,102
1763068318728,1763068318828,100,657.3015590568402,6.444132931929807,1598,102
1763068318759,1763068318859,100,657.3015590568402,6.444132931929807,1599,102
1763068318791,1763068318890,99,657.3015590568402,6.444132931929807,1600,102
1763068318822,1763068318921,99,657.3015590568402,6.444132931929807,1601,102
1763068318853,1763068318954,101,657.3015590568402,6.444132931929807,1602,102
1763068318884,1763068318984,100,657.3015590568402,6.444132931929807,1603,102
1763068318915,1763068319016,101,657.3015590568402,6.444132931929807,1604,102
1763068318946,1763068319046,100,668.7546441273585,6.556418079679986,1605,102
1763068318978,1763068319079,101,668.7546441273585,6.556418079679986,1606,102
1763068319010,1763068319110,100,668.7546441273585,6.556418079679986,1607,102
1763068319040,1763068319141,101,668.7546441273585,6.556418079679986,1608,102
1763068319073,1763068319173,100,668.7546441273585,6.556418079679986,1609,102
1763068319104,1763068319205,101,668.7546441273585,6.556418079679986,1610,102
1763068319135,1763068319237,102,657.0064327929953,6.441239537186229,1611,102
1763068319167,1763068319269,102,657.0064327929953,6.441239537186229,1612,102
1763068319199,1763068319301,102,657.0064327929953,6.441239537186229,1613,102
1763068319231,1763068319332,101,657.0064327929953,6.441239537186229,1614,102
1763068319263,1763068319363,100,657.0064327929953,6.441239537186229,1615,102
1763068319294,1763068319393,99,657.0064327929953,6.441239537186229,1616,102
1763068319326,1763068319425,99,657.0064327929953,6.441239537186229,1617,102
1763068319357,1763068319457,100,668.6331205032243,6.555226671600239,1618,102
1763068319387,1763068319487,100,668.6331205032243,6.555226671600239,1619,102
1763068319419,1763068319519,100,668.6331205032243,6.555226671600239,1620,102
1763068319451,1763068319550,99,668.6331205032243,6.555226671600239,1621,102
1763068319481,1763068319582,101,668.6331205032243,6.555226671600239,1622,102
1763068319513,1763068319614,101,668.6331205032243,6.555226671600239,1623,102
1763068319544,1763068319645,101,657.0799639205666,6.44196043059379,1624,102
1763068319576,1763068319677,101,657.0799639205666,6.44196043059379,1625,102
1763068319607,1763068319708,101,657.0799639205666,6.44196043059379,1626,102
1763068319639,1763068319739,100,657.0799639205666,6.44196043059379,1627,102
1763068319671,1763068319771,100,657.0799639205666,6.44196043059379,1628,102
1763068319702,1763068319802,100,657.0799639205666,6.44196043059379,1629,102
1763068319733,1763068319832,99,657.0799639205666,6.44196043059379,1630,102
1763068319764,1763068319864,100,668.6347312446916,6.555242463183251,1631,102
1763068319795,1763068319896,101,668.6347312446916,6.555242463183251,1632,102
1763068319826,1763068319928,102,668.6347312446916,6.555242463183251,1633,102
1763068319858,1763068319960,102,668.6347312446916,6.555242463183251,1634,102
1763068319890,1763068319991,101,668.6347312446916,6.555242463183251,1635,102
1763068319922,1763068320023,101,668.6347312446916,6.555242463183251,1636,102
1763068319953,1763068320055,102,656.9679766082851,6.440862515767501,1637,102
1763068319985,1763068320086,101,656.9679766082851,6.440862515767501,1638,102
1763068320023,1763068320118,95,656.9679766082851,6.440862515767501,1639,102
1763068320048,1763068320150,102,656.9679766082851,6.440862515767501,1640,102
1763068320080,1763068320182,102,656.9679766082851,6.440862515767501,1641,102
1763068320112,1763068320212,100,656.9679766082851,6.440862515767501,1642,102
1763068320144,1763068320243,99,656.9679766082851,6.440862515767501,1643,102
1763068320175,1763068320275,100,668.6595414035867,6.555485700035163,1644,102
1763068320206,1763068320306,100,668.6595414035867,6.555485700035163,1645,102
1763068320237,1763068320338,101,668.6595414035867,6.555485700035163,1646,102
1763068320268,1763068320369,101,668.6595414035867,6.555485700035163,1647,102
1763068320300,1763068320401,101,668.6595414035867,6.555485700035163,1648,102
1763068320332,1763068320433,101,668.6595414035867,6.555485700035163,1649,102
1763068320363,1763068320465,102,656.9876758744479,6.44105564582792,1650,102
1763068320395,1763068320496,101,656.9876758744479,6.44105564582792,1651,102
1763068320427,1763068320527,100,656.9876758744479,6.44105564582792,1652,102
1763068320459,1763068320559,100,656.9876758744479,6.44105564582792,1653,102
1763068320490,1763068320591,101,656.9876758744479,6.44105564582792,1654,102
1763068320521,1763068320622,101,656.9876758744479,6.44105564582792,1655,102
1763068320553,1763068320654,101,656.9876758744479,6.44105564582792,1656,102
1763068320585,1763068320685,100,668.6181899960606,6.555080294079024,1657,102
1763068320616,1763068320716,100,668.6181899960606,6.555080294079024,1658,102
1763068320648,1763068320748,100,668.6181899960606,6.555080294079024,1659,102
1763068320679,1763068320778,99,668.6181899960606,6.555080294079024,1660,102
1763068320710,1763068320810,100,668.6181899960606,6.555080294079024,1661,102
1763068320741,1763068320840,99,668.6181899960606,6.555080294079024,1662,102
1763068320772,1763068320872,100,657.1813156168563,6.442954074675061,1663,102
1763068320803,1763068320902,99,657.1813156168563,6.442954074675061,1664,102
1763068320834,1763068320932,98,657.1813156168563,6.442954074675061,1665,102
1763068320865,1763068320965,100,657.1813156168563,6.442954074675061,1666,102
1763068320895,1763068320995,100,657.1813156168563,6.442954074675061,1667,102
1763068320927,1763068321027,100,657.1813156168563,6.442954074675061,1668,102
1763068320958,1763068321058,100,657.1813156168563,6.442954074675061,1669,102
1763068320989,1763068321090,101,668.6586898622513,6.5554773515906986,1670,102
1763068321020,1763068321120,100,668.6586898622513,6.5554773515906986,1671,102
1763068321051,1763068321151,100,668.6586898622513,6.5554773515906986,1672,102
1763068321083,1763068321183,100,668.6586898622513,6.5554773515906986,1673,102
1763068321114,1763068321215,101,668.6586898622513,6.5554773515906986,1674,102
1763068321145,1763068321246,101,668.6586898622513,6.5554773515906986,1675,102
1763068321178,1763068321278,100,657.0436584404898,6.441604494514605,1676,102
1763068321209,1763068321309,100,657.0436584404898,6.441604494514605,1677,102
1763068321240,1763068321340,100,657.0436584404898,6.441604494514605,1678,102
1763068321272,1763068321372,100,657.0436584404898,6.441604494514605,1679,102
1763068321303,1763068321403,100,657.0436584404898,6.441604494514605,1680,102
1763068321334,1763068321434,100,657.0436584404898,6.441604494514605,1681,102
1763068321366,1763068321466,100,657.0436584404898,6.441604494514605,1682,102
1763068321397,1763068321497,100,668.6057957770704,6.55495878212814,1683,102
1763068321428,1763068321529,101,668.6057957770704,6.55495878212814,1684,102
1763068321459,1763068321561,102,668.6057957770704,6.55495878212814,1685,102
1763068321491,1763068321593,102,668.6057957770704,6.55495878212814,1686,102
1763068321523,1763068321624,101,668.6057957770704,6.55495878212814,1687,102
1763068321555,1763068321656,101,668.6057957770704,6.55495878212814,1688,102
1763068321586,1763068321687,101,657.001607642771,6.441192231791871,1689,102
1763068321618,1763068321718,100,657.001607642771,6.441192231791871,1690,102
1763068321649,1763068321749,100,657.001607642771,6.441192231791871,1691,102
1763068321680,1763068321781,101,657.001607642771,6.441192231791871,1692,102
1763068321711,1763068321813,102,657.001607642771,6.441192231791871,1693,102
1763068321743,1763068321844,101,657.001607642771,6.441192231791871,1694,102
1763068321775,1763068321876,101,657.001607642771,6.441192231791871,1695,102
1763068321807,1763068321907,100,668.686278076003,6.555747824274538,1696,102
1763068321838,1763068321938,100,668.686278076003,6.555747824274538,1697,102
1763068321869,1763068321970,101,668.686278076003,6.555747824274538,1698,102
1763068321900,1763068322001,101,668.686278076003,6.555747824274538,1699,102
1763068321932,1763068322034,102,668.686278076003,6.555747824274538,1700,102
1763068321964,1763068322064,100,668.686278076003,6.555747824274538,1701,102
1763068321995,1763068322096,101,657.0655910704223,6.4418195202982576,1702,102
1763068322027,1763068322128,101,657.0655910704223,6.4418195202982576,1703,102
1763068322059,1763068322159,100,657.0655910704223,6.4418195202982576,1704,102
1763068322090,1763068322191,101,657.0655910704223,6.4418195202982576,1705,102
1763068322122,1763068322223,101,657.0655910704223,6.4418195202982576,1706,102
1763068322154,1763068322255,101,657.0655910704223,6.4418195202982576,1707,102
1763068322185,1763068322287,102,657.0655910704223,6.4418195202982576,1708,102
1763068322217,1763068322319,102,668.8510137188449,6.557362879596519,1709,102
1763068322249,1763068322351,102,668.8510137188449,6.557362879596519,1710,102
1763068322282,1763068322383,101,668.8510137188449,6.557362879596519,1711,102
1763068322313,1763068322414,101,668.8510137188449,6.557362879596519,1712,102
1763068322345,1763068322446,101,668.8510137188449,6.557362879596519,1713,102
1763068322377,1763068322477,100,668.8510137188449,6.557362879596519,1714,102
1763068322408,1763068322507,99,657.2534069202005,6.443660852158829,1715,102
1763068322439,1763068322539,100,657.2534069202005,6.443660852158829,1716,102
1763068322470,1763068322571,101,657.2534069202005,6.443660852158829,1717,102
1763068322501,1763068322603,102,657.2534069202005,6.443660852158829,1718,102
1763068322533,1763068322634,101,657.2534069202005,6.443660852158829,1719,102
1763068322565,1763068322665,100,657.2534069202005,6.443660852158829,1720,102
1763068322597,1763068322696,99,657.2534069202005,6.443660852158829,1721,102
1763068322627,1763068322727,100,668.8297119084796,6.557154038318428,1722,102
1763068322659,1763068322758,99,668.8297119084796,6.557154038318428,1723,102
1763068322690,1763068322790,100,668.8297119084796,6.557154038318428,1724,102
1763068322722,1763068322821,99,668.8297119084796,6.557154038318428,1725,102
1763068322752,1763068322853,101,668.8297119084796,6.557154038318428,1726,102
1763068322784,1763068322884,100,668.8297119084796,6.557154038318428,1727,102
1763068322815,1763068322916,101,657.1796209672412,6.44293746046315,1728,102
1763068322847,1763068322947,100,657.1796209672412,6.44293746046315,1729,102
1763068322878,1763068322978,100,657.1796209672412,6.44293746046315,1730,102
1763068322910,1763068323010,100,657.1796209672412,6.44293746046315,1731,102
1763068322941,1763068323041,100,657.1796209672412,6.44293746046315,1732,102
1763068322972,1763068323073,101,657.1796209672412,6.44293746046315,1733,102
1763068323004,1763068323104,100,657.1796209672412,6.44293746046315,1734,102
1763068323035,1763068323135,100,668.7141579108912,6.55602115598913,1735,102
1763068323067,1763068323166,99,668.7141579108912,6.55602115598913,1736,102
1763068323098,1763068323196,98,668.7141579108912,6.55602115598913,1737,102
1763068323128,1763068323228,100,668.7141579108912,6.55602115598913,1738,102
1763068323159,1763068323260,101,668.7141579108912,6.55602115598913,1739,102
1763068323190,1763068323291,101,668.7141579108912,6.55602115598913,1740,102
1763068323222,1763068323322,100,657.2011838549803,6.443148861323337,1741,102
1763068323253,1763068323353,100,657.2011838549803,6.443148861323337,1742,102
1763068323284,1763068323383,99,657.2011838549803,6.443148861323337,1743,102
1763068323316,1763068323415,99,657.2011838549803,6.443148861323337,1744,102
1763068323347,1763068323446,99,657.2011838549803,6.443148861323337,1745,102
1763068323378,1763068323478,100,657.2011838549803,6.443148861323337,1746,102
1763068323409,1763068323510,101,657.2011838549803,6.443148861323337,1747,102
1763068323441,1763068323541,100,668.7313435324193,6.5561896424747,1748,102
1763068323472,1763068323572,100,668.7313435324193,6.5561896424747,1749,102
1763068323503,1763068323603,100,668.7313435324193,6.5561896424747,1750,102
1763068323535,1763068323635,100,668.7313435324193,6.5561896424747,1751,102
1763068323566,1763068323666,100,668.7313435324193,6.5561896424747,1752,102
1763068323598,1763068323698,100,668.7313435324193,6.5561896424747,1753,102
1763068323629,1763068323730,101,657.1014181082733,6.442170765767386,1754,102
1763068323660,1763068323761,101,657.1014181082733,6.442170765767386,1755,102
1763068323692,1763068323793,101,657.1014181082733,6.442170765767386,1756,102
1763068323724,1763068323824,100,657.1014181082733,6.442170765767386,1757,102
1763068323756,1763068323855,99,657.1014181082733,6.442170765767386,1758,102
1763068323787,1763068323886,99,657.1014181082733,6.442170765767386,1759,102
1763068323818,1763068323918,100,657.1014181082733,6.442170765767386,1760,102
1763068323849,1763068323949,100,668.6518302322938,6.555410100316607,1761,102
1763068323881,1763068323980,99,668.6518302322938,6.555410100316607,1762,102
1763068323912,1763068324012,100,668.6518302322938,6.555410100316607,1763,102
1763068323943,1763068324043,100,668.6518302322938,6.555410100316607,1764,102
1763068323974,1763068324075,101,668.6518302322938,6.555410100316607,1765,102
1763068324005,1763068324106,101,668.6518302322938,6.555410100316607,1766,102
1763068324038,1763068324137,99,657.1515086951382,6.442661849952335,1767,102
1763068324068,1763068324168,100,657.1515086951382,6.442661849952335,1768,102
1763068324100,1763068324198,98,657.1515086951382,6.442661849952335,1769,102
1763068324130,1763068324230,100,657.1515086951382,6.442661849952335,1770,102
1763068324161,1763068324261,100,657.1515086951382,6.442661849952335,1771,102
1763068324192,1763068324292,100,657.1515086951382,6.442661849952335,1772,102
1763068324224,1763068324324,100,657.1515086951382,6.442661849952335,1773,102
1763068324255,1763068324354,99,668.6349039387203,6.555244156261963,1774,102
1763068324286,1763068324385,99,668.6349039387203,6.555244156261963,1775,102
1763068324317,1763068324415,98,668.6349039387203,6.555244156261963,1776,102
1763068324348,1763068324446,98,668.6349039387203,6.555244156261963,1777,102
1763068324378,1763068324478,100,668.6349039387203,6.555244156261963,1778,102
1763068324409,1763068324509,100,668.6349039387203,6.555244156261963,1779,102
1763068324441,1763068324540,99,657.1946533430988,6.443084836697047,1780,102
1763068324473,1763068324572,99,657.1946533430988,6.443084836697047,1781,102
1763068324503,1763068324604,101,657.1946533430988,6.443084836697047,1782,102
1763068324535,1763068324634,99,657.1946533430988,6.443084836697047,1783,102
1763068324566,1763068324665,99,657.1946533430988,6.443084836697047,1784,102
1763068324597,1763068324697,100,657.1946533430988,6.443084836697047,1785,102
1763068324628,1763068324728,100,657.1946533430988,6.443084836697047,1786,102
1763068324659,1763068324760,101,668.7829440611067,6.556695530010849,1787,102
1763068324691,1763068324792,101,668.7829440611067,6.556695530010849,1788,102
1763068324722,1763068324823,101,668.7829440611067,6.556695530010849,1789,102
1763068324754,1763068324854,100,668.7829440611067,6.556695530010849,1790,102
1763068324785,1763068324885,100,668.7829440611067,6.556695530010849,1791,102
1763068324817,1763068324916,99,668.7829440611067,6.556695530010849,1792,102
1763068324848,1763068324948,100,657.1992234726409,6.4431296418886355,1793,102
1763068324879,1763068324980,101,657.1992234726409,6.4431296418886355,1794,102
1763068324910,1763068325011,101,657.1992234726409,6.4431296418886355,1795,102
1763068324942,1763068325042,100,657.1992234726409,6.4431296418886355,1796,102
1763068324974,1763068325072,98,657.1992234726409,6.4431296418886355,1797,102
1763068325004,1763068325104,100,657.1992234726409,6.4431296418886355,1798,102
1763068325035,1763068325134,99,657.1992234726409,6.4431296418886355,1799,102
1763068325066,1763068325165,99,668.6161795546401,6.55506058386902,1800,102
1763068325097,1763068325196,99,668.6161795546401,6.55506058386902,1801,102
1763068325128,1763068325228,100,668.6161795546401,6.55506058386902,1802,102
1763068325159,1763068325260,101,668.6161795546401,6.55506058386902,1803,102
1763068325190,1763068325290,100,668.6161795546401,6.55506058386902,1804,102
1763068325221,1763068325321,100,668.6161795546401,6.55506058386902,1805,102
1763068325253,1763068325353,100,657.1230951050482,6.442383285343609,1806,102
1763068325284,1763068325384,100,657.1230951050482,6.442383285343609,1807,102
1763068325315,1763068325415,100,657.1230951050482,6.442383285343609,1808,102
1763068325347,1763068325446,99,657.1230951050482,6.442383285343609,1809,102
1763068325377,1763068325478,101,657.1230951050482,6.442383285343609,1810,102
1763068325409,1763068325509,100,657.1230951050482,6.442383285343609,1811,102
1763068325439,1763068325541,102,657.1230951050482,6.442383285343609,1812,102
1763068325472,1763068325572,100,668.7259837036183,6.556137095133512,1813,102
1763068325502,1763068325604,102,668.7259837036183,6.556137095133512,1814,102
1763068325534,1763068325636,102,668.7259837036183,6.556137095133512,1815,102
1763068325567,1763068325666,99,668.7259837036183,6.556137095133512,1816,102
1763068325598,1763068325697,99,668.7259837036183,6.556137095133512,1817,102
1763068325629,1763068325730,101,668.7259837036183,6.556137095133512,1818,102
1763068325660,1763068325761,101,657.0971570443766,6.442128990631142,1819,102
1763068325691,1763068325792,101,657.0971570443766,6.442128990631142,1820,102
1763068325723,1763068325823,100,657.0971570443766,6.442128990631142,1821,102
1763068325755,1763068325855,100,657.0971570443766,6.442128990631142,1822,102
1763068325787,1763068325886,99,657.0971570443766,6.442128990631142,1823,102
1763068325817,1763068325917,100,657.0971570443766,6.442128990631142,1824,102
1763068325849,1763068325948,99,657.0971570443766,6.442128990631142,1825,102
1763068325880,1763068325979,99,668.5915313214125,6.554818934523651,1826,102
1763068325911,1763068326010,99,668.5915313214125,6.554818934523651,1827,102
1763068325941,1763068326042,101,668.5915313214125,6.554818934523651,1828,102
1763068325972,1763068326072,100,668.5915313214125,6.554818934523651,1829,102
1763068326005,1763068326103,98,668.5915313214125,6.554818934523651,1830,102
1763068326035,1763068326135,100,668.5915313214125,6.554818934523651,1831,102
1763068326066,1763068326166,100,657.1034504631658,6.44219069081535,1832,102
1763068326097,1763068326198,101,657.1034504631658,6.44219069081535,1833,102
1763068326129,1763068326229,100,657.1034504631658,6.44219069081535,1834,102
1763068326160,1763068326260,100,657.1034504631658,6.44219069081535,1835,102
1763068326191,1763068326293,102,657.1034504631658,6.44219069081535,1836,102
1763068326223,1763068326324,101,657.1034504631658,6.44219069081535,1837,102
1763068326255,1763068326355,100,657.1034504631658,6.44219069081535,1838,102
1763068326287,1763068326386,99,668.7103465686799,6.5559837898890185,1839,102
1763068326318,1763068326418,100,668.7103465686799,6.5559837898890185,1840,102
1763068326349,1763068326449,100,668.7103465686799,6.5559837898890185,1841,102
1763068326380,1763068326481,101,668.7103465686799,6.5559837898890185,1842,102
1763068326412,1763068326511,99,668.7103465686799,6.5559837898890185,1843,102
1763068326443,1763068326542,99,668.7103465686799,6.5559837898890185,1844,102
1763068326474,1763068326573,99,657.1981462152379,6.443119080541548,1845,102
1763068326504,1763068326605,101,657.1981462152379,6.443119080541548,1846,102
1763068326535,1763068326635,100,657.1981462152379,6.443119080541548,1847,102
1763068326567,1763068326667,100,657.1981462152379,6.443119080541548,1848,102
1763068326598,1763068326698,100,657.1981462152379,6.443119080541548,1849,102
1763068326629,1763068326729,100,657.1981462152379,6.443119080541548,1850,102
1763068326661,1763068326761,100,657.1981462152379,6.443119080541548,1851,102
1763068326692,1763068326791,99,668.6721206797598,6.555609026272156,1852,102
1763068326723,1763068326823,100,668.6721206797598,6.555609026272156,1853,102
1763068326754,1763068326854,100,668.6721206797598,6.555609026272156,1854,102
1763068326785,1763068326885,100,668.6721206797598,6.555609026272156,1855,102
1763068326817,1763068326917,100,668.6721206797598,6.555609026272156,1856,102
1763068326848,1763068326948,100,668.6721206797598,6.555609026272156,1857,102
1763068326879,1763068326978,99,657.1676801817686,6.442820393938908,1858,102
1763068326911,1763068327010,99,657.1676801817686,6.442820393938908,1859,102
1763068326941,1763068327041,100,657.1676801817686,6.442820393938908,1860,102
1763068326972,1763068327073,101,657.1676801817686,6.442820393938908,1861,102
1763068327004,1763068327105,101,657.1676801817686,6.442820393938908,1862,102
1763068327035,1763068327137,102,657.1676801817686,6.442820393938908,1863,102
1763068327067,1763068327168,101,657.1676801817686,6.442820393938908,1864,102
1763068327100,1763068327201,101,668.818305744506,6.5570422131814325,1865,102
1763068327131,1763068327230,99,668.818305744506,6.5570422131814325,1866,102
1763068327162,1763068327261,99,668.818305744506,6.5570422131814325,1867,102
1763068327192,1763068327292,100,668.818305744506,6.5570422131814325,1868,102
1763068327224,1763068327323,99,668.818305744506,6.5570422131814325,1869,102
1763068327255,1763068327355,100,668.818305744506,6.5570422131814325,1870,102
1763068327286,1763068327387,101,657.2273713726267,6.443405601692421,1871,102
1763068327318,1763068327419,101,657.2273713726267,6.443405601692421,1872,102
1763068327349,1763068327449,100,657.2273713726267,6.443405601692421,1873,102
1763068327381,1763068327480,99,657.2273713726267,6.443405601692421,1874,102
1763068327411,1763068327512,101,657.2273713726267,6.443405601692421,1875,102
1763068327443,1763068327542,99,657.2273713726267,6.443405601692421,1876,102
1763068327474,1763068327574,100,657.2273713726267,6.443405601692421,1877,102
1763068327505,1763068327605,100,668.6954423553561,6.555837670150551,1878,102
1763068327537,1763068327635,98,668.6954423553561,6.555837670150551,1879,102
1763068327568,1763068327667,99,668.6954423553561,6.555837670150551,1880,102
1763068327598,1763068327698,100,668.6954423553561,6.555837670150551,1881,102
1763068327629,1763068327729,100,668.6954423553561,6.555837670150551,1882,102
1763068327661,1763068327760,99,668.6954423553561,6.555837670150551,1883,102
1763068327691,1763068327791,100,657.1862675572188,6.443002623109989,1884,102
1763068327723,1763068327823,100,657.1862675572188,6.443002623109989,1885,102
1763068327754,1763068327854,100,657.1862675572188,6.443002623109989,1886,102
1763068327786,1763068327886,100,657.1862675572188,6.443002623109989,1887,102
1763068327817,1763068327917,100,657.1862675572188,6.443002623109989,1888,102
1763068327848,1763068327949,101,657.1862675572188,6.443002623109989,1889,102
1763068327880,1763068327981,101,657.1862675572188,6.443002623109989,1890,102
1763068327911,1763068328012,101,668.833082707989,6.557187085372441,1891,102
1763068327943,1763068328044,101,668.833082707989,6.557187085372441,1892,102
1763068327976,1763068328075,99,668.833082707989,6.557187085372441,1893,102
1763068328007,1763068328107,100,668.833082707989,6.557187085372441,1894,102
1763068328038,1763068328138,100,668.833082707989,6.557187085372441,1895,102
1763068328069,1763068328169,100,668.833082707989,6.557187085372441,1896,102
1763068328100,1763068328201,101,657.2959669182673,6.444078107041836,1897,102
1763068328132,1763068328232,100,657.2959669182673,6.444078107041836,1898,102
1763068328163,1763068328264,101,657.2959669182673,6.444078107041836,1899,102
1763068328194,1763068328296,102,657.2959669182673,6.444078107041836,1900,102
1763068328226,1763068328328,102,657.2959669182673,6.444078107041836,1901,102
1763068328258,1763068328359,101,657.2959669182673,6.444078107041836,1902,102
1763068328290,1763068328391,101,657.2959669182673,6.444078107041836,1903,102
1763068328322,1763068328423,101,669.0337017661859,6.559153938884176,1904,102
1763068328353,1763068328454,101,669.0337017661859,6.559153938884176,1905,102
1763068328385,1763068328486,101,669.0337017661859,6.559153938884176,1906,102
1763068328417,1763068328518,101,669.0337017661859,6.559153938884176,1907,102
1763068328448,1763068328550,102,669.0337017661859,6.559153938884176,1908,102
1763068328480,1763068328582,102,669.0337017661859,6.559153938884176,1909,102
1763068328512,1763068328612,100,657.2847592023517,6.443968227474036,1910,102
1763068328544,1763068328644,100,657.2847592023517,6.443968227474036,1911,102
1763068328576,1763068328676,100,657.2847592023517,6.443968227474036,1912,102
1763068328607,1763068328707,100,657.2847592023517,6.443968227474036,1913,102
1763068328638,1763068328739,101,657.2847592023517,6.443968227474036,1914,102
1763068328670,1763068328770,100,657.2847592023517,6.443968227474036,1915,102
1763068328701,1763068328800,99,657.2847592023517,6.443968227474036,1916,102
1763068328732,1763068328832,100,668.7412378434766,6.55628664552428,1917,102
1763068328763,1763068328863,100,668.7412378434766,6.55628664552428,1918,102
1763068328793,1763068328896,103,668.7412378434766,6.55628664552428,1919,102
1763068328825,1763068328927,102,668.7412378434766,6.55628664552428,1920,102
1763068328857,1763068328959,102,668.7412378434766,6.55628664552428,1921,102
1763068328889,1763068328989,100,668.7412378434766,6.55628664552428,1922,102
1763068328920,1763068329021,101,657.0525428477204,6.441691596546279,1923,102
1763068328951,1763068329053,102,657.0525428477204,6.441691596546279,1924,102
1763068328983,1763068329085,102,657.0525428477204,6.441691596546279,1925,102
1763068329015,1763068329117,102,657.0525428477204,6.441691596546279,1926,102
1763068329047,1763068329148,101,657.0525428477204,6.441691596546279,1927,102
1763068329079,1763068329179,100,657.0525428477204,6.441691596546279,1928,102
1763068329110,1763068329210,100,657.0525428477204,6.441691596546279,1929,102
1763068329141,1763068329242,101,668.6698241067854,6.555586510850838,1930,102
1763068329172,1763068329273,101,668.6698241067854,6.555586510850838,1931,102
1763068329204,1763068329303,99,668.6698241067854,6.555586510850838,1932,102
1763068329235,1763068329335,100,668.6698241067854,6.555586510850838,1933,102
1763068329266,1763068329367,101,668.6698241067854,6.555586510850838,1934,102
1763068329297,1763068329399,102,668.6698241067854,6.555586510850838,1935,102
1763068329328,1763068329432,104,656.9958403407876,6.441135689615566,1936,102
1763068329360,1763068329463,103,656.9958403407876,6.441135689615566,1937,102
1763068329393,1763068329495,102,656.9958403407876,6.441135689615566,1938,102
1763068329425,1763068329526,101,656.9958403407876,6.441135689615566,1939,102
1763068329457,1763068329558,101,656.9958403407876,6.441135689615566,1940,102
1763068329488,1763068329589,101,656.9958403407876,6.441135689615566,1941,102
1763068329520,1763068329621,101,656.9958403407876,6.441135689615566,1942,102
1763068329551,1763068329652,101,668.624688911267,6.55514400893399,1943,102
1763068329583,1763068329683,100,668.624688911267,6.55514400893399,1944,102
1763068329613,1763068329714,101,668.624688911267,6.55514400893399,1945,102
1763068329645,1763068329745,100,668.624688911267,6.55514400893399,1946,102
1763068329676,1763068329776,100,668.624688911267,6.55514400893399,1947,102
1763068329707,1763068329809,102,668.624688911267,6.55514400893399,1948,102
1763068329739,1763068329839,100,657.0732523733685,6.441894631111456,1949,102
1763068329770,1763068329871,101,657.0732523733685,6.441894631111456,1950,102
1763068329802,1763068329902,100,657.0732523733685,6.441894631111456,1951,102
1763068329833,1763068329933,100,657.0732523733685,6.441894631111456,1952,102
1763068329864,1763068329964,100,657.0732523733685,6.441894631111456,1953,102
1763068329895,1763068329996,101,657.0732523733685,6.441894631111456,1954,102
1763068329926,1763068330028,102,657.0732523733685,6.441894631111456,1955,102
1763068329958,1763068330060,102,668.743235636828,6.556306231733608,1956,102
1763068329990,1763068330091,101,668.743235636828,6.556306231733608,1957,102
1763068330022,1763068330122,100,668.743235636828,6.556306231733608,1958,102
1763068330053,1763068330154,101,668.743235636828,6.556306231733608,1959,102
1763068330084,1763068330187,103,668.743235636828,6.556306231733608,1960,102
1763068330116,1763068330218,102,668.743235636828,6.556306231733608,1961,102
1763068330148,1763068330249,101,657.2243588025519,6.443376066691685,1962,102
1763068330180,1763068330279,99,657.2243588025519,6.443376066691685,1963,102
1763068330211,1763068330311,100,657.2243588025519,6.443376066691685,1964,102
1763068330241,1763068330342,101,657.2243588025519,6.443376066691685,1965,102
1763068330273,1763068330373,100,657.2243588025519,6.443376066691685,1966,102
1763068330304,1763068330405,101,657.2243588025519,6.443376066691685,1967,102
1763068330335,1763068330436,101,657.2243588025519,6.443376066691685,1968,102
1763068330367,1763068330467,100,668.7498139656338,6.556370725153273,1969,102
1763068330398,1763068330498,100,668.7498139656338,6.556370725153273,1970,102
1763068330429,1763068330529,100,668.7498139656338,6.556370725153273,1971,102
1763068330460,1763068330561,101,668.7498139656338,6.556370725153273,1972,102
1763068330491,1763068330592,101,668.7498139656338,6.556370725153273,1973,102
1763068330523,1763068330622,99,668.7498139656338,6.556370725153273,1974,102
1763068330554,1763068330653,99,657.2296017306102,6.443427467947158,1975,102
1763068330585,1763068330684,99,657.2296017306102,6.443427467947158,1976,102
1763068330616,1763068330715,99,657.2296017306102,6.443427467947158,1977,102
1763068330647,1763068330747,100,657.2296017306102,6.443427467947158,1978,102
1763068330678,1763068330778,100,657.2296017306102,6.443427467947158,1979,102
1763068330709,1763068330811,102,657.2296017306102,6.443427467947158,1980,102
1763068330740,1763068330842,102,657.2296017306102,6.443427467947158,1981,102
1763068330772,1763068330873,101,668.8107629775657,6.5569682644859375,1982,102
1763068330804,1763068330904,100,668.8107629775657,6.5569682644859375,1983,102
1763068330835,1763068330935,100,668.8107629775657,6.5569682644859375,1984,102
1763068330866,1763068330966,100,668.8107629775657,6.5569682644859375,1985,102
1763068330897,1763068330998,101,668.8107629775657,6.5569682644859375,1986,102
1763068330928,1763068331029,101,668.8107629775657,6.5569682644859375,1987,102
1763068330959,1763068331061,102,657.2781780931199,6.443903706795292,1988,102
1763068330991,1763068331093,102,657.2781780931199,6.443903706795292,1989,102
1763068331023,1763068331124,101,657.2781780931199,6.443903706795292,1990,102
1763068331055,1763068331155,100,657.2781780931199,6.443903706795292,1991,102
1763068331086,1763068331187,101,657.2781780931199,6.443903706795292,1992,102
1763068331118,1763068331218,100,657.2781780931199,6.443903706795292,1993,102
1763068331149,1763068331249,100,657.2781780931199,6.443903706795292,1994,102
1763068331180,1763068331280,100,668.7927079402166,6.556791254315848,1995,102
1763068331211,1763068331312,101,668.7927079402166,6.556791254315848,1996,102
1763068331242,1763068331342,100,668.7927079402166,6.556791254315848,1997,102
1763068331273,1763068331374,101,668.7927079402166,6.556791254315848,1998,102
1763068331305,1763068331406,101,668.7927079402166,6.556791254315848,1999,102
1763068331336,1763068331435,99,668.7927079402166,6.556791254315848,2000,102
1763068331367,1763068331468,101,657.2069955204124,6.443205838435415,2001,102
1763068331398,1763068331499,101,657.2069955204124,6.443205838435415,2002,102
1763068331429,1763068331530,101,657.2069955204124,6.443205838435415,2003,102
1763068331461,1763068331560,99,657.2069955204124,6.443205838435415,2004,102
1763068331491,1763068331592,101,657.2069955204124,6.443205838435415,2005,102
1763068331522,1763068331623,101,657.2069955204124,6.443205838435415,2006,102
1763068331553,1763068331654,101,657.2069955204124,6.443205838435415,2007,102
1763068331585,1763068331686,101,668.7359754297687,6.556235053233026,2008,102
1763068331616,1763068331717,101,668.7359754297687,6.556235053233026,2009,102
1763068331648,1763068331749,101,668.7359754297687,6.556235053233026,2010,102
1763068331680,1763068331780,100,668.7359754297687,6.556235053233026,2011,102
1763068331711,1763068331811,100,668.7359754297687,6.556235053233026,2012,102
1763068331741,1763068331843,102,668.7359754297687,6.556235053233026,2013,102
1763068331773,1763068331873,100,657.2753083929554,6.443875572479954,2014,102
1763068331805,1763068331904,99,657.2753083929554,6.443875572479954,2015,102
1763068331835,1763068331935,100,657.2753083929554,6.443875572479954,2016,102
1763068331866,1763068331966,100,657.2753083929554,6.443875572479954,2017,102
1763068331897,1763068331997,100,657.2753083929554,6.443875572479954,2018,102
1763068331928,1763068332029,101,657.2753083929554,6.443875572479954,2019,102
1763068331959,1763068332061,102,657.2753083929554,6.443875572479954,2020,102
1763068331991,1763068332092,101,668.7904207891854,6.556768831266524,2021,102
1763068332023,1763068332123,100,668.7904207891854,6.556768831266524,2022,102
1763068332054,1763068332153,99,668.7904207891854,6.556768831266524,2023,102
1763068332085,1763068332185,100,668.7904207891854,6.556768831266524,2024,102
1763068332115,1763068332217,102,668.7904207891854,6.556768831266524,2025,102
1763068332147,1763068332247,100,668.7904207891854,6.556768831266524,2026,102
1763068332178,1763068332279,101,657.31875578977,6.444301527350686,2027,102
1763068332209,1763068332310,101,657.31875578977,6.444301527350686,2028,102
1763068332240,1763068332341,101,657.31875578977,6.444301527350686,2029,102
1763068332271,1763068332372,101,657.31875578977,6.444301527350686,2030,102
1763068332303,1763068332403,100,657.31875578977,6.444301527350686,2031,102
1763068332334,1763068332437,103,657.31875578977,6.444301527350686,2032,102
1763068332366,1763068332465,99,657.31875578977,6.444301527350686,2033,102
1763068332396,1763068332497,101,668.8250483644466,6.557108317298497,2034,102
1763068332426,1763068332529,103,668.8250483644466,6.557108317298497,2035,102
1763068332458,1763068332559,101,668.8250483644466,6.557108317298497,2036,102
1763068332490,1763068332591,101,668.8250483644466,6.557108317298497,2037,102
1763068332521,1763068332624,103,668.8250483644466,6.557108317298497,2038,102
1763068332552,1763068332653,101,668.8250483644466,6.557108317298497,2039,102
1763068332585,1763068332685,100,657.2327384980995,6.443458220569604,2040,102
1763068332615,1763068332717,102,657.2327384980995,6.443458220569604,2041,102
1763068332646,1763068332748,102,657.2327384980995,6.443458220569604,2042,102
1763068332679,1763068332780,101,657.2327384980995,6.443458220569604,2043,102
1763068332709,1763068332811,102,657.2327384980995,6.443458220569604,2044,102
1763068332742,1763068332842,100,657.2327384980995,6.443458220569604,2045,102
1763068332772,1763068332872,100,657.2327384980995,6.443458220569604,2046,102
1763068332805,1763068332903,98,668.7564925829853,6.556436201793974,2047,102
1763068332835,1763068332936,101,668.7564925829853,6.556436201793974,2048,102
1763068332866,1763068332967,101,668.7564925829853,6.556436201793974,2049,102
1763068332897,1763068332999,102,668.7564925829853,6.556436201793974,2050,102
1763068332929,1763068333031,102,668.7564925829853,6.556436201793974,2051,102
1763068332960,1763068333063,103,668.7564925829853,6.556436201793974,2052,102
1763068332992,1763068333095,103,657.0078986183073,6.441253908022621,2053,102
1763068333024,1763068333127,103,657.0078986183073,6.441253908022621,2054,102
1763068333056,1763068333157,101,657.0078986183073,6.441253908022621,2055,102
1763068333088,1763068333188,100,657.0078986183073,6.441253908022621,2056,102
1763068333120,1763068333220,100,657.0078986183073,6.441253908022621,2057,102
1763068333150,1763068333251,101,657.0078986183073,6.441253908022621,2058,102
1763068333182,1763068333280,98,657.0078986183073,6.441253908022621,2059,102
1763068333213,1763068333312,99,668.5203030974093,6.5541206186020515,2060,102
1763068333243,1763068333343,100,668.5203030974093,6.5541206186020515,2061,102
1763068333274,1763068333374,100,668.5203030974093,6.5541206186020515,2062,102
1763068333306,1763068333405,99,668.5203030974093,6.5541206186020515,2063,102
1763068333336,1763068333436,100,668.5203030974093,6.5541206186020515,2064,102
1763068333367,1763068333468,101,668.5203030974093,6.5541206186020515,2065,102
1763068333398,1763068333498,100,657.15972217483,6.442742374263039,2066,102
1763068333429,1763068333529,100,657.15972217483,6.442742374263039,2067,102
1763068333461,1763068333560,99,657.15972217483,6.442742374263039,2068,102
1763068333492,1763068333592,100,657.15972217483,6.442742374263039,2069,102
1763068333521,1763068333624,103,657.15972217483,6.442742374263039,2070,102
1763068333554,1763068333655,101,657.15972217483,6.442742374263039,2071,102
1763068333586,1763068333687,101,657.15972217483,6.442742374263039,2072,102
1763068333616,1763068333719,103,668.8119791289898,6.556980187539116,2073,102
1763068333649,1763068333751,102,668.8119791289898,6.556980187539116,2074,102
1763068333681,1763068333783,102,668.8119791289898,6.556980187539116,2075,102
1763068333713,1763068333815,102,668.8119791289898,6.556980187539116,2076,102
1763068333745,1763068333848,103,668.8119791289898,6.556980187539116,2077,102
1763068333777,1763068333879,102,668.8119791289898,6.556980187539116,2078,102
1763068333809,1763068333910,101,656.99508747016,6.44112830853098,2079,102
1763068333840,1763068333942,102,656.99508747016,6.44112830853098,2080,102
1763068333872,1763068333973,101,656.99508747016,6.44112830853098,2081,102
1763068333904,1763068334005,101,656.99508747016,6.44112830853098,2082,102
1763068333935,1763068334037,102,656.99508747016,6.44112830853098,2083,102
1763068333966,1763068334066,100,656.99508747016,6.44112830853098,2084,102
1763068334005,1763068334097,92,656.99508747016,6.44112830853098,2085,102
1763068334029,1763068334128,99,668.5100798011877,6.5540203902077225,2086,102
1763068334059,1763068334160,101,668.5100798011877,6.5540203902077225,2087,102
1763068334090,1763068334192,102,668.5100798011877,6.5540203902077225,2088,102
1763068334122,1763068334224,102,668.5100798011877,6.5540203902077225,2089,102
1763068334154,1763068334255,101,668.5100798011877,6.5540203902077225,2090,102
1763068334185,1763068334286,101,668.5100798011877,6.5540203902077225,2091,102
1763068334216,1763068334317,101,656.9255134419442,6.440446210215139,2092,102
1763068334248,1763068334349,101,656.9255134419442,6.440446210215139,2093,102
1763068334279,1763068334380,101,656.9255134419442,6.440446210215139,2094,102
1763068334311,1763068334412,101,656.9255134419442,6.440446210215139,2095,102
1763068334343,1763068334443,100,656.9255134419442,6.440446210215139,2096,102
1763068334374,1763068334474,100,656.9255134419442,6.440446210215139,2097,102
1763068334405,1763068334505,100,656.9255134419442,6.440446210215139,2098,102
1763068334437,1763068334537,100,668.5687086997875,6.554595183331251,2099,102
1763068334468,1763068334569,101,668.5687086997875,6.554595183331251,2100,102
1763068334498,1763068334601,103,668.5687086997875,6.554595183331251,2101,102
1763068334531,1763068334632,101,668.5687086997875,6.554595183331251,2102,102
1763068334563,1763068334663,100,668.5687086997875,6.554595183331251,2103,102
1763068334595,1763068334695,100,668.5687086997875,6.554595183331251,2104,102
1763068334630,1763068334725,95,657.0286921250308,6.441457765931675,2105,102
1763068334657,1763068334757,100,657.0286921250308,6.441457765931675,2106,102
1763068334688,1763068334788,100,657.0286921250308,6.441457765931675,2107,102
1763068334719,1763068334820,101,657.0286921250308,6.441457765931675,2108,102
1763068334750,1763068334851,101,657.0286921250308,6.441457765931675,2109,102
1763068334782,1763068334881,99,657.0286921250308,6.441457765931675,2110,102
1763068334811,1763068334912,101,657.0286921250308,6.441457765931675,2111,102
1763068334844,1763068334944,100,668.5368963157746,6.554283297213477,2112,102
1763068334873,1763068334974,101,668.5368963157746,6.554283297213477,2113,102
1763068334905,1763068335005,100,668.5368963157746,6.554283297213477,2114,102
1763068334936,1763068335037,101,668.5368963157746,6.554283297213477,2115,102
1763068334968,1763068335068,100,668.5368963157746,6.554283297213477,2116,102
1763068334999,1763068335100,101,668.5368963157746,6.554283297213477,2117,102
1763068335029,1763068335131,102,657.0599063636723,6.441763787879141,2118,102
1763068335062,1763068335163,101,657.0599063636723,6.441763787879141,2119,102
1763068335092,1763068335194,102,657.0599063636723,6.441763787879141,2120,102
1763068335125,1763068335225,100,657.0599063636723,6.441763787879141,2121,102
1763068335157,1763068335257,100,657.0599063636723,6.441763787879141,2122,102
1763068335187,1763068335289,102,657.0599063636723,6.441763787879141,2123,102
1763068335219,1763068335320,101,657.0599063636723,6.441763787879141,2124,102
1763068335251,1763068335351,100,668.7326255591195,6.556202211363917,2125,102
1763068335283,1763068335383,100,668.7326255591195,6.556202211363917,2126,102
1763068335314,1763068335414,100,668.7326255591195,6.556202211363917,2127,102
1763068335345,1763068335445,100,668.7326255591195,6.556202211363917,2128,102
1763068335377,1763068335478,101,668.7326255591195,6.556202211363917,2129,102
1763068335408,1763068335509,101,668.7326255591195,6.556202211363917,2130,102
1763068335439,1763068335540,101,657.1024373194999,6.442180758034314,2131,102
1763068335471,1763068335572,101,657.1024373194999,6.442180758034314,2132,102
1763068335503,1763068335604,101,657.1024373194999,6.442180758034314,2133,102
1763068335534,1763068335634,100,657.1024373194999,6.442180758034314,2134,102
1763068335566,1763068335668,102,657.1024373194999,6.442180758034314,2135,102
1763068335596,1763068335697,101,657.1024373194999,6.442180758034314,2136,102
1763068335628,1763068335728,100,657.1024373194999,6.442180758034314,2137,102
1763068335659,1763068335759,100,668.6526425436415,6.555418064153348,2138,102
1763068335690,1763068335792,102,668.6526425436415,6.555418064153348,2139,102
1763068335721,1763068335823,102,668.6526425436415,6.555418064153348,2140,102
1763068335753,1763068335854,101,668.6526425436415,6.555418064153348,2141,102
1763068335785,1763068335884,99,668.6526425436415,6.555418064153348,2142,102
1763068335816,1763068335916,100,668.6526425436415,6.555418064153348,2143,102
1763068335846,1763068335947,101,657.1521561072823,6.442668197130218,2144,102
1763068335877,1763068335978,101,657.1521561072823,6.442668197130218,2145,102
1763068335909,1763068336008,99,657.1521561072823,6.442668197130218,2146,102
1763068335940,1763068336038,98,657.1521561072823,6.442668197130218,2147,102
1763068335970,1763068336070,100,657.1521561072823,6.442668197130218,2148,102
1763068336000,1763068336101,101,657.1521561072823,6.442668197130218,2149,102
1763068336032,1763068336134,102,657.1521561072823,6.442668197130218,2150,102
1763068336063,1763068336165,102,668.6354205736112,6.555249221309914,2151,102
1763068336095,1763068336196,101,668.6354205736112,6.555249221309914,2152,102
1763068336127,1763068336229,102,668.6354205736112,6.555249221309914,2153,102
1763068336158,1763068336259,101,668.6354205736112,6.555249221309914,2154,102
1763068336190,1763068336291,101,668.6354205736112,6.555249221309914,2155,102
1763068336222,1763068336323,101,668.6354205736112,6.555249221309914,2156,102
1763068336254,1763068336355,101,657.0251593560209,6.441423130941382,2157,102
1763068336284,1763068336384,100,657.0251593560209,6.441423130941382,2158,102
1763068336317,1763068336417,100,657.0251593560209,6.441423130941382,2159,102
1763068336348,1763068336448,100,657.0251593560209,6.441423130941382,2160,102
1763068336378,1763068336479,101,657.0251593560209,6.441423130941382,2161,102
1763068336410,1763068336510,100,657.0251593560209,6.441423130941382,2162,102
1763068336441,1763068336541,100,657.0251593560209,6.441423130941382,2163,102
1763068336473,1763068336573,100,668.6480268473927,6.55537281222934,2164,102
1763068336504,1763068336604,100,668.6480268473927,6.55537281222934,2165,102
1763068336536,1763068336636,100,668.6480268473927,6.55537281222934,2166,102
1763068336567,1763068336667,100,668.6480268473927,6.55537281222934,2167,102
1763068336598,1763068336699,101,668.6480268473927,6.55537281222934,2168,102
1763068336629,1763068336730,101,668.6480268473927,6.55537281222934,2169,102
1763068336661,1763068336761,100,657.0918293705246,6.442076758534554,2170,102
1763068336692,1763068336793,101,657.0918293705246,6.442076758534554,2171,102
1763068336723,1763068336824,101,657.0918293705246,6.442076758534554,2172,102
1763068336755,1763068336855,100,657.0918293705246,6.442076758534554,2173,102
1763068336786,1763068336887,101,657.0918293705246,6.442076758534554,2174,102
1763068336818,1763068336918,100,657.0918293705246,6.442076758534554,2175,102
1763068336849,1763068336950,101,657.0918293705246,6.442076758534554,2176,102
1763068336880,1763068336982,102,668.7010961789375,6.555893099793505,2177,102
1763068336912,1763068337013,101,668.7010961789375,6.555893099793505,2178,102
1763068336943,1763068337044,101,668.7010961789375,6.555893099793505,2179,102
1763068336975,1763068337075,100,668.7010961789375,6.555893099793505,2180,102
1763068337006,1763068337106,100,668.7010961789375,6.555893099793505,2181,102
1763068337037,1763068337137,100,668.7010961789375,6.555893099793505,2182,102
1763068337068,1763068337168,100,657.2474747507921,6.443602693635217,2183,102
1763068337099,1763068337200,101,657.2474747507921,6.443602693635217,2184,102
1763068337130,1763068337232,102,657.2474747507921,6.443602693635217,2185,102
1763068337161,1763068337262,101,657.2474747507921,6.443602693635217,2186,102
1763068337193,1763068337294,101,657.2474747507921,6.443602693635217,2187,102
1763068337225,1763068337326,101,657.2474747507921,6.443602693635217,2188,102
1763068337256,1763068337358,102,657.2474747507921,6.443602693635217,2189,102
1763068337287,1763068337388,101,668.8817424268797,6.557664141439997,2190,102
1763068337319,1763068337420,101,668.8817424268797,6.557664141439997,2191,102
1763068337351,1763068337452,101,668.8817424268797,6.557664141439997,2192,102
1763068337382,1763068337482,100,668.8817424268797,6.557664141439997,2193,102
1763068337414,1763068337514,100,668.8817424268797,6.557664141439997,2194,102
1763068337445,1763068337545,100,668.8817424268797,6.557664141439997,2195,102
1763068337476,1763068337576,100,657.3347487142231,6.444458320727678,2196,102
1763068337507,1763068337607,100,657.3347487142231,6.444458320727678,2197,102
1763068337538,1763068337639,101,657.3347487142231,6.444458320727678,2198,102
1763068337569,1763068337670,101,657.3347487142231,6.444458320727678,2199,102
1763068337601,1763068337701,100,657.3347487142231,6.444458320727678,2200,102
1763068337633,1763068337732,99,657.3347487142231,6.444458320727678,2201,102
1763068337663,1763068337763,100,657.3347487142231,6.444458320727678,2202,102
1763068337695,1763068337796,101,668.78112947395,6.556677739940687,2203,102
1763068337726,1763068337824,98,668.78112947395,6.556677739940687,2204,102
1763068337757,1763068337854,97,668.78112947395,6.556677739940687,2205,102
1763068337790,1763068337885,95,668.78112947395,6.556677739940687,2206,102
1763068337817,1763068337917,100,668.78112947395,6.556677739940687,2207,102
1763068337847,1763068337947,100,668.78112947395,6.556677739940687,2208,102
1763068337878,1763068337978,100,657.4249035791601,6.44534219195255,2209,102
1763068337910,1763068338010,100,657.4249035791601,6.44534219195255,2210,102
1763068337941,1763068338040,99,657.4249035791601,6.44534219195255,2211,102
1763068337971,1763068338072,101,657.4249035791601,6.44534219195255,2212,102
1763068338003,1763068338104,101,657.4249035791601,6.44534219195255,2213,102
1763068338034,1763068338134,100,657.4249035791601,6.44534219195255,2214,102
1763068338065,1763068338166,101,657.4249035791601,6.44534219195255,2215,102
1763068338097,1763068338198,101,668.9662232490114,6.55849238479423,2216,102
1763068338128,1763068338231,103,668.9662232490114,6.55849238479423,2217,102
1763068338160,1763068338262,102,668.9662232490114,6.55849238479423,2218,102
1763068338191,1763068338292,101,668.9662232490114,6.55849238479423,2219,102
1763068338223,1763068338324,101,668.9662232490114,6.55849238479423,2220,102
1763068338254,1763068338356,102,668.9662232490114,6.55849238479423,2221,102
1763068338286,1763068338387,101,657.2311812597151,6.443442953526619,2222,102
1763068338318,1763068338418,100,657.2311812597151,6.443442953526619,2223,102
1763068338349,1763068338450,101,657.2311812597151,6.443442953526619,2224,102
1763068338381,1763068338481,100,657.2311812597151,6.443442953526619,2225,102
1763068338412,1763068338512,100,657.2311812597151,6.443442953526619,2226,102
1763068338443,1763068338543,100,657.2311812597151,6.443442953526619,2227,102
1763068338475,1763068338574,99,657.2311812597151,6.443442953526619,2228,102
1763068338506,1763068338606,100,668.7552514639929,6.556424033960715,2229,102
1763068338536,1763068338638,102,668.7552514639929,6.556424033960715,2230,102
1763068338568,1763068338670,102,668.7552514639929,6.556424033960715,2231,102
1763068338600,1763068338703,103,668.7552514639929,6.556424033960715,2232,102
1763068338632,1763068338733,101,668.7552514639929,6.556424033960715,2233,102
1763068338664,1763068338764,100,668.7552514639929,6.556424033960715,2234,102
1763068338695,1763068338795,100,657.1771801653383,6.442913531032729,2235,102
1763068338727,1763068338827,100,657.1771801653383,6.442913531032729,2236,102
1763068338758,1763068338858,100,657.1771801653383,6.442913531032729,2237,102
1763068338788,1763068338889,101,657.1771801653383,6.442913531032729,2238,102
1763068338820,1763068338920,100,657.1771801653383,6.442913531032729,2239,102
1763068338851,1763068338952,101,657.1771801653383,6.442913531032729,2240,102
1763068338882,1763068338984,102,657.1771801653383,6.442913531032729,2241,102
1763068338913,1763068339016,103,668.8258582314439,6.557116257171019,2242,102
1763068338946,1763068339046,100,668.8258582314439,6.557116257171019,2243,102
1763068338977,1763068339077,100,668.8258582314439,6.557116257171019,2244,102
1763068339008,1763068339108,100,668.8258582314439,6.557116257171019,2245,102
1763068339040,1763068339139,99,668.8258582314439,6.557116257171019,2246,102
1763068339071,1763068339171,100,668.8258582314439,6.557116257171019,2247,102
1763068339102,1763068339208,106,657.3470348686923,6.4445787732224735,2248,102
1763068339133,1763068339233,100,657.3470348686923,6.4445787732224735,2249,102
1763068339165,1763068339263,98,657.3470348686923,6.4445787732224735,2250,102
1763068339195,1763068339295,100,657.3470348686923,6.4445787732224735,2251,102
1763068339226,1763068339327,101,657.3470348686923,6.4445787732224735,2252,102
1763068339257,1763068339358,101,657.3470348686923,6.4445787732224735,2253,102
1763068339289,1763068339389,100,657.3470348686923,6.4445787732224735,2254,102
1763068339320,1763068339420,100,668.7909338252165,6.556773861031534,2255,102
1763068339351,1763068339452,101,668.7909338252165,6.556773861031534,2256,102
1763068339383,1763068339483,100,668.7909338252165,6.556773861031534,2257,102
1763068339414,1763068339514,100,668.7909338252165,6.556773861031534,2258,102
1763068339446,1763068339546,100,668.7909338252165,6.556773861031534,2259,102
1763068339477,1763068339577,100,668.7909338252165,6.556773861031534,2260,102
1763068339508,1763068339610,102,657.1487923910471,6.44263521952007,2261,102
1763068339540,1763068339640,100,657.1487923910471,6.44263521952007,2262,102
1763068339571,1763068339671,100,657.1487923910471,6.44263521952007,2263,102
1763068339602,1763068339701,99,657.1487923910471,6.44263521952007,2264,102
1763068339632,1763068339732,100,657.1487923910471,6.44263521952007,2265,102
1763068339663,1763068339763,100,657.1487923910471,6.44263521952007,2266,102
1763068339694,1763068339793,99,657.1487923910471,6.44263521952007,2267,102
1763068339725,1763068339825,100,668.5758851204466,6.5546655403965355,2268,102
1763068339755,1763068339856,101,668.5758851204466,6.5546655403965355,2269,102
1763068339790,1763068339887,97,668.5758851204466,6.5546655403965355,2270,102
1763068339818,1763068339919,101,668.5758851204466,6.5546655403965355,2271,102
1763068339849,1763068339949,100,668.5758851204466,6.5546655403965355,2272,102
1763068339880,1763068339980,100,668.5758851204466,6.5546655403965355,2273,102
1763068339912,1763068340011,99,657.2041322112368,6.443177766776832,2274,102
1763068339943,1763068340043,100,657.2041322112368,6.443177766776832,2275,102
1763068339973,1763068340073,100,657.2041322112368,6.443177766776832,2276,102
1763068340004,1763068340104,100,657.2041322112368,6.443177766776832,2277,102
1763068340035,1763068340135,100,657.2041322112368,6.443177766776832,2278,102
1763068340066,1763068340166,100,657.2041322112368,6.443177766776832,2279,102
1763068340097,1763068340197,100,657.2041322112368,6.443177766776832,2280,102
1763068340128,1763068340230,102,668.676897504567,6.555655857887912,2281,102
1763068340160,1763068340260,100,668.676897504567,6.555655857887912,2282,102
1763068340190,1763068340292,102,668.676897504567,6.555655857887912,2283,102
1763068340226,1763068340323,97,668.676897504567,6.555655857887912,2284,102
1763068340254,1763068340355,101,668.676897504567,6.555655857887912,2285,102
1763068340286,1763068340387,101,668.676897504567,6.555655857887912,2286,102
1763068340317,1763068340418,101,657.0581335161307,6.44174640702089,2287,102
1763068340349,1763068340449,100,657.0581335161307,6.44174640702089,2288,102
1763068340381,1763068340481,100,657.0581335161307,6.44174640702089,2289,102
1763068340411,1763068340512,101,657.0581335161307,6.44174640702089,2290,102
1763068340443,1763068340545,102,657.0581335161307,6.44174640702089,2291,102
1763068340474,1763068340575,101,657.0581335161307,6.44174640702089,2292,102
1763068340506,1763068340606,100,657.0581335161307,6.44174640702089,2293,102
1763068340538,1763068340637,99,668.6173324123562,6.555071886395649,2294,102
1763068340569,1763068340669,100,668.6173324123562,6.555071886395649,2295,102
1763068340600,1763068340701,101,668.6173324123562,6.555071886395649,2296,102
1763068340631,1763068340733,102,668.6173324123562,6.555071886395649,2297,102
1763068340663,1763068340763,100,668.6173324123562,6.555071886395649,2298,102
1763068340695,1763068340794,99,668.6173324123562,6.555071886395649,2299,102
1763068340727,1763068340826,99,657.0673966002355,6.441837221570937,2300,102
1763068340757,1763068340856,99,657.0673966002355,6.441837221570937,2301,102
1763068340788,1763068340887,99,657.0673966002355,6.441837221570937,2302,102
1763068340818,1763068340919,101,657.0673966002355,6.441837221570937,2303,102
1763068340849,1763068340950,101,657.0673966002355,6.441837221570937,2304,102
1763068340881,1763068340982,101,657.0673966002355,6.441837221570937,2305,102
1763068340913,1763068341013,100,657.0673966002355,6.441837221570937,2306,102
1763068340944,1763068341045,101,668.6816476937875,6.555702428370466,2307,102
1763068340976,1763068341076,100,668.6816476937875,6.555702428370466,2308,102
1763068341006,1763068341107,101,668.6816476937875,6.555702428370466,2309,102
1763068341038,1763068341139,101,668.6816476937875,6.555702428370466,2310,102
1763068341069,1763068341171,102,668.6816476937875,6.555702428370466,2311,102
1763068341101,1763068341201,100,668.6816476937875,6.555702428370466,2312,102
1763068341133,1763068341232,99,657.1752732119486,6.442894835411262,2313,102
1763068341164,1763068341263,99,657.1752732119486,6.442894835411262,2314,102
1763068341195,1763068341294,99,657.1752732119486,6.442894835411262,2315,102
1763068341225,1763068341325,100,657.1752732119486,6.442894835411262,2316,102
1763068341255,1763068341357,102,657.1752732119486,6.442894835411262,2317,102
1763068341287,1763068341387,100,657.1752732119486,6.442894835411262,2318,102
1763068341318,1763068341418,100,657.1752732119486,6.442894835411262,2319,102
1763068341350,1763068341450,100,668.710692749923,6.555987183822776,2320,102
1763068341381,1763068341482,101,668.710692749923,6.555987183822776,2321,102
1763068341412,1763068341513,101,668.710692749923,6.555987183822776,2322,102
1763068341444,1763068341544,100,668.710692749923,6.555987183822776,2323,102
1763068341475,1763068341575,100,668.710692749923,6.555987183822776,2324,102
1763068341507,1763068341606,99,668.710692749923,6.555987183822776,2325,102
1763068341538,1763068341636,98,657.2551328144386,6.443677772690575,2326,102
1763068341568,1763068341669,101,657.2551328144386,6.443677772690575,2327,102
1763068341599,1763068341700,101,657.2551328144386,6.443677772690575,2328,102
1763068341630,1763068341731,101,657.2551328144386,6.443677772690575,2329,102
1763068341662,1763068341763,101,657.2551328144386,6.443677772690575,2330,102
1763068341693,1763068341794,101,657.2551328144386,6.443677772690575,2331,102
1763068341724,1763068341825,101,657.2551328144386,6.443677772690575,2332,102
1763068341756,1763068341856,100,668.8310857202931,6.557167507061697,2333,102
1763068341787,1763068341888,101,668.8310857202931,6.557167507061697,2334,102
1763068341819,1763068341919,100,668.8310857202931,6.557167507061697,2335,102
1763068341850,1763068341952,102,668.8310857202931,6.557167507061697,2336,102
1763068341881,1763068341981,100,668.8310857202931,6.557167507061697,2337,102
1763068341912,1763068342012,100,668.8310857202931,6.557167507061697,2338,102
1763068341943,1763068342044,101,657.2943753190737,6.444062503128173,2339,102
1763068341974,1763068342075,101,657.2943753190737,6.444062503128173,2340,102
1763068342006,1763068342106,100,657.2943753190737,6.444062503128173,2341,102
1763068342037,1763068342138,101,657.2943753190737,6.444062503128173,2342,102
1763068342068,1763068342170,102,657.2943753190737,6.444062503128173,2343,102
1763068342100,1763068342201,101,657.2943753190737,6.444062503128173,2344,102
1763068342132,1763068342232,100,657.2943753190737,6.444062503128173,2345,102
1763068342163,1763068342263,100,668.8056171293017,6.556917814993153,2346,102
1763068342194,1763068342294,100,668.8056171293017,6.556917814993153,2347,102
1763068342225,1763068342325,100,668.8056171293017,6.556917814993153,2348,102
1763068342255,1763068342357,102,668.8056171293017,6.556917814993153,2349,102
1763068342287,1763068342388,101,668.8056171293017,6.556917814993153,2350,102
1763068342318,1763068342418,100,668.8056171293017,6.556917814993153,2351,102
1763068342349,1763068342448,99,657.3308824691827,6.444420416364537,2352,102
1763068342380,1763068342480,100,657.3308824691827,6.444420416364537,2353,102
1763068342411,1763068342512,101,657.3308824691827,6.444420416364537,2354,102
1763068342442,1763068342544,102,657.3308824691827,6.444420416364537,2355,102
1763068342474,1763068342575,101,657.3308824691827,6.444420416364537,2356,102
1763068342506,1763068342606,100,657.3308824691827,6.444420416364537,2357,102
1763068342537,1763068342637,100,657.3308824691827,6.444420416364537,2358,102
1763068342568,1763068342668,100,668.8913824454694,6.557758651426171,2359,102
1763068342599,1763068342699,100,668.8913824454694,6.557758651426171,2360,102
1763068342630,1763068342730,100,668.8913824454694,6.557758651426171,2361,102
1763068342661,1763068342761,100,668.8913824454694,6.557758651426171,2362,102
1763068342692,1763068342792,100,668.8913824454694,6.557758651426171,2363,102
1763068342723,1763068342823,100,668.8913824454694,6.557758651426171,2364,102
1763068342754,1763068342854,100,657.4562145739301,6.445649162489511,2365,102
1763068342784,1763068342886,102,657.4562145739301,6.445649162489511,2366,102
1763068342816,1763068342916,100,657.4562145739301,6.445649162489511,2367,102
1763068342847,1763068342947,100,657.4562145739301,6.445649162489511,2368,102
1763068342878,1763068342977,99,657.4562145739301,6.445649162489511,2369,102
1763068342909,1763068343009,100,657.4562145739301,6.445649162489511,2370,102
1763068342939,1763068343042,103,657.4562145739301,6.445649162489511,2371,102
1763068342971,1763068343072,101,668.8780592299962,6.5576280316666296,2372,102
1763068343002,1763068343103,101,668.8780592299962,6.5576280316666296,2373,102
1763068343034,1763068343133,99,668.8780592299962,6.5576280316666296,2374,102
1763068343064,1763068343165,101,668.8780592299962,6.5576280316666296,2375,102
1763068343095,1763068343197,102,668.8780592299962,6.5576280316666296,2376,102
1763068343127,1763068343227,100,668.8780592299962,6.5576280316666296,2377,102
1763068343160,1763068343259,99,657.388691265537,6.444987169269971,2378,102
1763068343190,1763068343290,100,657.388691265537,6.444987169269971,2379,102
1763068343221,1763068343321,100,657.388691265537,6.444987169269971,2380,102
1763068343251,1763068343353,102,657.388691265537,6.444987169269971,2381,102
1763068343283,1763068343384,101,657.388691265537,6.444987169269971,2382,102
1763068343315,1763068343415,100,657.388691265537,6.444987169269971,2383,102
1763068343346,1763068343448,102,657.388691265537,6.444987169269971,2384,102
1763068343378,1763068343478,100,668.9940095561019,6.5587647995696265,2385,102
1763068343409,1763068343509,100,668.9940095561019,6.5587647995696265,2386,102
1763068343440,1763068343541,101,668.9940095561019,6.5587647995696265,2387,102
1763068343471,1763068343573,102,668.9940095561019,6.5587647995696265,2388,102
1763068343503,1763068343605,102,668.9940095561019,6.5587647995696265,2389,102
1763068343535,1763068343638,103,668.9940095561019,6.5587647995696265,2390,102
1763068343567,1763068343669,102,657.1962495779889,6.4431004860587135,2391,102
1763068343599,1763068343701,102,657.1962495779889,6.4431004860587135,2392,102
1763068343631,1763068343733,102,657.1962495779889,6.4431004860587135,2393,102
1763068343663,1763068343765,102,657.1962495779889,6.4431004860587135,2394,102
1763068343695,1763068343797,102,657.1962495779889,6.4431004860587135,2395,102
1763068343727,1763068343828,101,657.1962495779889,6.4431004860587135,2396,102
1763068343759,1763068343860,101,657.1962495779889,6.4431004860587135,2397,102
1763068343790,1763068343891,101,668.8410184145011,6.557264886416677,2398,102
1763068343821,1763068343921,100,668.8410184145011,6.557264886416677,2399,102
1763068343853,1763068343952,99,668.8410184145011,6.557264886416677,2400,102
1763068343884,1763068343982,98,668.8410184145011,6.557264886416677,2401,102
1763068343915,1763068344013,98,668.8410184145011,6.557264886416677,2402,102
1763068343945,1763068344044,99,668.8410184145011,6.557264886416677,2403,102
1763068343975,1763068344075,100,657.4159737131864,6.4452546442469245,2404,102
1763068344006,1763068344107,101,657.4159737131864,6.4452546442469245,2405,102
1763068344038,1763068344137,99,657.4159737131864,6.4452546442469245,2406,102
1763068344069,1763068344169,100,657.4159737131864,6.4452546442469245,2407,102
1763068344099,1763068344200,101,657.4159737131864,6.4452546442469245,2408,102
1763068344131,1763068344232,101,657.4159737131864,6.4452546442469245,2409,102
1763068344161,1763068344263,102,657.4159737131864,6.4452546442469245,2410,102
1763068344193,1763068344293,100,668.8459470231228,6.557313206109046,2411,102
1763068344224,1763068344325,101,668.8459470231228,6.557313206109046,2412,102
1763068344255,1763068344356,101,668.8459470231228,6.557313206109046,2413,102
1763068344287,1763068344387,100,668.8459470231228,6.557313206109046,2414,102
1763068344317,1763068344419,102,668.8459470231228,6.557313206109046,2415,102
1763068344348,1763068344450,102,668.8459470231228,6.557313206109046,2416,102
1763068344380,1763068344481,101,657.3062197774289,6.4441786252689095,2417,102
1763068344411,1763068344512,101,657.3062197774289,6.4441786252689095,2418,102
1763068344443,1763068344543,100,657.3062197774289,6.4441786252689095,2419,102
1763068344474,1763068344575,101,657.3062197774289,6.4441786252689095,2420,102
1763068344505,1763068344606,101,657.3062197774289,6.4441786252689095,2421,102
1763068344536,1763068344638,102,657.3062197774289,6.4441786252689095,2422,102
1763068344567,1763068344668,101,657.3062197774289,6.4441786252689095,2423,102
1763068344599,1763068344700,101,668.8150571626107,6.5570103643393205,2424,102
1763068344630,1763068344731,101,668.8150571626107,6.5570103643393205,2425,102
1763068344662,1763068344762,100,668.8150571626107,6.5570103643393205,2426,102
1763068344693,1763068344793,100,668.8150571626107,6.5570103643393205,2427,102
1763068344724,1763068344825,101,668.8150571626107,6.5570103643393205,2428,102
1763068344755,1763068344855,100,668.8150571626107,6.5570103643393205,2429,102
1763068344785,1763068344887,102,657.2247855014382,6.4433802500140995,2430,102
1763068344818,1763068344918,100,657.2247855014382,6.4433802500140995,2431,102
1763068344849,1763068344950,101,657.2247855014382,6.4433802500140995,2432,102
1763068344881,1763068344980,99,657.2247855014382,6.4433802500140995,2433,102
1763068344912,1763068345012,100,657.2247855014382,6.4433802500140995,2434,102
1763068344942,1763068345043,101,657.2247855014382,6.4433802500140995,2435,102
1763068344974,1763068345074,100,657.2247855014382,6.4433802500140995,2436,102
1763068345005,1763068345105,100,668.6933788301477,6.555817439511252,2437,102
1763068345036,1763068345136,100,668.6933788301477,6.555817439511252,2438,102
1763068345067,1763068345167,100,668.6933788301477,6.555817439511252,2439,102
1763068345099,1763068345198,99,668.6933788301477,6.555817439511252,2440,102
1763068345129,1763068345229,100,668.6933788301477,6.555817439511252,2441,102
1763068345160,1763068345260,100,668.6933788301477,6.555817439511252,2442,102
1763068345191,1763068345292,101,657.2413163064579,6.443542316729979,2443,102
1763068345222,1763068345323,101,657.2413163064579,6.443542316729979,2444,102
1763068345254,1763068345354,100,657.2413163064579,6.443542316729979,2445,102
1763068345286,1763068345386,100,657.2413163064579,6.443542316729979,2446,102
1763068345317,1763068345417,100,657.2413163064579,6.443542316729979,2447,102
1763068345348,1763068345448,100,657.2413163064579,6.443542316729979,2448,102
1763068345379,1763068345480,101,657.2413163064579,6.443542316729979,2449,102
1763068345411,1763068345511,100,668.8200877799404,6.557059684117063,2450,102
1763068345442,1763068345543,101,668.8200877799404,6.557059684117063,2451,102
1763068345473,1763068345574,101,668.8200877799404,6.557059684117063,2452,102
1763068345505,1763068345605,100,668.8200877799404,6.557059684117063,2453,102
1763068345537,1763068345637,100,668.8200877799404,6.557059684117063,2454,102
1763068345568,1763068345669,101,668.8200877799404,6.557059684117063,2455,102
1763068345598,1763068345701,103,657.1719697850526,6.442862448873065,2456,102
1763068345631,1763068345732,101,657.1719697850526,6.442862448873065,2457,102
1763068345662,1763068345763,101,657.1719697850526,6.442862448873065,2458,102
1763068345694,1763068345795,101,657.1719697850526,6.442862448873065,2459,102
1763068345726,1763068345826,100,657.1719697850526,6.442862448873065,2460,102
1763068345757,1763068345858,101,657.1719697850526,6.442862448873065,2461,102
1763068345788,1763068345889,101,657.1719697850526,6.442862448873065,2462,102
1763068345820,1763068345920,100,668.7080599186869,6.555961371751833,2463,102
1763068345851,1763068345951,100,668.7080599186869,6.555961371751833,2464,102
1763068345882,1763068345982,100,668.7080599186869,6.555961371751833,2465,102
1763068345912,1763068346013,101,668.7080599186869,6.555961371751833,2466,102
1763068345945,1763068346044,99,668.7080599186869,6.555961371751833,2467,102
1763068345976,1763068346074,98,668.7080599186869,6.555961371751833,2468,102
1763068346006,1763068346106,100,657.2530318151122,6.443657174657963,2469,102
1763068346037,1763068346136,99,657.2530318151122,6.443657174657963,2470,102
1763068346068,1763068346168,100,657.2530318151122,6.443657174657963,2471,102
1763068346099,1763068346199,100,657.2530318151122,6.443657174657963,2472,102
1763068346130,1763068346230,100,657.2530318151122,6.443657174657963,2473,102
1763068346161,1763068346262,101,657.2530318151122,6.443657174657963,2474,102
1763068346193,1763068346292,99,657.2530318151122,6.443657174657963,2475,102
1763068346224,1763068346323,99,668.7159193884595,6.5560384253770545,2476,102
1763068346254,1763068346356,102,668.7159193884595,6.5560384253770545,2477,102
1763068346286,1763068346387,101,668.7159193884595,6.5560384253770545,2478,102
1763068346317,1763068346418,101,668.7159193884595,6.5560384253770545,2479,102
1763068346349,1763068346449,100,668.7159193884595,6.5560384253770545,2480,102
1763068346380,1763068346481,101,668.7159193884595,6.5560384253770545,2481,102
1763068346412,1763068346512,100,657.0891559138253,6.442050548174758,2482,102
1763068346443,1763068346544,101,657.0891559138253,6.442050548174758,2483,102
1763068346474,1763068346573,99,657.0891559138253,6.442050548174758,2484,102
1763068346506,1763068346604,98,657.0891559138253,6.442050548174758,2485,102
1763068346536,1763068346635,99,657.0891559138253,6.442050548174758,2486,102
1763068346566,1763068346666,100,657.0891559138253,6.442050548174758,2487,102
1763068346597,1763068346698,101,657.0891559138253,6.442050548174758,2488,102
1763068346629,1763068346730,101,668.5851464192326,6.5547563374434565,2489,102
1763068346660,1763068346761,101,668.5851464192326,6.5547563374434565,2490,102
1763068346692,1763068346792,100,668.5851464192326,6.5547563374434565,2491,102
1763068346723,1763068346824,101,668.5851464192326,6.5547563374434565,2492,102
1763068346754,1763068346855,101,668.5851464192326,6.5547563374434565,2493,102
1763068346786,1763068346886,100,668.5851464192326,6.5547563374434565,2494,102
1763068346817,1763068346917,100,657.0983616961284,6.442140800942435,2495,102
1763068346849,1763068346950,101,657.0983616961284,6.442140800942435,2496,102
1763068346880,1763068346981,101,657.0983616961284,6.442140800942435,2497,102
1763068346911,1763068347011,100,657.0983616961284,6.442140800942435,2498,102
1763068346942,1763068347043,101,657.0983616961284,6.442140800942435,2499,102
1763068346974,1763068347074,100,657.0983616961284,6.442140800942435,2500,102
1763068347005,1763068347105,100,657.0983616961284,6.442140800942435,2501,102
1763068347037,1763068347137,100,668.6493942718143,6.555386218351121,2502,102
1763068347067,1763068347168,101,668.6493942718143,6.555386218351121,2503,102
1763068347098,1763068347199,101,668.6493942718143,6.555386218351121,2504,102
1763068347131,1763068347228,97,668.6493942718143,6.555386218351121,2505,102
1763068347160,1763068347260,100,668.6493942718143,6.555386218351121,2506,102
1763068347191,1763068347291,100,668.6493942718143,6.555386218351121,2507,102
1763068347222,1763068347322,100,657.2062166289079,6.4431982022441945,2508,102
1763068347254,1763068347353,99,657.2062166289079,6.4431982022441945,2509,102
1763068347285,1763068347385,100,657.2062166289079,6.4431982022441945,2510,102
1763068347316,1763068347416,100,657.2062166289079,6.4431982022441945,2511,102
1763068347347,1763068347447,100,657.2062166289079,6.4431982022441945,2512,102
1763068347378,1763068347478,100,657.2062166289079,6.4431982022441945,2513,102
1763068347409,1763068347509,100,657.2062166289079,6.4431982022441945,2514,102
1763068347440,1763068347541,101,668.6785608698685,6.555672165390868,2515,102
1763068347471,1763068347572,101,668.6785608698685,6.555672165390868,2516,102
1763068347502,1763068347604,102,668.6785608698685,6.555672165390868,2517,102
1763068347533,1763068347634,101,668.6785608698685,6.555672165390868,2518,102
1763068347565,1763068347665,100,668.6785608698685,6.555672165390868,2519,102
1763068347596,1763068347697,101,668.6785608698685,6.555672165390868,2520,102
1763068347627,1763068347728,101,657.2294915741551,6.443426387981912,2521,102
1763068347659,1763068347758,99,657.2294915741551,6.443426387981912,2522,102
1763068347690,1763068347790,100,657.2294915741551,6.443426387981912,2523,102
1763068347720,1763068347821,101,657.2294915741551,6.443426387981912,2524,102
1763068347752,1763068347852,100,657.2294915741551,6.443426387981912,2525,102
1763068347782,1763068347883,101,657.2294915741551,6.443426387981912,2526,102
1763068347814,1763068347915,101,657.2294915741551,6.443426387981912,2527,102
1763068347846,1763068347946,100,668.8106752930274,6.556967404833602,2528,102
1763068347877,1763068347977,100,668.8106752930274,6.556967404833602,2529,102
1763068347909,1763068348008,99,668.8106752930274,6.556967404833602,2530,102
1763068347940,1763068348040,100,668.8106752930274,6.556967404833602,2531,102
1763068347970,1763068348071,101,668.8106752930274,6.556967404833602,2532,102
1763068348002,1763068348102,100,668.8106752930274,6.556967404833602,2533,102
1763068348033,1763068348134,101,657.3349188838359,6.444459989057215,2534,102
1763068348064,1763068348165,101,657.3349188838359,6.444459989057215,2535,102
1763068348096,1763068348196,100,657.3349188838359,6.444459989057215,2536,102
1763068348126,1763068348228,102,657.3349188838359,6.444459989057215,2537,102
1763068348158,1763068348259,101,657.3349188838359,6.444459989057215,2538,102
1763068348189,1763068348291,102,657.3349188838359,6.444459989057215,2539,102
1763068348221,1763068348321,100,657.3349188838359,6.444459989057215,2540,102
1763068348253,1763068348351,98,668.8379303504172,6.5572346112786,2541,102
1763068348283,1763068348383,100,668.8379303504172,6.5572346112786,2542,102
1763068348313,1763068348415,102,668.8379303504172,6.5572346112786,2543,102
1763068348345,1763068348445,100,668.8379303504172,6.5572346112786,2544,102
1763068348376,1763068348476,100,668.8379303504172,6.5572346112786,2545,102
1763068348407,1763068348507,100,668.8379303504172,6.5572346112786,2546,102
1763068348438,1763068348539,101,657.3566684196329,6.444673219800323,2547,102
1763068348469,1763068348569,100,657.3566684196329,6.444673219800323,2548,102
1763068348501,1763068348600,99,657.3566684196329,6.444673219800323,2549,102
1763068348531,1763068348632,101,657.3566684196329,6.444673219800323,2550,102
1763068348563,1763068348663,100,657.3566684196329,6.444673219800323,2551,102
1763068348594,1763068348694,100,657.3566684196329,6.444673219800323,2552,102
1763068348625,1763068348726,101,657.3566684196329,6.444673219800323,2553,102
1763068348656,1763068348757,101,668.8552647304474,6.557404556180857,2554,102
1763068348688,1763068348788,100,668.8552647304474,6.557404556180857,2555,102
1763068348719,1763068348819,100,668.8552647304474,6.557404556180857,2556,102
1763068348751,1763068348850,99,668.8552647304474,6.557404556180857,2557,102
1763068348781,1763068348881,100,668.8552647304474,6.557404556180857,2558,102
1763068348812,1763068348912,100,668.8552647304474,6.557404556180857,2559,102
1763068348843,1763068348944,101,657.370501254897,6.4448088358323234,2560,102
1763068348874,1763068348974,100,657.370501254897,6.4448088358323234,2561,102
1763068348905,1763068349005,100,657.370501254897,6.4448088358323234,2562,102
1763068348936,1763068349036,100,657.370501254897,6.4448088358323234,2563,102
1763068348967,1763068349067,100,657.370501254897,6.4448088358323234,2564,102
1763068348998,1763068349100,102,657.370501254897,6.4448088358323234,2565,102
1763068349029,1763068349131,102,657.370501254897,6.4448088358323234,2566,102
1763068349061,1763068349162,101,668.8662895001529,6.557512642158362,2567,102
1763068349093,1763068349193,100,668.8662895001529,6.557512642158362,2568,102
1763068349124,1763068349225,101,668.8662895001529,6.557512642158362,2569,102
1763068349155,1763068349255,100,668.8662895001529,6.557512642158362,2570,102
1763068349186,1763068349286,100,668.8662895001529,6.557512642158362,2571,102
1763068349217,1763068349317,100,668.8662895001529,6.557512642158362,2572,102
1763068349249,1763068349349,100,657.379299021122,6.444895088442373,2573,102
1763068349278,1763068349378,100,657.379299021122,6.444895088442373,2574,102
1763068349310,1763068349410,100,657.379299021122,6.444895088442373,2575,102
1763068349341,1763068349443,102,657.379299021122,6.444895088442373,2576,102
1763068349372,1763068349473,101,657.379299021122,6.444895088442373,2577,102
1763068349404,1763068349505,101,657.379299021122,6.444895088442373,2578,102
1763068349436,1763068349537,101,657.379299021122,6.444895088442373,2579,102
1763068349467,1763068349568,101,668.986542721792,6.558691595311687,2580,102
1763068349498,1763068349599,101,668.986542721792,6.558691595311687,2581,102
1763068349530,1763068349630,100,668.986542721792,6.558691595311687,2582,102
1763068349561,1763068349662,101,668.986542721792,6.558691595311687,2583,102
1763068349593,1763068349693,100,668.986542721792,6.558691595311687,2584,102
1763068349624,1763068349723,99,668.986542721792,6.558691595311687,2585,102
1763068349655,1763068349755,100,657.4752610919901,6.445835893058726,2586,102
1763068349685,1763068349786,101,657.4752610919901,6.445835893058726,2587,102
1763068349717,1763068349818,101,657.4752610919901,6.445835893058726,2588,102
1763068349748,1763068349850,102,657.4752610919901,6.445835893058726,2589,102
1763068349779,1763068349880,101,657.4752610919901,6.445835893058726,2590,102
1763068349812,1763068349911,99,657.4752610919901,6.445835893058726,2591,102
1763068349842,1763068349944,102,657.4752610919901,6.445835893058726,2592,102
1763068349874,1763068349973,99,668.9497830903161,6.558331206767805,2593,102
1763068349905,1763068350004,99,668.9497830903161,6.558331206767805,2594,102
1763068349935,1763068350036,101,668.9497830903161,6.558331206767805,2595,102
1763068349966,1763068350067,101,668.9497830903161,6.558331206767805,2596,102
1763068349997,1763068350098,101,668.9497830903161,6.558331206767805,2597,102
1763068350028,1763068350129,101,668.9497830903161,6.558331206767805,2598,102
1763068350060,1763068350161,101,657.3889771229819,6.44498997179394,2599,102
1763068350091,1763068350192,101,657.3889771229819,6.44498997179394,2600,102
1763068350123,1763068350224,101,657.3889771229819,6.44498997179394,2601,102
1763068350154,1763068350257,103,657.3889771229819,6.44498997179394,2602,102
1763068350186,1763068350287,101,657.3889771229819,6.44498997179394,2603,102
1763068350218,1763068350319,101,657.3889771229819,6.44498997179394,2604,102
1763068350249,1763068350351,102,657.3889771229819,6.44498997179394,2605,102
1763068350281,1763068350382,101,668.9942368127706,6.558767027576183,2606,102
1763068350313,1763068350413,100,668.9942368127706,6.558767027576183,2607,102
1763068350344,1763068350445,101,668.9942368127706,6.558767027576183,2608,102
1763068350375,1763068350476,101,668.9942368127706,6.558767027576183,2609,102
1763068350406,1763068350507,101,668.9942368127706,6.558767027576183,2610,102
1763068350438,1763068350539,101,668.9942368127706,6.558767027576183,2611,102
1763068350469,1763068350570,101,657.3674125029654,6.444778553950641,2612,102
1763068350501,1763068350602,101,657.3674125029654,6.444778553950641,2613,102
1763068350533,1763068350633,100,657.3674125029654,6.444778553950641,2614,102
1763068350564,1763068350664,100,657.3674125029654,6.444778553950641,2615,102
1763068350594,1763068350695,101,657.3674125029654,6.444778553950641,2616,102
1763068350625,1763068350726,101,657.3674125029654,6.444778553950641,2617,102
1763068350657,1763068350758,101,657.3674125029654,6.444778553950641,2618,102
1763068350688,1763068350789,101,668.9204603523605,6.55804372894471,2619,102
1763068350719,1763068350822,103,668.9204603523605,6.55804372894471,2620,102
1763068350752,1763068350852,100,668.9204603523605,6.55804372894471,2621,102
1763068350784,1763068350883,99,668.9204603523605,6.55804372894471,2622,102
1763068350814,1763068350914,100,668.9204603523605,6.55804372894471,2623,102
1763068350845,1763068350946,101,668.9204603523605,6.55804372894471,2624,102
1763068350876,1763068350977,101,657.3656069008313,6.444760851968934,2625,102
1763068350906,1763068351008,102,657.3656069008313,6.444760851968934,2626,102
1763068350939,1763068351039,100,657.3656069008313,6.444760851968934,2627,102
1763068350970,1763068351070,100,657.3656069008313,6.444760851968934,2628,102
1763068351002,1763068351103,101,657.3656069008313,6.444760851968934,2629,102
1763068351033,1763068351135,102,657.3656069008313,6.444760851968934,2630,102
1763068351064,1763068351166,102,657.3656069008313,6.444760851968934,2631,102
1763068351096,1763068351197,101,668.9756574861609,6.558584877315303,2632,102
1763068351128,1763068351229,101,668.9756574861609,6.558584877315303,2633,102
1763068351159,1763068351260,101,668.9756574861609,6.558584877315303,2634,102
1763068351191,1763068351292,101,668.9756574861609,6.558584877315303,2635,102
1763068351222,1763068351324,102,668.9756574861609,6.558584877315303,2636,102
1763068351254,1763068351356,102,668.9756574861609,6.558584877315303,2637,102
1763068351285,1763068351387,102,657.295647701498,6.444074977465665,2638,102
1763068351318,1763068351419,101,657.295647701498,6.444074977465665,2639,102
1763068351350,1763068351451,101,657.295647701498,6.444074977465665,2640,102
1763068351381,1763068351481,100,657.295647701498,6.444074977465665,2641,102
1763068351412,1763068351512,100,657.295647701498,6.444074977465665,2642,102
1763068351443,1763068351544,101,657.295647701498,6.444074977465665,2643,102
1763068351474,1763068351575,101,657.295647701498,6.444074977465665,2644,102
1763068351505,1763068351606,101,668.8633355703923,6.55748368206267,2645,102
1763068351537,1763068351638,101,668.8633355703923,6.55748368206267,2646,102
1763068351568,1763068351669,101,668.8633355703923,6.55748368206267,2647,102
1763068351600,1763068351700,100,668.8633355703923,6.55748368206267,2648,102
1763068351632,1763068351732,100,668.8633355703923,6.55748368206267,2649,102
1763068351662,1763068351764,102,668.8633355703923,6.55748368206267,2650,102
1763068351694,1763068351795,101,657.2063517784619,6.443199527239822,2651,102
1763068351726,1763068351826,100,657.2063517784619,6.443199527239822,2652,102
1763068351757,1763068351859,102,657.2063517784619,6.443199527239822,2653,102
1763068351789,1763068351890,101,657.2063517784619,6.443199527239822,2654,102
1763068351820,1763068351921,101,657.2063517784619,6.443199527239822,2655,102
1763068351852,1763068351953,101,657.2063517784619,6.443199527239822,2656,102
1763068351883,1763068351984,101,657.2063517784619,6.443199527239822,2657,102
1763068351915,1763068352016,101,668.7922560156557,6.556786823682899,2658,102
1763068351946,1763068352048,102,668.7922560156557,6.556786823682899,2659,102
1763068351978,1763068352080,102,668.7922560156557,6.556786823682899,2660,102
1763068352010,1763068352110,100,668.7922560156557,6.556786823682899,2661,102
1763068352041,1763068352143,102,668.7922560156557,6.556786823682899,2662,102
1763068352072,1763068352175,103,668.7922560156557,6.556786823682899,2663,102
1763068352104,1763068352206,102,657.0930512764306,6.442088738004221,2664,102
1763068352136,1763068352237,101,657.0930512764306,6.442088738004221,2665,102
1763068352168,1763068352268,100,657.0930512764306,6.442088738004221,2666,102
1763068352199,1763068352299,100,657.0930512764306,6.442088738004221,2667,102
1763068352230,1763068352330,100,657.0930512764306,6.442088738004221,2668,102
1763068352261,1763068352362,101,657.0930512764306,6.442088738004221,2669,102
1763068352292,1763068352393,101,657.0930512764306,6.442088738004221,2670,102
1763068352324,1763068352424,100,668.6451618673152,6.555344724189364,2671,102
1763068352355,1763068352456,101,668.6451618673152,6.555344724189364,2672,102
1763068352387,1763068352487,100,668.6451618673152,6.555344724189364,2673,102
1763068352418,1763068352517,99,668.6451618673152,6.555344724189364,2674,102
1763068352449,1763068352549,100,668.6451618673152,6.555344724189364,2675,102
1763068352479,1763068352580,101,668.6451618673152,6.555344724189364,2676,102
1763068352511,1763068352611,100,657.2028391701175,6.443165089903113,2677,102
1763068352542,1763068352643,101,657.2028391701175,6.443165089903113,2678,102
1763068352573,1763068352673,100,657.2028391701175,6.443165089903113,2679,102
1763068352604,1763068352704,100,657.2028391701175,6.443165089903113,2680,102
1763068352635,1763068352736,101,657.2028391701175,6.443165089903113,2681,102
1763068352666,1763068352767,101,657.2028391701175,6.443165089903113,2682,102
1763068352697,1763068352799,102,657.2028391701175,6.443165089903113,2683,102
1763068352728,1763068352829,101,668.7326628185837,6.556202576652781,2684,102
1763068352760,1763068352861,101,668.7326628185837,6.556202576652781,2685,102
1763068352791,1763068352893,102,668.7326628185837,6.556202576652781,2686,102
1763068352823,1763068352924,101,668.7326628185837,6.556202576652781,2687,102
1763068352854,1763068352957,103,668.7326628185837,6.556202576652781,2688,102
1763068352885,1763068352987,102,668.7326628185837,6.556202576652781,2689,102
1763068352917,1763068353018,101,657.102466940774,6.442181048438961,2690,102
1763068352949,1763068353050,101,657.102466940774,6.442181048438961,2691,102
1763068352980,1763068353081,101,657.102466940774,6.442181048438961,2692,102
1763068353012,1763068353113,101,657.102466940774,6.442181048438961,2693,102
1763068353043,1763068353145,102,657.102466940774,6.442181048438961,2694,102
1763068353075,1763068353176,101,657.102466940774,6.442181048438961,2695,102
1763068353106,1763068353208,102,657.102466940774,6.442181048438961,2696,102
1763068353138,1763068353239,101,668.7095636848561,6.555976114557413,2697,102
1763068353169,1763068353273,104,668.7095636848561,6.555976114557413,2698,102
1763068353201,1763068353303,102,668.7095636848561,6.555976114557413,2699,102
1763068353232,1763068353334,102,668.7095636848561,6.555976114557413,2700,102
1763068353264,1763068353366,102,668.7095636848561,6.555976114557413,2701,102
1763068353296,1763068353397,101,668.7095636848561,6.555976114557413,2702,102
1763068353328,1763068353429,101,657.0273935657757,6.441445034958585,2703,102
1763068353359,1763068353461,102,657.0273935657757,6.441445034958585,2704,102
1763068353390,1763068353499,109,657.0273935657757,6.441445034958585,2705,102
1763068353422,1763068353525,103,657.0273935657757,6.441445034958585,2706,102
1763068353453,1763068353556,103,657.0273935657757,6.441445034958585,2707,102
1763068353486,1763068353586,100,657.0273935657757,6.441445034958585,2708,102
1763068353519,1763068353616,97,657.0273935657757,6.441445034958585,2709,102
1763068353548,1763068353648,100,668.6498052783575,6.555390247827034,2710,102
1763068353579,1763068353680,101,668.6498052783575,6.555390247827034,2711,102
1763068353610,1763068353712,102,668.6498052783575,6.555390247827034,2712,102
1763068353642,1763068353744,102,668.6498052783575,6.555390247827034,2713,102
1763068353674,1763068353775,101,668.6498052783575,6.555390247827034,2714,102
1763068353706,1763068353806,100,668.6498052783575,6.555390247827034,2715,102
1763068353737,1763068353838,101,657.0365951962942,6.441535247022491,2716,102
1763068353767,1763068353870,103,657.0365951962942,6.441535247022491,2717,102
1763068353800,1763068353901,101,657.0365951962942,6.441535247022491,2718,102
1763068353832,1763068353932,100,657.0365951962942,6.441535247022491,2719,102
1763068353863,1763068353963,100,657.0365951962942,6.441535247022491,2720,102
1763068353893,1763068353994,101,657.0365951962942,6.441535247022491,2721,102
1763068353926,1763068354025,99,657.0365951962942,6.441535247022491,2722,102
1763068353956,1763068354057,101,668.6001663714464,6.554903591876926,2723,102
1763068353988,1763068354089,101,668.6001663714464,6.554903591876926,2724,102
1763068354019,1763068354122,103,668.6001663714464,6.554903591876926,2725,102
1763068354051,1763068354152,101,668.6001663714464,6.554903591876926,2726,102
1763068354082,1763068354184,102,668.6001663714464,6.554903591876926,2727,102
1763068354113,1763068354215,102,668.6001663714464,6.554903591876926,2728,102
1763068354145,1763068354248,103,656.9405320989284,6.440593451950279,2729,102
1763068354176,1763068354279,103,656.9405320989284,6.440593451950279,2730,102
1763068354209,1763068354311,102,656.9405320989284,6.440593451950279,2731,102
1763068354240,1763068354342,102,656.9405320989284,6.440593451950279,2732,102
1763068354273,1763068354373,100,656.9405320989284,6.440593451950279,2733,102
1763068354305,1763068354404,99,656.9405320989284,6.440593451950279,2734,102
1763068354336,1763068354437,101,656.9405320989284,6.440593451950279,2735,102
1763068354367,1763068354469,102,668.6947824865492,6.555831200848521,2736,102
1763068354398,1763068354500,102,668.6947824865492,6.555831200848521,2737,102
1763068354430,1763068354532,102,668.6947824865492,6.555831200848521,2738,102
1763068354462,1763068354564,102,668.6947824865492,6.555831200848521,2739,102
1763068354494,1763068354596,102,668.6947824865492,6.555831200848521,2740,102
1763068354526,1763068354627,101,668.6947824865492,6.555831200848521,2741,102
1763068354558,1763068354659,101,657.0723520768066,6.441885804674574,2742,102
1763068354590,1763068354689,99,657.0723520768066,6.441885804674574,2743,102
1763068354621,1763068354720,99,657.0723520768066,6.441885804674574,2744,102
1763068354651,1763068354753,102,657.0723520768066,6.441885804674574,2745,102
1763068354682,1763068354784,102,657.0723520768066,6.441885804674574,2746,102
1763068354714,1763068354815,101,657.0723520768066,6.441885804674574,2747,102
1763068354746,1763068354847,101,657.0723520768066,6.441885804674574,2748,102
1763068354777,1763068354879,102,668.7425199010613,6.556299214716287,2749,102
1763068354809,1763068354909,100,668.7425199010613,6.556299214716287,2750,102
1763068354840,1763068354941,101,668.7425199010613,6.556299214716287,2751,102
1763068354871,1763068354972,101,668.7425199010613,6.556299214716287,2752,102
1763068354902,1763068355004,102,668.7425199010613,6.556299214716287,2753,102
1763068354933,1763068355035,102,668.7425199010613,6.556299214716287,2754,102
1763068354964,1763068355067,103,657.1670458412448,6.442814174914164,2755,102
1763068354996,1763068355098,102,657.1670458412448,6.442814174914164,2756,102
1763068355028,1763068355130,102,657.1670458412448,6.442814174914164,2757,102
1763068355060,1763068355162,102,657.1670458412448,6.442814174914164,2758,102
1763068355092,1763068355193,101,657.1670458412448,6.442814174914164,2759,102
1763068355123,1763068355225,102,657.1670458412448,6.442814174914164,2760,102
1763068355155,1763068355255,100,657.1670458412448,6.442814174914164,2761,102
1763068355186,1763068355287,101,668.7609684896308,6.5564800832316745,2762,102
1763068355217,1763068355317,100,668.7609684896308,6.5564800832316745,2763,102
1763068355249,1763068355349,100,668.7609684896308,6.5564800832316745,2764,102
1763068355280,1763068355381,101,668.7609684896308,6.5564800832316745,2765,102
1763068355311,1763068355411,100,668.7609684896308,6.5564800832316745,2766,102
1763068355342,1763068355443,101,668.7609684896308,6.5564800832316745,2767,102
1763068355373,1763068355475,102,657.1817309177461,6.442958146252413,2768,102
1763068355405,1763068355505,100,657.1817309177461,6.442958146252413,2769,102
1763068355436,1763068355538,102,657.1817309177461,6.442958146252413,2770,102
1763068355468,1763068355568,100,657.1817309177461,6.442958146252413,2771,102
1763068355499,1763068355600,101,657.1817309177461,6.442958146252413,2772,102
1763068355531,1763068355631,100,657.1817309177461,6.442958146252413,2773,102
1763068355562,1763068355663,101,657.1817309177461,6.442958146252413,2774,102
1763068355594,1763068355694,100,668.7158395414436,6.556037642563173,2775,102
1763068355625,1763068355725,100,668.7158395414436,6.556037642563173,2776,102
1763068355656,1763068355757,101,668.7158395414436,6.556037642563173,2777,102
1763068355688,1763068355788,100,668.7158395414436,6.556037642563173,2778,102
1763068355719,1763068355820,101,668.7158395414436,6.556037642563173,2779,102
1763068355750,1763068355852,102,668.7158395414436,6.556037642563173,2780,102
1763068355782,1763068355883,101,657.0323765959063,6.44149388819516,2781,102
1763068355814,1763068355915,101,657.0323765959063,6.44149388819516,2782,102
1763068355846,1763068355946,100,657.0323765959063,6.44149388819516,2783,102
1763068355877,1763068355979,102,657.0323765959063,6.44149388819516,2784,102
1763068355909,1763068356009,100,657.0323765959063,6.44149388819516,2785,102
1763068355940,1763068356040,100,657.0323765959063,6.44149388819516,2786,102
1763068355972,1763068356072,100,657.0323765959063,6.44149388819516,2787,102
1763068356003,1763068356104,101,668.5968041469373,6.554870628891543,2788,102
1763068356034,1763068356134,100,668.5968041469373,6.554870628891543,2789,102
1763068356065,1763068356165,100,668.5968041469373,6.554870628891543,2790,102
1763068356096,1763068356197,101,668.5968041469373,6.554870628891543,2791,102
1763068356127,1763068356227,100,668.5968041469373,6.554870628891543,2792,102
1763068356158,1763068356259,101,668.5968041469373,6.554870628891543,2793,102
1763068356189,1763068356289,100,657.107652905109,6.44223189122656,2794,102
1763068356220,1763068356321,101,657.107652905109,6.44223189122656,2795,102
1763068356251,1763068356353,102,657.107652905109,6.44223189122656,2796,102
1763068356283,1763068356384,101,657.107652905109,6.44223189122656,2797,102
1763068356315,1763068356414,99,657.107652905109,6.44223189122656,2798,102
1763068356347,1763068356445,98,657.107652905109,6.44223189122656,2799,102
1763068356377,1763068356476,99,657.107652905109,6.44223189122656,2800,102
1763068356407,1763068356507,100,668.5430146711822,6.554343281090021,2801,102
1763068356438,1763068356538,100,668.5430146711822,6.554343281090021,2802,102
1763068356470,1763068356570,100,668.5430146711822,6.554343281090021,2803,102
1763068356501,1763068356601,100,668.5430146711822,6.554343281090021,2804,102
1763068356532,1763068356632,100,668.5430146711822,6.554343281090021,2805,102
1763068356563,1763068356664,101,668.5430146711822,6.554343281090021,2806,102
1763068356594,1763068356695,101,656.9516966635898,6.440702908466567,2807,102
1763068356626,1763068356727,101,656.9516966635898,6.440702908466567,2808,102
1763068356657,1763068356758,101,656.9516966635898,6.440702908466567,2809,102
1763068356689,1763068356788,99,656.9516966635898,6.440702908466567,2810,102
1763068356720,1763068356819,99,656.9516966635898,6.440702908466567,2811,102
1763068356750,1763068356851,101,656.9516966635898,6.440702908466567,2812,102
1763068356782,1763068356882,100,656.9516966635898,6.440702908466567,2813,102
1763068356812,1763068356913,101,668.4184056342083,6.5531216238647865,2814,102
1763068356844,1763068356944,100,668.4184056342083,6.5531216238647865,2815,102
1763068356875,1763068356974,99,668.4184056342083,6.5531216238647865,2816,102
1763068356906,1763068357005,99,668.4184056342083,6.5531216238647865,2817,102
1763068356937,1763068357037,100,668.4184056342083,6.5531216238647865,2818,102
1763068356966,1763068357069,103,668.4184056342083,6.5531216238647865,2819,102
1763068356998,1763068357101,103,656.9090508848298,6.44028481259637,2820,102
1763068357030,1763068357132,102,656.9090508848298,6.44028481259637,2821,102
1763068357062,1763068357163,101,656.9090508848298,6.44028481259637,2822,102
1763068357094,1763068357196,102,656.9090508848298,6.44028481259637,2823,102
1763068357125,1763068357227,102,656.9090508848298,6.44028481259637,2824,102
1763068357156,1763068357258,102,656.9090508848298,6.44028481259637,2825,102
1763068357188,1763068357289,101,656.9090508848298,6.44028481259637,2826,102
1763068357220,1763068357320,100,668.4985135552093,6.553906995639307,2827,102
1763068357251,1763068357351,100,668.4985135552093,6.553906995639307,2828,102
1763068357282,1763068357382,100,668.4985135552093,6.553906995639307,2829,102
1763068357313,1763068357414,101,668.4985135552093,6.553906995639307,2830,102
1763068357345,1763068357446,101,668.4985135552093,6.553906995639307,2831,102
1763068357376,1763068357477,101,668.4985135552093,6.553906995639307,2832,102
1763068357407,1763068357509,102,656.9728167899466,6.440909968528888,2833,102
1763068357438,1763068357540,102,656.9728167899466,6.440909968528888,2834,102
1763068357469,1763068357571,102,656.9728167899466,6.440909968528888,2835,102
1763068357501,1763068357603,102,656.9728167899466,6.440909968528888,2836,102
1763068357533,1763068357635,102,656.9728167899466,6.440909968528888,2837,102
1763068357565,1763068357667,102,656.9728167899466,6.440909968528888,2838,102
1763068357598,1763068357698,100,656.9728167899466,6.440909968528888,2839,102
1763068357629,1763068357730,101,668.7204165312176,6.556082515011937,2840,102
1763068357660,1763068357761,101,668.7204165312176,6.556082515011937,2841,102
1763068357691,1763068357793,102,668.7204165312176,6.556082515011937,2842,102
1763068357723,1763068357825,102,668.7204165312176,6.556082515011937,2843,102
1763068357754,1763068357856,102,668.7204165312176,6.556082515011937,2844,102
1763068357787,1763068357887,100,668.7204165312176,6.556082515011937,2845,102
1763068357818,1763068357917,99,657.1494515588491,6.442641681949502,2846,102
1763068357848,1763068357948,100,657.1494515588491,6.442641681949502,2847,102
1763068357879,1763068357979,100,657.1494515588491,6.442641681949502,2848,102
1763068357911,1763068358012,101,657.1494515588491,6.442641681949502,2849,102
1763068357942,1763068358042,100,657.1494515588491,6.442641681949502,2850,102
1763068357973,1763068358073,100,657.1494515588491,6.442641681949502,2851,102
1763068358004,1763068358105,101,657.1494515588491,6.442641681949502,2852,102
1763068358035,1763068358136,101,668.6332623439616,6.555228062195702,2853,102
1763068358066,1763068358168,102,668.6332623439616,6.555228062195702,2854,102
1763068358098,1763068358199,101,668.6332623439616,6.555228062195702,2855,102
1763068358129,1763068358230,101,668.6332623439616,6.555228062195702,2856,102
1763068358161,1763068358261,100,668.6332623439616,6.555228062195702,2857,102
1763068358192,1763068358292,100,668.6332623439616,6.555228062195702,2858,102
1763068358223,1763068358324,101,657.0800768257934,6.441961537507779,2859,102
1763068358255,1763068358356,101,657.0800768257934,6.441961537507779,2860,102
1763068358286,1763068358387,101,657.0800768257934,6.441961537507779,2861,102
1763068358317,1763068358417,100,657.0800768257934,6.441961537507779,2862,102
1763068358349,1763068358448,99,657.0800768257934,6.441961537507779,2863,102
1763068358379,1763068358479,100,657.0800768257934,6.441961537507779,2864,102
1763068358410,1763068358509,99,657.0800768257934,6.441961537507779,2865,102
1763068358441,1763068358540,99,668.5209813838089,6.554127268468715,2866,102
1763068358471,1763068358571,100,668.5209813838089,6.554127268468715,2867,102
1763068358502,1763068358603,101,668.5209813838089,6.554127268468715,2868,102
1763068358534,1763068358634,100,668.5209813838089,6.554127268468715,2869,102
1763068358565,1763068358666,101,668.5209813838089,6.554127268468715,2870,102
1763068358596,1763068358698,102,668.5209813838089,6.554127268468715,2871,102
1763068358628,1763068358728,100,657.0472221628958,6.441639432969566,2872,102
1763068358659,1763068358760,101,657.0472221628958,6.441639432969566,2873,102
1763068358690,1763068358791,101,657.0472221628958,6.441639432969566,2874,102
1763068358721,1763068358822,101,657.0472221628958,6.441639432969566,2875,102
1763068358753,1763068358853,100,657.0472221628958,6.441639432969566,2876,102
1763068358784,1763068358884,100,657.0472221628958,6.441639432969566,2877,102
1763068358815,1763068358916,101,657.0472221628958,6.441639432969566,2878,102
1763068358846,1763068358946,100,668.6086360638279,6.554986628076744,2879,102
1763068358877,1763068358978,101,668.6086360638279,6.554986628076744,2880,102
1763068358909,1763068359009,100,668.6086360638279,6.554986628076744,2881,102
1763068358940,1763068359040,100,668.6086360638279,6.554986628076744,2882,102
1763068358971,1763068359072,101,668.6086360638279,6.554986628076744,2883,102
1763068359002,1763068359104,102,668.6086360638279,6.554986628076744,2884,102
1763068359034,1763068359136,102,657.060474306807,6.441769355949088,2885,102
1763068359066,1763068359166,100,657.060474306807,6.441769355949088,2886,102
1763068359098,1763068359197,99,657.060474306807,6.441769355949088,2887,102
1763068359128,1763068359230,102,657.060474306807,6.441769355949088,2888,102
1763068359159,1763068359260,101,657.060474306807,6.441769355949088,2889,102
1763068359190,1763068359291,101,657.060474306807,6.441769355949088,2890,102
1763068359222,1763068359322,100,657.060474306807,6.441769355949088,2891,102
1763068359254,1763068359353,99,668.6191980225252,6.555090176691423,2892,102
1763068359285,1763068359386,101,668.6191980225252,6.555090176691423,2893,102
1763068359316,1763068359416,100,668.6191980225252,6.555090176691423,2894,102
1763068359347,1763068359448,101,668.6191980225252,6.555090176691423,2895,102
1763068359379,1763068359479,100,668.6191980225252,6.555090176691423,2896,102
1763068359410,1763068359510,100,668.6191980225252,6.555090176691423,2897,102
1763068359441,1763068359542,101,657.0688816259301,6.441851780646373,2898,102
1763068359472,1763068359573,101,657.0688816259301,6.441851780646373,2899,102
1763068359504,1763068359604,100,657.0688816259301,6.441851780646373,2900,102
1763068359535,1763068359636,101,657.0688816259301,6.441851780646373,2901,102
1763068359567,1763068359668,101,657.0688816259301,6.441851780646373,2902,102
1763068359598,1763068359699,101,657.0688816259301,6.441851780646373,2903,102
1763068359629,1763068359731,102,657.0688816259301,6.441851780646373,2904,102
1763068359661,1763068359762,101,668.6828297742403,6.5557140173945125,2905,102
1763068359693,1763068359794,101,668.6828297742403,6.5557140173945125,2906,102
1763068359725,1763068359824,99,668.6828297742403,6.5557140173945125,2907,102
1763068359756,1763068359856,100,668.6828297742403,6.5557140173945125,2908,102
1763068359787,1763068359887,100,668.6828297742403,6.5557140173945125,2909,102
1763068359817,1763068359919,102,668.6828297742403,6.5557140173945125,2910,102
1763068359849,1763068359950,101,657.062849670521,6.441792643828637,2911,102
1763068359881,1763068359982,101,657.062849670521,6.441792643828637,2912,102
1763068359912,1763068360013,101,657.062849670521,6.441792643828637,2913,102
1763068359944,1763068360044,100,657.062849670521,6.441792643828637,2914,102
1763068359976,1763068360075,99,657.062849670521,6.441792643828637,2915,102
1763068360007,1763068360106,99,657.062849670521,6.441792643828637,2916,102
1763068360037,1763068360138,101,657.062849670521,6.441792643828637,2917,102
1763068360068,1763068360168,100,668.5641540370758,6.554550529775252,2918,102
1763068360099,1763068360199,100,668.5641540370758,6.554550529775252,2919,102
1763068360131,1763068360230,99,668.5641540370758,6.554550529775252,2920,102
1763068360162,1763068360260,98,668.5641540370758,6.554550529775252,2921,102
1763068360192,1763068360292,100,668.5641540370758,6.554550529775252,2922,102
1763068360223,1763068360322,99,668.5641540370758,6.554550529775252,2923,102
1763068360254,1763068360355,101,657.1381949215865,6.442531322760651,2924,102
1763068360286,1763068360387,101,657.1381949215865,6.442531322760651,2925,102
1763068360317,1763068360417,100,657.1381949215865,6.442531322760651,2926,102
1763068360348,1763068360448,100,657.1381949215865,6.442531322760651,2927,102
1763068360380,1763068360479,99,657.1381949215865,6.442531322760651,2928,102
1763068360410,1763068360512,102,657.1381949215865,6.442531322760651,2929,102
1763068360442,1763068360544,102,657.1381949215865,6.442531322760651,2930,102
1763068360473,1763068360575,102,668.7380031575829,6.556254932917478,2931,102
1763068360505,1763068360606,101,668.7380031575829,6.556254932917478,2932,102
1763068360537,1763068360638,101,668.7380031575829,6.556254932917478,2933,102
1763068360568,1763068360670,102,668.7380031575829,6.556254932917478,2934,102
1763068360600,1763068360701,101,668.7380031575829,6.556254932917478,2935,102
1763068360632,1763068360733,101,668.7380031575829,6.556254932917478,2936,102
1763068360664,1763068360764,100,657.1067125102784,6.442222671669395,2937,102
1763068360695,1763068360795,100,657.1067125102784,6.442222671669395,2938,102
1763068360727,1763068360827,100,657.1067125102784,6.442222671669395,2939,102
1763068360757,1763068360858,101,657.1067125102784,6.442222671669395,2940,102
1763068360788,1763068360890,102,657.1067125102784,6.442222671669395,2941,102
1763068360820,1763068360922,102,657.1067125102784,6.442222671669395,2942,102
1763068360852,1763068360954,102,657.1067125102784,6.442222671669395,2943,102
1763068360884,1763068360985,101,668.7698364456713,6.556567023977169,2944,102
1763068360916,1763068361017,101,668.7698364456713,6.556567023977169,2945,102
1763068360947,1763068361049,102,668.7698364456713,6.556567023977169,2946,102
1763068360978,1763068361080,102,668.7698364456713,6.556567023977169,2947,102
1763068361010,1763068361111,101,668.7698364456713,6.556567023977169,2948,102
1763068361041,1763068361142,101,668.7698364456713,6.556567023977169,2949,102
1763068361072,1763068361174,102,657.1320199743087,6.442470784061849,2950,102
1763068361103,1763068361205,102,657.1320199743087,6.442470784061849,2951,102
1763068361135,1763068361237,102,657.1320199743087,6.442470784061849,2952,102
1763068361167,1763068361268,101,657.1320199743087,6.442470784061849,2953,102
1763068361198,1763068361301,103,657.1320199743087,6.442470784061849,2954,102
1763068361229,1763068361331,102,657.1320199743087,6.442470784061849,2955,102
1763068361262,1763068361362,100,657.1320199743087,6.442470784061849,2956,102
1763068361292,1763068361394,102,668.7330878995498,6.556206744113232,2957,102
1763068361324,1763068361425,101,668.7330878995498,6.556206744113232,2958,102
1763068361355,1763068361456,101,668.7330878995498,6.556206744113232,2959,102
1763068361387,1763068361488,101,668.7330878995498,6.556206744113232,2960,102
1763068361420,1763068361521,101,668.7330878995498,6.556206744113232,2961,102
1763068361450,1763068361553,103,668.7330878995498,6.556206744113232,2962,102
1763068361482,1763068361583,101,657.1028048801421,6.442184361570019,2963,102
1763068361514,1763068361614,100,657.1028048801421,6.442184361570019,2964,102
1763068361544,1763068361645,101,657.1028048801421,6.442184361570019,2965,102
1763068361576,1763068361677,101,657.1028048801421,6.442184361570019,2966,102
1763068361607,1763068361707,100,657.1028048801421,6.442184361570019,2967,102
1763068361638,1763068361739,101,657.1028048801421,6.442184361570019,2968,102
1763068361669,1763068361770,101,657.1028048801421,6.442184361570019,2969,102
1763068361700,1763068361802,102,668.6529354894733,6.555420936171306,2970,102
1763068361732,1763068361833,101,668.6529354894733,6.555420936171306,2971,102
1763068361764,1763068361865,101,668.6529354894733,6.555420936171306,2972,102
1763068361795,1763068361897,102,668.6529354894733,6.555420936171306,2973,102
1763068361826,1763068361928,102,668.6529354894733,6.555420936171306,2974,102
1763068361858,1763068361959,101,668.6529354894733,6.555420936171306,2975,102
1763068361890,1763068361990,100,657.0957366496208,6.442115065192359,2976,102
1763068361921,1763068362022,101,657.0957366496208,6.442115065192359,2977,102
1763068361952,1763068362054,102,657.0957366496208,6.442115065192359,2978,102
1763068361984,1763068362085,101,657.0957366496208,6.442115065192359,2979,102
1763068362015,1763068362117,102,657.0957366496208,6.442115065192359,2980,102
1763068362047,1763068362148,101,657.0957366496208,6.442115065192359,2981,102
1763068362079,1763068362181,102,657.0957366496208,6.442115065192359,2982,102
1763068362111,1763068362212,101,668.8749191631493,6.557597246697541,2983,102
1763068362142,1763068362245,103,668.8749191631493,6.557597246697541,2984,102
1763068362174,1763068362277,103,668.8749191631493,6.557597246697541,2985,102
1763068362206,1763068362309,103,668.8749191631493,6.557597246697541,2986,102
1763068362238,1763068362340,102,668.8749191631493,6.557597246697541,2987,102
1763068362270,1763068362372,102,668.8749191631493,6.557597246697541,2988,102
1763068362302,1763068362404,102,657.0449359772143,6.441617019384452,2989,102
1763068362335,1763068362436,101,657.0449359772143,6.441617019384452,2990,102
1763068362366,1763068362469,103,657.0449359772143,6.441617019384452,2991,102
1763068362398,1763068362499,101,657.0449359772143,6.441617019384452,2992,102
1763068362430,1763068362530,100,657.0449359772143,6.441617019384452,2993,102
1763068362462,1763068362562,100,657.0449359772143,6.441617019384452,2994,102
1763068362493,1763068362593,100,657.0449359772143,6.441617019384452,2995,102
1763068362524,1763068362624,100,668.6637690378626,6.555527147430024,2996,102
1763068362555,1763068362656,101,668.6637690378626,6.555527147430024,2997,102
1763068362587,1763068362687,100,668.6637690378626,6.555527147430024,2998,102
1763068362618,1763068362719,101,668.6637690378626,6.555527147430024,2999,102
1763068362649,1763068362750,101,668.6637690378626,6.555527147430024,3000,102
1763068362680,1763068362781,101,668.6637690378626,6.555527147430024,3001,102
1763068362712,1763068362812,100,657.1610239231765,6.442755136501729,3002,102
1763068362742,1763068362843,101,657.1610239231765,6.442755136501729,3003,102
1763068362774,1763068362874,100,657.1610239231765,6.442755136501729,3004,102
1763068362805,1763068362905,100,657.1610239231765,6.442755136501729,3005,102
1763068362836,1763068362936,100,657.1610239231765,6.442755136501729,3006,102
1763068362868,1763068362968,100,657.1610239231765,6.442755136501729,3007,102
1763068362898,1763068362999,101,657.1610239231765,6.442755136501729,3008,102
1763068362930,1763068363030,100,668.6993360667716,6.555875843791878,3009,102
1763068362961,1763068363062,101,668.6993360667716,6.555875843791878,3010,102
1763068362993,1763068363093,100,668.6993360667716,6.555875843791878,3011,102
1763068363024,1763068363125,101,668.6993360667716,6.555875843791878,3012,102
1763068363055,1763068363157,102,668.6993360667716,6.555875843791878,3013,102
1763068363086,1763068363188,102,668.6993360667716,6.555875843791878,3014,102
1763068363118,1763068363219,101,657.0759721730834,6.441921295814542,3015,102
1763068363150,1763068363251,101,657.0759721730834,6.441921295814542,3016,102
1763068363181,1763068363282,101,657.0759721730834,6.441921295814542,3017,102
1763068363213,1763068363315,102,657.0759721730834,6.441921295814542,3018,102
1763068363245,1763068363346,101,657.0759721730834,6.441921295814542,3019,102
1763068363276,1763068363377,101,657.0759721730834,6.441921295814542,3020,102
1763068363308,1763068363409,101,657.0759721730834,6.441921295814542,3021,102
1763068363339,1763068363439,100,668.6884738497744,6.555769351468376,3022,102
1763068363370,1763068363472,102,668.6884738497744,6.555769351468376,3023,102
1763068363402,1763068363503,101,668.6884738497744,6.555769351468376,3024,102
1763068363433,1763068363534,101,668.6884738497744,6.555769351468376,3025,102
1763068363465,1763068363566,101,668.6884738497744,6.555769351468376,3026,102
1763068363496,1763068363597,101,668.6884738497744,6.555769351468376,3027,102
1763068363527,1763068363628,101,657.0673367105707,6.441836634417359,3028,102
1763068363559,1763068363660,101,657.0673367105707,6.441836634417359,3029,102
1763068363591,1763068363691,100,657.0673367105707,6.441836634417359,3030,102
1763068363622,1763068363722,100,657.0673367105707,6.441836634417359,3031,102
1763068363653,1763068363754,101,657.0673367105707,6.441836634417359,3032,102
1763068363684,1763068363785,101,657.0673367105707,6.441836634417359,3033,102
1763068363716,1763068363816,100,657.0673367105707,6.441836634417359,3034,102
1763068363747,1763068363848,101,668.6246673583248,6.5551437976306355,3035,102
1763068363779,1763068363880,101,668.6246673583248,6.5551437976306355,3036,102
1763068363810,1763068363912,102,668.6246673583248,6.5551437976306355,3037,102
1763068363841,1763068363943,102,668.6246673583248,6.5551437976306355,3038,102
1763068363873,1763068363974,101,668.6246673583248,6.5551437976306355,3039,102
1763068363905,1763068364006,101,668.6246673583248,6.5551437976306355,3040,102
1763068363936,1763068364037,101,656.95998588251,6.440784175318725,3041,102
1763068363968,1763068364069,101,656.95998588251,6.440784175318725,3042,102
1763068363999,1763068364100,101,656.95998588251,6.440784175318725,3043,102
1763068364031,1763068364131,100,656.95998588251,6.440784175318725,3044,102
1763068364062,1763068364163,101,656.95998588251,6.440784175318725,3045,102
1763068364093,1763068364194,101,656.95998588251,6.440784175318725,3046,102
1763068364124,1763068364225,101,656.95998588251,6.440784175318725,3047,102
1763068364156,1763068364258,102,668.5961487624779,6.554864203553705,3048,102
1763068364187,1763068364289,102,668.5961487624779,6.554864203553705,3049,102
1763068364219,1763068364320,101,668.5961487624779,6.554864203553705,3050,102
1763068364251,1763068364352,101,668.5961487624779,6.554864203553705,3051,102
1763068364282,1763068364383,101,668.5961487624779,6.554864203553705,3052,102
1763068364313,1763068364415,102,668.5961487624779,6.554864203553705,3053,102
1763068364345,1763068364447,102,657.0505344149324,6.441671906028749,3054,102
1763068364377,1763068364478,101,657.0505344149324,6.441671906028749,3055,102
1763068364408,1763068364509,101,657.0505344149324,6.441671906028749,3056,102
1763068364440,1763068364540,100,657.0505344149324,6.441671906028749,3057,102
1763068364470,1763068364572,102,657.0505344149324,6.441671906028749,3058,102
1763068364502,1763068364603,101,657.0505344149324,6.441671906028749,3059,102
1763068364533,1763068364634,101,657.0505344149324,6.441671906028749,3060,102
1763068364566,1763068364666,100,668.6682253942862,6.555570837198885,3061,102
1763068364596,1763068364697,101,668.6682253942862,6.555570837198885,3062,102
1763068364627,1763068364729,102,668.6682253942862,6.555570837198885,3063,102
1763068364659,1763068364760,101,668.6682253942862,6.555570837198885,3064,102
1763068364691,1763068364791,100,668.6682253942862,6.555570837198885,3065,102
1763068364721,1763068364824,103,668.6682253942862,6.555570837198885,3066,102
1763068364752,1763068364854,102,657.1079074138518,6.442234386410313,3067,102
1763068364785,1763068364887,102,657.1079074138518,6.442234386410313,3068,102
1763068364817,1763068364918,101,657.1079074138518,6.442234386410313,3069,102
1763068364847,1763068364950,103,657.1079074138518,6.442234386410313,3070,102
1763068364879,1763068364983,104,657.1079074138518,6.442234386410313,3071,102
1763068364912,1763068365013,101,657.1079074138518,6.442234386410313,3072,102
1763068364943,1763068365043,100,657.1079074138518,6.442234386410313,3073,102
1763068364975,1763068365075,100,668.7707863940121,6.556576337196199,3074,102
1763068365006,1763068365106,100,668.7707863940121,6.556576337196199,3075,102
1763068365037,1763068365138,101,668.7707863940121,6.556576337196199,3076,102
1763068365068,1763068365169,101,668.7707863940121,6.556576337196199,3077,102
1763068365099,1763068365200,101,668.7707863940121,6.556576337196199,3078,102
1763068365130,1763068365230,100,668.7707863940121,6.556576337196199,3079,102
1763068365162,1763068365260,98,657.2463167560277,6.44359134074537,3080,102
1763068365192,1763068365292,100,657.2463167560277,6.44359134074537,3081,102
1763068365224,1763068365324,100,657.2463167560277,6.44359134074537,3082,102
1763068365255,1763068365355,100,657.2463167560277,6.44359134074537,3083,102
1763068365286,1763068365388,102,657.2463167560277,6.44359134074537,3084,102
1763068365317,1763068365419,102,657.2463167560277,6.44359134074537,3085,102
1763068365349,1763068365450,101,657.2463167560277,6.44359134074537,3086,102
1763068365381,1763068365481,100,668.824068137798,6.5570987072333144,3087,102
1763068365412,1763068365513,101,668.824068137798,6.5570987072333144,3088,102
1763068365443,1763068365545,102,668.824068137798,6.5570987072333144,3089,102
1763068365475,1763068365578,103,668.824068137798,6.5570987072333144,3090,102
1763068365507,1763068365608,101,668.824068137798,6.5570987072333144,3091,102
1763068365538,1763068365639,101,668.824068137798,6.5570987072333144,3092,102
1763068365570,1763068365671,101,657.1751341695494,6.442893472250485,3093,102
1763068365602,1763068365702,100,657.1751341695494,6.442893472250485,3094,102
1763068365633,1763068365734,101,657.1751341695494,6.442893472250485,3095,102
1763068365664,1763068365765,101,657.1751341695494,6.442893472250485,3096,102
1763068365695,1763068365796,101,657.1751341695494,6.442893472250485,3097,102
1763068365727,1763068365828,101,657.1751341695494,6.442893472250485,3098,102
1763068365758,1763068365859,101,657.1751341695494,6.442893472250485,3099,102
1763068365789,1763068365890,101,668.7105819331309,6.555986097383636,3100,102
1763068365820,1763068365920,100,668.7105819331309,6.555986097383636,3101,102
1763068365851,1763068365955,104,668.7105819331309,6.555986097383636,3102,102
1763068365882,1763068365983,101,668.7105819331309,6.555986097383636,3103,102
1763068365913,1763068366014,101,668.7105819331309,6.555986097383636,3104,102
1763068365944,1763068366045,101,668.7105819331309,6.555986097383636,3105,102
1763068365976,1763068366077,101,657.1983338007053,6.443120919614758,3106,102
1763068366007,1763068366108,101,657.1983338007053,6.443120919614758,3107,102
1763068366038,1763068366138,100,657.1983338007053,6.443120919614758,3108,102
1763068366070,1763068366170,100,657.1983338007053,6.443120919614758,3109,102
1763068366102,1763068366202,100,657.1983338007053,6.443120919614758,3110,102
1763068366133,1763068366232,99,657.1983338007053,6.443120919614758,3111,102
1763068366164,1763068366263,99,657.1983338007053,6.443120919614758,3112,102
1763068366195,1763068366295,100,668.7290720391621,6.556167372932962,3113,102
1763068366226,1763068366328,102,668.7290720391621,6.556167372932962,3114,102
1763068366258,1763068366358,100,668.7290720391621,6.556167372932962,3115,102
1763068366289,1763068366390,101,668.7290720391621,6.556167372932962,3116,102
1763068366321,1763068366421,100,668.7290720391621,6.556167372932962,3117,102
1763068366352,1763068366453,101,668.7290720391621,6.556167372932962,3118,102
1763068366383,1763068366484,101,657.0996122711339,6.442153061481705,3119,102
1763068366414,1763068366517,103,657.0996122711339,6.442153061481705,3120,102
1763068366446,1763068366547,101,657.0996122711339,6.442153061481705,3121,102
1763068366478,1763068366578,100,657.0996122711339,6.442153061481705,3122,102
1763068366510,1763068366610,100,657.0996122711339,6.442153061481705,3123,102
1763068366541,1763068366641,100,657.0996122711339,6.442153061481705,3124,102
1763068366572,1763068366673,101,657.0996122711339,6.442153061481705,3125,102
1763068366602,1763068366703,101,668.6503909800937,6.555395990000919,3126,102
1763068366635,1763068366734,99,668.6503909800937,6.555395990000919,3127,102
1763068366665,1763068366765,100,668.6503909800937,6.555395990000919,3128,102
1763068366696,1763068366796,100,668.6503909800937,6.555395990000919,3129,102
1763068366727,1763068366828,101,668.6503909800937,6.555395990000919,3130,102
1763068366758,1763068366858,100,668.6503909800937,6.555395990000919,3131,102
1763068366790,1763068366890,100,657.2070120021148,6.443206000020734,3132,102
1763068366821,1763068366922,101,657.2070120021148,6.443206000020734,3133,102
1763068366852,1763068366953,101,657.2070120021148,6.443206000020734,3134,102
1763068366883,1763068366985,102,657.2070120021148,6.443206000020734,3135,102
1763068366915,1763068367016,101,657.2070120021148,6.443206000020734,3136,102
1763068366947,1763068367047,100,657.2070120021148,6.443206000020734,3137,102
1763068366978,1763068367079,101,657.2070120021148,6.443206000020734,3138,102
1763068367009,1763068367110,101,668.7927815536833,6.556791976016504,3139,102
1763068367040,1763068367141,101,668.7927815536833,6.556791976016504,3140,102
1763068367072,1763068367173,101,668.7927815536833,6.556791976016504,3141,102
1763068367103,1763068367203,100,668.7927815536833,6.556791976016504,3142,102
1763068367134,1763068367234,100,668.7927815536833,6.556791976016504,3143,102
1763068367165,1763068367265,100,668.7927815536833,6.556791976016504,3144,102
1763068367196,1763068367295,99,657.3206396798392,6.44431999686117,3145,102
1763068367227,1763068367328,101,657.3206396798392,6.44431999686117,3146,102
1763068367258,1763068367358,100,657.3206396798392,6.44431999686117,3147,102
1763068367289,1763068367389,100,657.3206396798392,6.44431999686117,3148,102
1763068367320,1763068367420,100,657.3206396798392,6.44431999686117,3149,102
1763068367351,1763068367451,100,657.3206396798392,6.44431999686117,3150,102
1763068367383,1763068367482,99,657.3206396798392,6.44431999686117,3151,102
1763068367413,1763068367513,100,668.7698704645118,6.556567357495213,3152,102
1763068367444,1763068367545,101,668.7698704645118,6.556567357495213,3153,102
1763068367475,1763068367576,101,668.7698704645118,6.556567357495213,3154,102
1763068367507,1763068367608,101,668.7698704645118,6.556567357495213,3155,102
1763068367538,1763068367638,100,668.7698704645118,6.556567357495213,3156,102
1763068367570,1763068367670,100,668.7698704645118,6.556567357495213,3157,102
1763068367600,1763068367701,101,657.2455867602159,6.443584183923685,3158,102
1763068367632,1763068367733,101,657.2455867602159,6.443584183923685,3159,102
1763068367662,1763068367764,102,657.2455867602159,6.443584183923685,3160,102
1763068367694,1763068367795,101,657.2455867602159,6.443584183923685,3161,102
1763068367726,1763068367826,100,657.2455867602159,6.443584183923685,3162,102
1763068367757,1763068367858,101,657.2455867602159,6.443584183923685,3163,102
1763068367788,1763068367890,102,657.2455867602159,6.443584183923685,3164,102
1763068367819,1763068367920,101,668.7667326478921,6.556536594587176,3165,102
1763068367851,1763068367951,100,668.7667326478921,6.556536594587176,3166,102
1763068367882,1763068367983,101,668.7667326478921,6.556536594587176,3167,102
1763068367913,1763068368014,101,668.7667326478921,6.556536594587176,3168,102
1763068367945,1763068368046,101,668.7667326478921,6.556536594587176,3169,102
1763068367976,1763068368077,101,668.7667326478921,6.556536594587176,3170,102
1763068368007,1763068368109,102,657.1863191877221,6.443003129291393,3171,102
1763068368038,1763068368140,102,657.1863191877221,6.443003129291393,3172,102
1763068368071,1763068368171,100,657.1863191877221,6.443003129291393,3173,102
1763068368101,1763068368203,102,657.1863191877221,6.443003129291393,3174,102
1763068368133,1763068368235,102,657.1863191877221,6.443003129291393,3175,102
1763068368165,1763068368265,100,657.1863191877221,6.443003129291393,3176,102
1763068368197,1763068368298,101,657.1863191877221,6.443003129291393,3177,102
1763068368228,1763068368329,101,668.8331237542391,6.557187487786657,3178,102
1763068368259,1763068368361,102,668.8331237542391,6.557187487786657,3179,102
1763068368291,1763068368392,101,668.8331237542391,6.557187487786657,3180,102
1763068368322,1763068368425,103,668.8331237542391,6.557187487786657,3181,102
1763068368354,1763068368457,103,668.8331237542391,6.557187487786657,3182,102
1763068368386,1763068368489,103,668.8331237542391,6.557187487786657,3183,102
1763068368418,1763068368521,103,657.0118340133573,6.441292490327032,3184,102
1763068368450,1763068368553,103,657.0118340133573,6.441292490327032,3185,102
1763068368482,1763068368583,101,657.0118340133573,6.441292490327032,3186,102
1763068368514,1763068368616,102,657.0118340133573,6.441292490327032,3187,102
1763068368545,1763068368648,103,657.0118340133573,6.441292490327032,3188,102
1763068368577,1763068368679,102,657.0118340133573,6.441292490327032,3189,102
1763068368610,1763068368710,100,657.0118340133573,6.441292490327032,3190,102
1763068368641,1763068368742,101,668.694408040619,6.55582752980999,3191,102
1763068368672,1763068368773,101,668.694408040619,6.55582752980999,3192,102
1763068368704,1763068368805,101,668.694408040619,6.55582752980999,3193,102
1763068368735,1763068368835,100,668.694408040619,6.55582752980999,3194,102
1763068368766,1763068368867,101,668.694408040619,6.55582752980999,3195,102
1763068368797,1763068368898,101,668.694408040619,6.55582752980999,3196,102
1763068368829,1763068368929,100,657.1287488003327,6.442438713728753,3197,102
1763068368860,1763068368960,100,657.1287488003327,6.442438713728753,3198,102
1763068368891,1763068368992,101,657.1287488003327,6.442438713728753,3199,102
1763068368923,1763068369023,100,657.1287488003327,6.442438713728753,3200,102
1763068368954,1763068369054,100,657.1287488003327,6.442438713728753,3201,102
1763068368984,1763068369086,102,657.1287488003327,6.442438713728753,3202,102
1763068369016,1763068369117,101,657.1287488003327,6.442438713728753,3203,102
1763068369047,1763068369148,101,668.6167415426655,6.555066093555545,3204,102
1763068369079,1763068369180,101,668.6167415426655,6.555066093555545,3205,102
1763068369110,1763068369211,101,668.6167415426655,6.555066093555545,3206,102
1763068369141,1763068369241,100,668.6167415426655,6.555066093555545,3207,102
1763068369172,1763068369272,100,668.6167415426655,6.555066093555545,3208,102
1763068369203,1763068369304,101,668.6167415426655,6.555066093555545,3209,102
1763068369235,1763068369335,100,657.1801597510471,6.4429427426573245,3210,102
1763068369266,1763068369365,99,657.1801597510471,6.4429427426573245,3211,102
1763068369297,1763068369397,100,657.1801597510471,6.4429427426573245,3212,102
1763068369327,1763068369428,101,657.1801597510471,6.4429427426573245,3213,102
1763068369358,1763068369460,102,657.1801597510471,6.4429427426573245,3214,102
1763068369390,1763068369490,100,657.1801597510471,6.4429427426573245,3215,102
1763068369421,1763068369522,101,657.1801597510471,6.4429427426573245,3216,102
1763068369452,1763068369552,100,668.7145873215845,6.556025365897888,3217,102
1763068369484,1763068369584,100,668.7145873215845,6.556025365897888,3218,102
1763068369514,1763068369615,101,668.7145873215845,6.556025365897888,3219,102
1763068369546,1763068369646,100,668.7145873215845,6.556025365897888,3220,102
1763068369577,1763068369676,99,668.7145873215845,6.556025365897888,3221,102
1763068369607,1763068369708,101,668.7145873215845,6.556025365897888,3222,102
1763068369639,1763068369739,100,657.2582406826244,6.443708241986514,3223,102
1763068369670,1763068369771,101,657.2582406826244,6.443708241986514,3224,102
1763068369701,1763068369802,101,657.2582406826244,6.443708241986514,3225,102
1763068369732,1763068369833,101,657.2582406826244,6.443708241986514,3226,102
1763068369763,1763068369863,100,657.2582406826244,6.443708241986514,3227,102
1763068369795,1763068369895,100,657.2582406826244,6.443708241986514,3228,102
1763068369826,1763068369926,100,657.2582406826244,6.443708241986514,3229,102
1763068369857,1763068369957,100,668.7768178240517,6.556635468863252,3230,102
1763068369888,1763068369989,101,668.7768178240517,6.556635468863252,3231,102
1763068369919,1763068370020,101,668.7768178240517,6.556635468863252,3232,102
1763068369951,1763068370052,101,668.7768178240517,6.556635468863252,3233,102
1763068369982,1763068370082,100,668.7768178240517,6.556635468863252,3234,102
1763068370013,1763068370114,101,668.7768178240517,6.556635468863252,3235,102
1763068370044,1763068370145,101,657.2511238057692,6.443638468684012,3236,102
1763068370076,1763068370176,100,657.2511238057692,6.443638468684012,3237,102
1763068370107,1763068370207,100,657.2511238057692,6.443638468684012,3238,102
1763068370139,1763068370238,99,657.2511238057692,6.443638468684012,3239,102
1763068370169,1763068370270,101,657.2511238057692,6.443638468684012,3240,102
1763068370200,1763068370300,100,657.2511238057692,6.443638468684012,3241,102
1763068370232,1763068370330,98,657.2511238057692,6.443638468684012,3242,102
1763068370262,1763068370361,99,668.6008990446154,6.554910774947209,3243,102
1763068370292,1763068370393,101,668.6008990446154,6.554910774947209,3244,102
1763068370323,1763068370425,102,668.6008990446154,6.554910774947209,3245,102
1763068370354,1763068370456,102,668.6008990446154,6.554910774947209,3246,102
1763068370386,1763068370487,101,668.6008990446154,6.554910774947209,3247,102
1763068370418,1763068370519,101,668.6008990446154,6.554910774947209,3248,102
1763068370449,1763068370550,101,656.9411138414247,6.440599155308084,3249,102
1763068370481,1763068370582,101,656.9411138414247,6.440599155308084,3250,102
1763068370512,1763068370612,100,656.9411138414247,6.440599155308084,3251,102
1763068370544,1763068370644,100,656.9411138414247,6.440599155308084,3252,102
1763068370575,1763068370676,101,656.9411138414247,6.440599155308084,3253,102
1763068370606,1763068370706,100,656.9411138414247,6.440599155308084,3254,102
1763068370638,1763068370737,99,656.9411138414247,6.440599155308084,3255,102
1763068370668,1763068370767,99,668.4099499592983,6.5530387250911595,3256,102
1763068370699,1763068370799,100,668.4099499592983,6.5530387250911595,3257,102
1763068370730,1763068370830,100,668.4099499592983,6.5530387250911595,3258,102
1763068370761,1763068370861,100,668.4099499592983,6.5530387250911595,3259,102
1763068370792,1763068370893,101,668.4099499592983,6.5530387250911595,3260,102
1763068370823,1763068370924,101,668.4099499592983,6.5530387250911595,3261,102
1763068370854,1763068370956,102,656.9587301175608,6.440771863897654,3262,102
1763068370886,1763068370986,100,656.9587301175608,6.440771863897654,3263,102
1763068370917,1763068371017,100,656.9587301175608,6.440771863897654,3264,102
1763068370948,1763068371049,101,656.9587301175608,6.440771863897654,3265,102
1763068370979,1763068371081,102,656.9587301175608,6.440771863897654,3266,102
1763068371011,1763068371112,101,656.9587301175608,6.440771863897654,3267,102
1763068371043,1763068371144,101,656.9587301175608,6.440771863897654,3268,102
1763068371074,1763068371175,101,668.6521904434608,6.5554136317986345,3269,102
1763068371106,1763068371206,100,668.6521904434608,6.5554136317986345,3270,102
1763068371137,1763068371238,101,668.6521904434608,6.5554136317986345,3271,102
1763068371169,1763068371270,101,668.6521904434608,6.5554136317986345,3272,102
1763068371200,1763068371301,101,668.6521904434608,6.5554136317986345,3273,102
1763068371231,1763068371332,101,668.6521904434608,6.5554136317986345,3274,102
1763068371263,1763068371363,100,657.1517957834383,6.4426646645435115,3275,102
1763068371294,1763068371394,100,657.1517957834383,6.4426646645435115,3276,102
1763068371325,1763068371425,100,657.1517957834383,6.4426646645435115,3277,102
1763068371356,1763068371456,100,657.1517957834383,6.4426646645435115,3278,102
1763068371388,1763068371488,100,657.1517957834383,6.4426646645435115,3279,102
1763068371418,1763068371519,101,657.1517957834383,6.4426646645435115,3280,102
1763068371450,1763068371551,101,657.1517957834383,6.4426646645435115,3281,102
1763068371481,1763068371583,102,668.8056776478335,6.556918408312091,3282,102
1763068371513,1763068371615,102,668.8056776478335,6.556918408312091,3283,102
1763068371545,1763068371645,100,668.8056776478335,6.556918408312091,3284,102
1763068371576,1763068371677,101,668.8056776478335,6.556918408312091,3285,102
1763068371608,1763068371708,100,668.8056776478335,6.556918408312091,3286,102
1763068371639,1763068371739,100,668.8056776478335,6.556918408312091,3287,102
1763068371670,1763068371771,101,657.2173194076754,6.443307053016425,3288,102
1763068371701,1763068371803,102,657.2173194076754,6.443307053016425,3289,102
1763068371733,1763068371834,101,657.2173194076754,6.443307053016425,3290,102
1763068371765,1763068371866,101,657.2173194076754,6.443307053016425,3291,102
1763068371796,1763068371898,102,657.2173194076754,6.443307053016425,3292,102
1763068371828,1763068371930,102,657.2173194076754,6.443307053016425,3293,102
1763068371860,1763068371960,100,657.2173194076754,6.443307053016425,3294,102
1763068371891,1763068371991,100,668.8009862485096,6.556872414201075,3295,102
1763068371922,1763068372024,102,668.8009862485096,6.556872414201075,3296,102
1763068371953,1763068372055,102,668.8009862485096,6.556872414201075,3297,102
1763068371985,1763068372086,101,668.8009862485096,6.556872414201075,3298,102
1763068372017,1763068372118,101,668.8009862485096,6.556872414201075,3299,102
1763068372049,1763068372149,100,668.8009862485096,6.556872414201075,3300,102
1763068372080,1763068372179,99,657.2135850538136,6.443270441704056,3301,102
1763068372111,1763068372212,101,657.2135850538136,6.443270441704056,3302,102
1763068372141,1763068372242,101,657.2135850538136,6.443270441704056,3303,102
1763068372173,1763068372271,98,657.2135850538136,6.443270441704056,3304,102
1763068372204,1763068372303,99,657.2135850538136,6.443270441704056,3305,102
1763068372235,1763068372333,98,657.2135850538136,6.443270441704056,3306,102
1763068372265,1763068372364,99,657.2135850538136,6.443270441704056,3307,102
1763068372296,1763068372396,100,668.6844408729432,6.555729812479837,3308,102
1763068372327,1763068372428,101,668.6844408729432,6.555729812479837,3309,102
1763068372359,1763068372459,100,668.6844408729432,6.555729812479837,3310,102
1763068372391,1763068372490,99,668.6844408729432,6.555729812479837,3311,102
1763068372422,1763068372521,99,668.6844408729432,6.555729812479837,3312,102
1763068372452,1763068372553,101,668.6844408729432,6.555729812479837,3313,102
1763068372484,1763068372585,101,657.1208149348628,6.44236093073395,3314,102
1763068372515,1763068372617,102,657.1208149348628,6.44236093073395,3315,102
1763068372547,1763068372649,102,657.1208149348628,6.44236093073395,3316,102
1763068372579,1763068372680,101,657.1208149348628,6.44236093073395,3317,102
1763068372610,1763068372711,101,657.1208149348628,6.44236093073395,3318,102
1763068372642,1763068372742,100,657.1208149348628,6.44236093073395,3319,102
1763068372673,1763068372774,101,657.1208149348628,6.44236093073395,3320,102
1763068372705,1763068372806,101,668.7241686881508,6.556119300864224,3321,102
1763068372736,1763068372837,101,668.7241686881508,6.556119300864224,3322,102
1763068372768,1763068372869,101,668.7241686881508,6.556119300864224,3323,102
1763068372799,1763068372901,102,668.7241686881508,6.556119300864224,3324,102
1763068372831,1763068372932,101,668.7241686881508,6.556119300864224,3325,102
1763068372863,1763068372963,100,668.7241686881508,6.556119300864224,3326,102
1763068372893,1763068372995,102,657.1524382757681,6.442670963487922,3327,102
1763068372925,1763068373025,100,657.1524382757681,6.442670963487922,3328,102
1763068372957,1763068373056,99,657.1524382757681,6.442670963487922,3329,102
1763068372987,1763068373087,100,657.1524382757681,6.442670963487922,3330,102
1763068373019,1763068373119,100,657.1524382757681,6.442670963487922,3331,102
1763068373050,1763068373151,101,657.1524382757681,6.442670963487922,3332,102
1763068373081,1763068373184,103,657.1524382757681,6.442670963487922,3333,102
1763068373113,1763068373215,102,668.8061884292356,6.556923415972898,3334,102
1763068373145,1763068373247,102,668.8061884292356,6.556923415972898,3335,102
1763068373177,1763068373280,103,668.8061884292356,6.556923415972898,3336,102
1763068373208,1763068373311,103,668.8061884292356,6.556923415972898,3337,102
1763068373240,1763068373342,102,668.8061884292356,6.556923415972898,3338,102
1763068373272,1763068373373,101,668.8061884292356,6.556923415972898,3339,102
1763068373304,1763068373405,101,657.1041136128131,6.442197192282481,3340,102
1763068373335,1763068373437,102,657.1041136128131,6.442197192282481,3341,102
1763068373367,1763068373467,100,657.1041136128131,6.442197192282481,3342,102
1763068373399,1763068373499,100,657.1041136128131,6.442197192282481,3343,102
1763068373430,1763068373531,101,657.1041136128131,6.442197192282481,3344,102
1763068373461,1763068373561,100,657.1041136128131,6.442197192282481,3345,102
1763068373492,1763068373592,100,657.1041136128131,6.442197192282481,3346,102
1763068373523,1763068373623,100,668.653978549412,6.555431162249137,3347,102
1763068373554,1763068373655,101,668.653978549412,6.555431162249137,3348,102
1763068373585,1763068373687,102,668.653978549412,6.555431162249137,3349,102
1763068373617,1763068373718,101,668.653978549412,6.555431162249137,3350,102
1763068373648,1763068373747,99,668.653978549412,6.555431162249137,3351,102
1763068373679,1763068373779,100,668.653978549412,6.555431162249137,3352,102
1763068373710,1763068373810,100,657.2098748824308,6.443234067474812,3353,102
1763068373741,1763068373841,100,657.2098748824308,6.443234067474812,3354,102
1763068373772,1763068373873,101,657.2098748824308,6.443234067474812,3355,102
1763068373804,1763068373904,100,657.2098748824308,6.443234067474812,3356,102
1763068373835,1763068373936,101,657.2098748824308,6.443234067474812,3357,102
1763068373866,1763068373967,101,657.2098748824308,6.443234067474812,3358,102
1763068373898,1763068373998,100,657.2098748824308,6.443234067474812,3359,102
1763068373929,1763068374029,100,668.7382702812973,6.556257551777425,3360,102
1763068373960,1763068374060,100,668.7382702812973,6.556257551777425,3361,102
1763068373991,1763068374092,101,668.7382702812973,6.556257551777425,3362,102
1763068374022,1763068374124,102,668.7382702812973,6.556257551777425,3363,102
1763068374054,1763068374156,102,668.7382702812973,6.556257551777425,3364,102
1763068374086,1763068374188,102,668.7382702812973,6.556257551777425,3365,102
1763068374117,1763068374219,102,657.0501866033501,6.441668496111276,3366,102
1763068374149,1763068374250,101,657.0501866033501,6.441668496111276,3367,102
1763068374181,1763068374288,107,657.0501866033501,6.441668496111276,3368,102
1763068374212,1763068374313,101,657.0501866033501,6.441668496111276,3369,102
1763068374244,1763068374344,100,657.0501866033501,6.441668496111276,3370,102
1763068374276,1763068374376,100,657.0501866033501,6.441668496111276,3371,102
1763068374306,1763068374406,100,657.0501866033501,6.441668496111276,3372,102
1763068374338,1763068374439,101,668.61099872287,6.555009791400686,3373,102
1763068374371,1763068374470,99,668.61099872287,6.555009791400686,3374,102
1763068374400,1763068374502,102,668.61099872287,6.555009791400686,3375,102
1763068374431,1763068374533,102,668.61099872287,6.555009791400686,3376,102
1763068374463,1763068374563,100,668.61099872287,6.555009791400686,3377,102
1763068374495,1763068374595,100,668.61099872287,6.555009791400686,3378,102
1763068374527,1763068374626,99,657.0623549834046,6.441787793954946,3379,102
1763068374557,1763068374659,102,657.0623549834046,6.441787793954946,3380,102
1763068374588,1763068374689,101,657.0623549834046,6.441787793954946,3381,102
1763068374619,1763068374721,102,657.0623549834046,6.441787793954946,3382,102
1763068374651,1763068374751,100,657.0623549834046,6.441787793954946,3383,102
1763068374682,1763068374783,101,657.0623549834046,6.441787793954946,3384,102
1763068374712,1763068374815,103,657.0623549834046,6.441787793954946,3385,102
1763068374745,1763068374847,102,668.7345722118066,6.556221296194182,3386,102
1763068374777,1763068374878,101,668.7345722118066,6.556221296194182,3387,102
1763068374808,1763068374909,101,668.7345722118066,6.556221296194182,3388,102
1763068374840,1763068374941,101,668.7345722118066,6.556221296194182,3389,102
1763068374872,1763068374972,100,668.7345722118066,6.556221296194182,3390,102
1763068374905,1763068375003,98,668.7345722118066,6.556221296194182,3391,102
1763068374933,1763068375036,103,657.160719480598,6.442752151770569,3392,102
1763068374966,1763068375067,101,657.160719480598,6.442752151770569,3393,102
1763068374996,1763068375099,103,657.160719480598,6.442752151770569,3394,102
1763068375028,1763068375129,101,657.160719480598,6.442752151770569,3395,102
1763068375061,1763068375160,99,657.160719480598,6.442752151770569,3396,102
1763068375092,1763068375192,100,657.160719480598,6.442752151770569,3397,102
1763068375123,1763068375224,101,657.160719480598,6.442752151770569,3398,102
1763068375154,1763068375255,101,668.755932706556,6.556430712809373,3399,102
1763068375185,1763068375286,101,668.755932706556,6.556430712809373,3400,102
1763068375216,1763068375318,102,668.755932706556,6.556430712809373,3401,102
1763068375248,1763068375350,102,668.755932706556,6.556430712809373,3402,102
1763068375279,1763068375380,101,668.755932706556,6.556430712809373,3403,102
1763068375311,1763068375411,100,668.755932706556,6.556430712809373,3404,102
1763068375342,1763068375442,100,657.1777224344186,6.442918847396261,3405,102
1763068375374,1763068375475,101,657.1777224344186,6.442918847396261,3406,102
1763068375405,1763068375506,101,657.1777224344186,6.442918847396261,3407,102
1763068375436,1763068375538,102,657.1777224344186,6.442918847396261,3408,102
1763068375468,1763068375571,103,657.1777224344186,6.442918847396261,3409,102
1763068375500,1763068375602,102,657.1777224344186,6.442918847396261,3410,102
1763068375532,1763068375633,101,657.1777224344186,6.442918847396261,3411,102
1763068375564,1763068375664,100,668.8831116129284,6.557677564832631,3412,102
1763068375596,1763068375695,99,668.8831116129284,6.557677564832631,3413,102
1763068375627,1763068375727,100,668.8831116129284,6.557677564832631,3414,102
1763068375658,1763068375759,101,668.8831116129284,6.557677564832631,3415,102
1763068375689,1763068375790,101,668.8831116129284,6.557677564832631,3416,102
1763068375720,1763068375821,101,668.8831116129284,6.557677564832631,3417,102
1763068375752,1763068375853,101,657.1651906206652,6.442795986477109,3418,102
1763068375784,1763068375885,101,657.1651906206652,6.442795986477109,3419,102
1763068375816,1763068375916,100,657.1651906206652,6.442795986477109,3420,102
1763068375848,1763068375948,100,657.1651906206652,6.442795986477109,3421,102
1763068375879,1763068375979,100,657.1651906206652,6.442795986477109,3422,102
1763068375910,1763068376010,100,657.1651906206652,6.442795986477109,3423,102
1763068375941,1763068376041,100,657.1651906206652,6.442795986477109,3424,102
1763068375972,1763068376072,100,668.6458221152908,6.555351197208733,3425,102
1763068376003,1763068376104,101,668.6458221152908,6.555351197208733,3426,102
1763068376034,1763068376136,102,668.6458221152908,6.555351197208733,3427,102
1763068376066,1763068376167,101,668.6458221152908,6.555351197208733,3428,102
1763068376098,1763068376199,101,668.6458221152908,6.555351197208733,3429,102
1763068376129,1763068376230,101,668.6458221152908,6.555351197208733,3430,102
1763068376160,1763068376261,101,657.0900744037715,6.442059552978152,3431,102
1763068376191,1763068376291,100,657.0900744037715,6.442059552978152,3432,102
1763068376223,1763068376323,100,657.0900744037715,6.442059552978152,3433,102
1763068376254,1763068376355,101,657.0900744037715,6.442059552978152,3434,102
1763068376285,1763068376387,102,657.0900744037715,6.442059552978152,3435,102
1763068376317,1763068376419,102,657.0900744037715,6.442059552978152,3436,102
1763068376349,1763068376450,101,657.0900744037715,6.442059552978152,3437,102
1763068376382,1763068376481,99,668.7566091509983,6.55643734461763,3438,102
1763068376412,1763068376512,100,668.7566091509983,6.55643734461763,3439,102
1763068376444,1763068376543,99,668.7566091509983,6.55643734461763,3440,102
1763068376475,1763068376575,100,668.7566091509983,6.55643734461763,3441,102
1763068376506,1763068376607,101,668.7566091509983,6.55643734461763,3442,102
1763068376537,1763068376640,103,668.7566091509983,6.55643734461763,3443,102
1763068376569,1763068376669,100,657.1782608841946,6.442924126315634,3444,102
1763068376601,1763068376700,99,657.1782608841946,6.442924126315634,3445,102
1763068376632,1763068376732,100,657.1782608841946,6.442924126315634,3446,102
1763068376663,1763068376761,98,657.1782608841946,6.442924126315634,3447,102
1763068376694,1763068376792,98,657.1782608841946,6.442924126315634,3448,102
1763068376725,1763068376824,99,657.1782608841946,6.442924126315634,3449,102
1763068376756,1763068376856,100,657.1782608841946,6.442924126315634,3450,102
1763068376787,1763068376886,99,668.5994304464715,6.554896376926192,3451,102
1763068376818,1763068376917,99,668.5994304464715,6.554896376926192,3452,102
1763068376849,1763068376949,100,668.5994304464715,6.554896376926192,3453,102
1763068376879,1763068376981,102,668.5994304464715,6.554896376926192,3454,102
1763068376911,1763068377011,100,668.5994304464715,6.554896376926192,3455,102
1763068376942,1763068377042,100,668.5994304464715,6.554896376926192,3456,102
1763068376973,1763068377073,100,657.1663454962843,6.442807308787101,3457,102
1763068377004,1763068377105,101,657.1663454962843,6.442807308787101,3458,102
1763068377035,1763068377135,100,657.1663454962843,6.442807308787101,3459,102
1763068377066,1763068377166,100,657.1663454962843,6.442807308787101,3460,102
1763068377097,1763068377197,100,657.1663454962843,6.442807308787101,3461,102
1763068377128,1763068377228,100,657.1663454962843,6.442807308787101,3462,102
1763068377159,1763068377260,101,657.1663454962843,6.442807308787101,3463,102
1763068377190,1763068377292,102,668.7035773605386,6.55591742510332,3464,102
1763068377222,1763068377323,101,668.7035773605386,6.55591742510332,3465,102
1763068377254,1763068377353,99,668.7035773605386,6.55591742510332,3466,102
1763068377285,1763068377385,100,668.7035773605386,6.55591742510332,3467,102
1763068377315,1763068377417,102,668.7035773605386,6.55591742510332,3468,102
1763068377346,1763068377448,102,668.7035773605386,6.55591742510332,3469,102
1763068377378,1763068377479,101,657.1927511563492,6.443066187807346,3470,102
1763068377410,1763068377510,100,657.1927511563492,6.443066187807346,3471,102
1763068377441,1763068377540,99,657.1927511563492,6.443066187807346,3472,102
1763068377472,1763068377572,100,657.1927511563492,6.443066187807346,3473,102
1763068377503,1763068377603,100,657.1927511563492,6.443066187807346,3474,102
1763068377534,1763068377633,99,657.1927511563492,6.443066187807346,3475,102
1763068377565,1763068377665,100,657.1927511563492,6.443066187807346,3476,102
1763068377596,1763068377696,100,668.611008173923,6.5550098840580695,3477,102
1763068377627,1763068377727,100,668.611008173923,6.5550098840580695,3478,102
1763068377658,1763068377760,102,668.611008173923,6.5550098840580695,3479,102
1763068377690,1763068377791,101,668.611008173923,6.5550098840580695,3480,102
1763068377721,1763068377821,100,668.611008173923,6.5550098840580695,3481,102
1763068377753,1763068377853,100,668.611008173923,6.5550098840580695,3482,102
1763068377783,1763068377883,100,657.1189735146166,6.442342877594282,3483,102
1763068377815,1763068377914,99,657.1189735146166,6.442342877594282,3484,102
1763068377845,1763068377946,101,657.1189735146166,6.442342877594282,3485,102
1763068377876,1763068377977,101,657.1189735146166,6.442342877594282,3486,102
1763068377908,1763068378009,101,657.1189735146166,6.442342877594282,3487,102
1763068377939,1763068378041,102,657.1189735146166,6.442342877594282,3488,102
1763068377970,1763068378072,102,657.1189735146166,6.442342877594282,3489,102
1763068378002,1763068378103,101,668.7227029176348,6.5561049305650485,3490,102
1763068378034,1763068378134,100,668.7227029176348,6.5561049305650485,3491,102
1763068378064,1763068378166,102,668.7227029176348,6.5561049305650485,3492,102
1763068378095,1763068378197,102,668.7227029176348,6.5561049305650485,3493,102
1763068378127,1763068378228,101,668.7227029176348,6.5561049305650485,3494,102
1763068378159,1763068378259,100,668.7227029176348,6.5561049305650485,3495,102
1763068378190,1763068378290,100,657.2079942253549,6.443215629660344,3496,102
1763068378221,1763068378321,100,657.2079942253549,6.443215629660344,3497,102
1763068378252,1763068378353,101,657.2079942253549,6.443215629660344,3498,102
1763068378283,1763068378385,102,657.2079942253549,6.443215629660344,3499,102
1763068378314,1763068378416,102,657.2079942253549,6.443215629660344,3500,102
1763068378346,1763068378448,102,657.2079942253549,6.443215629660344,3501,102
1763068378378,1763068378478,100,657.2079942253549,6.443215629660344,3502,102
1763068378409,1763068378509,100,668.7367713976079,6.556242856839294,3503,102
1763068378440,1763068378540,100,668.7367713976079,6.556242856839294,3504,102
1763068378472,1763068378571,99,668.7367713976079,6.556242856839294,3505,102
1763068378501,1763068378601,100,668.7367713976079,6.556242856839294,3506,102
1763068378533,1763068378634,101,668.7367713976079,6.556242856839294,3507,102
1763068378564,1763068378665,101,668.7367713976079,6.556242856839294,3508,102
1763068378595,1763068378696,101,657.1624700324959,6.442769314044078,3509,102
1763068378627,1763068378728,101,657.1624700324959,6.442769314044078,3510,102
1763068378658,1763068378758,100,657.1624700324959,6.442769314044078,3511,102
1763068378690,1763068378791,101,657.1624700324959,6.442769314044078,3512,102
1763068378721,1763068378821,100,657.1624700324959,6.442769314044078,3513,102
1763068378752,1763068378853,101,657.1624700324959,6.442769314044078,3514,102
1763068378783,1763068378886,103,657.1624700324959,6.442769314044078,3515,102
1763068378816,1763068378917,101,668.8141636758343,6.557001604665042,3516,102
1763068378848,1763068378949,101,668.8141636758343,6.557001604665042,3517,102
1763068378879,1763068378981,102,668.8141636758343,6.557001604665042,3518,102
1763068378911,1763068379012,101,668.8141636758343,6.557001604665042,3519,102
1763068378943,1763068379046,103,668.8141636758343,6.557001604665042,3520,102
1763068378975,1763068379077,102,668.8141636758343,6.557001604665042,3521,102
1763068379008,1763068379108,100,657.1104459586124,6.442259274104043,3522,102
1763068379039,1763068379138,99,657.1104459586124,6.442259274104043,3523,102
1763068379072,1763068379171,99,657.1104459586124,6.442259274104043,3524,102
1763068379101,1763068379203,102,657.1104459586124,6.442259274104043,3525,102
1763068379133,1763068379235,102,657.1104459586124,6.442259274104043,3526,102
1763068379165,1763068379267,102,657.1104459586124,6.442259274104043,3527,102
1763068379196,1763068379299,103,657.1104459586124,6.442259274104043,3528,102
1763068379228,1763068379327,99,668.7728045370969,6.5565961229127145,3529,102
1763068379260,1763068379359,99,668.7728045370969,6.5565961229127145,3530,102
1763068379291,1763068379391,100,668.7728045370969,6.5565961229127145,3531,102
1763068379322,1763068379424,102,668.7728045370969,6.5565961229127145,3532,102
1763068379354,1763068379456,102,668.7728045370969,6.5565961229127145,3533,102
1763068379386,1763068379488,102,668.7728045370969,6.5565961229127145,3534,102
1763068379418,1763068379518,100,657.077606802455,6.441937321592695,3535,102
1763068379450,1763068379550,100,657.077606802455,6.441937321592695,3536,102
1763068379481,1763068379581,100,657.077606802455,6.441937321592695,3537,102
1763068379512,1763068379613,101,657.077606802455,6.441937321592695,3538,102
1763068379543,1763068379644,101,657.077606802455,6.441937321592695,3539,102
1763068379575,1763068379675,100,657.077606802455,6.441937321592695,3540,102
1763068379606,1763068379707,101,657.077606802455,6.441937321592695,3541,102
1763068379637,1763068379739,102,668.7466974079517,6.556340170666193,3542,102
1763068379669,1763068379770,101,668.7466974079517,6.556340170666193,3543,102
1763068379701,1763068379803,102,668.7466974079517,6.556340170666193,3544,102
1763068379733,1763068379834,101,668.7466974079517,6.556340170666193,3545,102
1763068379765,1763068379866,101,668.7466974079517,6.556340170666193,3546,102
1763068379796,1763068379898,102,668.7466974079517,6.556340170666193,3547,102
1763068379827,1763068379929,102,657.0568777419137,6.4417340955089575,3548,102
1763068379859,1763068379960,101,657.0568777419137,6.4417340955089575,3549,102
1763068379891,1763068379992,101,657.0568777419137,6.4417340955089575,3550,102
1763068379923,1763068380023,100,657.0568777419137,6.4417340955089575,3551,102
1763068379954,1763068380055,101,657.0568777419137,6.4417340955089575,3552,102
1763068379985,1763068380087,102,657.0568777419137,6.4417340955089575,3553,102
1763068380020,1763068380118,98,657.0568777419137,6.4417340955089575,3554,102
1763068380048,1763068380149,101,668.6163315603052,6.555062074120639,3555,102
1763068380080,1763068380180,100,668.6163315603052,6.555062074120639,3556,102
1763068380111,1763068380211,100,668.6163315603052,6.555062074120639,3557,102
1763068380142,1763068380243,101,668.6163315603052,6.555062074120639,3558,102
1763068380174,1763068380274,100,668.6163315603052,6.555062074120639,3559,102
1763068380205,1763068380305,100,668.6163315603052,6.555062074120639,3560,102
1763068380236,1763068380337,101,657.0099835904426,6.441274348925908,3561,102
1763068380267,1763068380369,102,657.0099835904426,6.441274348925908,3562,102
1763068380299,1763068380400,101,657.0099835904426,6.441274348925908,3563,102
1763068380331,1763068380432,101,657.0099835904426,6.441274348925908,3564,102
1763068380362,1763068380463,101,657.0099835904426,6.441274348925908,3565,102
1763068380394,1763068380494,100,657.0099835904426,6.441274348925908,3566,102
1763068380424,1763068380526,102,657.0099835904426,6.441274348925908,3567,102
1763068380455,1763068380558,103,668.6359469379923,6.555254381745023,3568,102
1763068380487,1763068380588,101,668.6359469379923,6.555254381745023,3569,102
1763068380519,1763068380621,102,668.6359469379923,6.555254381745023,3570,102
1763068380551,1763068380653,102,668.6359469379923,6.555254381745023,3571,102
1763068380582,1763068380684,102,668.6359469379923,6.555254381745023,3572,102
1763068380615,1763068380715,100,668.6359469379923,6.555254381745023,3573,102
1763068380646,1763068380747,101,657.025577815704,6.4414272334872935,3574,102
1763068380677,1763068380778,101,657.025577815704,6.4414272334872935,3575,102
1763068380709,1763068380810,101,657.025577815704,6.4414272334872935,3576,102
1763068380740,1763068380840,100,657.025577815704,6.4414272334872935,3577,102
1763068380771,1763068380872,101,657.025577815704,6.4414272334872935,3578,102
1763068380802,1763068380904,102,657.025577815704,6.4414272334872935,3579,102
1763068380834,1763068380935,101,657.025577815704,6.4414272334872935,3580,102
1763068380866,1763068380966,100,668.6483599413003,6.555376077855886,3581,102
1763068380897,1763068380997,100,668.6483599413003,6.555376077855886,3582,102
1763068380928,1763068381030,102,668.6483599413003,6.555376077855886,3583,102
1763068380959,1763068381061,102,668.6483599413003,6.555376077855886,3584,102
1763068380991,1763068381092,101,668.6483599413003,6.555376077855886,3585,102
1763068381023,1763068381123,100,668.6483599413003,6.555376077855886,3586,102
1763068381054,1763068381155,101,657.092094513275,6.442079357973285,3587,102
1763068381085,1763068381186,101,657.092094513275,6.442079357973285,3588,102
1763068381117,1763068381218,101,657.092094513275,6.442079357973285,3589,102
1763068381148,1763068381249,101,657.092094513275,6.442079357973285,3590,102
1763068381180,1763068381280,100,657.092094513275,6.442079357973285,3591,102
1763068381211,1763068381313,102,657.092094513275,6.442079357973285,3592,102
1763068381242,1763068381342,100,657.092094513275,6.442079357973285,3593,102
1763068381274,1763068381374,100,668.6443993270802,6.555337248304708,3594,102
1763068381305,1763068381405,100,668.6443993270802,6.555337248304708,3595,102
1763068381335,1763068381435,100,668.6443993270802,6.555337248304708,3596,102
1763068381367,1763068381466,99,668.6443993270802,6.555337248304708,3597,102
1763068381398,1763068381498,100,668.6443993270802,6.555337248304708,3598,102
1763068381429,1763068381529,100,668.6443993270802,6.555337248304708,3599,102