1763008113947,1763008114157,210,0,0,1,10012
1763008114008,1763008114196,188,0,0,2,10012
1763008114068,1763008114265,197,4164.992,0.416,3,10012
1763008114131,1763008114322,191,4164.992,0.416,4,10012
1763008114194,1763008114385,191,4164.992,0.416,5,10012
1763008114256,1763008114448,192,9442.677632,0.943136,6,10012
1763008114319,1763008114511,192,9442.677632,0.943136,7,10012
1763008114383,1763008114588,205,9442.677632,0.943136,8,10012
1763008114445,1763008114636,191,13623.122072704002,1.360679392,9,10012
1763008114507,1763008114698,191,13623.122072704002,1.360679392,10,10012
1763008114570,1763008114761,191,13623.122072704002,1.360679392,11,10012
1763008114633,1763008114824,191,16971.349169872385,1.695100796032,12,10012
1763008114694,1763008114886,192,16971.349169872385,1.695100796032,13,10012
1763008114759,1763008114949,190,16971.349169872385,1.695100796032,14,10012
1763008114821,1763008115013,192,16971.349169872385,1.695100796032,15,10012
1763008114883,1763008115075,192,21678.98593921842,2.1653002336414717,16,10012
1763008114947,1763008115153,206,21678.98593921842,2.1653002336414717,17,10012
1763008115009,1763008115199,190,21678.98593921842,2.1653002336414717,18,10012
1763008115072,1763008115262,190,23375.45979355708,2.334744286212253,19,10012
1763008115134,1763008115326,192,23375.45979355708,2.334744286212253,20,10012
1763008115196,1763008115390,194,23375.45979355708,2.334744286212253,21,10012
1763008115260,1763008115453,193,24754.191616290762,2.4724522189663167,22,10012
1763008115324,1763008115516,192,24754.191616290762,2.4724522189663167,23,10012
1763008115388,1763008115593,205,24754.191616290762,2.4724522189663167,24,10012
1763008115450,1763008115640,190,25821.11690980003,2.5790168707351206,25,10012
1763008115512,1763008115702,190,25821.11690980003,2.5790168707351206,26,10012
1763008115575,1763008115764,189,25821.11690980003,2.5790168707351206,27,10012
1763008115637,1763008115827,190,25821.11690980003,2.5790168707351206,28,10012
1763008115699,1763008115889,190,28709.174177110624,2.8674764459758912,29,10012
1763008115762,1763008115952,190,28709.174177110624,2.8674764459758912,30,10012
1763008115825,1763008116015,190,28709.174177110624,2.8674764459758912,31,10012
1763008115886,1763008116079,193,28981.173470802947,2.8946437745508335,32,10012
1763008115951,1763008116143,192,28981.173470802947,2.8946437745508335,33,10012
1763008116013,1763008116205,192,28981.173470802947,2.8946437745508335,34,10012
1763008116077,1763008116267,190,29196.358082759147,2.9161364445424636,35,10012
1763008116140,1763008116330,190,29196.358082759147,2.9161364445424636,36,10012
1763008116202,1763008116393,191,29196.358082759147,2.9161364445424636,37,10012
1763008116265,1763008116455,190,29366.80539195904,2.9331607463003433,38,10012
1763008116328,1763008116517,189,29366.80539195904,2.9331607463003433,39,10012
1763008116390,1763008116580,190,29366.80539195904,2.9331607463003433,40,10012
1763008116453,1763008116641,188,29366.80539195904,2.9331607463003433,41,10012
1763008116514,1763008116705,191,31535.087897391353,3.1497291148013735,42,10012
1763008116578,1763008116766,188,31535.087897391353,3.1497291148013735,43,10012
1763008116639,1763008116830,191,31535.087897391353,3.1497291148013735,44,10012
1763008116701,1763008116892,191,31230.77305422091,3.1193341044966947,45,10012
1763008116764,1763008116955,191,31230.77305422091,3.1193341044966947,46,10012
1763008116826,1763008117017,191,31230.77305422091,3.1193341044966947,47,10012
1763008116890,1763008117080,190,30987.039351159845,3.094989947179369,48,10012
1763008116951,1763008117142,191,30987.039351159845,3.094989947179369,49,10012
1763008117013,1763008117204,191,30987.039351159845,3.094989947179369,50,10012
1763008117076,1763008117267,191,30794.929402225556,3.0758019778491366,51,10012
1763008117138,1763008117329,191,30794.929402225556,3.0758019778491366,52,10012
1763008117201,1763008117391,190,30794.929402225556,3.0758019778491366,53,10012
1763008117264,1763008117453,189,30794.929402225556,3.0758019778491366,54,10012
1763008117327,1763008117530,203,32654.796592378218,3.26156578030146,55,10012
1763008117388,1763008117593,205,32654.796592378218,3.26156578030146,56,10012
1763008117450,1763008117640,190,32654.796592378218,3.26156578030146,57,10012
1763008117512,1763008117702,190,32123.18088412544,3.2084679269002634,58,10012
1763008117574,1763008117764,190,32123.18088412544,3.2084679269002634,59,10012
1763008117637,1763008117841,204,32123.18088412544,3.2084679269002634,60,10012
1763008117699,1763008117888,189,31701.5703455321,3.1663574056664103,61,10012
1763008117761,1763008117951,190,31701.5703455321,3.1663574056664103,62,10012
1763008117823,1763008118013,190,31701.5703455321,3.1663574056664103,63,10012
1763008117886,1763008118076,190,31363.459565389086,3.132586852316129,64,10012
1763008117948,1763008118139,191,31363.459565389086,3.132586852316129,65,10012
1763008118010,1763008118201,191,31363.459565389086,3.132586852316129,66,10012
1763008118073,1763008118264,191,31363.459565389086,3.132586852316129,67,10012
1763008118136,1763008118327,191,33135.10581404971,3.309539134443639,68,10012
1763008118199,1763008118388,189,33135.10581404971,3.309539134443639,69,10012
1763008118262,1763008118452,190,33135.10581404971,3.309539134443639,70,10012
1763008118323,1763008118513,190,32509.08643961167,3.2470122292860237,71,10012
1763008118386,1763008118577,191,32509.08643961167,3.2470122292860237,72,10012
1763008118448,1763008118639,191,32509.08643961167,3.2470122292860237,73,10012
1763008118511,1763008118717,206,32007.0498923705,3.196868746740961,74,10012
1763008118573,1763008118763,190,32007.0498923705,3.196868746740961,75,10012
1763008118635,1763008118840,205,32007.0498923705,3.196868746740961,76,10012
1763008118697,1763008118902,205,31608.89781411166,3.157101259899287,77,10012
1763008118760,1763008118950,190,31608.89781411166,3.157101259899287,78,10012
1763008118822,1763008119014,192,31608.89781411166,3.157101259899287,79,10012
1763008118884,1763008119077,193,31608.89781411166,3.157101259899287,80,10012
1763008118947,1763008119140,193,33347.35286440466,3.3307384003600338,81,10012
1763008119010,1763008119202,192,33347.35286440466,3.3307384003600338,82,10012
1763008119073,1763008119264,191,33347.35286440466,3.3307384003600338,83,10012
1763008119136,1763008119326,190,32678.459585794917,3.263929243487307,84,10012
1763008119199,1763008119389,190,32678.459585794917,3.263929243487307,85,10012
1763008119261,1763008119453,192,32678.459585794917,3.263929243487307,86,10012
1763008119324,1763008119516,192,32134.112911121163,3.2095598193289216,87,10012
1763008119387,1763008119579,192,32134.112911121163,3.2095598193289216,88,10012
1763008119450,1763008119641,191,32134.112911121163,3.2095598193289216,89,10012
1763008119513,1763008119705,192,31706.097877252447,3.1668096161858217,90,10012
1763008119576,1763008119768,192,31706.097877252447,3.1668096161858217,91,10012
1763008119639,1763008119832,193,31706.097877252447,3.1668096161858217,92,10012
1763008119702,1763008119895,193,31706.097877252447,3.1668096161858217,93,10012
1763008119766,1763008119958,192,33424.52971453844,3.3384468352515424,94,10012
1763008119830,1763008120021,191,33424.52971453844,3.3384468352515424,95,10012
1763008119892,1763008120084,192,33424.52971453844,3.3384468352515424,96,10012
1763008119956,1763008120148,192,32726.492593343522,3.2687267871897245,97,10012
1763008120019,1763008120212,193,32726.492593343522,3.2687267871897245,98,10012
1763008120082,1763008120274,192,32726.492593343522,3.2687267871897245,99,10012
1763008120146,1763008120336,190,32177.632104301443,3.2139065226030206,100,10012
1763008120209,1763008120413,204,32177.632104301443,3.2139065226030206,101,10012
1763008120270,1763008120460,190,32177.632104301443,3.2139065226030206,102,10012
1763008120333,1763008120523,190,31742.88078712825,3.1704834985146073,103,10012
1763008120395,1763008120587,192,31742.88078712825,3.1704834985146073,104,10012
1763008120457,1763008120650,193,31742.88078712825,3.1704834985146073,105,10012
1763008120521,1763008120712,191,31742.88078712825,3.1704834985146073,106,10012
1763008120585,1763008120777,192,33445.43022576696,3.3405343813191126,107,10012
1763008120647,1763008120840,193,33445.43022576696,3.3405343813191126,108,10012
1763008120710,1763008120902,192,33445.43022576696,3.3405343813191126,109,10012
1763008120774,1763008120965,191,32746.497029484734,3.2707248331486944,110,10012
1763008120836,1763008121027,191,32746.497029484734,3.2707248331486944,111,10012
1763008120899,1763008121091,192,32746.497029484734,3.2707248331486944,112,10012
1763008120962,1763008121154,192,32190.845138440363,3.215226242353212,113,10012
1763008121025,1763008121215,190,32190.845138440363,3.215226242353212,114,10012
1763008121089,1763008121293,204,32190.845138440363,3.215226242353212,115,10012
1763008121150,1763008121340,190,31755.56642047541,3.1717505413978633,116,10012
1763008121212,1763008121404,192,31755.56642047541,3.1717505413978633,117,10012
1763008121274,1763008121466,192,31755.56642047541,3.1717505413978633,118,10012
1763008121338,1763008121529,191,31755.56642047541,3.1717505413978633,119,10012
1763008121401,1763008121592,191,33447.222870698424,3.3407134309526993,120,10012
1763008121463,1763008121654,191,33447.222870698424,3.3407134309526993,121,10012
1763008121527,1763008121718,191,33447.222870698424,3.3407134309526993,122,10012
1763008121589,1763008121780,191,32751.333405075944,3.271207891038349,123,10012
1763008121652,1763008121844,192,32751.333405075944,3.271207891038349,124,10012
1763008121716,1763008121906,190,32751.333405075944,3.271207891038349,125,10012
1763008121778,1763008121968,190,32197.40539044045,3.2158814812665257,126,10012
1763008121840,1763008122031,191,32197.40539044045,3.2158814812665257,127,10012
1763008121903,1763008122094,191,32197.40539044045,3.2158814812665257,128,10012
1763008121966,1763008122158,192,31752.15588000972,3.1714098961256214,129,10012
1763008122029,1763008122221,192,31752.15588000972,3.1714098961256214,130,10012
1763008122092,1763008122284,192,31752.15588000972,3.1714098961256214,131,10012
1763008122156,1763008122347,191,31752.15588000972,3.1714098961256214,132,10012
1763008122218,1763008122410,192,33444.508080487736,3.3404422773159945,133,10012
1763008122281,1763008122473,192,33444.508080487736,3.3404422773159945,134,10012
1763008122345,1763008122537,192,33444.508080487736,3.3404422773159945,135,10012
1763008122407,1763008122599,192,32745.76392398775,3.2706516104662158,136,10012
1763008122472,1763008122662,190,32745.76392398775,3.2706516104662158,137,10012
1763008122534,1763008122726,192,32745.76392398775,3.2706516104662158,138,10012
1763008122596,1763008122787,191,32195.681847418236,3.215709333541574,139,10012
1763008122660,1763008122850,190,32195.681847418236,3.215709333541574,140,10012
1763008122723,1763008122915,192,32195.681847418236,3.215709333541574,141,10012
1763008122784,1763008122977,193,31752.947068697496,3.1714889201655514,142,10012
1763008122848,1763008123040,192,31752.947068697496,3.1714889201655514,143,10012
1763008122910,1763008123101,191,31752.947068697496,3.1714889201655514,144,10012
1763008122973,1763008123165,192,31752.947068697496,3.1714889201655514,145,10012
1763008123036,1763008123228,192,33453.43291961451,3.3413336915316134,146,10012
1763008123099,1763008123290,191,33453.43291961451,3.3413336915316134,147,10012
1763008123163,1763008123353,190,33453.43291961451,3.3413336915316134,148,10012
1763008123228,1763008123415,187,32759.694036932764,3.272042952150696,149,10012
1763008123288,1763008123478,190,32759.694036932764,3.272042952150696,150,10012
1763008123350,1763008123541,191,32759.694036932764,3.272042952150696,151,10012
1763008123412,1763008123605,193,32198.613065324615,3.2160021040076527,152,10012
1763008123476,1763008123668,192,32198.613065324615,3.2160021040076527,153,10012
1763008123539,1763008123731,192,32198.613065324615,3.2160021040076527,154,10012
1763008123603,1763008123794,191,31757.439999998394,3.1719376747900916,155,10012
1763008123665,1763008123856,191,31757.439999998394,3.1719376747900916,156,10012
1763008123729,1763008123920,191,31757.439999998394,3.1719376747900916,157,10012
1763008123791,1763008123982,191,31757.439999998394,3.1719376747900916,158,10012
1763008123854,1763008124045,191,33448.71423999872,3.340862389132913,159,10012
1763008123917,1763008124107,190,33448.71423999872,3.340862389132913,160,10012
1763008123979,1763008124169,190,33448.71423999872,3.340862389132913,161,10012
1763008124042,1763008124233,191,32752.52053503898,3.2713264617497986,162,10012
1763008124104,1763008124295,191,32752.52053503898,3.2713264617497986,163,10012
1763008124167,1763008124358,191,32752.52053503898,3.2713264617497986,164,10012
1763008124230,1763008124420,190,32201.066866426067,3.2162471900145895,165,10012
1763008124293,1763008124483,190,32201.066866426067,3.2162471900145895,166,10012
1763008124355,1763008124559,204,32201.066866426067,3.2162471900145895,167,10012
1763008124418,1763008124622,204,31763.723359408003,3.1725652576316423,168,10012
1763008124479,1763008124669,190,31763.723359408003,3.1725652576316423,169,10012
1763008124541,1763008124731,190,31763.723359408003,3.1725652576316423,170,10012
1763008124603,1763008124794,191,31763.723359408003,3.1725652576316423,171,10012
1763008124666,1763008124857,191,33445.431517448174,3.340534510332419,172,10012
1763008124727,1763008124919,192,33445.431517448174,3.340534510332419,173,10012
1763008124791,1763008124981,190,33445.431517448174,3.340534510332419,174,10012
1763008124854,1763008125044,190,32753.316919406196,3.271406004734938,175,10012
1763008124916,1763008125108,192,32753.316919406196,3.271406004734938,176,10012
1763008124979,1763008125169,190,32753.316919406196,3.271406004734938,177,10012
1763008125042,1763008125246,204,32204.418901686146,3.2165819917784804,178,10012
1763008125103,1763008125308,205,32204.418901686146,3.2165819917784804,179,10012
1763008125166,1763008125355,189,32204.418901686146,3.2165819917784804,180,10012
1763008125227,1763008125418,191,31764.229864643858,3.172615847447449,181,10012
1763008125290,1763008125481,191,31764.229864643858,3.172615847447449,182,10012
1763008125352,1763008125543,191,31764.229864643858,3.172615847447449,183,10012
1763008125415,1763008125606,191,31764.229864643858,3.172615847447449,184,10012
1763008125478,1763008125669,191,33454.11897225651,3.3414022145681694,185,10012
1763008125541,1763008125732,191,33454.11897225651,3.3414022145681694,186,10012
1763008125604,1763008125797,193,33454.11897225651,3.3414022145681694,187,10012
1763008125666,1763008125858,192,32753.404582943927,3.2714147605816946,188,10012
1763008125730,1763008125922,192,32753.404582943927,3.2714147605816946,189,10012
1763008125793,1763008125986,193,32753.404582943927,3.2714147605816946,190,10012
1763008125856,1763008126050,194,32188.18442969159,3.2149604903807023,191,10012
1763008125920,1763008126114,194,32188.18442969159,3.2149604903807023,192,10012
1763008125984,1763008126178,194,32188.18442969159,3.2149604903807023,193,10012
1763008126048,1763008126241,193,31744.834437175123,3.1706786293622775,194,10012
1763008126112,1763008126304,192,31744.834437175123,3.1706786293622775,195,10012
1763008126176,1763008126366,190,31744.834437175123,3.1706786293622775,196,10012
1763008126238,1763008126430,192,31744.834437175123,3.1706786293622775,197,10012
1763008126301,1763008126492,191,33438.6802119914,3.3398601889723727,198,10012
1763008126364,1763008126555,191,33438.6802119914,3.3398601889723727,199,10012
1763008126427,1763008126618,191,33438.6802119914,3.3398601889723727,200,10012
1763008126490,1763008126681,191,32737.72808832117,3.2698489900440637,201,10012
1763008126553,1763008126744,191,32737.72808832117,3.2698489900440637,202,10012
1763008126619,1763008126807,188,32737.72808832117,3.2698489900440637,203,10012
1763008126685,1763008126869,184,32189.277286391974,3.215069645065119,204,10012
1763008126742,1763008126933,191,32189.277286391974,3.215069645065119,205,10012
1763008126804,1763008126996,192,32189.277286391974,3.215069645065119,206,10012
1763008126868,1763008127060,192,31743.548888108835,3.1705502285366394,207,10012
1763008126932,1763008127123,191,31743.548888108835,3.1705502285366394,208,10012
1763008126994,1763008127185,191,31743.548888108835,3.1705502285366394,209,10012
1763008127058,1763008127248,190,31743.548888108835,3.1705502285366394,210,10012
1763008127119,1763008127311,192,33429.35246382274,3.3389285321437017,211,10012
1763008127182,1763008127374,192,33429.35246382274,3.3389285321437017,212,10012
1763008127245,1763008127438,193,33429.35246382274,3.3389285321437017,213,10012
1763008127308,1763008127500,192,32733.71520873908,3.269448183054243,214,10012
1763008127372,1763008127563,191,32733.71520873908,3.269448183054243,215,10012
1763008127435,1763008127626,191,32733.71520873908,3.269448183054243,216,10012
1763008127497,1763008127689,192,32180.683590947567,3.2142113055281234,217,10012
1763008127560,1763008127753,193,32180.683590947567,3.2142113055281234,218,10012
1763008127622,1763008127815,193,32180.683590947567,3.2142113055281234,219,10012
1763008127686,1763008127878,192,31743.168138394263,3.1705121992003864,220,10012
1763008127749,1763008127941,192,31743.168138394263,3.1705121992003864,221,10012
1763008127813,1763008128003,190,31743.168138394263,3.1705121992003864,222,10012
1763008127874,1763008128067,193,31743.168138394263,3.1705121992003864,223,10012
1763008127938,1763008128130,192,33453.963501885046,3.341386686165107,224,10012
1763008128000,1763008128192,192,33453.963501885046,3.341386686165107,225,10012
1763008128064,1763008128256,192,33453.963501885046,3.341386686165107,226,10012
1763008128128,1763008128319,191,32756.698947500496,3.271743802187425,227,10012
1763008128190,1763008128381,191,32756.698947500496,3.271743802187425,228,10012
1763008128253,1763008128458,205,32756.698947500496,3.271743802187425,229,10012
1763008128315,1763008128505,190,32207.117760105397,3.216851554145565,230,10012
1763008128377,1763008128568,191,32207.117760105397,3.216851554145565,231,10012
1763008128440,1763008128632,192,32207.117760105397,3.216851554145565,232,10012
1763008128502,1763008128696,194,31757.69638376358,3.1719632824374333,233,10012
1763008128566,1763008128759,193,31757.69638376358,3.1719632824374333,234,10012
1763008128630,1763008128822,192,31757.69638376358,3.1719632824374333,235,10012
1763008128694,1763008128886,192,31757.69638376358,3.1719632824374333,236,10012
1763008128756,1763008128948,192,33457.20862509205,3.3417108095377595,237,10012
1763008128820,1763008129011,191,33457.20862509205,3.3417108095377595,238,10012
1763008128883,1763008129074,191,33457.20862509205,3.3417108095377595,239,10012
1763008128945,1763008129137,192,32759.28206557327,3.2720018043920565,240,10012
1763008129008,1763008129201,193,32759.28206557327,3.2720018043920565,241,10012
1763008129071,1763008129263,192,32759.28206557327,3.2720018043920565,242,10012
1763008129135,1763008129325,190,32203.732524196323,3.216513436296077,243,10012
1763008129198,1763008129388,190,32203.732524196323,3.216513436296077,244,10012
1763008129260,1763008129452,192,32203.732524196323,3.216513436296077,245,10012
1763008129323,1763008129515,192,31759.347356736078,3.1721281818553813,246,10012
1763008129386,1763008129578,192,31759.347356736078,3.1721281818553813,247,10012
1763008129448,1763008129641,193,31759.347356736078,3.1721281818553813,248,10012
1763008129512,1763008129704,192,31759.347356736078,3.1721281818553813,249,10012
1763008129577,1763008129767,190,33450.232495961915,3.3410140327568834,250,10012
1763008129639,1763008129831,192,33450.232495961915,3.3410140327568834,251,10012
1763008129701,1763008129893,192,33450.232495961915,3.3410140327568834,252,10012
1763008129764,1763008129954,190,32753.729066785683,3.271447170074479,253,10012
1763008129827,1763008130016,189,32753.729066785683,3.271447170074479,254,10012
1763008129890,1763008130079,189,32753.729066785683,3.271447170074479,255,10012
1763008129951,1763008130142,191,32199.312337161406,3.2160719473792856,256,10012
1763008130014,1763008130204,190,32199.312337161406,3.2160719473792856,257,10012
1763008130077,1763008130282,205,32199.312337161406,3.2160719473792856,258,10012
1763008130138,1763008130330,192,31760.15993271764,3.1722093420612905,259,10012
1763008130202,1763008130392,190,31760.15993271764,3.1722093420612905,260,10012
1763008130263,1763008130453,190,31760.15993271764,3.1722093420612905,261,10012
1763008130327,1763008130518,191,31760.15993271764,3.1722093420612905,262,10012
1763008130388,1763008130580,192,33442.59146637596,3.3402508456228484,263,10012
1763008130451,1763008130644,193,33442.59146637596,3.3402508456228484,264,10012
1763008130516,1763008130708,192,33442.59146637596,3.3402508456228484,265,10012
1763008130578,1763008130770,192,32740.83362430251,3.2701591714245417,266,10012
1763008130643,1763008130834,191,32740.83362430251,3.2701591714245417,267,10012
1763008130705,1763008130898,193,32740.83362430251,3.2701591714245417,268,10012
1763008130768,1763008130961,193,32183.637897696193,3.214506382111086,269,10012
1763008130832,1763008131023,191,32183.637897696193,3.214506382111086,270,10012
1763008130896,1763008131086,190,32183.637897696193,3.214506382111086,271,10012
1763008130958,1763008131150,192,31741.22449077078,3.1703180673962024,272,10012
1763008131020,1763008131231,211,31741.22449077078,3.1703180673962024,273,10012
1763008131084,1763008131277,193,31741.22449077078,3.1703180673962024,274,10012
1763008131148,1763008131341,193,31741.22449077078,3.1703180673962024,275,10012
1763008131265,1763008131452,187,33460.72702118123,3.3420622274451883,276,10012
1763008131326,1763008131515,189,33460.72702118123,3.3420622274451883,277,10012
1763008131387,1763008131591,204,30746.50816290262,3.0709656575012603,278,10012
1763008131449,1763008131639,190,30746.50816290262,3.0709656575012603,279,10012
1763008131513,1763008131701,188,30746.50816290262,3.0709656575012603,280,10012
1763008131573,1763008131764,191,30600.853989507585,3.056417697713502,281,10012
1763008131636,1763008131827,191,30600.853989507585,3.056417697713502,282,10012
1763008131702,1763008131890,188,30600.853989507585,3.056417697713502,283,10012
1763008131764,1763008131953,189,30600.853989507585,3.056417697713502,284,10012
1763008131824,1763008132017,193,32537.51892165853,3.249852069682234,285,10012
1763008131886,1763008132081,195,32537.51892165853,3.249852069682234,286,10012
1763008131951,1763008132145,194,32537.51892165853,3.249852069682234,287,10012
1763008132015,1763008132209,194,32017.202985953558,3.1978828391883294,288,10012
1763008132079,1763008132273,194,32017.202985953558,3.1978828391883294,289,10012
1763008132142,1763008132337,195,32017.202985953558,3.1978828391883294,290,10012
1763008132207,1763008132400,193,31607.093967861172,3.1569210914763453,291,10012
1763008132271,1763008132464,193,31607.093967861172,3.1569210914763453,292,10012
1763008132335,1763008132527,192,31607.093967861172,3.1569210914763453,293,10012
1763008132398,1763008132591,193,31281.87751651391,3.124438425540742,294,10012
1763008132461,1763008132654,193,31281.87751651391,3.124438425540742,295,10012
1763008132524,1763008132718,194,31281.87751651391,3.124438425540742,296,10012
1763008132589,1763008132781,192,31281.87751651391,3.124438425540742,297,10012
1763008132651,1763008132843,192,33078.93262562856,3.30392854830489,298,10012
1763008132716,1763008132907,191,33078.93262562856,3.30392854830489,299,10012
1763008132778,1763008132971,193,33078.93262562856,3.30392854830489,300,10012
1763008132841,1763008133033,192,32455.1314373747,3.2416231959023873,301,10012
1763008132905,1763008133095,190,32455.1314373747,3.2416231959023873,302,10012
1763008132968,1763008133159,191,32455.1314373747,3.2416231959023873,303,10012
1763008133030,1763008133223,193,31956.79036127551,3.1918488175464956,304,10012
1763008133093,1763008133287,194,31956.79036127551,3.1918488175464956,305,10012
1763008133157,1763008133350,193,31956.79036127551,3.1918488175464956,306,10012
1763008133221,1763008133413,192,31563.02833721403,3.1525198099494642,307,10012
1763008133285,1763008133476,191,31563.02833721403,3.1525198099494642,308,10012
1763008133348,1763008133540,192,31563.02833721403,3.1525198099494642,309,10012
1763008133410,1763008133602,192,31563.02833721403,3.1525198099494642,310,10012
1763008133474,1763008133666,192,33310.93249974794,3.3271007290998744,311,10012
1763008133537,1763008133729,192,33310.93249974794,3.3271007290998744,312,10012
1763008133600,1763008133791,191,33310.93249974794,3.3271007290998744,313,10012
1763008133662,1763008133853,191,32646.12120229911,3.2606992810926,314,10012
1763008133726,1763008133916,190,32646.12120229911,3.2606992810926,315,10012
1763008133788,1763008133979,191,32646.12120229911,3.2606992810926,316,10012
1763008133851,1763008134042,191,32111.04635582779,3.207255928468617,317,10012
1763008133913,1763008134105,192,32111.04635582779,3.207255928468617,318,10012
1763008133977,1763008134168,191,32111.04635582779,3.207255928468617,319,10012
1763008134040,1763008134232,192,31677.361667459783,3.163939439418676,320,10012
1763008134103,1763008134295,192,31677.361667459783,3.163939439418676,321,10012
1763008134166,1763008134358,192,31677.361667459783,3.163939439418676,322,10012
1763008134237,1763008134421,184,31677.361667459783,3.163939439418676,323,10012
1763008134292,1763008134498,206,33477.04890895593,3.343692459943661,324,10012
1763008134356,1763008134546,190,33477.04890895593,3.343692459943661,325,10012
1763008134418,1763008134609,191,33477.04890895593,3.343692459943661,326,10012
1763008134489,1763008134689,200,32764.75178480205,3.272548120735323,327,10012
1763008134544,1763008134737,193,32764.75178480205,3.272548120735323,328,10012
1763008134608,1763008134801,193,32764.75178480205,3.272548120735323,329,10012
1763008134671,1763008134864,193,32202.628917132828,3.2164032078638467,330,10012
1763008134735,1763008134927,192,32202.628917132828,3.2164032078638467,331,10012
1763008134799,1763008134990,191,32202.628917132828,3.2164032078638467,332,10012
1763008134861,1763008135053,192,32202.628917132828,3.2164032078638467,333,10012
1763008134924,1763008135116,192,33818.775360203465,3.3778241470438943,334,10012
1763008134986,1763008135179,193,33818.775360203465,3.3778241470438943,335,10012
1763008135051,1763008135241,190,33818.775360203465,3.3778241470438943,336,10012
1763008135113,1763008135304,191,33050.871962082165,3.301125845193984,337,10012
1763008135176,1763008135367,191,33050.871962082165,3.301125845193984,338,10012
1763008135239,1763008135429,190,33050.871962082165,3.301125845193984,339,10012
1763008135302,1763008135492,190,32435.838081817405,3.239696172774411,340,10012
1763008135365,1763008135555,190,32435.838081817405,3.239696172774411,341,10012
1763008135427,1763008135619,192,32435.838081817405,3.239696172774411,342,10012
1763008135490,1763008135682,192,31941.47143696302,3.1903187611828825,343,10012
1763008135552,1763008135746,194,31941.47143696302,3.1903187611828825,344,10012
1763008135617,1763008135809,192,31941.47143696302,3.1903187611828825,345,10012
1763008135680,1763008135872,192,31941.47143696302,3.1903187611828825,346,10012
1763008135742,1763008135935,193,33603.309792385604,3.3563034151403914,347,10012
1763008135806,1763008135998,192,33603.309792385604,3.3563034151403914,348,10012
1763008135869,1763008136061,192,33603.309792385604,3.3563034151403914,349,10012
1763008135933,1763008136125,192,32868.44397515417,3.282904911621471,350,10012
1763008135995,1763008136188,193,32868.44397515417,3.282904911621471,351,10012
1763008136059,1763008136250,191,32868.44397515417,3.282904911621471,352,10012
1763008136122,1763008136314,192,32287.792960247567,3.2249094047390696,353,10012
1763008136186,1763008136377,191,32287.792960247567,3.2249094047390696,354,10012
1763008136248,1763008136441,193,32287.792960247567,3.2249094047390696,355,10012
1763008136312,1763008136502,190,31828.427196357065,3.1790278861722996,356,10012
1763008136374,1763008136566,192,31828.427196357065,3.1790278861722996,357,10012
1763008136437,1763008136629,192,31828.427196357065,3.1790278861722996,358,10012
1763008136500,1763008136692,192,31828.427196357065,3.1790278861722996,359,10012
1763008136563,1763008136756,193,33521.65919390751,3.348148141620806,360,10012
1763008136627,1763008136819,192,33521.65919390751,3.348148141620806,361,10012
1763008136690,1763008136896,206,33521.65919390751,3.348148141620806,362,10012
1763008136753,1763008136944,191,32810.58471835038,3.2771259207301613,363,10012
1763008136816,1763008137007,191,32810.58471835038,3.2771259207301613,364,10012
1763008136878,1763008137071,193,32810.58471835038,3.2771259207301613,365,10012
1763008136941,1763008137134,193,32239.0202663702,3.220037981059748,366,10012
1763008137013,1763008137197,184,32239.0202663702,3.220037981059748,367,10012
1763008137068,1763008137260,192,32239.0202663702,3.220037981059748,368,10012
1763008137132,1763008137323,191,31789.60413203068,3.1751502329235595,369,10012
1763008137195,1763008137387,192,31789.60413203068,3.1751502329235595,370,10012
1763008137258,1763008137449,191,31789.60413203068,3.1751502329235595,371,10012
1763008137320,1763008137512,192,31789.60413203068,3.1751502329235595,372,10012
1763008137392,1763008137591,199,33482.57528496439,3.3442444351742298,373,10012
1763008137446,1763008137639,193,33482.57528496439,3.3442444351742298,374,10012
1763008137509,1763008137702,193,33482.57528496439,3.3442444351742298,375,10012
1763008137573,1763008137765,192,32772.580776261726,3.2733300815283384,376,10012
1763008137636,1763008137829,193,32772.580776261726,3.2733300815283384,377,10012
1763008137699,1763008137893,194,32772.580776261726,3.2733300815283384,378,10012
1763008137763,1763008137956,193,32208.84513635181,3.2170240847335005,379,10012
1763008137827,1763008138018,191,32208.84513635181,3.2170240847335005,380,10012
1763008137903,1763008138096,193,32208.84513635181,3.2170240847335005,381,10012
1763008137968,1763008138158,190,31767.757573672392,3.1729681955326,382,10012
1763008138030,1763008138222,192,31767.757573672392,3.1729681955326,383,10012
1763008138092,1763008138286,194,31767.757573672392,3.1729681955326,384,10012
1763008138156,1763008138347,191,31414.479028643225,3.1376826836439493,385,10012
1763008138220,1763008138410,190,31414.479028643225,3.1376826836439493,386,10012
1763008138283,1763008138473,190,31414.479028643225,3.1376826836439493,387,10012
1763008138344,1763008138535,191,31414.479028643225,3.1376826836439493,388,10012
1763008138407,1763008138598,191,33184.35082777136,3.3144577334969396,389,10012
1763008138470,1763008138660,190,33184.35082777136,3.3144577334969396,390,10012
1763008138533,1763008138723,190,33184.35082777136,3.3144577334969396,391,10012
1763008138596,1763008138787,191,32542.087258906005,3.250308355863564,392,10012
1763008138657,1763008138849,192,32542.087258906005,3.250308355863564,393,10012
1763008138720,1763008138912,192,32542.087258906005,3.250308355863564,394,10012
1763008138783,1763008138975,192,32030.84545808918,3.1992454512673967,395,10012
1763008138846,1763008139039,193,32030.84545808918,3.1992454512673967,396,10012
1763008138909,1763008139103,194,32030.84545808918,3.1992454512673967,397,10012
1763008138973,1763008139166,193,31617.91244826472,3.1580016428550457,398,10012
1763008139037,1763008139229,192,31617.91244826472,3.1580016428550457,399,10012
1763008139101,1763008139291,190,31617.91244826472,3.1580016428550457,400,10012
1763008139164,1763008139353,189,31617.91244826472,3.1580016428550457,401,10012
1763008139226,1763008139417,191,33329.22022126698,3.328927309355471,402,10012
1763008139288,1763008139480,192,33329.22022126698,3.328927309355471,403,10012
1763008139351,1763008139543,192,33329.22022126698,3.328927309355471,404,10012
1763008139415,1763008139607,192,32654.11007590725,3.2614972109375997,405,10012
1763008139478,1763008139669,191,32654.11007590725,3.2614972109375997,406,10012
1763008139541,1763008139746,205,32654.11007590725,3.2614972109375997,407,10012
1763008139604,1763008139794,190,32122.633730498077,3.208413277117267,408,10012
1763008139666,1763008139856,190,32122.633730498077,3.208413277117267,409,10012
1763008139727,1763008139920,193,32122.633730498077,3.208413277117267,410,10012
1763008139790,1763008139982,192,31696.960449476468,3.1658969685853444,411,10012
1763008139854,1763008140044,190,31696.960449476468,3.1658969685853444,412,10012
1763008139918,1763008140108,190,31696.960449476468,3.1658969685853444,413,10012
1763008139979,1763008140171,192,31696.960449476468,3.1658969685853444,414,10012
1763008140042,1763008140254,212,33417.274596884316,3.3377221930567633,415,10012
1763008140105,1763008140298,193,33417.274596884316,3.3377221930567633,416,10012
1763008140173,1763008140362,189,33417.274596884316,3.3377221930567633,417,10012
1763008140290,1763008140490,200,32717.350755329262,3.267813699094013,418,10012
1763008140347,1763008140537,190,32717.350755329262,3.267813699094013,419,10012
1763008140410,1763008140600,190,30089.827148976106,3.0053762633815526,420,10012
1763008140472,1763008140663,191,30089.827148976106,3.0053762633815526,421,10012
1763008140535,1763008140726,191,30089.827148976106,3.0053762633815526,422,10012
1763008140605,1763008140789,184,30089.827148976106,3.0053762633815526,423,10012
1763008140673,1763008140868,195,32111.336237733958,3.2072848819150974,424,10012
1763008140725,1763008140916,191,32111.336237733958,3.2072848819150974,425,10012
1763008140786,1763008140980,194,32111.336237733958,3.2072848819150974,426,10012
1763008140850,1763008141043,193,31681.741636523027,3.1643769113586724,427,10012
1763008140920,1763008141108,188,31681.741636523027,3.1643769113586724,428,10012
1763008140977,1763008141204,227,31681.741636523027,3.1643769113586724,429,10012
1763008141042,1763008141239,197,31344.364601035806,3.1306796445301446,430,10012
1763008141111,1763008141296,185,31344.364601035806,3.1306796445301446,431,10012
1763008141215,1763008141406,191,31344.364601035806,3.1306796445301446,432,10012
1763008141278,1763008141469,191,31076.149857823464,3.103890317401465,433,10012
1763008141341,1763008141532,191,31076.149857823464,3.103890317401465,434,10012
1763008141403,1763008141595,192,31076.149857823464,3.103890317401465,435,10012
1763008141467,1763008141660,193,30861.87898711183,3.082488912016763,436,10012
1763008141530,1763008141721,191,30861.87898711183,3.082488912016763,437,10012
1763008141598,1763008141783,185,30861.87898711183,3.082488912016763,438,10012
1763008141673,1763008141863,190,30693.399673741016,3.0656611739653434,439,10012
1763008141733,1763008141927,194,30693.399673741016,3.0656611739653434,440,10012
1763008141796,1763008141990,194,30693.399673741016,3.0656611739653434,441,10012
1763008141860,1763008142054,194,30557.317941276626,3.052069310954517,442,10012
1763008141924,1763008142117,193,30557.317941276626,3.052069310954517,443,10012
1763008141987,1763008142179,192,30557.317941276626,3.052069310954517,444,10012
1763008142051,1763008142242,191,30451.49039919747,3.04149924083075,445,10012
1763008142114,1763008142304,190,30451.49039919747,3.04149924083075,446,10012
1763008142176,1763008142367,191,30451.49039919747,3.04149924083075,447,10012
1763008142239,1763008142431,192,30451.49039919747,3.04149924083075,448,10012
1763008142305,1763008142493,188,32418.77486736199,3.2379918964604464,449,10012
1763008142364,1763008142557,193,32418.77486736199,3.2379918964604464,450,10012
1763008142428,1763008142619,191,32418.77486736199,3.2379918964604464,451,10012
1763008142491,1763008142682,191,31932.688794420144,3.1894415495825155,452,10012
1763008142554,1763008142745,191,31932.688794420144,3.1894415495825155,453,10012
1763008142617,1763008142808,191,31932.688794420144,3.1894415495825155,454,10012
1763008142679,1763008142871,192,31545.764280358435,3.1507954734676824,455,10012
1763008142742,1763008142933,191,31545.764280358435,3.1507954734676824,456,10012
1763008142805,1763008142995,190,31545.764280358435,3.1507954734676824,457,10012
1763008142868,1763008143058,190,31237.772367165315,3.120033196880275,458,10012
1763008142930,1763008143121,191,31237.772367165315,3.120033196880275,459,10012
1763008142992,1763008143183,191,31237.772367165315,3.120033196880275,460,10012
1763008143056,1763008143246,190,31237.772367165315,3.120033196880275,461,10012
1763008143118,1763008143308,190,33017.43834899792,3.2977864911104593,462,10012
1763008143181,1763008143386,205,33017.43834899792,3.2977864911104593,463,10012
1763008143243,1763008143434,191,33017.43834899792,3.2977864911104593,464,10012
1763008143307,1763008143497,190,32406.24348745335,3.236740260432815,465,10012
1763008143369,1763008143560,191,32406.24348745335,3.236740260432815,466,10012
1763008143431,1763008143622,191,32406.24348745335,3.236740260432815,467,10012
1763008143494,1763008143684,190,31925.08405950032,3.1886819875649537,468,10012
1763008143557,1763008143746,189,31925.08405950032,3.1886819875649537,469,10012
1763008143618,1763008143823,205,31925.08405950032,3.1886819875649537,470,10012
1763008143681,1763008143885,204,31547.267247600255,3.150945590051963,471,10012
1763008143742,1763008143947,205,31547.267247600255,3.150945590051963,472,10012
1763008143804,1763008143995,191,31547.267247600255,3.150945590051963,473,10012
1763008143866,1763008144058,192,31547.267247600255,3.150945590051963,474,10012
1763008143929,1763008144122,193,33298.418194594604,3.3258507985012584,475,10012
1763008143992,1763008144186,194,33298.418194594604,3.3258507985012584,476,10012
1763008144056,1763008144248,192,33298.418194594604,3.3258507985012584,477,10012
1763008144120,1763008144310,190,32632.884882897306,3.2593772356070017,478,10012
1763008144183,1763008144387,204,32632.884882897306,3.2593772356070017,479,10012
1763008144245,1763008144449,204,32632.884882897306,3.2593772356070017,480,10012
1763008144307,1763008144510,203,32113.507906317845,3.2075017884856014,481,10012
1763008144368,1763008144572,204,32113.507906317845,3.2075017884856014,482,10012
1763008144429,1763008144619,190,32113.507906317845,3.2075017884856014,483,10012
1763008144491,1763008144682,191,31689.696293429006,3.1651714236345385,484,10012
1763008144557,1763008144745,188,31689.696293429006,3.1651714236345385,485,10012
1763008144616,1763008144807,191,31689.696293429006,3.1651714236345385,486,10012
1763008144680,1763008144886,206,31353.995945862916,3.1316416246367274,487,10012
1763008144742,1763008144933,191,31353.995945862916,3.1316416246367274,488,10012
1763008144806,1763008144996,190,31353.995945862916,3.1316416246367274,489,10012
1763008144868,1763008145060,192,31353.995945862916,3.1316416246367274,490,10012
1763008144934,1763008145123,189,33144.96078101516,3.3105234499615617,491,10012
1763008144994,1763008145186,192,33144.96078101516,3.3105234499615617,492,10012
1763008145058,1763008145249,191,33144.96078101516,3.3105234499615617,493,10012
1763008145121,1763008145312,191,32510.732781688064,3.2471766661694033,494,10012
1763008145183,1763008145373,190,32510.732781688064,3.2471766661694033,495,10012
1763008145247,1763008145436,189,32510.732781688064,3.2471766661694033,496,10012
1763008145309,1763008145500,191,32005.8872942237,3.196752626270845,497,10012
1763008145370,1763008145562,192,32005.8872942237,3.196752626270845,498,10012
1763008145434,1763008145625,191,32005.8872942237,3.196752626270845,499,10012
1763008145497,1763008145689,192,32005.8872942237,3.196752626270845,500,10012
1763008145560,1763008145752,192,33654.52039890784,3.361418337885322,501,10012
1763008145623,1763008145815,192,33654.52039890784,3.361418337885322,502,10012
1763008145687,1763008145877,190,33654.52039890784,3.361418337885322,503,10012
1763008145749,1763008145940,191,32916.34223753064,3.2876889969567165,504,10012
1763008145811,1763008146002,191,32916.34223753064,3.2876889969567165,505,10012
1763008145874,1763008146079,205,32916.34223753064,3.2876889969567165,506,10012
1763008145937,1763008146127,190,32331.63276331192,3.229288130574503,507,10012
1763008145999,1763008146191,192,32331.63276331192,3.229288130574503,508,10012
1763008146061,1763008146253,192,32331.63276331192,3.229288130574503,509,10012
1763008146125,1763008146316,191,31863.32367959629,3.1825133519373043,510,10012
1763008146189,1763008146379,190,31863.32367959629,3.1825133519373043,511,10012
1763008146251,1763008146442,191,31863.32367959629,3.1825133519373043,512,10012
1763008146313,1763008146504,191,31863.32367959629,3.1825133519373043,513,10012
1763008146376,1763008146567,191,33532.99764895865,3.349280628142094,514,10012
1763008146438,1763008146630,192,33532.99764895865,3.349280628142094,515,10012
1763008146501,1763008146693,192,33532.99764895865,3.349280628142094,516,10012
1763008146563,1763008146755,192,32819.61012857108,3.278027380001107,517,10012
1763008146627,1763008146818,191,32819.61012857108,3.278027380001107,518,10012
1763008146690,1763008146880,190,32819.61012857108,3.278027380001107,519,10012
1763008146753,1763008146943,190,32251.75366234258,3.221309794480881,520,10012
1763008146815,1763008147006,191,32251.75366234258,3.221309794480881,521,10012
1763008146878,1763008147083,205,32251.75366234258,3.221309794480881,522,10012
1763008146941,1763008147130,189,31801.955668887036,3.176383906201262,523,10012
1763008147002,1763008147194,192,31801.955668887036,3.176383906201262,524,10012
1763008147065,1763008147257,192,31801.955668887036,3.176383906201262,525,10012
1763008147128,1763008147321,193,31801.955668887036,3.176383906201262,526,10012
1763008147192,1763008147385,193,33508.88684542742,3.3468724376176007,527,10012
1763008147255,1763008147449,194,33508.88684542742,3.3468724376176007,528,10012
1763008147319,1763008147511,192,33508.88684542742,3.3468724376176007,529,10012
1763008147383,1763008147573,190,32800.417928960225,3.27611046034361,530,10012
1763008147451,1763008147637,186,32800.417928960225,3.27611046034361,531,10012
1763008147507,1763008147700,193,32800.417928960225,3.27611046034361,532,10012
1763008147571,1763008147766,195,32175.659477015215,3.2137094963059543,533,10012
1763008147635,1763008147835,200,32175.659477015215,3.2137094963059543,534,10012
1763008147698,1763008147890,192,32175.659477015215,3.2137094963059543,535,10012
1763008147782,1763008147983,201,31717.77234893396,3.1679756640964802,536,10012
1763008147836,1763008148029,193,31717.77234893396,3.1679756640964802,537,10012
1763008147888,1763008148091,203,31717.77234893396,3.1679756640964802,538,10012
1763008147952,1763008148138,186,31717.77234893396,3.1679756640964802,539,10012
1763008148018,1763008148201,183,33417.13878975143,3.337708628620798,540,10012
1763008148073,1763008148264,191,33417.13878975143,3.337708628620798,541,10012
1763008148136,1763008148327,191,33417.13878975143,3.337708628620798,542,10012
1763008148198,1763008148389,191,32727.386476642136,3.268816068382155,543,10012
1763008148262,1763008148452,190,32727.386476642136,3.268816068382155,544,10012
1763008148328,1763008148515,187,32727.386476642136,3.268816068382155,545,10012
1763008148406,1763008148593,187,32178.34363540714,3.2139775904321954,546,10012
1763008148511,1763008148704,193,32178.34363540714,3.2139775904321954,547,10012
1763008148594,1763008148782,188,32178.34363540714,3.2139775904321954,548,10012
1763008148656,1763008148845,189,31741.30553378408,3.1703261619840277,549,10012
1763008148716,1763008148909,193,31741.30553378408,3.1703261619840277,550,10012
1763008148785,1763008148971,186,31741.30553378408,3.1703261619840277,551,10012
1763008148846,1763008149035,189,31390.012593824562,3.135238972615318,552,10012
1763008148906,1763008149097,191,31390.012593824562,3.135238972615318,553,10012
1763008148970,1763008149161,191,31390.012593824562,3.135238972615318,554,10012
1763008149032,1763008149224,192,31112.440012090527,3.1075149832291777,555,10012
1763008149095,1763008149287,192,31112.440012090527,3.1075149832291777,556,10012
1763008149159,1763008149350,191,31112.440012090527,3.1075149832291777,557,10012
1763008149222,1763008149413,191,30892.84624962406,3.0855819266504256,558,10012
1763008149284,1763008149476,192,30892.84624962406,3.0855819266504256,559,10012
1763008149347,1763008149540,193,30892.84624962406,3.0855819266504256,560,10012
1763008149410,1763008149602,192,30892.84624962406,3.0855819266504256,561,10012
1763008149474,1763008149665,191,32778.80792220151,3.273952049760438,562,10012
1763008149537,1763008149728,191,32778.80792220151,3.273952049760438,563,10012
1763008149599,1763008149791,192,32778.80792220151,3.273952049760438,564,10012
1763008149661,1763008149853,192,32222.0179139946,3.218339783659069,565,10012
1763008149726,1763008149917,191,32222.0179139946,3.218339783659069,566,10012
1763008149787,1763008149981,194,32222.0179139946,3.218339783659069,567,10012
1763008149851,1763008150044,193,31769.51220579772,3.1731434484416416,568,10012
1763008149914,1763008150107,193,31769.51220579772,3.1731434484416416,569,10012
1763008149978,1763008150169,191,31769.51220579772,3.1731434484416416,570,10012
1763008150042,1763008150233,191,31414.142203609186,3.137649041511105,571,10012
1763008150104,1763008150297,193,31414.142203609186,3.137649041511105,572,10012
1763008150167,1763008150359,192,31414.142203609186,3.137649041511105,573,10012
1763008150231,1763008150422,191,31414.142203609186,3.137649041511105,574,10012
1763008150293,1763008150485,192,33175.44919407291,3.3135686370428394,575,10012
1763008150356,1763008150549,193,33175.44919407291,3.3135686370428394,576,10012
1763008150419,1763008150613,194,33175.44919407291,3.3135686370428394,577,10012
1763008150484,1763008150677,193,32522.44376170575,3.248346360537929,578,10012
1763008150547,1763008150741,194,32522.44376170575,3.248346360537929,579,10012
1763008150611,1763008150804,193,32522.44376170575,3.248346360537929,580,10012
1763008150675,1763008150868,193,32007.749903032658,3.1969386639065775,581,10012
1763008150738,1763008150930,192,32007.749903032658,3.1969386639065775,582,10012
1763008150802,1763008150993,191,32007.749903032658,3.1969386639065775,583,10012
1763008150865,1763008151056,191,31605.512922813996,3.1567631764696356,584,10012
1763008150928,1763008151118,190,31605.512922813996,3.1567631764696356,585,10012
1763008150990,1763008151196,206,31605.512922813996,3.1567631764696356,586,10012
1763008151053,1763008151243,190,31605.512922813996,3.1567631764696356,587,10012
1763008151115,1763008151307,192,33319.33779948275,3.3279402516462997,588,10012
1763008151178,1763008151371,193,33319.33779948275,3.3279402516462997,589,10012
1763008151241,1763008151434,193,33319.33779948275,3.3279402516462997,590,10012
1763008151305,1763008151498,193,32639.686874989824,3.260056619555516,591,10012
1763008151368,1763008151560,192,32639.686874989824,3.260056619555516,592,10012
1763008151432,1763008151623,191,32639.686874989824,3.260056619555516,593,10012
1763008151495,1763008151686,191,32108.5347524919,3.2070050691661907,594,10012
1763008151558,1763008151749,191,32108.5347524919,3.2070050691661907,595,10012
1763008151621,1763008151812,191,32108.5347524919,3.2070050691661907,596,10012
1763008151684,1763008151874,190,31685.737662983553,3.164776035056288,597,10012
1763008151746,1763008151937,191,31685.737662983553,3.164776035056288,598,10012
1763008151809,1763008151998,189,31685.737662983553,3.164776035056288,599,10012
1763008151872,1763008152076,204,31355.790130386842,3.13182082804503,600,10012
1763008151933,1763008152137,204,31355.790130386842,3.13182082804503,601,10012
1763008151995,1763008152198,203,31355.790130386842,3.13182082804503,602,10012
1763008152057,1763008152261,204,31355.790130386842,3.13182082804503,603,10012
1763008152118,1763008152308,190,33111.6165240487,3.307193020779934,604,10012
1763008152179,1763008152369,190,33111.6165240487,3.307193020779934,605,10012
1763008152243,1763008152432,189,33111.6165240487,3.307193020779934,606,10012
1763008152304,1763008152495,191,32487.266369666817,3.2448328375616073,607,10012
1763008152368,1763008152558,190,32487.266369666817,3.2448328375616073,608,10012
1763008152429,1763008152620,191,32487.266369666817,3.2448328375616073,609,10012
1763008152492,1763008152683,191,31987.208030254787,3.1948869386990393,610,10012
1763008152555,1763008152746,191,31987.208030254787,3.1948869386990393,611,10012
1763008152617,1763008152809,192,31987.208030254787,3.1948869386990393,612,10012
1763008152681,1763008152872,191,31987.208030254787,3.1948869386990393,613,10012
1763008152743,1763008152934,191,33639.67038405256,3.3599351162657363,614,10012
1763008152807,1763008152997,190,33639.67038405256,3.3599351162657363,615,10012
1763008152870,1763008153060,190,33639.67038405256,3.3599351162657363,616,10012
1763008152932,1763008153123,191,32908.12529608989,3.2868682876637916,617,10012
1763008152993,1763008153185,192,32908.12529608989,3.2868682876637916,618,10012
1763008153057,1763008153248,191,32908.12529608989,3.2868682876637916,619,10012
1763008153119,1763008153312,193,32322.211735687553,3.228347156980378,620,10012
1763008153183,1763008153375,192,32322.211735687553,3.228347156980378,621,10012
1763008153245,1763008153437,192,32322.211735687553,3.228347156980378,622,10012
1763008153308,1763008153500,192,31855.824541607293,3.181764336956381,623,10012
1763008153371,1763008153561,190,31855.824541607293,3.181764336956381,624,10012
1763008153434,1763008153624,190,31855.824541607293,3.181764336956381,625,10012
1763008153497,1763008153687,190,31855.824541607293,3.181764336956381,626,10012
1763008153564,1763008153749,185,33518.83615966101,3.3478661765542355,627,10012
1763008153622,1763008153813,191,33518.83615966101,3.3478661765542355,628,10012
1763008153684,1763008153876,192,33518.83615966101,3.3478661765542355,629,10012
1763008153747,1763008153939,192,32804.854746930505,3.276553610360617,630,10012
1763008153811,1763008154002,191,32804.854746930505,3.276553610360617,631,10012
1763008153874,1763008154064,190,32804.854746930505,3.276553610360617,632,10012
1763008153936,1763008154127,191,32242.777233303612,3.2204132274574118,633,10012
1763008153999,1763008154189,190,32242.777233303612,3.2204132274574118,634,10012
1763008154062,1763008154251,189,32242.777233303612,3.2204132274574118,635,10012
1763008154124,1763008154315,191,31790.387900476373,3.175228515828642,636,10012
1763008154186,1763008154377,191,31790.387900476373,3.175228515828642,637,10012
1763008154249,1763008154441,192,31790.387900476373,3.175228515828642,638,10012
1763008154312,1763008154503,191,31790.387900476373,3.175228515828642,639,10012
1763008154375,1763008154566,191,33466.68315667967,3.342657127115428,640,10012
1763008154438,1763008154628,190,33466.68315667967,3.342657127115428,641,10012
1763008154500,1763008154691,191,33466.68315667967,3.342657127115428,642,10012
1763008154563,1763008154754,191,32766.823792717016,3.272755073183881,643,10012
1763008154627,1763008154817,190,32766.823792717016,3.272755073183881,644,10012
1763008154688,1763008154879,191,32766.823792717016,3.272755073183881,645,10012
1763008154752,1763008154958,206,32209.735739002746,3.2171130382543693,646,10012
1763008154813,1763008155005,192,32209.735739002746,3.2171130382543693,647,10012
1763008154876,1763008155068,192,32209.735739002746,3.2171130382543693,648,10012
1763008154940,1763008155131,191,31764.119912507183,3.1726048654122234,649,10012
1763008155002,1763008155194,192,31764.119912507183,3.1726048654122234,650,10012
1763008155066,1763008155257,191,31764.119912507183,3.1726048654122234,651,10012
1763008155129,1763008155320,191,31764.119912507183,3.1726048654122234,652,10012
1763008155192,1763008155382,190,33445.74757026823,3.340566077733542,653,10012
1763008155254,1763008155443,189,33445.74757026823,3.340566077733542,654,10012
1763008155316,1763008155506,190,33445.74757026823,3.340566077733542,655,10012
1763008155378,1763008155569,191,32753.568813503778,3.271431163953633,656,10012
1763008155441,1763008155631,190,32753.568813503778,3.271431163953633,657,10012
1763008155504,1763008155694,190,32753.568813503778,3.271431163953633,658,10012
1763008155565,1763008155756,191,32201.902344362512,3.2163306376710454,659,10012
1763008155628,1763008155818,190,32201.902344362512,3.2163306376710454,660,10012
1763008155691,1763008155880,189,32201.902344362512,3.2163306376710454,661,10012
1763008155754,1763008155943,189,31764.390070801284,3.1726318488614944,662,10012
1763008155815,1763008156006,191,31764.390070801284,3.1726318488614944,663,10012
1763008155878,1763008156068,190,31764.390070801284,3.1726318488614944,664,10012
1763008155941,1763008156130,189,31764.390070801284,3.1726318488614944,665,10012
1763008156007,1763008156194,187,33454.246496357824,3.3414149516937495,666,10012
1763008156065,1763008156257,192,33454.246496357824,3.3414149516937495,667,10012
1763008156128,1763008156320,192,33454.246496357824,3.3414149516937495,668,10012
1763008156192,1763008156382,190,32756.924211100828,3.2717663015482246,669,10012
1763008156255,1763008156445,190,32756.924211100828,3.2717663015482246,670,10012
1763008156317,1763008156508,191,32756.924211100828,3.2717663015482246,671,10012
1763008156380,1763008156571,191,32199.13474782516,3.2160542097308387,672,10012
1763008156442,1763008156634,192,32199.13474782516,3.2160542097308387,673,10012
1763008156505,1763008156697,192,32199.13474782516,3.2160542097308387,674,10012
1763008156568,1763008156761,193,31755.692124521003,3.171763096736017,675,10012
1763008156631,1763008156824,193,31755.692124521003,3.171763096736017,676,10012
1763008156694,1763008156885,191,31755.692124521003,3.171763096736017,677,10012
1763008156757,1763008156948,191,31755.692124521003,3.171763096736017,678,10012
1763008156820,1763008157012,192,33447.32293111872,3.3407234250018694,679,10012
1763008156883,1763008157075,192,33447.32293111872,3.3407234250018694,680,10012
1763008156946,1763008157138,192,33447.32293111872,3.3407234250018694,681,10012
1763008157009,1763008157199,190,32754.824376101617,3.27155656972649,682,10012
1763008157072,1763008157277,205,32754.824376101617,3.27155656972649,683,10012
1763008157135,1763008157340,205,32754.824376101617,3.27155656972649,684,10012
1763008157196,1763008157387,191,32202.90302775299,3.2164305860720126,685,10012
1763008157259,1763008157449,190,32202.90302775299,3.2164305860720126,686,10012
1763008157320,1763008157512,192,32202.90302775299,3.2164305860720126,687,10012
1763008157383,1763008157574,191,31763.02171311913,3.172495177099394,688,10012
1763008157446,1763008157635,189,31763.02171311913,3.172495177099394,689,10012
1763008157509,1763008157698,189,31763.02171311913,3.172495177099394,690,10012
1763008157570,1763008157761,191,31763.02171311913,3.172495177099394,691,10012
1763008157633,1763008157825,192,33453.15728364283,3.3413061609711177,692,10012
1763008157696,1763008157888,192,33453.15728364283,3.3413061609711177,693,10012
1763008157759,1763008157950,191,33453.15728364283,3.3413061609711177,694,10012
1763008157822,1763008158012,190,32759.474355063336,3.272021010293981,695,10012
1763008157885,1763008158089,204,32759.474355063336,3.272021010293981,696,10012
1763008157947,1763008158136,189,32759.474355063336,3.272021010293981,697,10012
1763008158009,1763008158199,190,32206.60906098548,3.216800745204303,698,10012
1763008158070,1763008158263,193,32206.60906098548,3.216800745204303,699,10012
1763008158133,1763008158326,193,32206.60906098548,3.216800745204303,700,10012
1763008158196,1763008158387,191,31765.975421605428,3.1727901939278293,701,10012
1763008158259,1763008158450,191,31765.975421605428,3.1727901939278293,702,10012
1763008158323,1763008158513,190,31765.975421605428,3.1727901939278293,703,10012
1763008158384,1763008158576,192,31765.975421605428,3.1727901939278293,704,10012
1763008158447,1763008158638,191,33463.790460176315,3.342368204172624,705,10012
1763008158510,1763008158700,190,33463.790460176315,3.342368204172624,706,10012
1763008158573,1763008158763,190,33463.790460176315,3.342368204172624,707,10012
1763008158635,1763008158826,191,32767.948996760522,3.2728674587255813,708,10012
1763008158698,1763008158887,189,32767.948996760522,3.2728674587255813,709,10012
1763008158760,1763008158964,204,32767.948996760522,3.2728674587255813,710,10012
1763008158823,1763008159026,203,32221.559197408416,3.218293966980465,711,10012
1763008158884,1763008159074,190,32221.559197408416,3.218293966980465,712,10012
1763008158945,1763008159137,192,32221.559197408416,3.218293966980465,713,10012
1763008159008,1763008159200,192,31771.334002742282,3.1733254097824894,714,10012
1763008159071,1763008159263,192,31771.334002742282,3.1733254097824894,715,10012
1763008159135,1763008159325,190,31771.334002742282,3.1733254097824894,716,10012
1763008159198,1763008159388,190,31771.334002742282,3.1733254097824894,717,10012
1763008159260,1763008159451,191,33459.773866182855,3.3419670261868615,718,10012
1763008159323,1763008159515,192,33459.773866182855,3.3419670261868615,719,10012
1763008159387,1763008159579,192,33459.773866182855,3.3419670261868615,720,10012
1763008159449,1763008159643,194,32751.052675883006,3.271179851766181,721,10012
1763008159513,1763008159705,192,32751.052675883006,3.271179851766181,722,10012
1763008159577,1763008159767,190,32751.052675883006,3.271179851766181,723,10012
1763008159640,1763008159829,189,32202.61203535464,3.2164015217094124,724,10012
1763008159702,1763008159893,191,32202.61203535464,3.2164015217094124,725,10012
1763008159765,1763008159956,191,32202.61203535464,3.2164015217094124,726,10012
1763008159828,1763008160019,191,31758.45656810694,3.172039209758983,727,10012
1763008159890,1763008160081,191,31758.45656810694,3.172039209758983,728,10012
1763008159953,1763008160144,191,31758.45656810694,3.172039209758983,729,10012
1763008160016,1763008160206,190,31758.45656810694,3.172039209758983,730,10012
1763008160078,1763008160268,190,33432.944341349335,3.339287289387668,731,10012
1763008160141,1763008160330,189,33432.944341349335,3.339287289387668,732,10012
1763008160202,1763008160393,191,33432.944341349335,3.339287289387668,733,10012
1763008160265,1763008160456,191,32743.36464005542,3.2704119696419713,734,10012
1763008160328,1763008160518,190,32743.36464005542,3.2704119696419713,735,10012
1763008160390,1763008160581,191,32743.36464005542,3.2704119696419713,736,10012
1763008160453,1763008160643,190,32191.062253484117,3.215247927835009,737,10012
1763008160515,1763008160706,191,32191.062253484117,3.215247927835009,738,10012
1763008160578,1763008160770,192,32191.062253484117,3.215247927835009,739,10012
1763008160641,1763008160832,191,31751.429553773356,3.171337350556667,740,10012
1763008160704,1763008160894,190,31751.429553773356,3.171337350556667,741,10012
1763008160767,1763008160957,190,31751.429553773356,3.171337350556667,742,10012
1763008160829,1763008161020,191,31751.429553773356,3.171337350556667,743,10012
1763008160892,1763008161082,190,33435.633354357364,3.3395558683936635,744,10012
1763008160955,1763008161146,191,33435.633354357364,3.3395558683936635,745,10012
1763008161017,1763008161209,192,33435.633354357364,3.3395558683936635,746,10012
1763008161080,1763008161272,192,32735.308883359747,3.269607359504569,747,10012
1763008161143,1763008161335,192,32735.308883359747,3.269607359504569,748,10012
1763008161206,1763008161397,191,32735.308883359747,3.269607359504569,749,10012
1763008161269,1763008161459,190,32190.04848892108,3.215146672884646,750,10012
1763008161331,1763008161522,191,32190.04848892108,3.215146672884646,751,10012
1763008161393,1763008161584,191,32190.04848892108,3.215146672884646,752,10012
1763008161455,1763008161647,192,31750.62259718118,3.1712567516161783,753,10012
1763008161518,1763008161709,191,31750.62259718118,3.1712567516161783,754,10012
1763008161580,1763008161772,192,31750.62259718118,3.1712567516161783,755,10012
1763008161644,1763008161835,191,31750.62259718118,3.1712567516161783,756,10012
1763008161707,1763008161897,190,33443.28758735622,3.340320374286478,757,10012
1763008161770,1763008161959,189,33443.28758735622,3.340320374286478,758,10012
1763008161833,1763008162022,189,33443.28758735622,3.340320374286478,759,10012
1763008161894,1763008162085,191,32751.60820712291,3.271235338306323,760,10012
1763008161957,1763008162147,190,32751.60820712291,3.271235338306323,761,10012
1763008162019,1763008162210,191,32751.60820712291,3.271235338306323,762,10012
1763008162082,1763008162273,191,32197.624132869838,3.215903329291833,763,10012
1763008162144,1763008162336,192,32197.624132869838,3.215903329291833,764,10012
1763008162208,1763008162399,191,32197.624132869838,3.215903329291833,765,10012
1763008162270,1763008162462,192,31756.65280976439,3.171859050116299,766,10012
1763008162333,1763008162524,191,31756.65280976439,3.171859050116299,767,10012
1763008162397,1763008162586,189,31756.65280976439,3.171859050116299,768,10012
1763008162458,1763008162649,191,31756.65280976439,3.171859050116299,769,10012
1763008162522,1763008162712,190,33439.79628938222,3.3399716629426903,770,10012
1763008162584,1763008162774,190,33439.79628938222,3.3399716629426903,771,10012
1763008162647,1763008162850,203,33439.79628938222,3.3399716629426903,772,10012
1763008162709,1763008162898,189,32752.22943892701,3.271297387028267,773,10012
1763008162770,1763008162962,192,32752.22943892701,3.271297387028267,774,10012
1763008162832,1763008163024,192,32752.22943892701,3.271297387028267,775,10012
1763008162896,1763008163086,190,32200.834862824828,3.2162240174615286,776,10012
1763008162958,1763008163148,190,32200.834862824828,3.2162240174615286,777,10012
1763008163021,1763008163210,189,32200.834862824828,3.2162240174615286,778,10012
1763008163083,1763008163273,190,31759.208550808562,3.1721143178993767,779,10012
1763008163145,1763008163337,192,31759.208550808562,3.1721143178993767,780,10012
1763008163208,1763008163399,191,31759.208550808562,3.1721143178993767,781,10012
1763008163271,1763008163462,191,31759.208550808562,3.1721143178993767,782,10012
1763008163334,1763008163525,191,33450.12200644361,3.341002997047904,783,10012
1763008163396,1763008163588,192,33450.12200644361,3.341002997047904,784,10012
1763008163459,1763008163649,190,33450.12200644361,3.341002997047904,785,10012
1763008163523,1763008163712,189,32757.05523913556,3.2717793886471793,786,10012
1763008163585,1763008163774,189,32757.05523913556,3.2717793886471793,787,10012
1763008163647,1763008163851,204,32757.05523913556,3.2717793886471793,788,10012
1763008163709,1763008163898,189,32207.402080830176,3.216879952140449,789,10012
1763008163771,1763008163960,189,32207.402080830176,3.216879952140449,790,10012
1763008163833,1763008164038,205,32207.402080830176,3.216879952140449,791,10012
1763008163895,1763008164086,191,31766.60745842165,3.172853321855938,792,10012
1763008163957,1763008164149,192,31766.60745842165,3.172853321855938,793,10012
1763008164020,1763008164212,192,31766.60745842165,3.172853321855938,794,10012
1763008164083,1763008164274,191,31766.60745842165,3.172853321855938,795,10012
1763008164146,1763008164336,190,33456.011536903636,3.3415912441973266,796,10012
1763008164209,1763008164400,191,33456.011536903636,3.3415912441973266,797,10012
1763008164271,1763008164461,190,33456.011536903636,3.3415912441973266,798,10012
1763008164334,1763008164524,190,32761.749194912198,3.272248221625269,799,10012
1763008164396,1763008164586,190,32761.749194912198,3.272248221625269,800,10012
1763008164459,1763008164648,189,32761.749194912198,3.272248221625269,801,10012
1763008164521,1763008164711,190,32208.42210834502,3.2169818326353394,802,10012
1763008164583,1763008164773,190,32208.42210834502,3.2169818326353394,803,10012
1763008164646,1763008164835,189,32208.42210834502,3.2169818326353394,804,10012
1763008164708,1763008164897,189,31771.76526456767,3.173368484275636,805,10012
1763008164770,1763008164975,205,31771.76526456767,3.173368484275636,806,10012
1763008164832,1763008165022,190,31771.76526456767,3.173368484275636,807,10012
1763008164894,1763008165085,191,31771.76526456767,3.173368484275636,808,10012
1763008164957,1763008165147,190,33460.11715059587,3.342001313483406,809,10012
1763008165020,1763008165210,190,33460.11715059587,3.342001313483406,810,10012
1763008165083,1763008165272,189,33460.11715059587,3.342001313483406,811,10012
1763008165144,1763008165335,191,32765.021369024907,3.2725750468462746,812,10012
1763008165207,1763008165397,190,32765.021369024907,3.2725750468462746,813,10012
1763008165269,1763008165458,189,32765.021369024907,3.2725750468462746,814,10012
1763008165332,1763008165521,189,32213.759052481877,3.2175148873833272,815,10012
1763008165393,1763008165583,190,32213.759052481877,3.2175148873833272,816,10012
1763008165456,1763008165646,190,32213.759052481877,3.2175148873833272,817,10012
1763008165518,1763008165708,190,31771.673964828056,3.173359365244512,818,10012
1763008165580,1763008165771,191,31771.673964828056,3.173359365244512,819,10012
1763008165643,1763008165835,192,31771.673964828056,3.173359365244512,820,10012
1763008165706,1763008165897,191,31771.673964828056,3.173359365244512,821,10012
1763008165769,1763008165974,205,33443.49182393279,3.3403407734651207,822,10012
1763008165832,1763008166036,204,33443.49182393279,3.3403407734651207,823,10012
1763008165893,1763008166083,190,33443.49182393279,3.3403407734651207,824,10012
1763008165956,1763008166146,190,32748.3634918505,3.2709112556782363,825,10012
1763008166018,1763008166208,190,32748.3634918505,3.2709112556782363,826,10012
1763008166080,1763008166271,191,32748.3634918505,3.2709112556782363,827,10012
1763008166142,1763008166334,192,32195.041339512998,3.215645359519876,828,10012
1763008166206,1763008166397,191,32195.041339512998,3.215645359519876,829,10012
1763008166269,1763008166461,192,32195.041339512998,3.215645359519876,830,10012
1763008166332,1763008166523,191,31752.437864912834,3.1714380608183013,831,10012
1763008166394,1763008166586,192,31752.437864912834,3.1714380608183013,832,10012
1763008166459,1763008166649,190,31752.437864912834,3.1714380608183013,833,10012
1763008166521,1763008166713,192,31752.437864912834,3.1714380608183013,834,10012
1763008166583,1763008166775,192,33444.73254047061,3.340464696411368,835,10012
1763008166647,1763008166838,191,33444.73254047061,3.340464696411368,836,10012
1763008166710,1763008166900,190,33444.73254047061,3.340464696411368,837,10012
1763008166773,1763008166964,191,32745.942369674136,3.2706694336470377,838,10012
1763008166835,1763008167026,191,32745.942369674136,3.2706694336470377,839,10012
1763008166899,1763008167089,190,32745.942369674136,3.2706694336470377,840,10012
1763008166961,1763008167152,191,32195.824068630285,3.215723538616689,841,10012
1763008167024,1763008167214,190,32195.824068630285,3.215723538616689,842,10012
1763008167086,1763008167277,191,32195.824068630285,3.215723538616689,843,10012
1763008167148,1763008167341,193,31750.900310492445,3.171284489661651,844,10012
1763008167212,1763008167403,191,31750.900310492445,3.171284489661651,845,10012
1763008167275,1763008167466,191,31750.900310492445,3.171284489661651,846,10012
1763008167338,1763008167528,190,31750.900310492445,3.171284489661651,847,10012
1763008167401,1763008167591,190,33426.91444777297,3.338685022749998,848,10012
1763008167463,1763008167653,190,33426.91444777297,3.338685022749998,849,10012
1763008167525,1763008167716,191,33426.91444777297,3.338685022749998,850,10012
1763008167587,1763008167778,191,32738.558814875058,3.2699319631317483,851,10012
1763008167650,1763008167842,192,32738.558814875058,3.2699319631317483,852,10012
1763008167713,1763008167905,192,32738.558814875058,3.2699319631317483,853,10012
1763008167776,1763008167969,193,32179.12914019592,3.2140560467634764,854,10012
1763008167839,1763008168032,193,32179.12914019592,3.2140560467634764,855,10012
1763008167902,1763008168095,193,32179.12914019592,3.2140560467634764,856,10012
1763008167967,1763008168159,192,31737.644537315562,3.1699605011302,857,10012
1763008168029,1763008168222,193,31737.644537315562,3.1699605011302,858,10012
1763008168093,1763008168284,191,31737.644537315562,3.1699605011302,859,10012
1763008168157,1763008168348,191,31737.644537315562,3.1699605011302,860,10012
1763008168219,1763008168412,193,33441.26740716587,3.340118598398509,861,10012
1763008168282,1763008168473,191,33441.26740716587,3.340118598398509,862,10012
1763008168345,1763008168535,190,33441.26740716587,3.340118598398509,863,10012
1763008168408,1763008168613,205,32756.808658325528,3.2717547601204084,864,10012
1763008168470,1763008168659,189,32756.808658325528,3.2717547601204084,865,10012
1763008168531,1763008168722,191,32756.808658325528,3.2717547601204084,866,10012
1763008168594,1763008168784,190,32204.484500685445,3.2165885438159654,867,10012
1763008168657,1763008168846,189,32204.484500685445,3.2165885438159654,868,10012
1763008168719,1763008168909,190,32204.484500685445,3.2165885438159654,869,10012
1763008168781,1763008168972,191,31762.113662545613,3.1724044808775083,870,10012
1763008168843,1763008169035,192,31762.113662545613,3.1724044808775083,871,10012
1763008168907,1763008169096,189,31762.113662545613,3.1724044808775083,872,10012
1763008168969,1763008169160,191,31762.113662545613,3.1724044808775083,873,10012
1763008169031,1763008169223,192,33444.148589048855,3.340406371259374,874,10012
1763008169094,1763008169285,191,33444.148589048855,3.340406371259374,875,10012
1763008169159,1763008169347,188,33444.148589048855,3.340406371259374,876,10012
1763008169221,1763008169410,189,32752.294425471937,3.2713038778937213,877,10012
1763008169282,1763008169472,190,32752.294425471937,3.2713038778937213,878,10012
1763008169344,1763008169535,191,32752.294425471937,3.2713038778937213,879,10012
1763008169407,1763008169597,190,32200.886657101135,3.216229190681296,880,10012
1763008169469,1763008169659,190,32200.886657101135,3.216229190681296,881,10012
1763008169532,1763008169722,190,32200.886657101135,3.216229190681296,882,10012
1763008169595,1763008169785,190,31763.579552366704,3.172550894163674,883,10012
1763008169657,1763008169853,196,31763.579552366704,3.172550894163674,884,10012
1763008169719,1763008169924,205,31763.579552366704,3.172550894163674,885,10012
1763008169781,1763008169972,191,31763.579552366704,3.172550894163674,886,10012
1763008169843,1763008170036,193,33461.88574413153,3.3421779608601208,887,10012
1763008169906,1763008170099,193,33461.88574413153,3.3421779608601208,888,10012
1763008169969,1763008170162,193,33461.88574413153,3.3421779608601208,889,10012
1763008170032,1763008170225,193,32759.579166584565,3.272031478883796,890,10012
1763008170095,1763008170288,193,32759.579166584565,3.272031478883796,891,10012
1763008170159,1763008170352,193,32759.579166584565,3.272031478883796,892,10012
1763008170223,1763008170414,191,32201.24543743473,3.2162650257126177,893,10012
1763008170286,1763008170477,191,32201.24543743473,3.2162650257126177,894,10012
1763008170349,1763008170540,191,32201.24543743473,3.2162650257126177,895,10012
1763008170411,1763008170604,193,31755.204877323176,3.1717144304158187,896,10012
1763008170474,1763008170667,193,31755.204877323176,3.1717144304158187,897,10012
1763008170537,1763008170730,193,31755.204877323176,3.1717144304158187,898,10012
1763008170602,1763008170794,192,31755.204877323176,3.1717144304158187,899,10012
1763008170664,1763008170857,193,33455.22787747192,3.341512972180576,900,10012
1763008170728,1763008170919,191,33455.22787747192,3.341512972180576,901,10012
1763008170791,1763008170983,192,33455.22787747192,3.341512972180576,902,10012
1763008170855,1763008171046,191,32754.28616259018,3.2715028128835577,903,10012
1763008170917,1763008171109,192,32754.28616259018,3.2715028128835577,904,10012
1763008170979,1763008171173,194,32754.28616259018,3.2715028128835577,905,10012
1763008171043,1763008171235,192,32199.75578542178,3.216116239055312,906,10012
1763008171106,1763008171297,191,32199.75578542178,3.216116239055312,907,10012
1763008171169,1763008171360,191,32199.75578542178,3.216116239055312,908,10012
1763008171231,1763008171424,193,31756.185849410314,3.171812410048973,909,10012
1763008171294,1763008171486,192,31756.185849410314,3.171812410048973,910,10012
1763008171357,1763008171548,191,31756.185849410314,3.171812410048973,911,10012
1763008171421,1763008171611,190,31756.185849410314,3.171812410048973,912,10012
1763008171483,1763008171674,191,33439.42412198002,3.3399344908090316,913,10012
1763008171546,1763008171737,191,33439.42412198002,3.3399344908090316,914,10012
1763008171609,1763008171800,191,33439.42412198002,3.3399344908090316,915,10012
1763008171671,1763008171864,193,32738.318752852134,3.269907985702371,916,10012
1763008171733,1763008171927,194,32738.318752852134,3.269907985702371,917,10012
1763008171797,1763008171989,192,32738.318752852134,3.269907985702371,918,10012
1763008171862,1763008172051,189,32189.74804602315,3.21511666460479,919,10012
1763008171923,1763008172113,190,32189.74804602315,3.21511666460479,920,10012
1763008171985,1763008172176,191,32189.74804602315,3.21511666460479,921,10012
1763008172048,1763008172239,191,31750.383444634426,3.171232865025413,922,10012
1763008172109,1763008172303,194,31750.383444634426,3.171232865025413,923,10012
1763008172174,1763008172366,192,31750.383444634426,3.171232865025413,924,10012
1763008172236,1763008172428,192,31750.383444634426,3.171232865025413,925,10012
1763008172300,1763008172490,190,33443.097221929005,3.3403013605602285,926,10012
1763008172364,1763008172568,204,33443.097221929005,3.3403013605602285,927,10012
1763008172426,1763008172615,189,33443.097221929005,3.3403013605602285,928,10012
1763008172488,1763008172692,204,32758.270680321275,3.2719007870876227,929,10012
1763008172550,1763008172755,205,32758.270680321275,3.2719007870876227,930,10012
1763008172611,1763008172801,190,32758.270680321275,3.2719007870876227,931,10012
1763008172673,1763008172864,191,32205.649732216058,3.216704927308835,932,10012
1763008172735,1763008172927,192,32205.649732216058,3.216704927308835,933,10012
1763008172799,1763008172991,192,32205.649732216058,3.216704927308835,934,10012
1763008172861,1763008173054,193,31758.70188737955,3.172063712283215,935,10012
1763008172924,1763008173115,191,31758.70188737955,3.172063712283215,936,10012
1763008172988,1763008173178,190,31758.70188737955,3.172063712283215,937,10012
1763008173050,1763008173242,192,31758.70188737955,3.172063712283215,938,10012
1763008173112,1763008173305,193,33449.71870235412,3.3409627149774392,939,10012
1763008173175,1763008173368,193,33449.71870235412,3.3409627149774392,940,10012
1763008173240,1763008173430,190,33449.71870235412,3.3409627149774392,941,10012
1763008173302,1763008173493,191,32753.32008707388,3.2714063211220417,942,10012
1763008173365,1763008173556,191,32753.32008707388,3.2714063211220417,943,10012
1763008173428,1763008173619,191,32753.32008707388,3.2714063211220417,944,10012
1763008173490,1763008173683,193,32193.55214913666,3.215496618970901,945,10012
1763008173554,1763008173747,193,32193.55214913666,3.215496618970901,946,10012
1763008173617,1763008173811,194,32193.55214913666,3.215496618970901,947,10012
1763008173681,1763008173877,196,31749.09640641451,3.1711043154628955,948,10012
1763008173745,1763008173937,192,31749.09640641451,3.1711043154628955,949,10012
1763008173809,1763008174000,191,31749.09640641451,3.1711043154628955,950,10012
1763008173871,1763008174063,192,31749.09640641451,3.1711043154628955,951,10012
1763008173934,1763008174127,193,33458.670546693116,3.341856826477539,952,10012
1763008173998,1763008174190,192,33458.670546693116,3.341856826477539,953,10012
1763008174060,1763008174255,195,33458.670546693116,3.341856826477539,954,10012
1763008174124,1763008174318,194,32750.17774352764,3.2710924633966885,955,10012
1763008174188,1763008174381,193,32750.17774352764,3.2710924633966885,956,10012
1763008174252,1763008174444,192,32750.17774352764,3.2710924633966885,957,10012
1763008174314,1763008174508,194,32196.485483848002,3.215789600863764,958,10012
1763008174377,1763008174570,193,32196.485483848002,3.215789600863764,959,10012
1763008174441,1763008174646,205,32196.485483848002,3.215789600863764,960,10012
1763008174503,1763008174695,192,31757.906930626858,3.17198431188842,961,10012
1763008174566,1763008174755,189,31757.906930626858,3.17198431188842,962,10012
1763008174627,1763008174818,191,31757.906930626858,3.17198431188842,963,10012
1763008174690,1763008174881,191,31757.906930626858,3.17198431188842,964,10012
1763008174752,1763008174946,194,33449.085916778975,3.3408995122631824,965,10012
1763008174815,1763008175007,192,33449.085916778975,3.3408995122631824,966,10012
1763008174878,1763008175072,194,33449.085916778975,3.3408995122631824,967,10012
1763008174941,1763008175135,194,32745.990217922506,3.270674212736967,968,10012
1763008175005,1763008175199,194,32745.990217922506,3.270674212736967,969,10012
1763008175068,1763008175261,193,32745.990217922506,3.270674212736967,970,10012
1763008175133,1763008175323,190,32190.442223248392,3.2151859991258886,971,10012
1763008175195,1763008175387,192,32190.442223248392,3.2151859991258886,972,10012
1763008175257,1763008175450,193,32190.442223248392,3.2151859991258886,973,10012
1763008175321,1763008175512,191,31748.78156748247,3.1710728693050814,974,10012
1763008175384,1763008175576,192,31748.78156748247,3.1710728693050814,975,10012
1763008175448,1763008175639,191,31748.78156748247,3.1710728693050814,976,10012
1763008175510,1763008175702,192,31748.78156748247,3.1710728693050814,977,10012
1763008175573,1763008175764,191,33450.12134614856,3.3410029310975395,978,10012
1763008175637,1763008175827,190,33450.12134614856,3.3410029310975395,979,10012
1763008175700,1763008175890,190,33450.12134614856,3.3410029310975395,980,10012
1763008175762,1763008175952,190,32757.054712880403,3.271779336084739,981,10012
1763008175824,1763008176014,190,32757.054712880403,3.271779336084739,982,10012
1763008175888,1763008176076,188,32757.054712880403,3.271779336084739,983,10012
1763008175949,1763008176138,189,32207.40166087856,3.216879910195622,984,10012
1763008176011,1763008176202,191,32207.40166087856,3.216879910195622,985,10012
1763008176073,1763008176265,192,32207.40166087856,3.216879910195622,986,10012
1763008176136,1763008176342,206,31768.77852538109,3.1730701683361064,987,10012
1763008176199,1763008176388,189,31768.77852538109,3.1730701683361064,988,10012
1763008176261,1763008176451,190,31768.77852538109,3.1730701683361064,989,10012
1763008176323,1763008176515,192,31768.77852538109,3.1730701683361064,990,10012
1763008176386,1763008176579,193,33474.298149152586,3.3434177136588685,991,10012
1763008176449,1763008176641,192,33474.298149152586,3.3434177136588685,992,10012
1763008176512,1763008176704,192,33474.298149152586,3.3434177136588685,993,10012
1763008176575,1763008176767,192,32769.44702857631,3.2730170823588005,994,10012
1763008176639,1763008176830,191,32769.44702857631,3.2730170823588005,995,10012
1763008176701,1763008176893,192,32769.44702857631,3.2730170823588005,996,10012
1763008176765,1763008176954,189,32214.55728177532,3.217594614639964,997,10012
1763008176828,1763008177017,189,32214.55728177532,3.217594614639964,998,10012
1763008176889,1763008177080,191,32214.55728177532,3.217594614639964,999,10012
1763008176952,1763008177142,190,31770.131596293155,3.173205313253411,1000,10012
1763008177015,1763008177206,191,31770.131596293155,3.173205313253411,1001,10012
1763008177078,1763008177270,192,31770.131596293155,3.173205313253411,1002,10012
1763008177140,1763008177332,192,31770.131596293155,3.173205313253411,1003,10012
1763008177205,1763008177397,192,33475.37248745676,3.3435250187232084,1004,10012
1763008177267,1763008177459,192,33475.37248745676,3.3435250187232084,1005,10012
1763008177330,1763008177522,192,33475.37248745676,3.3435250187232084,1006,10012
1763008177393,1763008177586,193,32770.301127528124,3.2731023898849507,1007,10012
1763008177456,1763008177648,192,32770.301127528124,3.2731023898849507,1008,10012
1763008177520,1763008177711,191,32770.301127528124,3.2731023898849507,1009,10012
1763008177582,1763008177773,191,32215.237998639914,3.217662604738306,1010,10012
1763008177646,1763008177835,189,32215.237998639914,3.217662604738306,1011,10012
1763008177708,1763008177913,205,32215.237998639914,3.217662604738306,1012,10012
1763008177769,1763008177960,191,31772.85268491601,3.1734770959764296,1013,10012
1763008177832,1763008178024,192,31772.85268491601,3.1734770959764296,1014,10012
1763008177894,1763008178087,193,31772.85268491601,3.1734770959764296,1015,10012
1763008177958,1763008178149,191,31772.85268491601,3.1734770959764296,1016,10012
1763008178021,1763008178212,191,33469.25788450823,3.3429142913012617,1017,10012
1763008178083,1763008178274,191,33469.25788450823,3.3429142913012617,1018,10012
1763008178147,1763008178337,190,33469.25788450823,3.3429142913012617,1019,10012
1763008178209,1763008178414,205,32775.73979183757,3.273645604458407,1020,10012
1763008178272,1763008178460,188,32775.73979183757,3.273645604458407,1021,10012
1763008178333,1763008178526,193,32775.73979183757,3.273645604458407,1022,10012
1763008178396,1763008178586,190,32216.83287430271,3.2178219011488918,1023,10012
1763008178458,1763008178651,193,32216.83287430271,3.2178219011488918,1024,10012
1763008178522,1763008178713,191,32216.83287430271,3.2178219011488918,1025,10012
1763008178584,1763008178775,191,31774.12380081926,3.173604055215667,1026,10012
1763008178648,1763008178838,190,31774.12380081926,3.173604055215667,1027,10012
1763008178710,1763008178916,206,31774.12380081926,3.173604055215667,1028,10012
1763008178771,1763008178977,206,31423.02279305377,3.138536036062102,1029,10012
1763008178835,1763008179023,188,31423.02279305377,3.138536036062102,1030,10012
1763008178896,1763008179086,190,31423.02279305377,3.138536036062102,1031,10012
1763008178958,1763008179149,191,31423.02279305377,3.138536036062102,1032,10012
1763008179021,1763008179212,191,33182.5181432708,3.314274684705433,1033,10012
1763008179084,1763008179275,191,33182.5181432708,3.314274684705433,1034,10012
1763008179146,1763008179338,192,33182.5181432708,3.314274684705433,1035,10012
1763008179208,1763008179401,193,32540.628442043555,3.2501626490255244,1036,10012
1763008179272,1763008179463,191,32540.628442043555,3.2501626490255244,1037,10012
1763008179334,1763008179525,191,32540.628442043555,3.2501626490255244,1038,10012
1763008179397,1763008179587,190,32029.68423986667,3.1991294686243172,1039,10012
1763008179460,1763008179650,190,32029.68423986667,3.1991294686243172,1040,10012
1763008179523,1763008179713,190,32029.68423986667,3.1991294686243172,1041,10012
1763008179585,1763008179777,192,32029.68423986667,3.1991294686243172,1042,10012
1763008179648,1763008179840,192,33673.438970694006,3.363307927556332,1043,10012
1763008179711,1763008179903,192,33673.438970694006,3.363307927556332,1044,10012
1763008179774,1763008179967,193,33673.438970694006,3.363307927556332,1045,10012
1763008179837,1763008180030,193,32924.12654273104,3.2884664944797275,1046,10012
1763008179900,1763008180093,193,32924.12654273104,3.2884664944797275,1047,10012
1763008179964,1763008180155,191,32924.12654273104,3.2884664944797275,1048,10012
1763008180028,1763008180217,189,32337.83685455664,3.229907796100343,1049,10012
1763008180090,1763008180280,190,32337.83685455664,3.229907796100343,1050,10012
1763008180152,1763008180342,190,32337.83685455664,3.229907796100343,1051,10012
1763008180214,1763008180405,191,31868.262136227087,3.183006605695873,1052,10012
1763008180278,1763008180469,191,31868.262136227087,3.183006605695873,1053,10012
1763008180340,1763008180531,191,31868.262136227087,3.183006605695873,1054,10012
1763008180407,1763008180594,187,31868.262136227087,3.183006605695873,1055,10012
1763008180468,1763008180657,189,33545.10839830054,3.350490251528219,1056,10012
1763008180529,1763008180721,192,33545.10839830054,3.350490251528219,1057,10012
1763008180592,1763008180783,191,33545.10839830054,3.350490251528219,1058,10012
1763008180655,1763008180846,191,32832.75939344553,3.2793407304679905,1059,10012
1763008180719,1763008180909,190,32832.75939344553,3.2793407304679905,1060,10012
1763008180781,1763008180973,192,32832.75939344553,3.2793407304679905,1061,10012
1763008180843,1763008181035,192,32256.62695839575,3.221796539991584,1062,10012
1763008180906,1763008181099,193,32256.62695839575,3.221796539991584,1063,10012
1763008180969,1763008181160,191,32256.62695839575,3.221796539991584,1064,10012
1763008181033,1763008181239,206,31805.839685841413,3.1767718423732925,1065,10012
1763008181096,1763008181285,189,31805.839685841413,3.1767718423732925,1066,10012
1763008181157,1763008181348,191,31805.839685841413,3.1767718423732925,1067,10012
1763008181220,1763008181409,189,31805.839685841413,3.1767718423732925,1068,10012
1763008181282,1763008181473,191,33470.756069301446,3.343063930213887,1069,10012
1763008181344,1763008181534,190,33470.756069301446,3.343063930213887,1070,10012
1763008181407,1763008181597,190,33470.756069301446,3.343063930213887,1071,10012
1763008181470,1763008181659,189,32776.93534330255,3.2737650163106817,1072,10012
1763008181531,1763008181722,191,32776.93534330255,3.2737650163106817,1073,10012
1763008181594,1763008181785,191,32776.93534330255,3.2737650163106817,1074,10012
1763008181657,1763008181848,191,32215.04359792553,3.217643187966992,1075,10012
1763008181719,1763008181912,193,32215.04359792553,3.217643187966992,1076,10012
1763008181782,1763008181976,194,32215.04359792553,3.217643187966992,1077,10012
1763008181846,1763008182040,194,31761.80252955702,3.1723734048698575,1078,10012
1763008181910,1763008182103,193,31761.80252955702,3.1723734048698575,1079,10012
1763008181974,1763008182167,193,31761.80252955702,3.1723734048698575,1080,10012
1763008182038,1763008182229,191,31761.80252955702,3.1723734048698575,1081,10012
1763008182100,1763008182292,192,33452.18681352738,3.3412092302764065,1082,10012
1763008182164,1763008182368,204,33452.18681352738,3.3412092302764065,1083,10012
1763008182226,1763008182415,189,33452.18681352738,3.3412092302764065,1084,10012
1763008182288,1763008182478,190,32762.117077194853,3.2722849657605724,1085,10012
1763008182350,1763008182541,191,32762.117077194853,3.2722849657605724,1086,10012
1763008182412,1763008182602,190,32762.117077194853,3.2722849657605724,1087,10012
1763008182475,1763008182666,191,32205.9891934471,3.2167388327454156,1088,10012
1763008182537,1763008182728,191,32205.9891934471,3.2167388327454156,1089,10012
1763008182600,1763008182790,190,32205.9891934471,3.2167388327454156,1090,10012
1763008182662,1763008182853,191,31765.48138717734,3.1727408496980964,1091,10012
1763008182725,1763008182916,191,31765.48138717734,3.1727408496980964,1092,10012
1763008182788,1763008182980,192,31765.48138717734,3.1727408496980964,1093,10012
1763008182850,1763008183043,193,31765.48138717734,3.1727408496980964,1094,10012
1763008182914,1763008183104,190,33463.39770280599,3.3423289755099868,1095,10012
1763008182978,1763008183168,190,33463.39770280599,3.3423289755099868,1096,10012
1763008183040,1763008183230,190,33463.39770280599,3.3423289755099868,1097,10012
1763008183101,1763008183293,192,32764.208571433566,3.2724938645059494,1098,10012
1763008183164,1763008183358,194,32764.208571433566,3.2724938645059494,1099,10012
1763008183227,1763008183420,193,32764.208571433566,3.2724938645059494,1100,10012
1763008183290,1763008183482,192,32204.925814289687,3.21663262228223,1101,10012
1763008183355,1763008183545,190,32204.925814289687,3.21663262228223,1102,10012
1763008183417,1763008183608,191,32204.925814289687,3.21663262228223,1103,10012
1763008183479,1763008183671,192,31760.2960223603,3.1722229347143727,1104,10012
1763008183542,1763008183734,192,31760.2960223603,3.1722229347143727,1105,10012
1763008183605,1763008183796,191,31760.2960223603,3.1722229347143727,1106,10012
1763008183669,1763008183858,189,31760.2960223603,3.1722229347143727,1107,10012
1763008183731,1763008183920,189,33434.412225843516,3.3394339019020696,1108,10012
1763008183793,1763008183984,191,33434.412225843516,3.3394339019020696,1109,10012
1763008183856,1763008184046,190,33434.412225843516,3.3394339019020696,1110,10012
1763008183917,1763008184110,193,32741.13613177144,3.270189385914047,1111,10012
1763008183981,1763008184172,191,32741.13613177144,3.270189385914047,1112,10012
1763008184043,1763008184234,191,32741.13613177144,3.270189385914047,1113,10012
1763008184107,1763008184298,191,32186.583224758295,3.2148005618016673,1114,10012
1763008184169,1763008184363,194,32186.583224758295,3.2148005618016673,1115,10012
1763008184233,1763008184424,191,32186.583224758295,3.2148005618016673,1116,10012
1763008184296,1763008184487,191,31745.713663682844,3.1707664466323253,1117,10012
1763008184359,1763008184550,191,31745.713663682844,3.1707664466323253,1118,10012
1763008184421,1763008184613,192,31745.713663682844,3.1707664466323253,1119,10012
1763008184485,1763008184675,190,31745.713663682844,3.1707664466323253,1120,10012
1763008184548,1763008184739,191,33439.38007629154,3.339930091519331,1121,10012
1763008184611,1763008184802,191,33439.38007629154,3.339930091519331,1122,10012
1763008184673,1763008184865,192,33439.38007629154,3.339930091519331,1123,10012
1763008184736,1763008184929,193,32741.687160651774,3.270244422757868,1124,10012
1763008184799,1763008184992,193,32741.687160651774,3.270244422757868,1125,10012
1763008184863,1763008185055,192,32741.687160651774,3.270244422757868,1126,10012
1763008184927,1763008185116,189,32189.72697987881,3.215114560515263,1127,10012
1763008184989,1763008185179,190,32189.72697987881,3.215114560515263,1128,10012
1763008185051,1763008185242,191,32189.72697987881,3.215114560515263,1129,10012
1763008185114,1763008185308,194,31752.52040296341,3.1714463047306647,1130,10012
1763008185177,1763008185367,190,31752.52040296341,3.1714463047306647,1131,10012
1763008185240,1763008185430,190,31752.52040296341,3.1714463047306647,1132,10012
1763008185301,1763008185492,191,31752.52040296341,3.1714463047306647,1133,10012
1763008185363,1763008185555,192,33436.50276116184,3.33964270487034,1134,10012
1763008185428,1763008185632,204,33436.50276116184,3.33964270487034,1135,10012
1763008185489,1763008185680,191,33436.50276116184,3.33964270487034,1136,10012
1763008185550,1763008185743,193,32742.800197884826,3.2703555930767907,1137,10012
1763008185613,1763008185804,191,32742.800197884826,3.2703555930767907,1138,10012
1763008185677,1763008185868,191,32742.800197884826,3.2703555930767907,1139,10012
1763008185739,1763008185931,192,32187.906157318437,3.2149326964960485,1140,10012
1763008185801,1763008185994,193,32187.906157318437,3.2149326964960485,1141,10012
1763008185865,1763008186057,192,32187.906157318437,3.2149326964960485,1142,10012
1763008185929,1763008186121,192,31748.917301225476,3.1710864264108545,1143,10012
1763008185991,1763008186184,193,31748.917301225476,3.1710864264108545,1144,10012
1763008186055,1763008186247,192,31748.917301225476,3.1710864264108545,1145,10012
1763008186118,1763008186310,192,31748.917301225476,3.1710864264108545,1146,10012
1763008186182,1763008186372,190,33450.22925447425,3.341013708996629,1147,10012
1763008186245,1763008186434,189,33450.22925447425,3.341013708996629,1148,10012
1763008186308,1763008186497,189,33450.22925447425,3.341013708996629,1149,10012
1763008186369,1763008186560,191,32753.726486561503,3.271446912361317,1150,10012
1763008186431,1763008186623,192,32753.726486561503,3.271446912361317,1151,10012
1763008186495,1763008186687,192,32753.726486561503,3.271446912361317,1152,10012
1763008186557,1763008186750,193,32193.874830329834,3.2155288484148854,1153,10012
1763008186621,1763008186812,191,32193.874830329834,3.2155288484148854,1154,10012
1763008186685,1763008186875,190,32193.874830329834,3.2155288484148854,1155,10012
1763008186747,1763008186936,189,31760.141989433538,3.1722075498834936,1156,10012
1763008186810,1763008187014,204,31760.141989433538,3.1722075498834936,1157,10012
1763008186872,1763008187060,188,31760.141989433538,3.1722075498834936,1158,10012
1763008186933,1763008187124,191,31760.141989433538,3.1722075498834936,1159,10012
1763008186995,1763008187187,192,33442.57716557853,3.3402494172571444,1160,10012
1763008187058,1763008187250,192,33442.57716557853,3.3402494172571444,1161,10012
1763008187120,1763008187311,191,33442.57716557853,3.3402494172571444,1162,10012
1763008187184,1763008187388,204,32751.04200096609,3.271178785553944,1163,10012
1763008187246,1763008187436,190,32751.04200096609,3.271178785553944,1164,10012
1763008187308,1763008187497,189,32751.04200096609,3.271178785553944,1165,10012
1763008187370,1763008187575,205,32202.603516770938,3.2164006708720474,1166,10012
1763008187433,1763008187622,189,32202.603516770938,3.2164006708720474,1167,10012
1763008187495,1763008187685,190,32202.603516770938,3.2164006708720474,1168,10012
1763008187557,1763008187747,190,31762.783002866436,3.1724713346850217,1169,10012
1763008187619,1763008187810,191,31762.783002866436,3.1724713346850217,1170,10012
1763008187681,1763008187872,191,31762.783002866436,3.1724713346850217,1171,10012
1763008187746,1763008187935,189,31762.783002866436,3.1724713346850217,1172,10012
1763008187806,1763008187998,192,33444.68205328455,3.340459653743962,1173,10012
1763008187870,1763008188059,189,33444.68205328455,3.340459653743962,1174,10012
1763008187931,1763008188136,205,33444.68205328455,3.340459653743962,1175,10012
1763008187994,1763008188199,205,32759.536960574358,3.2720272633414256,1176,10012
1763008188056,1763008188246,190,32759.536960574358,3.2720272633414256,1177,10012
1763008188118,1763008188309,191,32759.536960574358,3.2720272633414256,1178,10012
1763008188181,1763008188372,191,32201.211883656615,3.216261674356433,1179,10012
1763008188243,1763008188435,192,32201.211883656615,3.216261674356433,1180,10012
1763008188307,1763008188497,190,32201.211883656615,3.216261674356433,1181,10012
1763008188369,1763008188560,191,31763.839083157978,3.172576816136434,1182,10012
1763008188430,1763008188622,192,31763.839083157978,3.172576816136434,1183,10012
1763008188494,1763008188700,206,31763.839083157978,3.172576816136434,1184,10012
1763008188556,1763008188747,191,31763.839083157978,3.172576816136434,1185,10012
1763008188618,1763008188810,192,33453.80791019375,3.3413711456446014,1186,10012
1763008188680,1763008188871,191,33453.80791019375,3.3413711456446014,1187,10012
1763008188743,1763008188948,205,33453.80791019375,3.3413711456446014,1188,10012
1763008188805,1763008188995,190,32763.41071233461,3.2724141742243917,1189,10012
1763008188868,1763008189059,191,32763.41071233461,3.2724141742243917,1190,10012
1763008188930,1763008189123,193,32763.41071233461,3.2724141742243917,1191,10012
1763008188993,1763008189185,192,32201.56410559368,3.2162968543341672,1192,10012
1763008189057,1763008189249,192,32201.56410559368,3.2162968543341672,1193,10012
1763008189119,1763008189311,192,32201.56410559368,3.2162968543341672,1194,10012
1763008189183,1763008189389,206,31761.954592158163,3.172388592904331,1195,10012
1763008189245,1763008189451,206,31761.954592158163,3.172388592904331,1196,10012
1763008189308,1763008189499,191,31761.954592158163,3.172388592904331,1197,10012
1763008189370,1763008189560,190,31761.954592158163,3.172388592904331,1198,10012
1763008189433,1763008189625,192,33444.021809950056,3.340393708544752,1199,10012
1763008189495,1763008189686,191,33444.021809950056,3.340393708544752,1200,10012
1763008189558,1763008189749,191,33444.021809950056,3.340393708544752,1201,10012
1763008189620,1763008189825,205,32755.601404340145,3.271634179418712,1202,10012
1763008189682,1763008189888,206,32755.601404340145,3.271634179418712,1203,10012
1763008189745,1763008189935,190,32755.601404340145,3.271634179418712,1204,10012
1763008189807,1763008189998,191,32200.802717854756,3.2162208068172946,1205,10012
1763008189870,1763008190060,190,32200.802717854756,3.2162208068172946,1206,10012
1763008189933,1763008190123,190,32200.802717854756,3.2162208068172946,1207,10012
1763008189994,1763008190185,191,31761.347766130242,3.1723279830333837,1208,10012
1763008190056,1763008190246,190,31761.347766130242,3.1723279830333837,1209,10012
1763008190121,1763008190324,203,31761.347766130242,3.1723279830333837,1210,10012
1763008190182,1763008190372,190,31761.347766130242,3.1723279830333837,1211,10012
1763008190244,1763008190434,190,33435.25151737194,3.3395177304606403,1212,10012
1763008190306,1763008190498,192,33435.25151737194,3.3395177304606403,1213,10012
1763008190368,1763008190560,192,33435.25151737194,3.3395177304606403,1214,10012
1763008190433,1763008190622,189,32745.203459345434,3.2705956311771303,1215,10012
1763008190494,1763008190685,191,32745.203459345434,3.2705956311771303,1216,10012
1763008190557,1763008190747,190,32745.203459345434,3.2705956311771303,1217,10012
1763008190619,1763008190811,192,32189.81675017962,3.2151235267858187,1218,10012
1763008190682,1763008190874,192,32189.81675017962,3.2151235267858187,1219,10012
1763008190745,1763008190936,191,32189.81675017962,3.2151235267858187,1220,10012
1763008190808,1763008190999,191,31750.438133142976,3.171238327321512,1221,10012
1763008190872,1763008191077,205,31750.438133142976,3.171238327321512,1222,10012
1763008190934,1763008191123,189,31750.438133142976,3.171238327321512,1223,10012
1763008190996,1763008191186,190,31750.438133142976,3.171238327321512,1224,10012
1763008191058,1763008191249,191,33434.84319211495,3.339476946875245,1225,10012
1763008191120,1763008191312,192,33434.84319211495,3.339476946875245,1226,10012
1763008191184,1763008191375,191,33434.84319211495,3.339476946875245,1227,10012
1763008191246,1763008191438,192,32738.080337731386,3.26988417276582,1228,10012
1763008191309,1763008191500,191,32738.080337731386,3.26988417276582,1229,10012
1763008191373,1763008191563,190,32738.080337731386,3.26988417276582,1230,10012
1763008191435,1763008191627,192,32184.15386849645,3.214557917348827,1231,10012
1763008191497,1763008191691,194,32184.15386849645,3.214557917348827,1232,10012
1763008191561,1763008191753,192,32184.15386849645,3.214557917348827,1233,10012
1763008191626,1763008191816,190,31745.930479323175,3.170788102209666,1234,10012
1763008191688,1763008191878,190,31745.930479323175,3.170788102209666,1235,10012
1763008191751,1763008191942,191,31745.930479323175,3.170788102209666,1236,10012
1763008191813,1763008192004,191,31745.930479323175,3.170788102209666,1237,10012
1763008191876,1763008192067,191,33439.552661541245,3.3399473293588944,1238,10012
1763008191938,1763008192143,205,33439.552661541245,3.3399473293588944,1239,10012
1763008192002,1763008192207,205,33439.552661541245,3.3399473293588944,1240,10012
1763008192064,1763008192268,204,32758.842129232995,3.2719578634871156,1241,10012
1763008192125,1763008192317,192,32758.842129232995,3.2719578634871156,1242,10012
1763008192188,1763008192379,191,32758.842129232995,3.2719578634871156,1243,10012
1763008192249,1763008192442,193,32197.936650611,3.21593454360877,1244,10012
1763008192313,1763008192505,192,32197.936650611,3.21593454360877,1245,10012
1763008192376,1763008192567,191,32197.936650611,3.21593454360877,1246,10012
1763008192439,1763008192631,192,31754.739637235743,3.171667962168972,1247,10012
1763008192502,1763008192694,192,31754.739637235743,3.171667962168972,1248,10012
1763008192565,1763008192756,191,31754.739637235743,3.171667962168972,1249,10012
1763008192629,1763008192819,190,31754.739637235743,3.171667962168972,1250,10012
1763008192691,1763008192882,191,33438.27149087689,3.339819365848671,1251,10012
1763008192754,1763008192945,191,33438.27149087689,3.339819365848671,1252,10012
1763008192816,1763008193006,190,33438.27149087689,3.339819365848671,1253,10012
1763008192879,1763008193071,192,32740.805835247127,3.270156395849693,1254,10012
1763008192941,1763008193137,196,32740.805835247127,3.270156395849693,1255,10012
1763008193005,1763008193197,192,32740.805835247127,3.270156395849693,1256,10012
1763008193068,1763008193262,194,32183.61583318622,3.214504178304656,1257,10012
1763008193140,1763008193324,184,32183.61583318622,3.214504178304656,1258,10012
1763008193200,1763008193388,188,32183.61583318622,3.214504178304656,1259,10012
1763008193258,1763008193451,193,31739.059355716672,3.1701018133955925,1260,10012
1763008193321,1763008193517,196,31739.059355716672,3.1701018133955925,1261,10012
1763008193385,1763008193587,202,31739.059355716672,3.1701018133955925,1262,10012
1763008193450,1763008193642,192,31739.059355716672,3.1701018133955925,1263,10012
1763008193524,1763008193736,212,33450.70112843904,3.3410608398361004,1264,10012
1763008193587,1763008193784,197,33450.70112843904,3.3410608398361004,1265,10012
1763008193639,1763008193832,193,33450.70112843904,3.3410608398361004,1266,10012
1763008193718,1763008193910,192,32747.2726959806,3.2708023068298635,1267,10012
1763008193782,1763008193974,192,32747.2726959806,3.2708023068298635,1268,10012
1763008193845,1763008194038,193,32747.2726959806,3.2708023068298635,1269,10012
1763008193908,1763008194099,191,32196.884338696538,3.2158294385434014,1270,10012
1763008193974,1763008194161,187,32196.884338696538,3.2158294385434014,1271,10012
1763008194034,1763008194225,191,32196.884338696538,3.2158294385434014,1272,10012
1763008194095,1763008194288,193,31753.903049263747,3.171584403642004,1273,10012
1763008194159,1763008194351,192,31753.903049263747,3.171584403642004,1274,10012
1763008194222,1763008194413,191,31753.903049263747,3.171584403642004,1275,10012
1763008194285,1763008194476,191,31403.450827213943,3.1365811852990353,1276,10012
1763008194348,1763008194539,191,31403.450827213943,3.1365811852990353,1277,10012
1763008194412,1763008194616,204,31403.450827213943,3.1365811852990353,1278,10012
1763008194473,1763008194663,190,31403.450827213943,3.1365811852990353,1279,10012
1763008194536,1763008194727,191,33166.9388584623,3.312718623498032,1280,10012
1763008194598,1763008194789,191,33166.9388584623,3.312718623498032,1281,10012
1763008194661,1763008194853,192,33166.9388584623,3.312718623498032,1282,10012
1763008194724,1763008194916,192,32525.096392477528,3.2486113056809356,1283,10012
1763008194787,1763008194978,191,32525.096392477528,3.2486113056809356,1284,10012
1763008194850,1763008195041,191,32525.096392477528,3.2486113056809356,1285,10012
1763008194913,1763008195106,193,32017.320728412113,3.1978945993220247,1286,10012
1763008194975,1763008195168,193,32017.320728412113,3.1978945993220247,1287,10012
1763008195039,1763008195230,191,32017.320728412113,3.1978945993220247,1288,10012
1763008195103,1763008195293,190,31611.14997908763,3.1573262064610095,1289,10012
1763008195166,1763008195356,190,31611.14997908763,3.1573262064610095,1290,10012
1763008195228,1763008195419,191,31611.14997908763,3.1573262064610095,1291,10012
1763008195291,1763008195483,192,31611.14997908763,3.1573262064610095,1292,10012
1763008195354,1763008195545,191,33332.267383353756,3.3292316603429635,1293,10012
1763008195417,1763008195609,192,33332.267383353756,3.3292316603429635,1294,10012
1763008195480,1763008195674,194,33332.267383353756,3.3292316603429635,1295,10012
1763008195543,1763008195736,193,32653.23630238288,3.261409938312313,1296,10012
1763008195607,1763008195798,191,32653.23630238288,3.261409938312313,1297,10012
1763008195671,1763008195860,189,32653.23630238288,3.261409938312313,1298,10012
1763008195733,1763008195923,190,32121.937332999154,3.2083437208349137,1299,10012
1763008195795,1763008195987,192,32121.937332999154,3.2083437208349137,1300,10012
1763008195857,1763008196048,191,32121.937332999154,3.2083437208349137,1301,10012
1763008195919,1763008196112,193,31698.492054400325,3.166049945505426,1302,10012
1763008195984,1763008196189,205,31698.492054400325,3.166049945505426,1303,10012
1763008196045,1763008196235,190,31698.492054400325,3.166049945505426,1304,10012
1763008196108,1763008196298,190,31698.492054400325,3.166049945505426,1305,10012
1763008196170,1763008196361,191,33401.79167530266,3.3361757566223194,1306,10012
1763008196233,1763008196423,190,33401.79167530266,3.3361757566223194,1307,10012
1763008196295,1763008196487,192,33401.79167530266,3.3361757566223194,1308,10012
1763008196358,1763008196549,191,32715.170173540915,3.267595902271366,1309,10012
1763008196421,1763008196612,191,32715.170173540915,3.267595902271366,1310,10012
1763008196484,1763008196675,191,32715.170173540915,3.267595902271366,1311,10012
1763008196546,1763008196736,190,32171.29862831211,3.213273934110279,1312,10012
1763008196608,1763008196800,192,32171.29862831211,3.213273934110279,1313,10012
1763008196671,1763008196863,192,32171.29862831211,3.213273934110279,1314,10012
1763008196733,1763008196924,191,31737.83300676475,3.169979325485892,1315,10012
1763008196796,1763008196986,190,31737.83300676475,3.169979325485892,1316,10012
1763008196859,1763008197048,189,31737.83300676475,3.169979325485892,1317,10012
1763008196921,1763008197111,190,31737.83300676475,3.169979325485892,1318,10012
1763008196984,1763008197189,205,33416.48673939827,3.337643501737742,1319,10012
1763008197046,1763008197236,190,33416.48673939827,3.337643501737742,1320,10012
1763008197108,1763008197300,192,33416.48673939827,3.337643501737742,1321,10012
1763008197171,1763008197363,192,32720.10647108223,3.268088940379767,1322,10012
1763008197234,1763008197426,192,32720.10647108223,3.268088940379767,1323,10012
1763008197298,1763008197488,190,32720.10647108223,3.268088940379767,1324,10012
1763008197361,1763008197551,190,32172.548750981456,3.2133987965422945,1325,10012
1763008197423,1763008197614,191,32172.548750981456,3.2133987965422945,1326,10012
1763008197486,1763008197676,190,32172.548750981456,3.2133987965422945,1327,10012
1763008197549,1763008197739,190,31736.69280578124,3.1698654420476666,1328,10012
1763008197611,1763008197804,193,31736.69280578124,3.1698654420476666,1329,10012
1763008197674,1763008197865,191,31736.69280578124,3.1698654420476666,1330,10012
1763008197737,1763008197928,191,31736.69280578124,3.1698654420476666,1331,10012
1763008197800,1763008197991,191,33432.199473401866,3.3392128918699426,1332,10012
1763008197862,1763008198054,192,33432.199473401866,3.3392128918699426,1333,10012
1763008197926,1763008198117,191,33432.199473401866,3.3392128918699426,1334,10012
1763008197988,1763008198180,192,32739.374780827886,3.270013461928474,1335,10012
1763008198052,1763008198244,192,32739.374780827886,3.270013461928474,1336,10012
1763008198114,1763008198306,192,32739.374780827886,3.270013461928474,1337,10012
1763008198177,1763008198369,192,32187.886325539,3.2149307156950653,1338,10012
1763008198241,1763008198430,189,32187.886325539,3.2149307156950653,1339,10012
1763008198303,1763008198494,191,32187.886325539,3.2149307156950653,1340,10012
1763008198364,1763008198558,194,31744.597742477967,3.170654988261882,1341,10012
1763008198429,1763008198622,193,31744.597742477967,3.170654988261882,1342,10012
1763008198494,1763008198687,193,31744.597742477967,3.170654988261882,1343,10012
1763008198556,1763008198750,194,31744.597742477967,3.170654988261882,1344,10012
1763008198620,1763008198815,195,33471.70541204255,3.3431587507034104,1345,10012
1763008198684,1763008198878,194,33471.70541204255,3.3431587507034104,1346,10012
1763008198748,1763008198939,191,33471.70541204255,3.3431587507034104,1347,10012
1763008198812,1763008199002,190,32770.82150798587,3.2731543655599147,1348,10012
1763008198874,1763008199065,191,32770.82150798587,3.2731543655599147,1349,10012
1763008198937,1763008199128,191,32770.82150798587,3.2731543655599147,1350,10012
1763008198999,1763008199190,191,32215.65274186474,3.217704029351252,1351,10012
1763008199063,1763008199251,188,32215.65274186474,3.217704029351252,1352,10012
1763008199125,1763008199330,205,32215.65274186474,3.217704029351252,1353,10012
1763008199186,1763008199378,192,31768.823929782466,3.1730747033342452,1354,10012
1763008199249,1763008199440,191,31768.823929782466,3.1730747033342452,1355,10012
1763008199311,1763008199504,193,31768.823929782466,3.1730747033342452,1356,10012
1763008199375,1763008199565,190,31768.823929782466,3.1730747033342452,1357,10012
1763008199438,1763008199627,189,33441.217495966404,3.3401136132607276,1358,10012
1763008199500,1763008199691,191,33441.217495966404,3.3401136132607276,1359,10012
1763008199563,1763008199754,191,33441.217495966404,3.3401136132607276,1360,10012
1763008199625,1763008199819,194,32736.33747430136,3.269710095315757,1361,10012
1763008199688,1763008199880,192,32736.33747430136,3.269710095315757,1362,10012
1763008199752,1763008199942,190,32736.33747430136,3.269710095315757,1363,10012
1763008199815,1763008200006,191,32185.46862954388,3.2146892358713424,1364,10012
1763008199877,1763008200070,193,32185.46862954388,3.2146892358713424,1365,10012
1763008199940,1763008200133,193,32185.46862954388,3.2146892358713424,1366,10012
1763008200004,1763008200196,192,31744.827560487385,3.170677942517717,1367,10012
1763008200067,1763008200259,192,31744.827560487385,3.170677942517717,1368,10012
1763008200130,1763008200321,191,31744.827560487385,3.170677942517717,1369,10012
1763008200194,1763008200398,204,31397.935565708445,3.1360303201866206,1370,10012
1763008200256,1763008200445,189,31397.935565708445,3.1360303201866206,1371,10012
1763008200318,1763008200523,205,31397.935565708445,3.1360303201866206,1372,10012
1763008200380,1763008200585,205,31397.935565708445,3.1360303201866206,1373,10012
1763008200442,1763008200632,190,33136.598517001046,3.30968822582911,1374,10012
1763008200502,1763008200695,193,33136.598517001046,3.30968822582911,1375,10012
1763008200567,1763008200759,192,33136.598517001046,3.30968822582911,1376,10012
1763008200629,1763008200821,192,32504.076419532834,3.2465118277599716,1377,10012
1763008200692,1763008200882,190,32504.076419532834,3.2465118277599716,1378,10012
1763008200756,1763008200962,206,32504.076419532834,3.2465118277599716,1379,10012
1763008200817,1763008201009,192,31998.1207535286,3.1959769030691776,1380,10012
1763008200879,1763008201072,193,31998.1207535286,3.1959769030691776,1381,10012
1763008200943,1763008201135,192,31998.1207535286,3.1959769030691776,1382,10012
1763008201007,1763008201197,190,31998.1207535286,3.1959769030691776,1383,10012
1763008201069,1763008201259,190,33632.246240562294,3.3591935917461346,1384,10012
1763008201132,1763008201322,190,33632.246240562294,3.3591935917461346,1385,10012
1763008201194,1763008201385,191,33632.246240562294,3.3591935917461346,1386,10012
1763008201256,1763008201448,192,32898.61200748759,3.285918099029923,1387,10012
1763008201320,1763008201510,190,32898.61200748759,3.285918099029923,1388,10012
1763008201382,1763008201571,189,32898.61200748759,3.285918099029923,1389,10012
1763008201444,1763008201634,190,32317.501769967606,3.2278767249268485,1390,10012
1763008201506,1763008201698,192,32317.501769967606,3.2278767249268485,1391,10012
1763008201568,1763008201761,193,32317.501769967606,3.2278767249268485,1392,10012
1763008201632,1763008201822,190,31852.075408894216,3.1813898730417716,1393,10012
1763008201695,1763008201901,206,31852.075408894216,3.1813898730417716,1394,10012
1763008201758,1763008201949,191,31852.075408894216,3.1813898730417716,1395,10012
1763008201821,1763008202012,191,31852.075408894216,3.1813898730417716,1396,10012
1763008201883,1763008202075,192,33524.044025479794,3.3483863389412503,1397,10012
1763008201946,1763008202137,191,33524.044025479794,3.3483863389412503,1398,10012
1763008202009,1763008202200,191,33524.044025479794,3.3483863389412503,1399,10012
1763008202071,1763008202263,192,32808.99500025644,3.2769671394582938,1400,10012
1763008202134,1763008202327,193,32808.99500025644,3.2769671394582938,1401,10012
1763008202198,1763008202391,193,32808.99500025644,3.2769671394582938,1402,10012
1763008202261,1763008202454,193,32234.985035203354,3.219634941590427,1403,10012
1763008202324,1763008202517,193,32234.985035203354,3.219634941590427,1404,10012
1763008202388,1763008202579,191,32234.985035203354,3.219634941590427,1405,10012
1763008202451,1763008202642,191,31786.39208802187,3.17482941350598,1406,10012
1763008202514,1763008202705,191,31786.39208802187,3.17482941350598,1407,10012
1763008202576,1763008202769,193,31786.39208802187,3.17482941350598,1408,10012
1763008202640,1763008202831,191,31786.39208802187,3.17482941350598,1409,10012
1763008202702,1763008202893,191,33463.49849415343,3.3423390425642663,1410,10012
1763008202767,1763008202971,204,33463.49849415343,3.3423390425642663,1411,10012
1763008202828,1763008203018,190,33463.49849415343,3.3423390425642663,1412,10012
1763008202891,1763008203081,190,32764.288801346127,3.272501877881156,1413,10012
1763008202952,1763008203145,193,32764.288801346127,3.272501877881156,1414,10012
1763008203015,1763008203207,192,32764.288801346127,3.272501877881156,1415,10012
1763008203079,1763008203270,191,32207.717885871516,3.2169114947934,1416,10012
1763008203142,1763008203332,190,32207.717885871516,3.2169114947934,1417,10012
1763008203204,1763008203394,190,32207.717885871516,3.2169114947934,1418,10012
1763008203267,1763008203458,191,31764.687437153727,3.1726615498555466,1419,10012
1763008203329,1763008203520,191,31764.687437153727,3.1726615498555466,1420,10012
1763008203392,1763008203582,190,31764.687437153727,3.1726615498555466,1421,10012
1763008203455,1763008203644,189,31764.687437153727,3.1726615498555466,1422,10012
1763008203517,1763008203708,191,33437.91657484868,3.339783916784726,1423,10012
1763008203579,1763008203770,191,33437.91657484868,3.339783916784726,1424,10012
1763008203641,1763008203832,191,33437.91657484868,3.339783916784726,1425,10012
1763008203705,1763008203894,189,32747.327510154395,3.270807781677427,1426,10012
1763008203767,1763008203973,206,32747.327510154395,3.270807781677427,1427,10012
1763008203829,1763008204020,191,32747.327510154395,3.270807781677427,1428,10012
1763008203891,1763008204085,194,32188.79404306259,3.215021378651877,1429,10012
1763008203954,1763008204149,195,32188.79404306259,3.215021378651877,1430,10012
1763008204018,1763008204211,193,32188.79404306259,3.215021378651877,1431,10012
1763008204081,1763008204273,192,31749.624058277823,3.171157017406894,1432,10012
1763008204145,1763008204335,190,31749.624058277823,3.171157017406894,1433,10012
1763008204208,1763008204398,190,31749.624058277823,3.171157017406894,1434,10012
1763008204270,1763008204461,191,31749.624058277823,3.171157017406894,1435,10012
1763008204332,1763008204539,207,33425.8959985057,3.3385832998907015,1436,10012
1763008204395,1763008204585,190,33425.8959985057,3.3385832998907015,1437,10012
1763008204457,1763008204647,190,33425.8959985057,3.3385832998907015,1438,10012
1763008204519,1763008204711,192,32734.357214810538,3.2695123067129983,1439,10012
1763008204581,1763008204772,191,32734.357214810538,3.2695123067129983,1440,10012
1763008204644,1763008204836,192,32734.357214810538,3.2695123067129983,1441,10012
1763008204707,1763008204897,190,32191.98741463362,3.215340333063686,1442,10012
1763008204769,1763008204975,206,32191.98741463362,3.215340333063686,1443,10012
1763008204832,1763008205022,190,32191.98741463362,3.215340333063686,1444,10012
1763008204894,1763008205085,191,31752.165982048362,3.171410905118694,1445,10012
1763008204957,1763008205147,190,31752.165982048362,3.171410905118694,1446,10012
1763008205019,1763008205209,190,31752.165982048362,3.171410905118694,1447,10012
1763008205082,1763008205272,190,31752.165982048362,3.171410905118694,1448,10012
1763008205143,1763008205334,191,33436.220287692544,3.3396144913795993,1449,10012
1763008205206,1763008205397,191,33436.220287692544,3.3396144913795993,1450,10012
1763008205269,1763008205459,190,33436.220287692544,3.3396144913795993,1451,10012
1763008205332,1763008205536,204,32745.975569290957,3.2706727496295405,1452,10012
1763008205394,1763008205599,205,32745.975569290957,3.2706727496295405,1453,10012
1763008205456,1763008205661,205,32745.975569290957,3.2706727496295405,1454,10012
1763008205518,1763008205708,190,32198.560504294182,3.215996854204373,1455,10012
1763008205579,1763008205771,192,32198.560504294182,3.215996854204373,1456,10012
1763008205643,1763008205834,191,32198.560504294182,3.215996854204373,1457,10012
1763008205705,1763008205897,192,31755.235600913875,3.171717499092477,1458,10012
1763008205768,1763008205960,192,31755.235600913875,3.171717499092477,1459,10012
1763008205832,1763008206023,191,31755.235600913875,3.171717499092477,1460,10012
1763008205894,1763008206087,193,31755.235600913875,3.171717499092477,1461,10012
1763008205957,1763008206149,192,33455.25230272653,3.341515411778519,1462,10012
1763008206021,1763008206212,191,33455.25230272653,3.341515411778519,1463,10012
1763008206084,1763008206275,191,33455.25230272653,3.341515411778519,1464,10012
1763008206147,1763008206336,189,32761.14408527304,3.2721877831874795,1465,10012
1763008206209,1763008206400,191,32761.14408527304,3.2721877831874795,1466,10012
1763008206272,1763008206463,191,32761.14408527304,3.2721877831874795,1467,10012
1763008206334,1763008206525,191,32207.939835962614,3.2169336632004213,1468,10012
1763008206397,1763008206588,191,32207.939835962614,3.2169336632004213,1469,10012
1763008206461,1763008206651,190,32207.939835962614,3.2169336632004213,1470,10012
1763008206522,1763008206711,189,31764.864109426242,3.1726791959075356,1471,10012
1763008206584,1763008206775,191,31764.864109426242,3.1726791959075356,1472,10012
1763008206646,1763008206837,191,31764.864109426242,3.1726791959075356,1473,10012
1763008206709,1763008206899,190,31764.864109426242,3.1726791959075356,1474,10012
1763008206772,1763008206962,190,33446.34069521271,3.3406253191383057,1475,10012
1763008206834,1763008207025,191,33446.34069521271,3.3406253191383057,1476,10012
1763008206897,1763008207087,190,33446.34069521271,3.3406253191383057,1477,10012
1763008206959,1763008207149,190,32754.041534084532,3.27147837935323,1478,10012
1763008207022,1763008207213,191,32754.041534084532,3.27147837935323,1479,10012
1763008207084,1763008207274,190,32754.041534084532,3.27147837935323,1480,10012
1763008207147,1763008207337,190,32199.561061131288,3.216096789965171,1481,10012
1763008207210,1763008207401,191,32199.561061131288,3.216096789965171,1482,10012
1763008207272,1763008207463,191,32199.561061131288,3.216096789965171,1483,10012
1763008207335,1763008207526,191,31756.031043599374,3.171796948022311,1484,10012
1763008207397,1763008207590,193,31756.031043599374,3.171796948022311,1485,10012
1763008207461,1763008207653,192,31756.031043599374,3.171796948022311,1486,10012
1763008207524,1763008207714,190,31756.031043599374,3.171796948022311,1487,10012
1763008207588,1763008207792,204,33439.3007417487,3.339922167573782,1488,10012
1763008207649,1763008207841,192,33439.3007417487,3.339922167573782,1489,10012
1763008207712,1763008207904,192,33439.3007417487,3.339922167573782,1490,10012
1763008207774,1763008207966,192,32741.62408969022,3.270238123221157,1491,10012
1763008207838,1763008208028,190,32741.62408969022,3.270238123221157,1492,10012
1763008207901,1763008208091,190,32741.62408969022,3.270238123221157,1493,10012
1763008207963,1763008208153,190,32195.088023572796,3.2156500223304834,1494,10012
1763008208026,1763008208215,189,32195.088023572796,3.2156500223304834,1495,10012
1763008208088,1763008208278,190,32195.088023572796,3.2156500223304834,1496,10012
1763008208150,1763008208341,191,31754.634066763945,3.171657417775065,1497,10012
1763008208213,1763008208403,190,31754.634066763945,3.171657417775065,1498,10012
1763008208274,1763008208467,193,31754.634066763945,3.171657417775065,1499,10012
1763008208338,1763008208531,193,31754.634066763945,3.171657417775065,1500,10012
1763008208401,1763008208593,192,33454.77408307734,3.341467647131177,1501,10012
1763008208465,1763008208656,191,33454.77408307734,3.341467647131177,1502,10012
1763008208528,1763008208719,191,33454.77408307734,3.341467647131177,1503,10012
1763008208590,1763008208780,190,32760.76294421264,3.272149714763548,1504,10012
1763008208654,1763008208844,190,32760.76294421264,3.272149714763548,1505,10012
1763008208716,1763008208907,191,32760.76294421264,3.272149714763548,1506,10012
1763008208778,1763008208971,193,32202.18654064905,3.216359023237021,1507,10012
1763008208841,1763008209033,192,32202.18654064905,3.216359023237021,1508,10012
1763008208907,1763008209096,189,32202.18654064905,3.216359023237021,1509,10012
1763008208967,1763008209159,192,31758.118299815997,3.172005423473432,1510,10012
1763008209031,1763008209221,190,31758.118299815997,3.172005423473432,1511,10012
1763008209093,1763008209283,190,31758.118299815997,3.172005423473432,1512,10012
1763008209156,1763008209345,189,31758.118299815997,3.172005423473432,1513,10012
1763008209218,1763008209408,190,33432.674403253164,3.3392603279317985,1514,10012
1763008209280,1763008209470,190,33432.674403253164,3.3392603279317985,1515,10012
1763008209342,1763008209532,190,33432.674403253164,3.3392603279317985,1516,10012
1763008209404,1763008209596,192,32739.75282498952,3.270051221033712,1517,10012
1763008209467,1763008209659,192,32739.75282498952,3.270051221033712,1518,10012
1763008209530,1763008209722,192,32739.75282498952,3.270051221033712,1519,10012
1763008209593,1763008209785,192,32188.187248691658,3.2149607719428346,1520,10012
1763008209656,1763008209847,191,32188.187248691658,3.2149607719428346,1521,10012
1763008209720,1763008209924,204,32188.187248691658,3.2149607719428346,1522,10012
1763008209782,1763008209972,190,31749.141049958558,3.1711087744664965,1523,10012
1763008209844,1763008210036,192,31749.141049958558,3.1711087744664965,1524,10012
1763008209907,1763008210098,191,31749.141049958558,3.1711087744664965,1525,10012
1763008209970,1763008210160,190,31749.141049958558,3.1711087744664965,1526,10012
1763008210033,1763008210224,191,33433.80941681697,3.3393736932497977,1527,10012
1763008210095,1763008210287,192,33433.80941681697,3.3393736932497977,1528,10012
1763008210158,1763008210349,191,33433.80941681697,3.3393736932497977,1529,10012
1763008210221,1763008210412,191,32737.25848636949,3.269802086133589,1530,10012
1763008210284,1763008210476,192,32737.25848636949,3.269802086133589,1531,10012
1763008210346,1763008210539,193,32737.25848636949,3.269802086133589,1532,10012
1763008210410,1763008210602,192,32180.799238177377,3.21422285639007,1533,10012
1763008210474,1763008210665,191,32180.799238177377,3.21422285639007,1534,10012
1763008210536,1763008210726,190,32180.799238177377,3.21422285639007,1535,10012
1763008210600,1763008210790,190,31745.40499282737,3.1707356165428857,1536,10012
1763008210661,1763008210852,191,31745.40499282737,3.1707356165428857,1537,10012
1763008210724,1763008210916,192,31745.40499282737,3.1707356165428857,1538,10012
1763008210787,1763008210978,191,31745.40499282737,3.1707356165428857,1539,10012
1763008210849,1763008211040,191,33430.83177928341,3.33907628638468,1540,10012
1763008210912,1763008211103,191,33430.83177928341,3.33907628638468,1541,10012
1763008210974,1763008211166,192,33430.83177928341,3.33907628638468,1542,10012
1763008211037,1763008211229,192,32734.891264530313,3.2695656476758206,1543,10012
1763008211103,1763008211293,190,32734.891264530313,3.2695656476758206,1544,10012
1763008211163,1763008211357,194,32734.891264530313,3.2695656476758206,1545,10012
1763008211227,1763008211419,192,32178.91966403707,3.2140351242546017,1546,10012
1763008211291,1763008211482,191,32178.91966403707,3.2140351242546017,1547,10012
1763008211354,1763008211545,191,32178.91966403707,3.2140351242546017,1548,10012
1763008211416,1763008211608,192,31739.62113290947,3.1701579237824085,1549,10012
1763008211479,1763008211671,192,31739.62113290947,3.1701579237824085,1550,10012
1763008211543,1763008211733,190,31739.62113290947,3.1701579237824085,1551,10012
1763008211606,1763008211797,191,31739.62113290947,3.1701579237824085,1552,10012
1763008211667,1763008211859,192,33426.22204292885,3.3386158652545794,1553,10012
1763008211731,1763008211921,190,33426.22204292885,3.3386158652545794,1554,10012
1763008211794,1763008211985,191,33426.22204292885,3.3386158652545794,1555,10012
1763008211856,1763008212048,192,32731.226524128437,3.2691996128773906,1556,10012
1763008211919,1763008212111,192,32731.226524128437,3.2691996128773906,1557,10012
1763008211983,1763008212174,191,32731.226524128437,3.2691996128773906,1558,10012
1763008212045,1763008212238,193,32178.70508668211,3.2140136922375255,1559,10012
1763008212109,1763008212300,191,32178.70508668211,3.2140136922375255,1560,10012
1763008212172,1763008212362,190,32178.70508668211,3.2140136922375255,1561,10012
1763008212235,1763008212427,192,31739.450543912277,3.170140885328833,1562,10012
1763008212297,1763008212490,193,31739.450543912277,3.170140885328833,1563,10012
1763008212360,1763008212552,192,31739.450543912277,3.170140885328833,1564,10012
1763008212424,1763008212614,190,31739.450543912277,3.170140885328833,1565,10012
1763008212487,1763008212678,191,33434.39463295417,3.339432144721751,1566,10012
1763008212548,1763008212741,193,33434.39463295417,3.339432144721751,1567,10012
1763008212612,1763008212804,192,33434.39463295417,3.339432144721751,1568,10012
1763008212676,1763008212867,191,32737.723733198567,3.269848555053792,1569,10012
1763008212738,1763008212929,191,32737.723733198567,3.269848555053792,1570,10012
1763008212802,1763008212992,190,32737.723733198567,3.269848555053792,1571,10012
1763008212864,1763008213055,191,32186.572091626058,3.2147994498228183,1572,10012
1763008212928,1763008213119,191,32186.572091626058,3.2147994498228183,1573,10012
1763008212990,1763008213182,192,32186.572091626058,3.2147994498228183,1574,10012
1763008213053,1763008213245,192,31745.704812842716,3.1707655626091404,1575,10012
1763008213116,1763008213308,192,31745.704812842716,3.1707655626091404,1576,10012
1763008213180,1763008213370,190,31745.704812842716,3.1707655626091404,1577,10012
1763008213242,1763008213432,190,31745.704812842716,3.1707655626091404,1578,10012
1763008213305,1763008213494,189,33422.768440648484,3.338270918962094,1579,10012
1763008213367,1763008213557,190,33422.768440648484,3.338270918962094,1580,10012
1763008213429,1763008213619,190,33422.768440648484,3.338270918962094,1581,10012
1763008213491,1763008213682,191,32731.867678756193,3.269263651493827,1582,10012
1763008213553,1763008213745,192,32731.867678756193,3.269263651493827,1583,10012
1763008213617,1763008213808,191,32731.867678756193,3.269263651493827,1584,10012
1763008213678,1763008213871,193,32184.606539968685,3.21460313024058,1585,10012
1763008213741,1763008213933,192,32184.606539968685,3.21460313024058,1586,10012
1763008213805,1763008213996,191,32184.606539968685,3.21460313024058,1587,10012
1763008213867,1763008214058,191,31744.142199275106,3.170609488541261,1588,10012
1763008213931,1763008214123,192,31744.142199275106,3.170609488541261,1589,10012
1763008213993,1763008214183,190,31744.142199275106,3.170609488541261,1590,10012
1763008214056,1763008214262,206,31397.38933282226,3.135975762367385,1591,10012
1763008214118,1763008214308,190,31397.38933282226,3.135975762367385,1592,10012
1763008214180,1763008214371,191,31397.38933282226,3.135975762367385,1593,10012
1763008214243,1763008214434,191,31397.38933282226,3.135975762367385,1594,10012
1763008214306,1763008214497,191,33144.81268759216,3.310508658369173,1595,10012
1763008214368,1763008214573,205,33144.81268759216,3.310508658369173,1596,10012
1763008214431,1763008214635,204,33144.81268759216,3.310508658369173,1597,10012
1763008214493,1763008214682,189,32513.72371201095,3.247475400720231,1598,10012
1763008214554,1763008214745,191,32513.72371201095,3.247475400720231,1599,10012
1763008214617,1763008214807,190,32513.72371201095,3.247475400720231,1600,10012
1763008214680,1763008214870,190,32013.223522184737,3.197485369774744,1601,10012
1763008214742,1763008214931,189,32013.223522184737,3.197485369774744,1602,10012
1763008214805,1763008214994,189,32013.223522184737,3.197485369774744,1603,10012
1763008214866,1763008215072,206,31611.847147181234,3.157395839710471,1604,10012
1763008214929,1763008215120,191,31611.847147181234,3.157395839710471,1605,10012
1763008214991,1763008215182,191,31611.847147181234,3.157395839710471,1606,10012
1763008215054,1763008215246,192,31611.847147181234,3.157395839710471,1607,10012
1763008215118,1763008215306,188,33324.386176303444,3.3284444842492453,1608,10012
1763008215179,1763008215369,190,33324.386176303444,3.3284444842492453,1609,10012
1763008215242,1763008215431,189,33324.386176303444,3.3284444842492453,1610,10012
1763008215304,1763008215493,189,32656.843782513846,3.2617702539466484,1611,10012
1763008215366,1763008215557,191,32656.843782513846,3.2617702539466484,1612,10012
1763008215428,1763008215618,190,32656.843782513846,3.2617702539466484,1613,10012
1763008215491,1763008215696,205,32130.054182228563,3.209154432903372,1614,10012
1763008215552,1763008215756,204,32130.054182228563,3.209154432903372,1615,10012
1763008215615,1763008215804,189,32130.054182228563,3.209154432903372,1616,10012
1763008215676,1763008215867,191,32130.054182228563,3.209154432903372,1617,10012
1763008215738,1763008215929,191,33729.479237418396,3.368905237456891,1618,10012
1763008215801,1763008215991,190,33729.479237418396,3.368905237456891,1619,10012
1763008215864,1763008216054,190,33729.479237418396,3.368905237456891,1620,10012
1763008215927,1763008216118,191,32972.31599374762,3.2932796637782284,1621,10012
1763008215989,1763008216181,192,32972.31599374762,3.2932796637782284,1622,10012
1763008216052,1763008216243,191,32972.31599374762,3.2932796637782284,1623,10012
1763008216116,1763008216305,189,32376.243847016856,3.233743892031248,1624,10012
1763008216177,1763008216368,191,32376.243847016856,3.233743892031248,1625,10012
1763008216239,1763008216431,192,32376.243847016856,3.233743892031248,1626,10012
1763008216303,1763008216494,191,31898.834102225417,3.1860601380568734,1627,10012
1763008216365,1763008216557,192,31898.834102225417,3.1860601380568734,1628,10012
1763008216428,1763008216620,192,31898.834102225417,3.1860601380568734,1629,10012
1763008216491,1763008216684,193,31898.834102225417,3.1860601380568734,1630,10012
1763008216554,1763008216745,191,33569.413111269205,3.352917809755214,1631,10012
1763008216617,1763008216808,191,33569.413111269205,3.352917809755214,1632,10012
1763008216680,1763008216872,192,33569.413111269205,3.352917809755214,1633,10012
1763008216742,1763008216932,190,32852.130249681555,3.281275494374906,1634,10012
1763008216806,1763008217010,204,32852.130249681555,3.281275494374906,1635,10012
1763008216867,1763008217058,191,32852.130249681555,3.281275494374906,1636,10012
1763008216929,1763008217120,191,32277.639678746516,3.223895293522425,1637,10012
1763008216992,1763008217182,190,32277.639678746516,3.223895293522425,1638,10012
1763008217055,1763008217245,190,32277.639678746516,3.223895293522425,1639,10012
1763008217117,1763008217307,190,31824.82846363972,3.1786684442308952,1640,10012
1763008217179,1763008217369,190,31824.82846363972,3.1786684442308952,1641,10012
1763008217241,1763008217431,190,31824.82846363972,3.1786684442308952,1642,10012
1763008217304,1763008217494,190,31824.82846363972,3.1786684442308952,1643,10012
1763008217366,1763008217557,191,33485.9091139845,3.3445774184962542,1644,10012
1763008217429,1763008217634,205,33485.9091139845,3.3445774184962542,1645,10012
1763008217491,1763008217694,203,33485.9091139845,3.3445774184962542,1646,10012
1763008217553,1763008217742,189,32789.02747295963,3.274972779960011,1647,10012
1763008217614,1763008217805,191,32789.02747295963,3.274972779960011,1648,10012
1763008217676,1763008217870,194,32789.02747295963,3.274972779960011,1649,10012
1763008217740,1763008217931,191,32224.656841002903,3.2186033600682085,1650,10012
1763008217803,1763008217994,191,32224.656841002903,3.2186033600682085,1651,10012
1763008217865,1763008218058,193,32224.656841002903,3.2186033600682085,1652,10012
1763008217930,1763008218121,191,31775.982188597307,3.1737896712542257,1653,10012
1763008217993,1763008218184,191,31775.982188597307,3.1737896712542257,1654,10012
1763008218056,1763008218263,207,31775.982188597307,3.1737896712542257,1655,10012
1763008218118,1763008218310,192,31775.982188597307,3.1737896712542257,1656,10012
1763008218181,1763008218373,192,33471.74583993486,3.3431627886471094,1657,10012
1763008218244,1763008218436,192,33471.74583993486,3.3431627886471094,1658,10012
1763008218308,1763008218498,190,33471.74583993486,3.3431627886471094,1659,10012
1763008218371,1763008218561,190,32770.85368858815,3.273157579763099,1660,10012
1763008218433,1763008218624,191,32770.85368858815,3.273157579763099,1661,10012
1763008218495,1763008218688,193,32770.85368858815,3.273157579763099,1662,10012
1763008218558,1763008218750,192,32212.943536116167,3.217433433491427,1663,10012
1763008218622,1763008218813,191,32212.943536116167,3.217433433491427,1664,10012
1763008218685,1763008218876,191,32212.943536116167,3.217433433491427,1665,10012
1763008218747,1763008218937,190,31768.84705474847,3.1730770130591757,1666,10012
1763008218809,1763008219001,192,31768.84705474847,3.1730770130591757,1667,10012
1763008218872,1763008219065,193,31768.84705474847,3.1730770130591757,1668,10012
1763008218935,1763008219127,192,31768.84705474847,3.1730770130591757,1669,10012
1763008218999,1763008219189,190,33466.07340852503,3.3425962253820445,1670,10012
1763008219062,1763008219253,191,33466.07340852503,3.3425962253820445,1671,10012
1763008219125,1763008219315,190,33466.07340852503,3.3425962253820445,1672,10012
1763008219188,1763008219379,191,32766.338433185923,3.2727065954041072,1673,10012
1763008219249,1763008219441,192,32766.338433185923,3.2727065954041072,1674,10012
1763008219312,1763008219503,191,32766.338433185923,3.2727065954041072,1675,10012
1763008219375,1763008219566,191,32212.07973124918,3.2173471565370733,1676,10012
1763008219438,1763008219629,191,32212.07973124918,3.2173471565370733,1677,10012
1763008219500,1763008219691,191,32212.07973124918,3.2173471565370733,1678,10012
1763008219563,1763008219756,193,31765.983386343098,3.1727909894469732,1679,10012
1763008219626,1763008219817,191,31765.983386343098,3.1727909894469732,1680,10012
1763008219689,1763008219894,205,31765.983386343098,3.1727909894469732,1681,10012
1763008219753,1763008219956,203,31418.256725688134,3.1380600005681316,1682,10012
1763008219813,1763008220003,190,31418.256725688134,3.1380600005681316,1683,10012
1763008219876,1763008220066,190,31418.256725688134,3.1380600005681316,1684,10012
1763008219938,1763008220128,190,31418.256725688134,3.1380600005681316,1685,10012
1763008220002,1763008220191,189,33178.724353647754,3.3138957604522328,1686,10012
1763008220063,1763008220255,192,33178.724353647754,3.3138957604522328,1687,10012
1763008220125,1763008220317,192,33178.724353647754,3.3138957604522328,1688,10012
1763008220188,1763008220379,191,32540.75130985726,3.2501749210804296,1689,10012
1763008220252,1763008220443,191,32540.75130985726,3.2501749210804296,1690,10012
1763008220313,1763008220505,192,32540.75130985726,3.2501749210804296,1691,10012
1763008220376,1763008220566,190,32032.286793956235,3.1993894121011026,1692,10012
1763008220439,1763008220629,190,32032.286793956235,3.1993894121011026,1693,10012
1763008220501,1763008220691,190,32032.286793956235,3.1993894121011026,1694,10012
1763008220563,1763008220754,191,32032.286793956235,3.1993894121011026,1695,10012
1763008220625,1763008220817,192,33659.47657478312,3.3619133614445786,1696,10012
1763008220687,1763008220878,191,33659.47657478312,3.3619133614445786,1697,10012
1763008220750,1763008220955,205,33659.47657478312,3.3619133614445786,1698,10012
1763008220813,1763008221002,189,32927.53430667693,3.2888068624327738,1699,10012
1763008220875,1763008221066,191,32927.53430667693,3.2888068624327738,1700,10012
1763008220938,1763008221130,192,32927.53430667693,3.2888068624327738,1701,10012
1763008221000,1763008221192,192,32331.87823950148,3.2293126487716224,1702,10012
1763008221063,1763008221255,192,32331.87823950148,3.2293126487716224,1703,10012
1763008221126,1763008221318,192,32331.87823950148,3.2293126487716224,1704,10012
1763008221189,1763008221379,190,31868.11083512218,3.1829914937197548,1705,10012
1763008221251,1763008221442,191,31868.11083512218,3.1829914937197548,1706,10012
1763008221314,1763008221504,190,31868.11083512218,3.1829914937197548,1707,10012
1763008221376,1763008221566,190,31868.11083512218,3.1829914937197548,1708,10012
1763008221438,1763008221630,192,33536.80822475725,3.3496612290009247,1709,10012
1763008221501,1763008221692,191,33536.80822475725,3.3496612290009247,1710,10012
1763008221564,1763008221769,205,33536.80822475725,3.3496612290009247,1711,10012
1763008221627,1763008221831,204,32829.64496335629,3.279029660742738,1712,10012
1763008221688,1763008221893,205,32829.64496335629,3.279029660742738,1713,10012
1763008221751,1763008221941,190,32829.64496335629,3.279029660742738,1714,10012
1763008221813,1763008222005,192,32262.53503579496,3.2223866396119623,1715,10012
1763008221875,1763008222066,191,32262.53503579496,3.2223866396119623,1716,10012
1763008221938,1763008222129,191,32262.53503579496,3.2223866396119623,1717,10012
1763008222001,1763008222191,190,31808.32188849279,3.177019765131122,1718,10012
1763008222063,1763008222254,191,31808.32188849279,3.177019765131122,1719,10012
1763008222127,1763008222316,189,31808.32188849279,3.177019765131122,1720,10012
1763008222189,1763008222394,205,31450.312867017245,3.1412617725746355,1721,10012
1763008222251,1763008222441,190,31450.312867017245,3.1412617725746355,1722,10012
1763008222312,1763008222506,194,31450.312867017245,3.1412617725746355,1723,10012
1763008222375,1763008222568,193,31450.312867017245,3.1412617725746355,1724,10012
1763008222438,1763008222630,192,33212.83872927871,3.317303109196835,1725,10012
1763008222502,1763008222693,191,33212.83872927871,3.317303109196835,1726,10012
1763008222564,1763008222756,192,33212.83872927871,3.317303109196835,1727,10012
1763008222628,1763008222819,191,32564.76362850585,3.252573274920681,1728,10012
1763008222690,1763008222881,191,32564.76362850585,3.252573274920681,1729,10012
1763008222754,1763008222944,190,32564.76362850585,3.252573274920681,1730,10012
1763008222816,1763008223006,190,32053.95337554767,3.2015534733867033,1731,10012
1763008222878,1763008223068,190,32053.95337554767,3.2015534733867033,1732,10012
1763008222940,1763008223129,189,32053.95337554767,3.2015534733867033,1733,10012
1763008223002,1763008223192,190,32053.95337554767,3.2015534733867033,1734,10012
1763008223064,1763008223255,191,33684.73888693594,3.364436564815816,1735,10012
1763008223127,1763008223318,191,33684.73888693594,3.364436564815816,1736,10012
1763008223190,1763008223381,191,33684.73888693594,3.364436564815816,1737,10012
1763008223253,1763008223444,191,32940.39615400101,3.2900915055933893,1738,10012
1763008223315,1763008223508,193,32940.39615400101,3.2900915055933893,1739,10012
1763008223378,1763008223570,192,32940.39615400101,3.2900915055933893,1740,10012
1763008223441,1763008223633,192,32344.994942430807,3.2306227469467443,1741,10012
1763008223505,1763008223697,192,32344.994942430807,3.2306227469467443,1742,10012
1763008223567,1763008223760,193,32344.994942430807,3.2306227469467443,1743,10012
1763008223631,1763008223822,191,31873.959974174923,3.1835757065696084,1744,10012
1763008223695,1763008223901,206,31873.959974174923,3.1835757065696084,1745,10012
1763008223757,1763008223947,190,31873.959974174923,3.1835757065696084,1746,10012
1763008223819,1763008224011,192,31873.959974174923,3.1835757065696084,1747,10012
1763008223882,1763008224074,192,33549.63817946906,3.350942686722839,1748,10012
1763008223944,1763008224136,192,33549.63817946906,3.350942686722839,1749,10012
1763008224009,1763008224199,190,33549.63817946906,3.350942686722839,1750,10012
1763008224071,1763008224263,192,32829.3423526779,3.278999435944657,1751,10012
1763008224134,1763008224326,192,32829.3423526779,3.278999435944657,1752,10012
1763008224197,1763008224387,190,32829.3423526779,3.278999435944657,1753,10012
1763008224260,1763008224450,190,32262.29385508429,3.2223625504478917,1754,10012
1763008224323,1763008224512,189,32262.29385508429,3.2223625504478917,1755,10012
1763008224385,1763008224575,190,32262.29385508429,3.2223625504478917,1756,10012
1763008224447,1763008224637,190,31810.35620250218,3.1772229527069697,1757,10012
1763008224509,1763008224700,191,31810.35620250218,3.1772229527069697,1758,10012
1763008224573,1763008224778,205,31810.35620250218,3.1772229527069697,1759,10012
1763008224635,1763008224824,189,31810.35620250218,3.1772229527069697,1760,10012
1763008224697,1763008224887,190,33474.360249596735,3.343423916260162,1761,10012
1763008224760,1763008224964,204,33474.360249596735,3.343423916260162,1762,10012
1763008224822,1763008225027,205,33474.360249596735,3.343423916260162,1763,10012
1763008224883,1763008225075,192,32776.3731189286,3.2737088612593492,1764,10012
1763008224945,1763008225139,194,32776.3731189286,3.2737088612593492,1765,10012
1763008225009,1763008225202,193,32776.3731189286,3.2737088612593492,1766,10012
1763008225072,1763008225264,192,32211.856256429306,3.217324835839923,1767,10012
1763008225135,1763008225327,192,32211.856256429306,3.217324835839923,1768,10012
1763008225199,1763008225390,191,32211.856256429306,3.217324835839923,1769,10012
1763008225262,1763008225452,190,31770.157436374157,3.1732078941644186,1770,10012
1763008225325,1763008225515,190,31770.157436374157,3.1732078941644186,1771,10012
1763008225400,1763008225594,194,31770.157436374157,3.1732078941644186,1772,10012
1763008225450,1763008225641,191,31770.157436374157,3.1732078941644186,1773,10012
1763008225512,1763008225703,191,33458.83731935383,3.341873483754877,1774,10012
1763008225574,1763008225766,192,33458.83731935383,3.341873483754877,1775,10012
1763008225637,1763008225830,193,33458.83731935383,3.341873483754877,1776,10012
1763008225700,1763008225893,193,32757.155668886295,3.271789419585127,1777,10012
1763008225764,1763008225956,192,32757.155668886295,3.271789419585127,1778,10012
1763008225827,1763008226020,193,32757.155668886295,3.271789419585127,1779,10012
1763008225890,1763008226082,192,32202.03991243349,3.216344377989761,1780,10012
1763008225954,1763008226145,191,32202.03991243349,3.216344377989761,1781,10012
1763008226016,1763008226207,191,32202.03991243349,3.216344377989761,1782,10012
1763008226079,1763008226270,191,31758.001730384625,3.17199378050186,1783,10012
1763008226141,1763008226333,192,31758.001730384625,3.17199378050186,1784,10012
1763008226204,1763008226395,191,31758.001730384625,3.17199378050186,1785,10012
1763008226267,1763008226457,190,31758.001730384625,3.17199378050186,1786,10012
1763008226329,1763008226534,205,33432.58138084693,3.3392510368404844,1787,10012
1763008226392,1763008226582,190,33432.58138084693,3.3392510368404844,1788,10012
1763008226453,1763008226645,192,33432.58138084693,3.3392510368404844,1789,10012
1763008226516,1763008226707,191,32739.678779154157,3.2700438253250255,1790,10012
1763008226579,1763008226769,190,32739.678779154157,3.2700438253250255,1791,10012
1763008226641,1763008226831,190,32739.678779154157,3.2700438253250255,1792,10012
1763008226704,1763008226895,191,32190.831986985864,3.2152249287840453,1793,10012
1763008226766,1763008226958,192,32190.831986985864,3.2152249287840453,1794,10012
1763008226830,1763008227020,190,32190.831986985864,3.2152249287840453,1795,10012
1763008226893,1763008227083,190,31749.091429653763,3.1711038183833162,1796,10012
1763008226955,1763008227146,191,31749.091429653763,3.1711038183833162,1797,10012
1763008227019,1763008227208,189,31749.091429653763,3.1711038183833162,1798,10012
1763008227081,1763008227288,207,31403.046960863703,3.1365408470698863,1799,10012
1763008227143,1763008227333,190,31403.046960863703,3.1365408470698863,1800,10012
1763008227206,1763008227396,190,31403.046960863703,3.1365408470698863,1801,10012
1763008227269,1763008227460,191,31403.046960863703,3.1365408470698863,1802,10012
1763008227330,1763008227521,191,33218.487099082326,3.3178672691852102,1803,10012
1763008227393,1763008227585,192,33218.487099082326,3.3178672691852102,1804,10012
1763008227456,1763008227646,190,33218.487099082326,3.3178672691852102,1805,10012
1763008227519,1763008227708,189,32546.982321175954,3.250797275387131,1806,10012
1763008227581,1763008227770,189,32546.982321175954,3.250797275387131,1807,10012
1763008227643,1763008227834,191,32546.982321175954,3.250797275387131,1808,10012
1763008227704,1763008227895,191,32546.982321175954,3.250797275387131,1809,10012
1763008227767,1763008227959,192,34069.68890997724,3.4028854284835433,1810,10012
1763008227830,1763008228020,190,34069.68890997724,3.4028854284835433,1811,10012
1763008227892,1763008228082,190,34069.68890997724,3.4028854284835433,1812,10012
1763008227955,1763008228145,190,33250.85006125186,3.321099686501384,1813,10012
1763008228017,1763008228209,192,33250.85006125186,3.321099686501384,1814,10012
1763008228079,1763008228272,193,33250.85006125186,3.321099686501384,1815,10012
1763008228141,1763008228335,194,32591.80579869523,3.2552742507686,1816,10012
1763008228205,1763008228398,193,32591.80579869523,3.2552742507686,1817,10012
1763008228268,1763008228460,192,32591.80579869523,3.2552742507686,1818,10012
1763008228331,1763008228522,191,32072.977221560097,3.2034535778625743,1819,10012
1763008228395,1763008228598,203,32072.977221560097,3.2034535778625743,1820,10012
1763008228457,1763008228662,205,32072.977221560097,3.2034535778625743,1821,10012
1763008228519,1763008228709,190,32072.977221560097,3.2034535778625743,1822,10012
1763008228580,1763008228771,191,33691.9068455834,3.3651525015564716,1823,10012
1763008228643,1763008228833,190,33691.9068455834,3.3651525015564716,1824,10012
1763008228706,1763008228896,190,33691.9068455834,3.3651525015564716,1825,10012
1763008228769,1763008228973,204,32953.41366277555,3.2913916962420644,1826,10012
1763008228831,1763008229036,205,32953.41366277555,3.2913916962420644,1827,10012
1763008228892,1763008229081,189,32953.41366277555,3.2913916962420644,1828,10012
1763008228954,1763008229145,191,32364.096102894888,3.2325305736011676,1829,10012
1763008229018,1763008229208,190,32364.096102894888,3.2325305736011676,1830,10012
1763008229079,1763008229270,191,32364.096102894888,3.2325305736011676,1831,10012
1763008229141,1763008229332,191,31886.836401801436,3.184861806012928,1832,10012
1763008229204,1763008229395,191,31886.836401801436,3.184861806012928,1833,10012
1763008229267,1763008229458,191,31886.836401801436,3.184861806012928,1834,10012
1763008229330,1763008229535,205,31511.116612235746,3.147334859392304,1835,10012
1763008229392,1763008229582,190,31511.116612235746,3.147334859392304,1836,10012
1763008229454,1763008229645,191,31511.116612235746,3.147334859392304,1837,10012
1763008229517,1763008229708,191,31511.116612235746,3.147334859392304,1838,10012
1763008229580,1763008229786,206,33227.03017317636,3.318720552654451,1839,10012
1763008229642,1763008229832,190,33227.03017317636,3.318720552654451,1840,10012
1763008229703,1763008229895,192,33227.03017317636,3.318720552654451,1841,10012
1763008229765,1763008229958,193,32572.868987675207,3.2533828393602886,1842,10012
1763008229829,1763008230020,191,32572.868987675207,3.2533828393602886,1843,10012
1763008229892,1763008230084,192,32572.868987675207,3.2533828393602886,1844,10012
1763008229955,1763008230160,205,32060.421452164814,3.2021995058095105,1845,10012
1763008230018,1763008230208,190,32060.421452164814,3.2021995058095105,1846,10012
1763008230080,1763008230270,190,32060.421452164814,3.2021995058095105,1847,10012
1763008230142,1763008230335,193,32060.421452164814,3.2021995058095105,1848,10012
1763008230204,1763008230397,193,33697.87505447103,3.3657486071185607,1849,10012
1763008230267,1763008230462,195,33697.87505447103,3.3657486071185607,1850,10012
1763008230331,1763008230522,191,33697.87505447103,3.3657486071185607,1851,10012
1763008230394,1763008230600,206,32954.51441841341,3.291501639873493,1852,10012
1763008230455,1763008230646,191,32954.51441841341,3.291501639873493,1853,10012
1763008230517,1763008230708,191,32954.51441841341,3.291501639873493,1854,10012
1763008230581,1763008230771,190,32362.05599147549,3.232326806979174,1855,10012
1763008230642,1763008230834,192,32362.05599147549,3.232326806979174,1856,10012
1763008230704,1763008230897,193,32362.05599147549,3.232326806979174,1857,10012
1763008230768,1763008230959,191,31889.866625205963,3.185164465162402,1858,10012
1763008230831,1763008231020,189,31889.866625205963,3.185164465162402,1859,10012
1763008230894,1763008231083,189,31889.866625205963,3.185164465162402,1860,10012
1763008230955,1763008231146,191,31889.866625205963,3.185164465162402,1861,10012
1763008231017,1763008231208,191,33545.967700289155,3.3505760787344343,1862,10012
1763008231081,1763008231271,190,33545.967700289155,3.3505760787344343,1863,10012
1763008231144,1763008231334,190,33545.967700289155,3.3505760787344343,1864,10012
1763008231206,1763008231397,191,32829.934289430166,3.2790585586726095,1865,10012
1763008231268,1763008231460,192,32829.934289430166,3.2790585586726095,1866,10012
1763008231331,1763008231522,191,32829.934289430166,3.2790585586726095,1867,10012
1763008231394,1763008231584,190,32259.97169438641,3.2221306127033973,1868,10012
1763008231457,1763008231648,191,32259.97169438641,3.2221306127033973,1869,10012
1763008231518,1763008231710,192,32259.97169438641,3.2221306127033973,1870,10012
1763008231582,1763008231774,192,31806.281468731584,3.1768159677119043,1871,10012
1763008231646,1763008231836,190,31806.281468731584,3.1768159677119043,1872,10012
1763008231708,1763008231898,190,31806.281468731584,3.1768159677119043,1873,10012
1763008231770,1763008231962,192,31806.281468731584,3.1768159677119043,1874,10012
1763008231832,1763008232023,191,33479.35033057907,3.3439223262663877,1875,10012
1763008231895,1763008232086,191,33479.35033057907,3.3439223262663877,1876,10012
1763008231958,1763008232149,191,33479.35033057907,3.3439223262663877,1877,10012
1763008232021,1763008232211,190,32780.35021347152,3.274106094034311,1878,10012
1763008232083,1763008232274,191,32780.35021347152,3.274106094034311,1879,10012
1763008232145,1763008232336,191,32780.35021347152,3.274106094034311,1880,10012
1763008232208,1763008232400,192,32217.758419709862,3.2179143447572773,1881,10012
1763008232271,1763008232463,192,32217.758419709862,3.2179143447572773,1882,10012
1763008232334,1763008232526,192,32217.758419709862,3.2179143447572773,1883,10012
1763008232397,1763008232589,192,31772.67970208905,3.173459818426793,1884,10012
1763008232460,1763008232651,191,31772.67970208905,3.173459818426793,1885,10012
1763008232522,1763008232714,192,31772.67970208905,3.173459818426793,1886,10012
1763008232585,1763008232776,191,31772.67970208905,3.173459818426793,1887,10012
1763008232648,1763008232854,206,33452.56972256497,3.341247475286154,1888,10012
1763008232711,1763008232902,191,33452.56972256497,3.341247475286154,1889,10012
1763008232773,1763008232963,190,33452.56972256497,3.341247475286154,1890,10012
1763008232835,1763008233026,191,32755.589499161717,3.2716329903277788,1891,10012
1763008232897,1763008233091,194,32755.589499161717,3.2716329903277788,1892,10012
1763008232960,1763008233152,192,32755.589499161717,3.2716329903277788,1893,10012
1763008233024,1763008233214,190,32200.793241332725,3.216219860300912,1894,10012
1763008233087,1763008233277,190,32200.793241332725,3.216219860300912,1895,10012
1763008233149,1763008233342,193,32200.793241332725,3.216219860300912,1896,10012
1763008233211,1763008233403,192,31757.010626859515,3.171894788939225,1897,10012
1763008233275,1763008233466,191,31757.010626859515,3.171894788939225,1898,10012
1763008233338,1763008233529,191,31757.010626859515,3.171894788939225,1899,10012
1763008233401,1763008233592,191,31757.010626859515,3.171894788939225,1900,10012
1763008233463,1763008233654,191,33440.08146960703,3.340000146784562,1901,10012
1763008233526,1763008233717,191,33440.08146960703,3.340000146784562,1902,10012
1763008233589,1763008233780,191,33440.08146960703,3.340000146784562,1903,10012
1763008233652,1763008233843,191,32745.648849807196,3.2706401168405113,1904,10012
1763008233715,1763008233905,190,32745.648849807196,3.2706401168405113,1905,10012
1763008233777,1763008233968,191,32745.648849807196,3.2706401168405113,1906,10012
1763008233840,1763008234029,189,32198.299782146143,3.215970813238728,1907,10012
1763008233902,1763008234094,192,32198.299782146143,3.215970813238728,1908,10012
1763008233965,1763008234156,191,32198.299782146143,3.215970813238728,1909,10012
1763008234027,1763008234218,191,31757.19062658833,3.1719127673380276,1910,10012
1763008234090,1763008234279,189,31757.19062658833,3.1719127673380276,1911,10012
1763008234152,1763008234343,191,31757.19062658833,3.1719127673380276,1912,10012
1763008234215,1763008234405,190,31757.19062658833,3.1719127673380276,1913,10012
1763008234275,1763008234468,193,33440.2249293909,3.340014475568408,1914,10012
1763008234339,1763008234531,192,33440.2249293909,3.340014475568408,1915,10012
1763008234401,1763008234591,190,33440.2249293909,3.340014475568408,1916,10012
1763008234464,1763008234669,205,32752.571493653937,3.2713315515035895,1917,10012
1763008234525,1763008234716,191,32752.571493653937,3.2713315515035895,1918,10012
1763008234588,1763008234795,207,32752.571493653937,3.2713315515035895,1919,10012
1763008234650,1763008234841,191,32201.107480442188,3.2162512465483606,1920,10012
1763008234712,1763008234906,194,32201.107480442188,3.2162512465483606,1921,10012
1763008234775,1763008234968,193,32201.107480442188,3.2162512465483606,1922,10012
1763008234838,1763008235029,191,31757.26044695154,3.1719197410059468,1923,10012
1763008234901,1763008235092,191,31757.26044695154,3.1719197410059468,1924,10012
1763008234964,1763008235155,191,31757.26044695154,3.1719197410059468,1925,10012
1763008235027,1763008235232,205,31409.565836667327,3.1371919533227457,1926,10012
1763008235088,1763008235278,190,31409.565836667327,3.1371919533227457,1927,10012
1763008235151,1763008235341,190,31409.565836667327,3.1371919533227457,1928,10012
1763008235213,1763008235405,192,31409.565836667327,3.1371919533227457,1929,10012
1763008235276,1763008235482,206,33154.52953766053,3.311479178751551,1930,10012
1763008235338,1763008235528,190,33154.52953766053,3.311479178751551,1931,10012
1763008235400,1763008235592,192,33154.52953766053,3.311479178751551,1932,10012
1763008235462,1763008235654,192,32515.23098244012,3.2476259471074833,1933,10012
1763008235526,1763008235717,191,32515.23098244012,3.2476259471074833,1934,10012
1763008235590,1763008235779,189,32515.23098244012,3.2476259471074833,1935,10012
1763008235651,1763008235842,191,32014.426323987216,3.197605505791772,1936,10012
1763008235714,1763008235904,190,32014.426323987216,3.197605505791772,1937,10012
1763008235776,1763008235966,190,32014.426323987216,3.197605505791772,1938,10012
1763008235838,1763008236044,206,31612.805780217812,3.1574915881160424,1939,10012
1763008235901,1763008236091,190,31612.805780217812,3.1574915881160424,1940,10012
1763008235963,1763008236155,192,31612.805780217812,3.1574915881160424,1941,10012
1763008236025,1763008236218,193,31612.805780217812,3.1574915881160424,1942,10012
1763008236088,1763008236280,192,33342.02059527316,3.330205812552254,1943,10012
1763008236151,1763008236343,192,33342.02059527316,3.330205812552254,1944,10012
1763008236215,1763008236421,206,33342.02059527316,3.330205812552254,1945,10012
1763008236279,1763008236467,188,32670.89841443271,3.2631740326041463,1946,10012
1763008236340,1763008236532,192,32670.89841443271,3.2631740326041463,1947,10012
1763008236402,1763008236594,192,32670.89841443271,3.2631740326041463,1948,10012
1763008236465,1763008236655,190,32136.01403630287,3.2097497039855045,1949,10012
1763008236528,1763008236734,206,32136.01403630287,3.2097497039855045,1950,10012
1763008236590,1763008236780,190,32136.01403630287,3.2097497039855045,1951,10012
1763008236652,1763008236857,205,31713.911215005992,3.167590013484418,1952,10012
1763008236715,1763008236920,205,31713.911215005992,3.167590013484418,1953,10012
1763008236776,1763008236968,192,31713.911215005992,3.167590013484418,1954,10012
1763008236837,1763008237029,192,31713.911215005992,3.167590013484418,1955,10012
1763008236900,1763008237092,192,33414.065327144766,3.3374016507335966,1956,10012
1763008236964,1763008237154,190,33414.065327144766,3.3374016507335966,1957,10012
1763008237027,1763008237232,205,33414.065327144766,3.3374016507335966,1958,10012
1763008237089,1763008237280,191,32728.31806573438,3.2689091156346763,1959,10012
1763008237150,1763008237341,191,32728.31806573438,3.2689091156346763,1960,10012
1763008237213,1763008237404,191,32728.31806573438,3.2689091156346763,1961,10012
1763008237274,1763008237466,192,32181.7774983903,3.214320565160837,1962,10012
1763008237337,1763008237529,192,32181.7774983903,3.214320565160837,1963,10012
1763008237401,1763008237593,192,32181.7774983903,3.214320565160837,1964,10012
1763008237463,1763008237655,192,32181.7774983903,3.214320565160837,1965,10012
1763008237526,1763008237717,191,33786.48688871868,3.374599169868026,1966,10012
1763008237589,1763008237782,193,33786.48688871868,3.374599169868026,1967,10012
1763008237652,1763008237843,191,33786.48688871868,3.374599169868026,1968,10012
1763008237715,1763008237908,193,33017.637076531355,3.297806340045081,1969,10012
1763008237779,1763008237969,190,33017.637076531355,3.297806340045081,1970,10012
1763008237841,1763008238032,191,33017.637076531355,3.297806340045081,1971,10012
1763008237903,1763008238094,191,32409.38311291896,3.2370538466758845,1972,10012
1763008237965,1763008238158,193,32409.38311291896,3.2370538466758845,1973,10012
1763008238028,1763008238221,193,32409.38311291896,3.2370538466758845,1974,10012
1763008238092,1763008238282,190,31925.212957883494,3.188694861954004,1975,10012
1763008238155,1763008238345,190,31925.212957883494,3.188694861954004,1976,10012
1763008238217,1763008238408,191,31925.212957883494,3.188694861954004,1977,10012
1763008238280,1763008238470,190,31925.212957883494,3.188694861954004,1978,10012
1763008238341,1763008238533,192,33566.01594039103,3.352578499839295,1979,10012
1763008238404,1763008238595,191,33566.01594039103,3.352578499839295,1980,10012
1763008238467,1763008238658,191,33566.01594039103,3.352578499839295,1981,10012
1763008238529,1763008238721,192,32842.36267261087,3.2802999073722394,1982,10012
1763008238592,1763008238784,192,32842.36267261087,3.2802999073722394,1983,10012
1763008238655,1763008238848,193,32842.36267261087,3.2802999073722394,1984,10012
1763008238719,1763008238911,192,32272.671050070865,3.2233990261756746,1985,10012
1763008238782,1763008238988,206,32272.671050070865,3.2233990261756746,1986,10012
1763008238844,1763008239035,191,32272.671050070865,3.2233990261756746,1987,10012
1763008238906,1763008239098,192,31816.39015585641,3.177825624835837,1988,10012
1763008238969,1763008239161,192,31816.39015585641,3.177825624835837,1989,10012
1763008239031,1763008239225,194,31816.39015585641,3.177825624835837,1990,10012
1763008239094,1763008239287,193,31816.39015585641,3.177825624835837,1991,10012
1763008239158,1763008239349,191,33503.870173905845,3.3463713717444907,1992,10012
1763008239222,1763008239413,191,33503.870173905845,3.3463713717444907,1993,10012
1763008239284,1763008239475,191,33503.870173905845,3.3463713717444907,1994,10012
1763008239347,1763008239538,191,32799.892528602955,3.276057983280359,1995,10012
1763008239409,1763008239600,191,32799.892528602955,3.276057983280359,1996,10012
1763008239471,1763008239663,192,32799.892528602955,3.276057983280359,1997,10012
1763008239533,1763008239726,193,32233.29456023935,3.2194660967078854,1998,10012
1763008239597,1763008239789,192,32233.29456023935,3.2194660967078854,1999,10012
1763008239660,1763008239851,191,32233.29456023935,3.2194660967078854,2000,10012
1763008239722,1763008239915,193,31785.04646995052,3.174695012979477,2001,10012
1763008239786,1763008239978,192,31785.04646995052,3.174695012979477,2002,10012
1763008239848,1763008240040,192,31785.04646995052,3.174695012979477,2003,10012
1763008239911,1763008240103,192,31785.04646995052,3.174695012979477,2004,10012
1763008239974,1763008240166,192,33478.951943610664,3.3438825353186843,2005,10012
1763008240037,1763008240227,190,33478.951943610664,3.3438825353186843,2006,10012
1763008240100,1763008240290,190,33478.951943610664,3.3438825353186843,2007,10012
1763008240162,1763008240354,192,32783.47565100131,3.27441826318431,2008,10012
1763008240224,1763008240415,191,32783.47565100131,3.27441826318431,2009,10012
1763008240287,1763008240479,192,32783.47565100131,3.27441826318431,2010,10012
1763008240349,1763008240541,192,32220.24314254604,3.2181625192315266,2011,10012
1763008240411,1763008240603,192,32220.24314254604,3.2181625192315266,2012,10012
1763008240476,1763008240681,205,32220.24314254604,3.2181625192315266,2013,10012
1763008240537,1763008240743,206,31781.210270894288,3.1743118528659897,2014,10012
1763008240599,1763008240789,190,31781.210270894288,3.1743118528659897,2015,10012
1763008240661,1763008240851,190,31781.210270894288,3.1743118528659897,2016,10012
1763008240724,1763008240914,190,31781.210270894288,3.1743118528659897,2017,10012
1763008240786,1763008240992,206,33451.10179617364,3.3411008585870596,2018,10012
1763008240848,1763008241039,191,33451.10179617364,3.3411008585870596,2019,10012
1763008240911,1763008241102,191,33451.10179617364,3.3411008585870596,2020,10012
1763008240973,1763008241166,193,32751.005927958046,3.2711751825767124,2021,10012
1763008241036,1763008241229,193,32751.005927958046,3.2711751825767124,2022,10012
1763008241100,1763008241291,191,32751.005927958046,3.2711751825767124,2023,10012
1763008241163,1763008241355,192,32194.429712726647,3.2155842701484865,2024,10012
1763008241226,1763008241418,192,32194.429712726647,3.2155842701484865,2025,10012
1763008241289,1763008241479,190,32194.429712726647,3.2155842701484865,2026,10012
1763008241352,1763008241542,190,31756.26848104314,3.1718206633083437,2027,10012
1763008241414,1763008241604,190,31756.26848104314,3.1718206633083437,2028,10012
1763008241477,1763008241669,192,31756.26848104314,3.1718206633083437,2029,10012
1763008241539,1763008241733,194,31756.26848104314,3.1718206633083437,2030,10012
1763008241602,1763008241798,196,33472.65690546721,3.3432537860035163,2031,10012
1763008241666,1763008241862,196,33472.65690546721,3.3432537860035163,2032,10012
1763008241730,1763008241924,194,33472.65690546721,3.3432537860035163,2033,10012
1763008241793,1763008241986,193,32768.14223984643,3.2728867598727955,2034,10012
1763008241858,1763008242049,191,32768.14223984643,3.2728867598727955,2035,10012
1763008241919,1763008242112,193,32768.14223984643,3.2728867598727955,2036,10012
1763008241983,1763008242175,192,32208.05308067791,3.2169449740988725,2037,10012
1763008242047,1763008242238,191,32208.05308067791,3.2169449740988725,2038,10012
1763008242109,1763008242300,191,32208.05308067791,3.2169449740988725,2039,10012
1763008242172,1763008242363,191,31764.954252219617,3.1726881993827023,2040,10012
1763008242237,1763008242427,190,31764.954252219617,3.1726881993827023,2041,10012
1763008242297,1763008242490,193,31764.954252219617,3.1726881993827023,2042,10012
1763008242360,1763008242554,194,31764.954252219617,3.1726881993827023,2043,10012
1763008242424,1763008242616,192,33471.26167626237,3.3431144303098654,2044,10012
1763008242487,1763008242679,192,33471.26167626237,3.3431144303098654,2045,10012
1763008242551,1763008242741,190,33471.26167626237,3.3431144303098654,2046,10012
1763008242613,1763008242804,191,32773.90355598111,3.273462200956963,2047,10012
1763008242676,1763008242867,191,32773.90355598111,3.273462200956963,2048,10012
1763008242739,1763008242930,191,32773.90355598111,3.273462200956963,2049,10012
1763008242801,1763008242992,191,32215.371230560962,3.2176759119617424,2050,10012
1763008242864,1763008243055,191,32215.371230560962,3.2176759119617424,2051,10012
1763008242926,1763008243117,191,32215.371230560962,3.2176759119617424,2052,10012
1763008242988,1763008243181,193,31768.600128295966,3.173052350009585,2053,10012
1763008243052,1763008243243,191,31768.600128295966,3.173052350009585,2054,10012
1763008243115,1763008243306,191,31768.600128295966,3.173052350009585,2055,10012
1763008243177,1763008243367,190,31768.600128295966,3.173052350009585,2056,10012
1763008243240,1763008243432,192,33441.03890238018,3.340095775307649,2057,10012
1763008243302,1763008243494,192,33441.03890238018,3.340095775307649,2058,10012
1763008243365,1763008243556,191,33441.03890238018,3.340095775307649,2059,10012
1763008243428,1763008243619,191,32746.410966294625,3.270716237144889,2060,10012
1763008243490,1763008243683,193,32746.410966294625,3.270716237144889,2061,10012
1763008243552,1763008243747,195,32746.410966294625,3.270716237144889,2062,10012
1763008243615,1763008243809,194,32190.776718204226,3.2152194085301864,2063,10012
1763008243680,1763008243872,192,32190.776718204226,3.2152194085301864,2064,10012
1763008243742,1763008243934,192,32190.776718204226,3.2152194085301864,2065,10012
1763008243805,1763008243996,191,31751.202267690565,3.1713146491900286,2066,10012
1763008243869,1763008244059,190,31751.202267690565,3.1713146491900286,2067,10012
1763008243930,1763008244122,192,31751.202267690565,3.1713146491900286,2068,10012
1763008243993,1763008244185,192,31751.202267690565,3.1713146491900286,2069,10012
1763008244056,1763008244246,190,33435.45220734938,3.3395377754044526,2070,10012
1763008244119,1763008244309,190,33435.45220734938,3.3395377754044526,2071,10012
1763008244181,1763008244371,190,33435.45220734938,3.3395377754044526,2072,10012
1763008244244,1763008244435,191,32741.963957050106,3.2702720692219445,2073,10012
1763008244306,1763008244498,192,32741.963957050106,3.2702720692219445,2074,10012
1763008244368,1763008244559,191,32741.963957050106,3.2702720692219445,2075,10012
1763008244431,1763008244623,192,32187.241345854833,3.2148662950314457,2076,10012
1763008244494,1763008244686,192,32187.241345854833,3.2148662950314457,2077,10012
1763008244557,1763008244749,192,32187.241345854833,3.2148662950314457,2078,10012
1763008244621,1763008244812,191,31750.5393526463,3.171248437140062,2079,10012
1763008244683,1763008244874,191,31750.5393526463,3.171248437140062,2080,10012
1763008244746,1763008244937,191,31750.5393526463,3.171248437140062,2081,10012
1763008244808,1763008244999,191,31750.5393526463,3.171248437140062,2082,10012
1763008244871,1763008245062,191,33443.22132470646,3.3403137559634897,2083,10012
1763008244934,1763008245125,191,33443.22132470646,3.3403137559634897,2084,10012
1763008244996,1763008245188,192,33443.22132470646,3.3403137559634897,2085,10012
1763008245059,1763008245250,191,32751.555395791045,3.2712300635029012,2086,10012
1763008245121,1763008245312,191,32751.555395791045,3.2712300635029012,2087,10012
1763008245184,1763008245375,191,32751.555395791045,3.2712300635029012,2088,10012
1763008245246,1763008245438,192,32197.58209504967,3.2158991305483093,2089,10012
1763008245309,1763008245500,191,32197.58209504967,3.2158991305483093,2090,10012
1763008245371,1763008245563,192,32197.58209504967,3.2158991305483093,2091,10012
1763008245434,1763008245625,191,31758.780929754586,3.1720716070470028,2092,10012
1763008245497,1763008245687,190,31758.780929754586,3.1720716070470028,2093,10012
1763008245560,1763008245751,191,31758.780929754586,3.1720716070470028,2094,10012
1763008245622,1763008245813,191,31758.780929754586,3.1720716070470028,2095,10012
1763008245685,1763008245878,193,33458.0708391549,3.3417969276023674,2096,10012
1763008245747,1763008245940,193,33458.0708391549,3.3417969276023674,2097,10012
1763008245811,1763008246001,190,33458.0708391549,3.3417969276023674,2098,10012
1763008245874,1763008246064,190,32763.390458806454,3.2724121512990867,2099,10012
1763008245935,1763008246127,192,32763.390458806454,3.2724121512990867,2100,10012
1763008245998,1763008246190,192,32763.390458806454,3.2724121512990867,2101,10012
1763008246062,1763008246253,191,32204.27541475113,3.2165676602827737,2102,10012
1763008246124,1763008246317,193,32204.27541475113,3.2165676602827737,2103,10012
1763008246187,1763008246379,192,32204.27541475113,3.2165676602827737,2104,10012
1763008246250,1763008246442,192,31764.11550555665,3.1726044252453707,2105,10012
1763008246314,1763008246504,190,31764.11550555665,3.1726044252453707,2106,10012
1763008246376,1763008246566,190,31764.11550555665,3.1726044252453707,2107,10012
1763008246438,1763008246628,190,31764.11550555665,3.1726044252453707,2108,10012
1763008246501,1763008246691,190,33445.74405792865,3.3405657269205604,2109,10012
1763008246563,1763008246754,191,33445.74405792865,3.3405657269205604,2110,10012
1763008246625,1763008246817,192,33445.74405792865,3.3405657269205604,2111,10012
1763008246688,1763008246879,191,32753.566014169133,3.2714308843556865,2112,10012
1763008246751,1763008246942,191,32753.566014169133,3.2714308843556865,2113,10012
1763008246813,1763008247005,192,32753.566014169133,3.2714308843556865,2114,10012
1763008246875,1763008247067,192,32199.18254727863,3.2160589839471263,2115,10012
1763008246938,1763008247129,191,32199.18254727863,3.2160589839471263,2116,10012
1763008247001,1763008247207,206,32199.18254727863,3.2160589839471263,2117,10012
1763008247063,1763008247254,191,31757.89330763379,3.1719829512219126,2118,10012
1763008247125,1763008247319,194,31757.89330763379,3.1719829512219126,2119,10012
1763008247188,1763008247381,193,31757.89330763379,3.1719829512219126,2120,10012
1763008247252,1763008247444,192,31757.89330763379,3.1719829512219126,2121,10012
1763008247316,1763008247507,191,33449.0750728765,3.3408984291726425,2122,10012
1763008247378,1763008247571,193,33449.0750728765,3.3408984291726425,2123,10012
1763008247441,1763008247632,191,33449.0750728765,3.3408984291726425,2124,10012
1763008247504,1763008247696,192,32749.394682936814,3.2710142511922506,2125,10012
1763008247567,1763008247759,192,32749.394682936814,3.2710142511922506,2126,10012
1763008247630,1763008247819,189,32749.394682936814,3.2710142511922506,2127,10012
1763008247692,1763008247881,189,32201.28895698358,3.216269372451416,2128,10012
1763008247754,1763008247944,190,32201.28895698358,3.216269372451416,2129,10012
1763008247817,1763008248008,191,32201.28895698358,3.216269372451416,2130,10012
1763008247879,1763008248070,191,31757.404720801944,3.171934151098876,2131,10012
1763008247941,1763008248134,193,31757.404720801944,3.171934151098876,2132,10012
1763008248004,1763008248196,192,31757.404720801944,3.171934151098876,2133,10012
1763008248068,1763008248259,191,31757.404720801944,3.171934151098876,2134,10012
1763008248131,1763008248322,191,33448.68615775835,3.340859584274705,2135,10012
1763008248193,1763008248387,194,33448.68615775835,3.340859584274705,2136,10012
1763008248256,1763008248450,194,33448.68615775835,3.340859584274705,2137,10012
1763008248320,1763008248514,194,32742.26012310237,3.270301650329841,2138,10012
1763008248384,1763008248576,192,32742.26012310237,3.270301650329841,2139,10012
1763008248447,1763008248639,192,32742.26012310237,3.270301650329841,2140,10012
1763008248510,1763008248700,190,32195.59557823569,3.2157007169632132,2141,10012
1763008248572,1763008248763,191,32195.59557823569,3.2157007169632132,2142,10012
1763008248635,1763008248826,191,32195.59557823569,3.2157007169632132,2143,10012
1763008248696,1763008248888,192,31757.197675853844,3.171913471419681,2144,10012
1763008248759,1763008248951,192,31757.197675853844,3.171913471419681,2145,10012
1763008248821,1763008249014,193,31757.197675853844,3.171913471419681,2146,10012
1763008248884,1763008249075,191,31757.197675853844,3.171913471419681,2147,10012
1763008248948,1763008249138,190,33448.52134997966,3.340843123250066,2148,10012
1763008249012,1763008249200,188,33448.52134997966,3.340843123250066,2149,10012
1763008249071,1763008249263,192,33448.52134997966,3.340843123250066,2150,10012
1763008249134,1763008249325,191,32755.779515933787,3.2716519692303025,2151,10012
1763008249196,1763008249388,192,32755.779515933787,3.2716519692303025,2152,10012
1763008249259,1763008249451,192,32755.779515933787,3.2716519692303025,2153,10012
1763008249322,1763008249513,191,32200.944494683295,3.216234967507321,2154,10012
1763008249385,1763008249576,191,32200.944494683295,3.216234967507321,2155,10012
1763008249448,1763008249639,191,32200.944494683295,3.216234967507321,2156,10012
1763008249510,1763008249703,193,31757.13087327322,3.1719067991683203,2157,10012
1763008249574,1763008249766,192,31757.13087327322,3.1719067991683203,2158,10012
1763008249636,1763008249828,192,31757.13087327322,3.1719067991683203,2159,10012
1763008249701,1763008249891,190,31757.13087327322,3.1719067991683203,2160,10012
1763008249763,1763008249955,192,33448.46817512548,3.340837812137983,2161,10012
1763008249825,1763008250018,193,33448.46817512548,3.340837812137983,2162,10012
1763008249888,1763008250082,194,33448.46817512548,3.340837812137983,2163,10012
1763008249951,1763008250144,193,32752.324667399884,3.2713068984618348,2164,10012
1763008250014,1763008250206,192,32752.324667399884,3.2713068984618348,2165,10012
1763008250077,1763008250269,192,32752.324667399884,3.2713068984618348,2166,10012
1763008250139,1763008250333,194,32192.761785915507,3.2154176773786967,2167,10012
1763008250202,1763008250395,193,32192.761785915507,3.2154176773786967,2168,10012
1763008250266,1763008250458,192,32192.761785915507,3.2154176773786967,2169,10012
1763008250329,1763008250520,191,31754.93914337466,3.1716878888708213,2170,10012
1763008250392,1763008250584,192,31754.93914337466,3.1716878888708213,2171,10012
1763008250454,1763008250660,206,31754.93914337466,3.1716878888708213,2172,10012
1763008250517,1763008250723,206,31407.713436412978,3.1370069353189156,2173,10012
1763008250578,1763008250769,191,31407.713436412978,3.1370069353189156,2174,10012
1763008250642,1763008250833,191,31407.713436412978,3.1370069353189156,2175,10012
1763008250703,1763008250896,193,31407.713436412978,3.1370069353189156,2176,10012
1763008250767,1763008250958,191,33178.97218194832,3.313920513578538,2177,10012
1763008250831,1763008251022,191,33178.97218194832,3.313920513578538,2178,10012
1763008250893,1763008251084,191,33178.97218194832,3.313920513578538,2179,10012
1763008250954,1763008251147,193,32537.80585683086,3.2498807288085163,2180,10012
1763008251018,1763008251209,191,32537.80585683086,3.2498807288085163,2181,10012
1763008251081,1763008251272,191,32537.80585683086,3.2498807288085163,2182,10012
1763008251143,1763008251335,192,32029.939267894195,3.1991549408603874,2183,10012
1763008251206,1763008251397,191,32029.939267894195,3.1991549408603874,2184,10012
1763008251268,1763008251460,192,32029.939267894195,3.1991549408603874,2185,10012
1763008251331,1763008251522,191,32029.939267894195,3.1991549408603874,2186,10012
1763008251393,1763008251585,192,33657.605596511676,3.3617264878657287,2187,10012
1763008251456,1763008251647,191,33657.605596511676,3.3617264878657287,2188,10012
1763008251518,1763008251710,192,33657.605596511676,3.3617264878657287,2189,10012
1763008251581,1763008251771,190,32922.41966041981,3.2882960108289856,2190,10012
1763008251644,1763008251835,191,32922.41966041981,3.2882960108289856,2191,10012
1763008251706,1763008251898,192,32922.41966041981,3.2882960108289856,2192,10012
1763008251770,1763008251961,191,32330.703630033746,3.2291953286090433,2193,10012
1763008251833,1763008252024,191,32330.703630033746,3.2291953286090433,2194,10012
1763008251896,1763008252087,191,32330.703630033746,3.2291953286090433,2195,10012
1763008251958,1763008252149,191,31862.58408950686,3.1824394815727985,2196,10012
1763008252022,1763008252212,190,31862.58408950686,3.1824394815727985,2197,10012
1763008252084,1763008252275,191,31862.58408950686,3.1824394815727985,2198,10012
1763008252146,1763008252337,191,31862.58408950686,3.1824394815727985,2199,10012
1763008252208,1763008252402,194,33532.40893524746,3.349221827331948,2200,10012
1763008252271,1763008252464,193,33532.40893524746,3.349221827331948,2201,10012
1763008252334,1763008252525,191,33532.40893524746,3.349221827331948,2202,10012
1763008252397,1763008252590,193,32819.14151245698,3.2779805745562305,2203,10012
1763008252460,1763008252652,192,32819.14151245698,3.2779805745562305,2204,10012
1763008252523,1763008252716,193,32819.14151245698,3.2779805745562305,2205,10012
1763008252585,1763008252777,192,32254.163785428216,3.2215505179213157,2206,10012
1763008252648,1763008252841,193,32254.163785428216,3.2215505179213157,2207,10012
1763008252711,1763008252902,191,32254.163785428216,3.2215505179213157,2208,10012
1763008252773,1763008252965,192,31799.440209415432,3.176132661747446,2209,10012
1763008252837,1763008253028,191,31799.440209415432,3.176132661747446,2210,10012
1763008252899,1763008253092,193,31799.440209415432,3.176132661747446,2211,10012
1763008252962,1763008253153,191,31799.440209415432,3.176132661747446,2212,10012
1763008253026,1763008253217,191,33473.8978469041,3.3433777314127147,2213,10012
1763008253087,1763008253279,192,33473.8978469041,3.3433777314127147,2214,10012
1763008253150,1763008253341,191,33473.8978469041,3.3433777314127147,2215,10012
1763008253212,1763008253405,193,32769.12878828876,3.272985296473108,2216,10012
1763008253275,1763008253468,193,32769.12878828876,3.272985296473108,2217,10012
1763008253337,1763008253530,193,32769.12878828876,3.272985296473108,2218,10012
1763008253402,1763008253592,190,32211.570515477855,3.217296295992594,2219,10012
1763008253464,1763008253654,190,32211.570515477855,3.217296295992594,2220,10012
1763008253527,1763008253717,190,32211.570515477855,3.217296295992594,2221,10012
1763008253588,1763008253779,191,31772.105271351327,3.17340244420209,2222,10012
1763008253651,1763008253841,190,31772.105271351327,3.17340244420209,2223,10012
1763008253714,1763008253903,189,31772.105271351327,3.17340244420209,2224,10012
1763008253776,1763008253967,191,31772.105271351327,3.17340244420209,2225,10012
1763008253838,1763008254028,190,33435.56011180971,3.3395485529174698,2226,10012
1763008253900,1763008254091,191,33435.56011180971,3.3395485529174698,2227,10012
1763008253962,1763008254154,192,33435.56011180971,3.3395485529174698,2228,10012
1763008254025,1763008254216,191,32738.65028888872,3.2699410995693885,2229,10012
1763008254089,1763008254294,205,32738.65028888872,3.2699410995693885,2230,10012
1763008254151,1763008254341,190,32738.65028888872,3.2699410995693885,2231,10012
1763008254213,1763008254402,189,32195.417580822086,3.2156829385559416,2232,10012
1763008254275,1763008254480,205,32195.417580822086,3.2156829385559416,2233,10012
1763008254336,1763008254541,205,32195.417580822086,3.2156829385559416,2234,10012
1763008254398,1763008254603,205,31759.215229496025,3.1721149849676413,2235,10012
1763008254460,1763008254651,191,31759.215229496025,3.1721149849676413,2236,10012
1763008254522,1763008254714,192,31759.215229496025,3.1721149849676413,2237,10012
1763008254585,1763008254790,205,31412.848968367325,3.1375198729891456,2238,10012
1763008254647,1763008254837,190,31412.848968367325,3.1375198729891456,2239,10012
1763008254709,1763008254901,192,31412.848968367325,3.1375198729891456,2240,10012
1763008254771,1763008254963,192,31412.848968367325,3.1375198729891456,2241,10012
1763008254834,1763008255024,190,33174.41977882039,3.3134658188993598,2242,10012
1763008254896,1763008255088,192,33174.41977882039,3.3134658188993598,2243,10012
1763008254959,1763008255152,193,33174.41977882039,3.3134658188993598,2244,10012
1763008255023,1763008255217,194,32527.90530438339,3.2488918602060917,2245,10012
1763008255085,1763008255278,193,32527.90530438339,3.2488918602060917,2246,10012
1763008255149,1763008255343,194,32527.90530438339,3.2488918602060917,2247,10012
1763008255213,1763008255406,193,32012.080906376028,3.197371245143431,2248,10012
1763008255275,1763008255471,196,32012.080906376028,3.197371245143431,2249,10012
1763008255339,1763008255532,193,32012.080906376028,3.197371245143431,2250,10012
1763008255403,1763008255594,191,32012.080906376028,3.197371245143431,2251,10012
1763008255466,1763008255657,191,33651.40840147532,3.361107511134171,2252,10012
1763008255529,1763008255720,191,33651.40840147532,3.361107511134171,2253,10012
1763008255592,1763008255782,190,33651.40840147532,3.361107511134171,2254,10012
1763008255652,1763008255845,193,32913.865087574355,3.2874415788628,2255,10012
1763008255716,1763008255907,191,32913.865087574355,3.2874415788628,2256,10012
1763008255780,1763008255985,205,32913.865087574355,3.2874415788628,2257,10012
1763008255842,1763008256031,189,32335.41420497191,3.2296658215113774,2258,10012
1763008255904,1763008256093,189,32335.41420497191,3.2296658215113774,2259,10012
1763008255965,1763008256157,192,32335.41420497191,3.2296658215113774,2260,10012
1763008256028,1763008256221,193,31864.034292952667,3.182584328101545,2261,10012
1763008256091,1763008256283,192,31864.034292952667,3.182584328101545,2262,10012
1763008256154,1763008256345,191,31864.034292952667,3.182584328101545,2263,10012
1763008256217,1763008256409,192,31864.034292952667,3.182584328101545,2264,10012
1763008256280,1763008256472,192,33525.37933148327,3.3485197094969315,2265,10012
1763008256343,1763008256534,191,33525.37933148327,3.3485197094969315,2266,10012
1763008256404,1763008256598,194,33525.37933148327,3.3485197094969315,2267,10012
1763008256467,1763008256661,194,32806.56718919772,3.2767246493405637,2268,10012
1763008256531,1763008256722,191,32806.56718919772,3.2767246493405637,2269,10012
1763008256594,1763008256785,191,32806.56718919772,3.2767246493405637,2270,10012
1763008256657,1763008256848,191,32244.142049790582,3.2205495455244293,2271,10012
1763008256720,1763008256926,206,32244.142049790582,3.2205495455244293,2272,10012
1763008256782,1763008256972,190,32244.142049790582,3.2205495455244293,2273,10012
1763008256844,1763008257036,192,31795.889213683095,3.17577798778297,2274,10012
1763008256907,1763008257097,190,31795.889213683095,3.17577798778297,2275,10012
1763008256970,1763008257160,190,31795.889213683095,3.17577798778297,2276,10012
1763008257032,1763008257239,207,31440.39159251911,3.1402708342508103,2277,10012
1763008257094,1763008257285,191,31440.39159251911,3.1402708342508103,2278,10012
1763008257157,1763008257348,191,31440.39159251911,3.1402708342508103,2279,10012
1763008257219,1763008257412,193,31440.39159251911,3.1402708342508103,2280,10012
1763008257282,1763008257474,192,33213.55892446017,3.3173750423951436,2281,10012
1763008257345,1763008257536,191,33213.55892446017,3.3173750423951436,2282,10012
1763008257409,1763008257614,205,33213.55892446017,3.3173750423951436,2283,10012
1763008257470,1763008257675,205,32533.561314625695,3.2494567833225827,2284,10012
1763008257532,1763008257736,204,32533.561314625695,3.2494567833225827,2285,10012
1763008257593,1763008257799,206,32533.561314625695,3.2494567833225827,2286,10012
1763008257654,1763008257847,193,32533.561314625695,3.2494567833225827,2287,10012
1763008257717,1763008257911,194,34074.02124512743,3.4033181427414534,2288,10012
1763008257779,1763008257973,194,34074.02124512743,3.4033181427414534,2289,10012
1763008257843,1763008258036,193,34074.02124512743,3.4033181427414534,2290,10012
1763008257906,1763008258098,192,33250.264911121434,3.321041241622197,2291,10012
1763008257969,1763008258161,192,33250.264911121434,3.321041241622197,2292,10012
1763008258032,1763008258225,193,33250.264911121434,3.321041241622197,2293,10012
1763008258095,1763008258287,192,32594.55486925266,3.255548828331269,2294,10012
1763008258159,1763008258351,192,32594.55486925266,3.255548828331269,2295,10012
1763008258221,1763008258414,193,32594.55486925266,3.255548828331269,2296,10012
1763008258283,1763008258476,193,32067.49256618661,3.2029057696950276,2297,10012
1763008258348,1763008258539,191,32067.49256618661,3.2029057696950276,2298,10012
1763008258410,1763008258603,193,32067.49256618661,3.2029057696950276,2299,10012
1763008258473,1763008258667,194,32067.49256618661,3.2029057696950276,2300,10012
1763008258537,1763008258732,195,33719.45760498598,3.367904275368157,2301,10012
1763008258600,1763008258794,194,33719.45760498598,3.367904275368157,2302,10012
1763008258665,1763008258858,193,33719.45760498598,3.367904275368157,2303,10012
1763008258728,1763008258922,194,32960.66533835887,3.2921159946423164,2304,10012
1763008258790,1763008258984,194,32960.66533835887,3.2921159946423164,2305,10012
1763008258855,1763008259048,193,32960.66533835887,3.2921159946423164,2306,10012
1763008258918,1763008259110,192,32361.108943995303,3.2322322157406416,2307,10012
1763008258980,1763008259173,193,32361.108943995303,3.2322322157406416,2308,10012
1763008259049,1763008259250,201,32361.108943995303,3.2322322157406416,2309,10012
1763008259107,1763008259297,190,31889.111828364257,3.1850890759452914,2310,10012
1763008259169,1763008259360,191,31889.111828364257,3.1850890759452914,2311,10012
1763008259230,1763008259421,191,31889.111828364257,3.1850890759452914,2312,10012
1763008259293,1763008259483,190,31889.111828364257,3.1850890759452914,2313,10012
1763008259355,1763008259545,190,33529.04835086304,3.348886171680288,2314,10012
1763008259417,1763008259609,192,33529.04835086304,3.348886171680288,2315,10012
1763008259480,1763008259671,191,33529.04835086304,3.348886171680288,2316,10012
1763008259542,1763008259735,193,32816.46648728698,3.277713392657509,2317,10012
1763008259605,1763008259798,193,32816.46648728698,3.277713392657509,2318,10012
1763008259667,1763008259861,194,32816.46648728698,3.277713392657509,2319,10012
1763008259732,1763008259924,192,32243.690390905864,3.220504433770062,2320,10012
1763008259794,1763008259986,192,32243.690390905864,3.220504433770062,2321,10012
1763008259858,1763008260049,191,32243.690390905864,3.220504433770062,2322,10012
1763008259921,1763008260112,191,31793.32155116107,3.1755215292809695,2323,10012
1763008259983,1763008260174,191,31793.32155116107,3.1755215292809695,2324,10012
1763008260046,1763008260238,192,31793.32155116107,3.1755215292809695,2325,10012
1763008260109,1763008260301,192,31793.32155116107,3.1755215292809695,2326,10012
1763008260172,1763008260366,194,33493.78531162189,3.34536409424909,2327,10012
1763008260235,1763008260430,195,33493.78531162189,3.34536409424909,2328,10012
1763008260298,1763008260492,194,33493.78531162189,3.34536409424909,2329,10012
1763008260362,1763008260554,192,32788.397108051024,3.2749098190222754,2330,10012
1763008260427,1763008260617,190,32788.397108051024,3.2749098190222754,2331,10012
1763008260490,1763008260680,190,32788.397108051024,3.2749098190222754,2332,10012
1763008260551,1763008260743,192,32221.40330379251,3.2182783963036865,2333,10012
1763008260615,1763008260806,191,32221.40330379251,3.2182783963036865,2334,10012
1763008260678,1763008260870,192,32221.40330379251,3.2182783963036865,2335,10012
1763008260740,1763008260934,194,31773.395626515045,3.1735313250614308,2336,10012
1763008260804,1763008260995,191,31773.395626515045,3.1735313250614308,2337,10012
1763008260867,1763008261058,191,31773.395626515045,3.1735313250614308,2338,10012
1763008260931,1763008261120,189,31773.395626515045,3.1735313250614308,2339,10012
1763008260991,1763008261183,192,33444.865709959005,3.340477997399022,2340,10012
1763008261054,1763008261247,193,33444.865709959005,3.340477997399022,2341,10012
1763008261116,1763008261310,194,33444.865709959005,3.340477997399022,2342,10012
1763008261179,1763008261373,194,32739.23050799749,3.2699990519374245,2343,10012
1763008261243,1763008261438,195,32739.23050799749,3.2699990519374245,2344,10012
1763008261308,1763008261499,191,32739.23050799749,3.2699990519374245,2345,10012
1763008261371,1763008261576,205,32193.177945381998,3.2154592434460647,2346,10012
1763008261432,1763008261624,192,32193.177945381998,3.2154592434460647,2347,10012
1763008261494,1763008261686,192,32193.177945381998,3.2154592434460647,2348,10012
1763008261557,1763008261749,192,31753.11364452407,3.1715055577830675,2349,10012
1763008261619,1763008261811,192,31753.11364452407,3.1715055577830675,2350,10012
1763008261683,1763008261874,191,31753.11364452407,3.1715055577830675,2351,10012
1763008261745,1763008261938,193,31753.11364452407,3.1715055577830675,2352,10012
1763008261808,1763008261998,190,33445.27046104116,3.340518423995322,2353,10012
1763008261870,1763008262061,191,33445.27046104116,3.340518423995322,2354,10012
1763008261932,1763008262124,192,33445.27046104116,3.340518423995322,2355,10012
1763008261996,1763008262187,191,32749.779286988763,3.2710526655002763,2356,10012
1763008262058,1763008262251,193,32749.779286988763,3.2710526655002763,2357,10012
1763008262121,1763008262314,193,32749.779286988763,3.2710526655002763,2358,10012
1763008262185,1763008262377,192,32193.454533156066,3.21548686907272,2359,10012
1763008262246,1763008262440,194,32193.454533156066,3.21548686907272,2360,10012
1763008262311,1763008262505,194,32193.454533156066,3.21548686907272,2361,10012
1763008262374,1763008262569,195,31746.86144479276,3.1708810871746667,2362,10012
1763008262437,1763008262632,195,31746.86144479276,3.1708810871746667,2363,10012
1763008262501,1763008262695,194,31746.86144479276,3.1708810871746667,2364,10012
1763008262566,1763008262758,192,31746.86144479276,3.1708810871746667,2365,10012
1763008262628,1763008262820,192,33448.59484861024,3.34085046430386,2366,10012
1763008262691,1763008262883,192,33448.59484861024,3.34085046430386,2367,10012
1763008262754,1763008262947,193,33448.59484861024,3.34085046430386,2368,10012
1763008262817,1763008263010,193,32749.012904645144,3.2709761191215687,2369,10012
1763008262880,1763008263072,192,32749.012904645144,3.2709761191215687,2370,10012
1763008262943,1763008263136,193,32749.012904645144,3.2709761191215687,2371,10012
1763008263006,1763008263198,192,32195.558272097536,3.215696990820769,2372,10012
1763008263070,1763008263262,192,32195.558272097536,3.215696990820769,2373,10012
1763008263133,1763008263325,192,32195.558272097536,3.215696990820769,2374,10012
1763008263195,1763008263388,193,31748.529709773346,3.1710477137208697,2375,10012
1763008263259,1763008263453,194,31748.529709773346,3.1710477137208697,2376,10012
1763008263321,1763008263515,194,31748.529709773346,3.1710477137208697,2377,10012
1763008263386,1763008263579,193,31748.529709773346,3.1710477137208697,2378,10012
1763008263449,1763008263640,191,33425.02270839913,3.338496075549254,2379,10012
1763008263512,1763008263703,191,33425.02270839913,3.338496075549254,2380,10012
1763008263574,1763008263766,192,33425.02270839913,3.338496075549254,2381,10012
1763008263635,1763008263827,192,32730.273053177305,3.269104380061657,2382,10012
1763008263698,1763008263891,193,32730.273053177305,3.269104380061657,2383,10012
1763008263761,1763008263954,193,32730.273053177305,3.269104380061657,2384,10012
1763008263824,1763008264014,190,32186.029896435488,3.214745295289202,2385,10012
1763008263888,1763008264094,206,32186.029896435488,3.214745295289202,2386,10012
1763008263949,1763008264140,191,32186.029896435488,3.214745295289202,2387,10012
1763008264011,1763008264204,193,31743.123737769776,3.1705077644596265,2388,10012
1763008264073,1763008264266,193,31743.123737769776,3.1705077644596265,2389,10012
1763008264137,1763008264328,191,31743.123737769776,3.1705077644596265,2390,10012
1763008264200,1763008264390,190,31743.123737769776,3.1705077644596265,2391,10012
1763008264262,1763008264468,206,33420.70874274028,3.338065196038782,2392,10012
1763008264324,1763008264515,191,33420.70874274028,3.338065196038782,2393,10012
1763008264387,1763008264593,206,33420.70874274028,3.338065196038782,2394,10012
1763008264450,1763008264640,190,32736.997576706744,3.269776026438948,2395,10012
1763008264510,1763008264701,191,32736.997576706744,3.269776026438948,2396,10012
1763008264573,1763008264766,193,32736.997576706744,3.269776026438948,2397,10012
1763008264636,1763008264827,191,32188.695068635276,3.2150114930718416,2398,10012
1763008264699,1763008264889,190,32188.695068635276,3.2150114930718416,2399,10012
1763008264761,1763008264952,191,32188.695068635276,3.2150114930718416,2400,10012