1763003300918,1763003301117,199,0,0,1,102
1763003300948,1763003301125,177,0,0,2,102
1763003300979,1763003301143,164,0,0,3,102
1763003301011,1763003301154,143,0,0,4,102
1763003301042,1763003301167,125,82.416,0.808,5,102
1763003301075,1763003301178,103,82.416,0.808,6,102
1763003301105,1763003301190,85,82.416,0.808,7,102
1763003301137,1763003301213,76,82.416,0.808,8,102
1763003301169,1763003301244,75,82.416,0.808,9,102
1763003301201,1763003301276,75,82.416,0.808,10,102
1763003301231,1763003301308,77,82.416,0.808,11,102
1763003301263,1763003301340,77,82.416,0.808,12,102
1763003301295,1763003301373,78,233.534304,2.2895520000000005,13,102
1763003301327,1763003301405,78,233.534304,2.2895520000000005,14,102
1763003301359,1763003301436,77,233.534304,2.2895520000000005,15,102
1763003301391,1763003301467,76,233.534304,2.2895520000000005,16,102
1763003301422,1763003301499,77,233.534304,2.2895520000000005,17,102
1763003301454,1763003301530,76,233.534304,2.2895520000000005,18,102
1763003301486,1763003301561,75,233.534304,2.2895520000000005,19,102
1763003301517,1763003301594,77,333.471168768,3.2693251840000004,20,102
1763003301549,1763003301626,77,333.471168768,3.2693251840000004,21,102
1763003301580,1763003301656,76,333.471168768,3.2693251840000004,22,102
1763003301612,1763003301688,76,333.471168768,3.2693251840000004,23,102
1763003301642,1763003301720,78,333.471168768,3.2693251840000004,24,102
1763003301674,1763003301750,76,333.471168768,3.2693251840000004,25,102
1763003301705,1763003301781,76,389.1769350144,3.8154601472000005,26,102
1763003301736,1763003301813,77,389.1769350144,3.8154601472000005,27,102
1763003301768,1763003301844,76,389.1769350144,3.8154601472000005,28,102
1763003301800,1763003301877,77,389.1769350144,3.8154601472000005,29,102
1763003301831,1763003301907,76,389.1769350144,3.8154601472000005,30,102
1763003301863,1763003301938,75,389.1769350144,3.8154601472000005,31,102
1763003301894,1763003301970,76,389.1769350144,3.8154601472000005,32,102
1763003301925,1763003302002,77,457.0649555963904,4.4810289764352005,33,102
1763003301957,1763003302032,75,457.0649555963904,4.4810289764352005,34,102
1763003301989,1763003302063,74,457.0649555963904,4.4810289764352005,35,102
1763003302019,1763003302095,76,457.0649555963904,4.4810289764352005,36,102
1763003302050,1763003302127,77,457.0649555963904,4.4810289764352005,37,102
1763003302081,1763003302157,76,457.0649555963904,4.4810289764352005,38,102
1763003302113,1763003302187,74,457.0649555963904,4.4810289764352005,39,102
1763003302143,1763003302220,77,508.70889952151595,4.987342152171725,40,102
1763003302175,1763003302252,77,508.70889952151595,4.987342152171725,41,102
1763003302207,1763003302284,77,508.70889952151595,4.987342152171725,42,102
1763003302239,1763003302316,77,508.70889952151595,4.987342152171725,43,102
1763003302271,1763003302347,76,508.70889952151595,4.987342152171725,44,102
1763003302303,1763003302380,77,508.70889952151595,4.987342152171725,45,102
1763003302334,1763003302411,77,530.0901573205622,5.196962326672178,46,102
1763003302366,1763003302443,77,530.0901573205622,5.196962326672178,47,102
1763003302398,1763003302475,77,530.0901573205622,5.196962326672178,48,102
1763003302430,1763003302508,78,530.0901573205622,5.196962326672178,49,102
1763003302462,1763003302537,75,530.0901573205622,5.196962326672178,50,102
1763003302494,1763003302570,76,530.0901573205622,5.196962326672178,51,102
1763003302525,1763003302603,78,546.8816750698469,5.361585049704382,52,102
1763003302557,1763003302633,76,546.8816750698469,5.361585049704382,53,102
1763003302589,1763003302666,77,546.8816750698469,5.361585049704382,54,102
1763003302620,1763003302698,78,546.8816750698469,5.361585049704382,55,102
1763003302652,1763003302730,78,546.8816750698469,5.361585049704382,56,102
1763003302685,1763003302761,76,546.8816750698469,5.361585049704382,57,102
1763003302717,1763003302793,76,546.8816750698469,5.361585049704382,58,102
1763003302748,1763003302824,76,581.8094049802489,5.704013774316166,59,102
1763003302781,1763003302855,74,581.8094049802489,5.704013774316166,60,102
1763003302812,1763003302887,75,581.8094049802489,5.704013774316166,61,102
1763003302842,1763003302918,76,581.8094049802489,5.704013774316166,62,102
1763003302874,1763003302951,77,581.8094049802489,5.704013774316166,63,102
1763003302906,1763003302982,76,581.8094049802489,5.704013774316166,64,102
1763003302938,1763003303012,74,581.8094049802489,5.704013774316166,65,102
1763003302969,1763003303044,75,608.3797145792189,5.964507005678616,66,102
1763003302999,1763003303075,76,608.3797145792189,5.964507005678616,67,102
1763003303031,1763003303106,75,608.3797145792189,5.964507005678616,68,102
1763003303062,1763003303138,76,608.3797145792189,5.964507005678616,69,102
1763003303093,1763003303168,75,608.3797145792189,5.964507005678616,70,102
1763003303125,1763003303198,73,608.3797145792189,5.964507005678616,71,102
1763003303155,1763003303229,74,609.1182528050582,5.971747576520178,72,102
1763003303186,1763003303260,74,609.1182528050582,5.971747576520178,73,102
1763003303217,1763003303291,74,609.1182528050582,5.971747576520178,74,102
1763003303248,1763003303323,75,609.1182528050582,5.971747576520178,75,102
1763003303279,1763003303354,75,609.1182528050582,5.971747576520178,76,102
1763003303310,1763003303385,75,609.1182528050582,5.971747576520178,77,102
1763003303341,1763003303418,77,609.6974839912415,5.977426313639622,78,102
1763003303373,1763003303449,76,609.6974839912415,5.977426313639622,79,102
1763003303405,1763003303480,75,609.6974839912415,5.977426313639622,80,102
1763003303437,1763003303513,76,609.6974839912415,5.977426313639622,81,102
1763003303468,1763003303545,77,609.6974839912415,5.977426313639622,82,102
1763003303500,1763003303577,77,609.6974839912415,5.977426313639622,83,102
1763003303532,1763003303609,77,609.6974839912415,5.977426313639622,84,102
1763003303564,1763003303641,77,631.6010123530808,6.192166787775301,85,102
1763003303596,1763003303672,76,631.6010123530808,6.192166787775301,86,102
1763003303628,1763003303707,79,631.6010123530808,6.192166787775301,87,102
1763003303660,1763003303737,77,631.6010123530808,6.192166787775301,88,102
1763003303693,1763003303774,81,631.6010123530808,6.192166787775301,89,102
1763003303724,1763003303801,77,631.6010123530808,6.192166787775301,90,102
1763003303761,1763003303835,74,627.5436027959931,6.152388262705814,91,102
1763003303787,1763003303865,78,627.5436027959931,6.152388262705814,92,102
1763003303821,1763003303911,90,627.5436027959931,6.152388262705814,93,102
1763003303850,1763003303935,85,627.5436027959931,6.152388262705814,94,102
1763003303897,1763003303975,78,627.5436027959931,6.152388262705814,95,102
1763003303945,1763003304029,84,627.5436027959931,6.152388262705814,96,102
1763003303983,1763003304067,84,624.3571642228145,6.121148668851122,97,102
1763003304016,1763003304115,99,624.3571642228145,6.121148668851122,98,102
1763003304054,1763003304136,82,624.3571642228145,6.121148668851122,99,102
1763003304098,1763003304183,85,624.3571642228145,6.121148668851122,100,102
1763003304123,1763003304200,77,624.3571642228145,6.121148668851122,101,102
1763003304156,1763003304229,73,624.3571642228145,6.121148668851122,102,102
1763003304192,1763003304269,77,621.799231228692,6.09607089439894,103,102
1763003304216,1763003304292,76,621.799231228692,6.09607089439894,104,102
1763003304249,1763003304326,77,621.799231228692,6.09607089439894,105,102
1763003304279,1763003304370,91,621.799231228692,6.09607089439894,106,102
1763003304313,1763003304391,78,621.799231228692,6.09607089439894,107,102
1763003304351,1763003304436,85,621.799231228692,6.09607089439894,108,102
1763003304395,1763003304475,80,619.8295857517248,6.076760644624753,109,102
1763003304423,1763003304496,73,619.8295857517248,6.076760644624753,110,102
1763003304457,1763003304540,83,619.8295857517248,6.076760644624753,111,102
1763003304481,1763003304558,77,619.8295857517248,6.076760644624753,112,102
1763003304515,1763003304590,75,619.8295857517248,6.076760644624753,113,102
1763003304543,1763003304620,77,619.8295857517248,6.076760644624753,114,102
1763003304575,1763003304655,80,618.2245206726212,6.061024712476678,115,102
1763003304606,1763003304687,81,618.2245206726212,6.061024712476678,116,102
1763003304642,1763003304726,84,618.2245206726212,6.061024712476678,117,102
1763003304669,1763003304748,79,618.2245206726212,6.061024712476678,118,102
1763003304713,1763003304793,80,618.2245206726212,6.061024712476678,119,102
1763003304753,1763003304824,71,618.2245206726212,6.061024712476678,120,102
1763003304779,1763003304867,88,616.9484939347338,6.048514646418959,121,102
1763003304811,1763003304888,77,616.9484939347338,6.048514646418959,122,102
1763003304842,1763003304936,94,616.9484939347338,6.048514646418959,123,102
1763003304875,1763003304961,86,616.9484939347338,6.048514646418959,124,102
1763003304922,1763003305001,79,616.9484939347338,6.048514646418959,125,102
1763003304959,1763003305029,70,616.9484939347338,6.048514646418959,126,102
1763003304988,1763003305062,74,615.9390011720482,6.038617658549492,127,102
1763003305016,1763003305094,78,615.9390011720482,6.038617658549492,128,102
1763003305048,1763003305125,77,615.9390011720482,6.038617658549492,129,102
1763003305081,1763003305155,74,615.9390011720482,6.038617658549492,130,102
1763003305112,1763003305187,75,615.9390011720482,6.038617658549492,131,102
1763003305143,1763003305219,76,615.9390011720482,6.038617658549492,132,102
1763003305175,1763003305251,76,615.9390011720482,6.038617658549492,133,102
1763003305207,1763003305283,76,636.43374992709,6.239546567912648,134,102
1763003305238,1763003305316,78,636.43374992709,6.239546567912648,135,102
1763003305271,1763003305346,75,636.43374992709,6.239546567912648,136,102
1763003305303,1763003305379,76,636.43374992709,6.239546567912648,137,102
1763003305334,1763003305411,77,636.43374992709,6.239546567912648,138,102
1763003305366,1763003305444,78,636.43374992709,6.239546567912648,139,102
1763003305398,1763003305474,76,631.4736986918907,6.190918614626381,140,102
1763003305429,1763003305505,76,631.4736986918907,6.190918614626381,141,102
1763003305462,1763003305536,74,631.4736986918907,6.190918614626381,142,102
1763003305492,1763003305568,76,631.4736986918907,6.190918614626381,143,102
1763003305523,1763003305598,75,631.4736986918907,6.190918614626381,144,102
1763003305555,1763003305630,75,631.4736986918907,6.190918614626381,145,102
1763003305585,1763003305661,76,631.4736986918907,6.190918614626381,146,102
1763003305617,1763003305692,75,648.4741167613612,6.357589380013346,147,102
1763003305648,1763003305723,75,648.4741167613612,6.357589380013346,148,102
1763003305679,1763003305755,76,648.4741167613612,6.357589380013346,149,102
1763003305710,1763003305787,77,648.4741167613612,6.357589380013346,150,102
1763003305742,1763003305819,77,648.4741167613612,6.357589380013346,151,102
1763003305774,1763003305851,77,648.4741167613612,6.357589380013346,152,102
1763003305806,1763003305883,77,641.0698710588049,6.284998735870637,153,102
1763003305838,1763003305916,78,641.0698710588049,6.284998735870637,154,102
1763003305870,1763003305947,77,641.0698710588049,6.284998735870637,155,102
1763003305902,1763003305978,76,641.0698710588049,6.284998735870637,156,102
1763003305933,1763003306010,77,641.0698710588049,6.284998735870637,157,102
1763003305965,1763003306042,77,641.0698710588049,6.284998735870637,158,102
1763003305997,1763003306074,77,641.0698710588049,6.284998735870637,159,102
1763003306029,1763003306106,77,656.458128265397,6.4358640026019325,160,102
1763003306061,1763003306138,77,656.458128265397,6.4358640026019325,161,102
1763003306093,1763003306170,77,656.458128265397,6.4358640026019325,162,102
1763003306125,1763003306202,77,656.458128265397,6.4358640026019325,163,102
1763003306157,1763003306234,77,656.458128265397,6.4358640026019325,164,102
1763003306189,1763003306266,77,656.458128265397,6.4358640026019325,165,102
1763003306221,1763003306298,77,647.388670099256,6.346947746071138,166,102
1763003306253,1763003306330,77,647.388670099256,6.346947746071138,167,102
1763003306285,1763003306361,76,647.388670099256,6.346947746071138,168,102
1763003306317,1763003306392,75,647.388670099256,6.346947746071138,169,102
1763003306348,1763003306424,76,647.388670099256,6.346947746071138,170,102
1763003306379,1763003306457,78,647.388670099256,6.346947746071138,171,102
1763003306411,1763003306487,76,647.388670099256,6.346947746071138,172,102
1763003306443,1763003306518,75,661.2438267186108,6.482782614888341,173,102
1763003306474,1763003306550,76,661.2438267186108,6.482782614888341,174,102
1763003306505,1763003306582,77,661.2438267186108,6.482782614888341,175,102
1763003306537,1763003306613,76,661.2438267186108,6.482782614888341,176,102
1763003306568,1763003306644,76,661.2438267186108,6.482782614888341,177,102
1763003306600,1763003306677,77,661.2438267186108,6.482782614888341,178,102
1763003306631,1763003306708,77,651.34581754817,6.385743309295785,179,102
1763003306663,1763003306737,74,651.34581754817,6.385743309295785,180,102
1763003306694,1763003306768,74,651.34581754817,6.385743309295785,181,102
1763003306724,1763003306799,75,651.34581754817,6.385743309295785,182,102
1763003306755,1763003306830,75,651.34581754817,6.385743309295785,183,102
1763003306786,1763003306861,75,651.34581754817,6.385743309295785,184,102
1763003306818,1763003306893,75,651.34581754817,6.385743309295785,185,102
1763003306848,1763003306924,76,664.1272707683434,6.511051674199445,186,102
1763003306880,1763003306955,75,664.1272707683434,6.511051674199445,187,102
1763003306911,1763003306986,75,664.1272707683434,6.511051674199445,188,102
1763003306942,1763003307017,75,664.1272707683434,6.511051674199445,189,102
1763003306974,1763003307048,74,664.1272707683434,6.511051674199445,190,102
1763003307004,1763003307079,75,664.1272707683434,6.511051674199445,191,102
1763003307035,1763003307110,75,664.1272707683434,6.511051674199445,192,102
1763003307067,1763003307143,76,674.2514348023697,6.610308184336958,193,102
1763003307098,1763003307176,78,674.2514348023697,6.610308184336958,194,102
1763003307130,1763003307208,78,674.2514348023697,6.610308184336958,195,102
1763003307162,1763003307238,76,674.2514348023697,6.610308184336958,196,102
1763003307194,1763003307271,77,674.2514348023697,6.610308184336958,197,102
1763003307225,1763003307302,77,674.2514348023697,6.610308184336958,198,102
1763003307257,1763003307334,77,661.3031363634768,6.48336408199487,199,102
1763003307289,1763003307365,76,661.3031363634768,6.48336408199487,200,102
1763003307321,1763003307397,76,661.3031363634768,6.48336408199487,201,102
1763003307353,1763003307429,76,661.3031363634768,6.48336408199487,202,102
1763003307383,1763003307458,75,661.3031363634768,6.48336408199487,203,102
1763003307416,1763003307490,74,661.3031363634768,6.48336408199487,204,102
1763003307445,1763003307522,77,651.4425090907814,6.386691265595896,205,102
1763003307478,1763003307554,76,651.4425090907814,6.386691265595896,206,102
1763003307509,1763003307584,75,651.4425090907814,6.386691265595896,207,102
1763003307541,1763003307615,74,651.4425090907814,6.386691265595896,208,102
1763003307571,1763003307648,77,651.4425090907814,6.386691265595896,209,102
1763003307603,1763003307679,76,651.4425090907814,6.386691265595896,210,102
1763003307634,1763003307711,77,651.4425090907814,6.386691265595896,211,102
1763003307666,1763003307742,76,664.4544671998989,6.5142594823519495,212,102
1763003307698,1763003307773,75,664.4544671998989,6.5142594823519495,213,102
1763003307729,1763003307805,76,664.4544671998989,6.5142594823519495,214,102
1763003307760,1763003307835,75,664.4544671998989,6.5142594823519495,215,102
1763003307792,1763003307867,75,664.4544671998989,6.5142594823519495,216,102
1763003307823,1763003307899,76,664.4544671998989,6.5142594823519495,217,102
1763003307853,1763003307931,78,653.9111192927193,6.410893326399208,218,102
1763003307885,1763003307962,77,653.9111192927193,6.410893326399208,219,102
1763003307917,1763003307993,76,653.9111192927193,6.410893326399208,220,102
1763003307949,1763003308024,75,653.9111192927193,6.410893326399208,221,102
1763003307981,1763003308055,74,653.9111192927193,6.410893326399208,222,102
1763003308012,1763003308086,74,653.9111192927193,6.410893326399208,223,102
1763003308042,1763003308117,75,653.9111192927193,6.410893326399208,224,102
1763003308074,1763003308149,75,666.2293398377118,6.531660194487371,225,102
1763003308104,1763003308179,75,666.2293398377118,6.531660194487371,226,102
1763003308136,1763003308210,74,666.2293398377118,6.531660194487371,227,102
1763003308166,1763003308241,75,666.2293398377118,6.531660194487371,228,102
1763003308198,1763003308272,74,666.2293398377118,6.531660194487371,229,102
1763003308229,1763003308303,74,666.2293398377118,6.531660194487371,230,102
1763003308259,1763003308334,75,666.2293398377118,6.531660194487371,231,102
1763003308290,1763003308365,75,675.8312425303317,6.625796495395409,232,102
1763003308321,1763003308396,75,675.8312425303317,6.625796495395409,233,102
1763003308352,1763003308427,75,675.8312425303317,6.625796495395409,234,102
1763003308383,1763003308458,75,675.8312425303317,6.625796495395409,235,102
1763003308415,1763003308490,75,675.8312425303317,6.625796495395409,236,102
1763003308446,1763003308521,75,675.8312425303317,6.625796495395409,237,102
1763003308477,1763003308552,75,662.9373315392047,6.499385603325536,238,102
1763003308508,1763003308583,75,662.9373315392047,6.499385603325536,239,102
1763003308539,1763003308613,74,662.9373315392047,6.499385603325536,240,102
1763003308570,1763003308644,74,662.9373315392047,6.499385603325536,241,102
1763003308600,1763003308675,75,662.9373315392047,6.499385603325536,242,102
1763003308631,1763003308708,77,662.9373315392047,6.499385603325536,243,102
1763003308662,1763003308740,78,662.9373315392047,6.499385603325536,244,102
1763003308694,1763003308769,75,673.2009278998246,6.600009097057104,245,102
1763003308726,1763003308801,75,673.2009278998246,6.600009097057104,246,102
1763003308756,1763003308831,75,673.2009278998246,6.600009097057104,247,102
1763003308788,1763003308863,75,673.2009278998246,6.600009097057104,248,102
1763003308818,1763003308893,75,673.2009278998246,6.600009097057104,249,102
1763003308850,1763003308924,74,673.2009278998246,6.600009097057104,250,102
1763003308880,1763003308956,76,660.7771395361602,6.478207250354512,251,102
1763003308911,1763003308987,76,660.7771395361602,6.478207250354512,252,102
1763003308943,1763003309019,76,660.7771395361602,6.478207250354512,253,102
1763003308974,1763003309050,76,660.7771395361602,6.478207250354512,254,102
1763003309006,1763003309082,76,660.7771395361602,6.478207250354512,255,102
1763003309037,1763003309113,76,660.7771395361602,6.478207250354512,256,102
1763003309069,1763003309144,75,650.9729344893921,6.382087593033255,257,102
1763003309100,1763003309177,77,650.9729344893921,6.382087593033255,258,102
1763003309132,1763003309208,76,650.9729344893921,6.382087593033255,259,102
1763003309163,1763003309239,76,650.9729344893921,6.382087593033255,260,102
1763003309194,1763003309269,75,650.9729344893921,6.382087593033255,261,102
1763003309226,1763003309301,75,650.9729344893921,6.382087593033255,262,102
1763003309257,1763003309332,75,650.9729344893921,6.382087593033255,263,102
1763003309288,1763003309364,76,664.0195370500879,6.509995461275371,264,102
1763003309319,1763003309395,76,664.0195370500879,6.509995461275371,265,102
1763003309351,1763003309428,77,664.0195370500879,6.509995461275371,266,102
1763003309382,1763003309460,78,664.0195370500879,6.509995461275371,267,102
1763003309414,1763003309491,77,664.0195370500879,6.509995461275371,268,102
1763003309446,1763003309522,76,664.0195370500879,6.509995461275371,269,102
1763003309478,1763003309554,76,653.4595710289201,6.40646638263647,270,102
1763003309509,1763003309586,77,653.4595710289201,6.40646638263647,271,102
1763003309541,1763003309618,77,653.4595710289201,6.40646638263647,272,102
1763003309573,1763003309649,76,653.4595710289201,6.40646638263647,273,102
1763003309605,1763003309681,76,653.4595710289201,6.40646638263647,274,102
1763003309636,1763003309713,77,653.4595710289201,6.40646638263647,275,102
1763003309668,1763003309745,77,653.4595710289201,6.40646638263647,276,102
1763003309700,1763003309777,77,666.1730611128469,6.531108442282811,277,102
1763003309732,1763003309809,77,666.1730611128469,6.531108442282811,278,102
1763003309764,1763003309841,77,666.1730611128469,6.531108442282811,279,102
1763003309796,1763003309873,77,666.1730611128469,6.531108442282811,280,102
1763003309828,1763003309905,77,666.1730611128469,6.531108442282811,281,102
1763003309860,1763003309937,77,666.1730611128469,6.531108442282811,282,102
1763003309892,1763003309969,77,655.0675835847132,6.422231211614835,283,102
1763003309924,1763003310003,79,655.0675835847132,6.422231211614835,284,102
1763003309956,1763003310033,77,655.0675835847132,6.422231211614835,285,102
1763003309988,1763003310064,76,655.0675835847132,6.422231211614835,286,102
1763003310020,1763003310096,76,655.0675835847132,6.422231211614835,287,102
1763003310052,1763003310127,75,655.0675835847132,6.422231211614835,288,102
1763003310083,1763003310158,75,655.0675835847132,6.422231211614835,289,102
1763003310114,1763003310189,75,667.3255261990929,6.542407119598949,290,102
1763003310145,1763003310220,75,667.3255261990929,6.542407119598949,291,102
1763003310176,1763003310252,76,667.3255261990929,6.542407119598949,292,102
1763003310208,1763003310283,75,667.3255261990929,6.542407119598949,293,102
1763003310239,1763003310315,76,667.3255261990929,6.542407119598949,294,102
1763003310270,1763003310346,76,667.3255261990929,6.542407119598949,295,102
1763003310302,1763003310378,76,656.2604209592744,6.433925695679159,296,102
1763003310333,1763003310409,76,656.2604209592744,6.433925695679159,297,102
1763003310364,1763003310440,76,656.2604209592744,6.433925695679159,298,102
1763003310395,1763003310471,76,656.2604209592744,6.433925695679159,299,102
1763003310427,1763003310502,75,656.2604209592744,6.433925695679159,300,102
1763003310458,1763003310532,74,656.2604209592744,6.433925695679159,301,102
1763003310489,1763003310564,75,656.2604209592744,6.433925695679159,302,102
1763003310519,1763003310595,76,668.0970346626232,6.549970928064932,303,102
1763003310551,1763003310626,75,668.0970346626232,6.549970928064932,304,102
1763003310582,1763003310658,76,668.0970346626232,6.549970928064932,305,102
1763003310613,1763003310690,77,668.0970346626232,6.549970928064932,306,102
1763003310645,1763003310721,76,668.0970346626232,6.549970928064932,307,102
1763003310677,1763003310753,76,668.0970346626232,6.549970928064932,308,102
1763003310709,1763003310784,75,656.7654336607733,6.438876800595815,309,102
1763003310740,1763003310816,76,656.7654336607733,6.438876800595815,310,102
1763003310771,1763003310848,77,656.7654336607733,6.438876800595815,311,102
1763003310802,1763003310877,75,656.7654336607733,6.438876800595815,312,102
1763003310834,1763003310908,74,656.7654336607733,6.438876800595815,313,102
1763003310865,1763003310942,77,656.7654336607733,6.438876800595815,314,102
1763003310895,1763003310972,77,656.7654336607733,6.438876800595815,315,102
1763003310928,1763003311003,75,668.6129888929933,6.555029302872481,316,102
1763003310959,1763003311036,77,668.6129888929933,6.555029302872481,317,102
1763003310991,1763003311068,77,668.6129888929933,6.555029302872481,318,102
1763003311022,1763003311099,77,668.6129888929933,6.555029302872481,319,102
1763003311055,1763003311131,76,668.6129888929933,6.555029302872481,320,102
1763003311087,1763003311162,75,668.6129888929933,6.555029302872481,321,102
1763003311118,1763003311192,74,657.2337781255017,6.443468412995112,322,102
1763003311149,1763003311224,75,657.2337781255017,6.443468412995112,323,102
1763003311180,1763003311256,76,657.2337781255017,6.443468412995112,324,102
1763003311211,1763003311287,76,657.2337781255017,6.443468412995112,325,102
1763003311243,1763003311319,76,657.2337781255017,6.443468412995112,326,102
1763003311274,1763003311350,76,657.2337781255017,6.443468412995112,327,102
1763003311305,1763003311382,77,657.2337781255017,6.443468412995112,328,102
1763003311337,1763003311414,77,669.1546847191463,6.5603400462661385,329,102
1763003311369,1763003311446,77,669.1546847191463,6.5603400462661385,330,102
1763003311401,1763003311478,77,669.1546847191463,6.5603400462661385,331,102
1763003311433,1763003311510,77,669.1546847191463,6.5603400462661385,332,102
1763003311465,1763003311543,78,669.1546847191463,6.5603400462661385,333,102
1763003311497,1763003311574,77,669.1546847191463,6.5603400462661385,334,102
1763003311529,1763003311605,76,657.5522837211596,6.4465910168741125,335,102
1763003311561,1763003311637,76,657.5522837211596,6.4465910168741125,336,102
1763003311592,1763003311667,75,657.5522837211596,6.4465910168741125,337,102
1763003311624,1763003311698,74,657.5522837211596,6.4465910168741125,338,102
1763003311655,1763003311730,75,657.5522837211596,6.4465910168741125,339,102
1763003311685,1763003311761,76,657.5522837211596,6.4465910168741125,340,102
1763003311717,1763003311793,76,657.5522837211596,6.4465910168741125,341,102
1763003311748,1763003311824,76,669.2369609908795,6.561146676381171,342,102
1763003311780,1763003311855,75,669.2369609908795,6.561146676381171,343,102
1763003311811,1763003311886,75,669.2369609908795,6.561146676381171,344,102
1763003311842,1763003311917,75,669.2369609908795,6.561146676381171,345,102
1763003311874,1763003311949,75,669.2369609908795,6.561146676381171,346,102
1763003311904,1763003311981,77,669.2369609908795,6.561146676381171,347,102
1763003311935,1763003312013,78,657.7895687927037,6.448917341104937,348,102
1763003311967,1763003312044,77,657.7895687927037,6.448917341104937,349,102
1763003311999,1763003312073,74,657.7895687927037,6.448917341104937,350,102
1763003312029,1763003312105,76,657.7895687927037,6.448917341104937,351,102
1763003312060,1763003312136,76,657.7895687927037,6.448917341104937,352,102
1763003312092,1763003312167,75,657.7895687927037,6.448917341104937,353,102
1763003312123,1763003312199,76,657.7895687927037,6.448917341104937,354,102
1763003312154,1763003312228,74,669.2564967589922,6.56133820351953,355,102
1763003312185,1763003312260,75,669.2564967589922,6.56133820351953,356,102
1763003312215,1763003312290,75,669.2564967589922,6.56133820351953,357,102
1763003312247,1763003312322,75,669.2564967589922,6.56133820351953,358,102
1763003312277,1763003312353,76,669.2564967589922,6.56133820351953,359,102
1763003312309,1763003312384,75,669.2564967589922,6.56133820351953,360,102
1763003312340,1763003312416,76,657.8051974071938,6.449070562815624,361,102
1763003312372,1763003312447,75,657.8051974071938,6.449070562815624,362,102
1763003312403,1763003312478,75,657.8051974071938,6.449070562815624,363,102
1763003312434,1763003312509,75,657.8051974071938,6.449070562815624,364,102
1763003312466,1763003312541,75,657.8051974071938,6.449070562815624,365,102
1763003312496,1763003312572,76,657.8051974071938,6.449070562815624,366,102
1763003312527,1763003312604,77,657.8051974071938,6.449070562815624,367,102
1763003312559,1763003312635,76,669.4375215439046,6.56311295631279,368,102
1763003312591,1763003312665,74,669.4375215439046,6.56311295631279,369,102
1763003312622,1763003312696,74,669.4375215439046,6.56311295631279,370,102
1763003312653,1763003312728,75,669.4375215439046,6.56311295631279,371,102
1763003312684,1763003312759,75,669.4375215439046,6.56311295631279,372,102
1763003312715,1763003312791,76,669.4375215439046,6.56311295631279,373,102
1763003312746,1763003312822,76,669.4375215439046,6.56311295631279,374,102
1763003312778,1763003312853,75,678.3500172351237,6.650490365050232,375,102
1763003312809,1763003312884,75,678.3500172351237,6.650490365050232,376,102
1763003312840,1763003312915,75,678.3500172351237,6.650490365050232,377,102
1763003312871,1763003312947,76,678.3500172351237,6.650490365050232,378,102
1763003312901,1763003312977,76,678.3500172351237,6.650490365050232,379,102
1763003312933,1763003313009,76,678.3500172351237,6.650490365050232,380,102
1763003312964,1763003313041,77,664.6819136846882,6.516489349849884,381,102
1763003312996,1763003313074,78,664.6819136846882,6.516489349849884,382,102
1763003313028,1763003313105,77,664.6819136846882,6.516489349849884,383,102
1763003313060,1763003313136,76,664.6819136846882,6.516489349849884,384,102
1763003313092,1763003313168,76,664.6819136846882,6.516489349849884,385,102
1763003313123,1763003313198,75,664.6819136846882,6.516489349849884,386,102
1763003313155,1763003313230,75,654.0928490340659,6.412674990530057,387,102
1763003313185,1763003313263,78,654.0928490340659,6.412674990530057,388,102
1763003313217,1763003313293,76,654.0928490340659,6.412674990530057,389,102
1763003313250,1763003313325,75,654.0928490340659,6.412674990530057,390,102
1763003313280,1763003313356,76,654.0928490340659,6.412674990530057,391,102
1763003313312,1763003313388,76,654.0928490340659,6.412674990530057,392,102
1763003313343,1763003313421,78,654.0928490340659,6.412674990530057,393,102
1763003313375,1763003313452,77,666.6733507369121,6.536013242518745,394,102
1763003313408,1763003313485,77,666.6733507369121,6.536013242518745,395,102
1763003313439,1763003313516,77,666.6733507369121,6.536013242518745,396,102
1763003313472,1763003313547,75,666.6733507369121,6.536013242518745,397,102
1763003313503,1763003313579,76,666.6733507369121,6.536013242518745,398,102
1763003313534,1763003313611,77,666.6733507369121,6.536013242518745,399,102
1763003313566,1763003313643,77,655.5746605373189,6.42720255428744,400,102
1763003313598,1763003313675,77,655.5746605373189,6.42720255428744,401,102
1763003313630,1763003313706,76,655.5746605373189,6.42720255428744,402,102
1763003313662,1763003313736,74,655.5746605373189,6.42720255428744,403,102
1763003313693,1763003313767,74,655.5746605373189,6.42720255428744,404,102
1763003313724,1763003313798,74,655.5746605373189,6.42720255428744,405,102
1763003313754,1763003313829,75,655.5746605373189,6.42720255428744,406,102
1763003313786,1763003313860,74,667.5518551271686,6.544626030658515,407,102
1763003313817,1763003313892,75,667.5518551271686,6.544626030658515,408,102
1763003313847,1763003313925,78,667.5518551271686,6.544626030658515,409,102
1763003313879,1763003313957,78,667.5518551271686,6.544626030658515,410,102
1763003313911,1763003313986,75,667.5518551271686,6.544626030658515,411,102
1763003313944,1763003314018,74,667.5518551271686,6.544626030658515,412,102
1763003313973,1763003314049,76,656.3859322466077,6.435156198496154,413,102
1763003314004,1763003314081,77,656.3859322466077,6.435156198496154,414,102
1763003314036,1763003314112,76,656.3859322466077,6.435156198496154,415,102
1763003314068,1763003314143,75,656.3859322466077,6.435156198496154,416,102
1763003314099,1763003314174,75,656.3859322466077,6.435156198496154,417,102
1763003314130,1763003314205,75,656.3859322466077,6.435156198496154,418,102
1763003314161,1763003314235,74,656.3859322466077,6.435156198496154,419,102
1763003314192,1763003314267,75,668.2544302038065,6.551514021605946,420,102
1763003314222,1763003314298,76,668.2544302038065,6.551514021605946,421,102
1763003314254,1763003314329,75,668.2544302038065,6.551514021605946,422,102
1763003314285,1763003314361,76,668.2544302038065,6.551514021605946,423,102
1763003314316,1763003314393,77,668.2544302038065,6.551514021605946,424,102
1763003314348,1763003314424,76,668.2544302038065,6.551514021605946,425,102
1763003314380,1763003314455,75,657.0035441630451,6.441211217284757,426,102
1763003314412,1763003314487,75,657.0035441630451,6.441211217284757,427,102
1763003314443,1763003314518,75,657.0035441630451,6.441211217284757,428,102
1763003314474,1763003314548,74,657.0035441630451,6.441211217284757,429,102
1763003314505,1763003314579,74,657.0035441630451,6.441211217284757,430,102
1763003314535,1763003314610,75,657.0035441630451,6.441211217284757,431,102
1763003314566,1763003314641,75,657.0035441630451,6.441211217284757,432,102
1763003314597,1763003314673,76,668.6878176096209,6.555762917741382,433,102
1763003314629,1763003314704,75,668.6878176096209,6.555762917741382,434,102
1763003314660,1763003314735,75,668.6878176096209,6.555762917741382,435,102
1763003314691,1763003314769,78,668.6878176096209,6.555762917741382,436,102
1763003314722,1763003314799,77,668.6878176096209,6.555762917741382,437,102
1763003314754,1763003314830,76,668.6878176096209,6.555762917741382,438,102
1763003314786,1763003314860,74,668.6878176096209,6.555762917741382,439,102
1763003314818,1763003314891,73,677.8861906348678,6.645943045439881,440,102
1763003314848,1763003314922,74,677.8861906348678,6.645943045439881,441,102
1763003314878,1763003314953,75,677.8861906348678,6.645943045439881,442,102
1763003314909,1763003314985,76,677.8861906348678,6.645943045439881,443,102
1763003314940,1763003315017,77,677.8861906348678,6.645943045439881,444,102
1763003314972,1763003315047,75,677.8861906348678,6.645943045439881,445,102
1763003315003,1763003315078,75,664.5112939359897,6.514816607215585,446,102
1763003315034,1763003315110,76,664.5112939359897,6.514816607215585,447,102
1763003315065,1763003315140,75,664.5112939359897,6.514816607215585,448,102
1763003315097,1763003315172,75,664.5112939359897,6.514816607215585,449,102
1763003315128,1763003315203,75,664.5112939359897,6.514816607215585,450,102
1763003315160,1763003315234,74,664.5112939359897,6.514816607215585,451,102
1763003315190,1763003315266,76,654.0090351487918,6.411853285772468,452,102
1763003315221,1763003315297,76,654.0090351487918,6.411853285772468,453,102
1763003315253,1763003315328,75,654.0090351487918,6.411853285772468,454,102
1763003315284,1763003315359,75,654.0090351487918,6.411853285772468,455,102
1763003315315,1763003315391,76,654.0090351487918,6.411853285772468,456,102
1763003315346,1763003315422,76,654.0090351487918,6.411853285772468,457,102
1763003315378,1763003315454,76,654.0090351487918,6.411853285772468,458,102
1763003315410,1763003315486,76,666.4871558378431,6.534187802331794,459,102
1763003315441,1763003315517,76,666.4871558378431,6.534187802331794,460,102
1763003315473,1763003315548,75,666.4871558378431,6.534187802331794,461,102
1763003315504,1763003315580,76,666.4871558378431,6.534187802331794,462,102
1763003315536,1763003315614,78,666.4871558378431,6.534187802331794,463,102
1763003315567,1763003315644,77,666.4871558378431,6.534187802331794,464,102
1763003315599,1763003315675,76,655.5352375144366,6.426816054063104,465,102
1763003315631,1763003315707,76,655.5352375144366,6.426816054063104,466,102
1763003315663,1763003315738,75,655.5352375144366,6.426816054063104,467,102
1763003315694,1763003315769,75,655.5352375144366,6.426816054063104,468,102
1763003315725,1763003315800,75,655.5352375144366,6.426816054063104,469,102
1763003315756,1763003315831,75,655.5352375144366,6.426816054063104,470,102
1763003315787,1763003315864,77,655.5352375144366,6.426816054063104,471,102
1763003315819,1763003315895,76,667.6374433489483,6.545465130872041,472,102
1763003315851,1763003315925,74,667.6374433489483,6.545465130872041,473,102
1763003315882,1763003315958,76,667.6374433489483,6.545465130872041,474,102
1763003315912,1763003315989,77,667.6374433489483,6.545465130872041,475,102
1763003315943,1763003316020,77,667.6374433489483,6.545465130872041,476,102
1763003315976,1763003316053,77,667.6374433489483,6.545465130872041,477,102
1763003316007,1763003316085,78,656.3986797924607,6.435281174435889,478,102
1763003316039,1763003316116,77,656.3986797924607,6.435281174435889,479,102
1763003316070,1763003316147,77,656.3986797924607,6.435281174435889,480,102
1763003316102,1763003316178,76,656.3986797924607,6.435281174435889,481,102
1763003316133,1763003316209,76,656.3986797924607,6.435281174435889,482,102
1763003316164,1763003316241,77,656.3986797924607,6.435281174435889,483,102
1763003316195,1763003316272,77,656.3986797924607,6.435281174435889,484,102
1763003316227,1763003316303,76,668.2645517552138,6.551613252502095,485,102
1763003316258,1763003316335,77,668.2645517552138,6.551613252502095,486,102
1763003316290,1763003316366,76,668.2645517552138,6.551613252502095,487,102
1763003316321,1763003316397,76,668.2645517552138,6.551613252502095,488,102
1763003316353,1763003316428,75,668.2645517552138,6.551613252502095,489,102
1763003316384,1763003316460,76,668.2645517552138,6.551613252502095,490,102
1763003316415,1763003316492,77,656.8991123006606,6.440187375496672,491,102
1763003316447,1763003316524,77,656.8991123006606,6.440187375496672,492,102
1763003316479,1763003316556,77,656.8991123006606,6.440187375496672,493,102
1763003316511,1763003316588,77,656.8991123006606,6.440187375496672,494,102
1763003316544,1763003316620,76,656.8991123006606,6.440187375496672,495,102
1763003316575,1763003316651,76,656.8991123006606,6.440187375496672,496,102
1763003316607,1763003316684,77,656.8991123006606,6.440187375496672,497,102
1763003316638,1763003316715,77,668.8902987175219,6.557748026642371,498,102
1763003316671,1763003316746,75,668.8902987175219,6.557748026642371,499,102
1763003316702,1763003316777,75,668.8902987175219,6.557748026642371,500,102
1763003316733,1763003316808,75,668.8902987175219,6.557748026642371,501,102
1763003316765,1763003316840,75,668.8902987175219,6.557748026642371,502,102
1763003316796,1763003316872,76,668.8902987175219,6.557748026642371,503,102
1763003316827,1763003316902,75,657.5122389740175,6.4461984213138965,504,102
1763003316859,1763003316934,75,657.5122389740175,6.4461984213138965,505,102
1763003316889,1763003316966,77,657.5122389740175,6.4461984213138965,506,102
1763003316921,1763003316997,76,657.5122389740175,6.4461984213138965,507,102
1763003316952,1763003317029,77,657.5122389740175,6.4461984213138965,508,102
1763003316985,1763003317060,75,657.5122389740175,6.4461984213138965,509,102
1763003317017,1763003317092,75,657.5122389740175,6.4461984213138965,510,102
1763003317047,1763003317124,77,669.3181810284478,6.561942951259292,511,102
1763003317079,1763003317155,76,669.3181810284478,6.561942951259292,512,102
1763003317111,1763003317188,77,669.3181810284478,6.561942951259292,513,102
1763003317143,1763003317221,78,669.3181810284478,6.561942951259292,514,102
1763003317175,1763003317251,76,669.3181810284478,6.561942951259292,515,102
1763003317207,1763003317282,75,669.3181810284478,6.561942951259292,516,102
1763003317237,1763003317315,78,657.6252720986445,6.447306589202396,517,102
1763003317269,1763003317346,77,657.6252720986445,6.447306589202396,518,102
1763003317301,1763003317378,77,657.6252720986445,6.447306589202396,519,102
1763003317333,1763003317410,77,657.6252720986445,6.447306589202396,520,102
1763003317365,1763003317442,77,657.6252720986445,6.447306589202396,521,102
1763003317397,1763003317472,75,657.6252720986445,6.447306589202396,522,102
1763003317429,1763003317504,75,657.6252720986445,6.447306589202396,523,102
1763003317459,1763003317542,83,669.2948407742251,6.561714125237501,524,102
1763003317491,1763003317567,76,669.2948407742251,6.561714125237501,525,102
1763003317522,1763003317615,93,669.2948407742251,6.561714125237501,526,102
1763003317554,1763003317631,77,669.2948407742251,6.561714125237501,527,102
1763003317585,1763003317660,75,669.2948407742251,6.561714125237501,528,102
1763003317616,1763003317692,76,669.2948407742251,6.561714125237501,529,102
1763003317647,1763003317724,77,657.7212829378317,6.448247871939525,530,102
1763003317679,1763003317756,77,657.7212829378317,6.448247871939525,531,102
1763003317711,1763003317787,76,657.7212829378317,6.448247871939525,532,102
1763003317743,1763003317819,76,657.7212829378317,6.448247871939525,533,102
1763003317774,1763003317852,78,657.7212829378317,6.448247871939525,534,102
1763003317806,1763003317884,78,657.7212829378317,6.448247871939525,535,102
1763003317838,1763003317914,76,657.7212829378317,6.448247871939525,536,102
1763003317869,1763003317944,75,669.4272560867627,6.563012314576104,537,102
1763003317901,1763003317976,75,669.4272560867627,6.563012314576104,538,102
1763003317931,1763003318007,76,669.4272560867627,6.563012314576104,539,102
1763003317963,1763003318039,76,669.4272560867627,6.563012314576104,540,102
1763003317994,1763003318070,76,669.4272560867627,6.563012314576104,541,102
1763003318026,1763003318102,76,669.4272560867627,6.563012314576104,542,102
1763003318057,1763003318133,76,657.8843776133234,6.449846839346307,543,102
1763003318089,1763003318163,74,657.8843776133234,6.449846839346307,544,102
1763003318120,1763003318195,75,657.8843776133234,6.449846839346307,545,102
1763003318150,1763003318228,78,657.8843776133234,6.449846839346307,546,102
1763003318182,1763003318257,75,657.8843776133234,6.449846839346307,547,102
1763003318214,1763003318288,74,657.8843776133234,6.449846839346307,548,102
1763003318244,1763003318320,76,657.8843776133234,6.449846839346307,549,102
1763003318275,1763003318351,76,669.3880802025922,6.562628237280314,550,102
1763003318306,1763003318381,75,669.3880802025922,6.562628237280314,551,102
1763003318337,1763003318412,75,669.3880802025922,6.562628237280314,552,102
1763003318368,1763003318442,74,669.3880802025922,6.562628237280314,553,102
1763003318399,1763003318473,74,669.3880802025922,6.562628237280314,554,102
1763003318429,1763003318504,75,669.3880802025922,6.562628237280314,555,102
1763003318461,1763003318535,74,669.3880802025922,6.562628237280314,556,102
1763003318491,1763003318565,74,678.9796429590349,6.656663166265046,557,102
1763003318522,1763003318596,74,678.9796429590349,6.656663166265046,558,102
1763003318552,1763003318627,75,678.9796429590349,6.656663166265046,559,102
1763003318583,1763003318657,74,678.9796429590349,6.656663166265046,560,102
1763003318614,1763003318688,74,678.9796429590349,6.656663166265046,561,102
1763003318644,1763003318719,75,678.9796429590349,6.656663166265046,562,102
1763003318675,1763003318750,75,678.9796429590349,6.656663166265046,563,102
1763003318706,1763003318782,76,685.9837143672279,6.725330533012037,564,102
1763003318737,1763003318813,76,685.9837143672279,6.725330533012037,565,102
1763003318769,1763003318843,74,685.9837143672279,6.725330533012037,566,102
1763003318800,1763003318875,75,685.9837143672279,6.725330533012037,567,102
1763003318831,1763003318906,75,685.9837143672279,6.725330533012037,568,102
1763003318863,1763003318938,75,685.9837143672279,6.725330533012037,569,102
1763003318893,1763003318969,76,670.8910366363134,6.577363104277581,570,102
1763003318925,1763003318999,74,670.8910366363134,6.577363104277581,571,102
1763003318956,1763003319031,75,670.8910366363134,6.577363104277581,572,102
1763003318986,1763003319062,76,670.8910366363134,6.577363104277581,573,102
1763003319019,1763003319094,75,670.8910366363134,6.577363104277581,574,102
1763003319049,1763003319125,76,670.8910366363134,6.577363104277581,575,102
1763003319081,1763003319156,75,670.8910366363134,6.577363104277581,576,102
1763003319112,1763003319187,75,679.5990472357781,6.66273575721351,577,102
1763003319143,1763003319220,77,679.5990472357781,6.66273575721351,578,102
1763003319174,1763003319251,77,679.5990472357781,6.66273575721351,579,102
1763003319205,1763003319282,77,679.5990472357781,6.66273575721351,580,102
1763003319237,1763003319312,75,679.5990472357781,6.66273575721351,581,102
1763003319268,1763003319343,75,679.5990472357781,6.66273575721351,582,102
1763003319299,1763003319374,75,665.8764406469152,6.528200398499168,583,102
1763003319330,1763003319408,78,665.8764406469152,6.528200398499168,584,102
1763003319362,1763003319438,76,665.8764406469152,6.528200398499168,585,102
1763003319394,1763003319469,75,665.8764406469152,6.528200398499168,586,102
1763003319425,1763003319500,75,665.8764406469152,6.528200398499168,587,102
1763003319456,1763003319531,75,665.8764406469152,6.528200398499168,588,102
1763003319488,1763003319564,76,655.0472760768852,6.4220321184008355,589,102
1763003319518,1763003319595,77,655.0472760768852,6.4220321184008355,590,102
1763003319550,1763003319626,76,655.0472760768852,6.4220321184008355,591,102
1763003319581,1763003319659,78,655.0472760768852,6.4220321184008355,592,102
1763003319612,1763003319688,76,655.0472760768852,6.4220321184008355,593,102
1763003319643,1763003319718,75,655.0472760768852,6.4220321184008355,594,102
1763003319674,1763003319749,75,655.0472760768852,6.4220321184008355,595,102
1763003319705,1763003319780,75,667.1325844811237,6.540515534128664,596,102
1763003319736,1763003319811,75,667.1325844811237,6.540515534128664,597,102
1763003319767,1763003319843,76,667.1325844811237,6.540515534128664,598,102
1763003319798,1763003319875,77,667.1325844811237,6.540515534128664,599,102
1763003319831,1763003319905,74,667.1325844811237,6.540515534128664,600,102
1763003319862,1763003319938,76,667.1325844811237,6.540515534128664,601,102
1763003319893,1763003319969,76,656.1060675848989,6.432412427302931,602,102
1763003319924,1763003319999,75,656.1060675848989,6.432412427302931,603,102
1763003319955,1763003320030,75,656.1060675848989,6.432412427302931,604,102
1763003319986,1763003320061,75,656.1060675848989,6.432412427302931,605,102
1763003320017,1763003320092,75,656.1060675848989,6.432412427302931,606,102
1763003320048,1763003320124,76,656.1060675848989,6.432412427302931,607,102
1763003320080,1763003320156,76,656.1060675848989,6.432412427302931,608,102
1763003320111,1763003320186,75,668.0322176624097,6.549335467278527,609,102
1763003320143,1763003320219,76,668.0322176624097,6.549335467278527,610,102
1763003320174,1763003320249,75,668.0322176624097,6.549335467278527,611,102
1763003320206,1763003320282,76,668.0322176624097,6.549335467278527,612,102
1763003320237,1763003320314,77,668.0322176624097,6.549335467278527,613,102
1763003320269,1763003320345,76,668.0322176624097,6.549335467278527,614,102
1763003320301,1763003320377,76,656.6576774769405,6.437820367420986,615,102
1763003320332,1763003320409,77,656.6576774769405,6.437820367420986,616,102
1763003320364,1763003320441,77,656.6576774769405,6.437820367420986,617,102
1763003320397,1763003320473,76,656.6576774769405,6.437820367420986,618,102
1763003320429,1763003320504,75,656.6576774769405,6.437820367420986,619,102
1763003320460,1763003320536,76,656.6576774769405,6.437820367420986,620,102
1763003320491,1763003320566,75,656.6576774769405,6.437820367420986,621,102
1763003320523,1763003320599,76,668.6422228842599,6.55531591063,622,102
1763003320553,1763003320630,77,668.6422228842599,6.55531591063,623,102
1763003320586,1763003320663,77,668.6422228842599,6.55531591063,624,102
1763003320617,1763003320694,77,668.6422228842599,6.55531591063,625,102
1763003320650,1763003320727,77,668.6422228842599,6.55531591063,626,102
1763003320682,1763003320758,76,668.6422228842599,6.55531591063,627,102
1763003320714,1763003320788,74,657.2004938616394,6.44314209668274,628,102
1763003320745,1763003320819,74,657.2004938616394,6.44314209668274,629,102
1763003320776,1763003320850,74,657.2004938616394,6.44314209668274,630,102
1763003320806,1763003320882,76,657.2004938616394,6.44314209668274,631,102
1763003320837,1763003320913,76,657.2004938616394,6.44314209668274,632,102
1763003320869,1763003320944,75,657.2004938616394,6.44314209668274,633,102
1763003320900,1763003320976,76,657.2004938616394,6.44314209668274,634,102
1763003320931,1763003321008,77,668.9011921261417,6.557854824766095,635,102
1763003320962,1763003321040,78,668.9011921261417,6.557854824766095,636,102
1763003320994,1763003321069,75,668.9011921261417,6.557854824766095,637,102
1763003321026,1763003321100,74,668.9011921261417,6.557854824766095,638,102
1763003321056,1763003321132,76,668.9011921261417,6.557854824766095,639,102
1763003321087,1763003321164,77,668.9011921261417,6.557854824766095,640,102
1763003321119,1763003321196,77,657.4640525087873,6.44572600498811,641,102
1763003321150,1763003321225,75,657.4640525087873,6.44572600498811,642,102
1763003321182,1763003321256,74,657.4640525087873,6.44572600498811,643,102
1763003321212,1763003321288,76,657.4640525087873,6.44572600498811,644,102
1763003321243,1763003321319,76,657.4640525087873,6.44572600498811,645,102
1763003321275,1763003321350,75,657.4640525087873,6.44572600498811,646,102
1763003321306,1763003321381,75,657.4640525087873,6.44572600498811,647,102
1763003321337,1763003321412,75,669.0539217444859,6.559352173965547,648,102
1763003321368,1763003321443,75,669.0539217444859,6.559352173965547,649,102
1763003321399,1763003321473,74,669.0539217444859,6.559352173965547,650,102
1763003321430,1763003321506,76,669.0539217444859,6.559352173965547,651,102
1763003321461,1763003321538,77,669.0539217444859,6.559352173965547,652,102
1763003321492,1763003321568,76,669.0539217444859,6.559352173965547,653,102
1763003321523,1763003321599,76,669.0539217444859,6.559352173965547,654,102
1763003321555,1763003321631,76,669.0539217444859,6.559352173965547,655,102
1763003321587,1763003321662,75,669.0539217444859,6.559352173965547,656,102
1763003321618,1763003321693,75,669.0539217444859,6.559352173965547,657,102
1763003321649,1763003321725,76,669.0539217444859,6.559352173965547,658,102
1763003321680,1763003321755,75,669.0539217444859,6.559352173965547,659,102
1763003321712,1763003321786,74,669.0539217444859,6.559352173965547,660,102
1763003321742,1763003321817,75,935.1170834379691,9.1678145435095,661,102
1763003321774,1763003321848,74,935.1170834379691,9.1678145435095,662,102
1763003321805,1763003321881,76,935.1170834379691,9.1678145435095,663,102
1763003321836,1763003321911,75,935.1170834379691,9.1678145435095,664,102
1763003321867,1763003321945,78,935.1170834379691,9.1678145435095,665,102
1763003321898,1763003321978,80,935.1170834379691,9.1678145435095,666,102
1763003321930,1763003322006,76,870.1705496669373,8.53108382026409,667,102
1763003321963,1763003322035,72,870.1705496669373,8.53108382026409,668,102
1763003321992,1763003322067,75,870.1705496669373,8.53108382026409,669,102
1763003322022,1763003322098,76,870.1705496669373,8.53108382026409,670,102
1763003322054,1763003322128,74,870.1705496669373,8.53108382026409,671,102
1763003322085,1763003322160,75,870.1705496669373,8.53108382026409,672,102
1763003322115,1763003322191,76,870.1705496669373,8.53108382026409,673,102
1763003322147,1763003322221,74,838.467928084549,8.22027380475048,674,102
1763003322178,1763003322252,74,838.467928084549,8.22027380475048,675,102
1763003322209,1763003322283,74,838.467928084549,8.22027380475048,676,102
1763003322240,1763003322315,75,838.467928084549,8.22027380475048,677,102
1763003322270,1763003322346,76,838.467928084549,8.22027380475048,678,102
1763003322302,1763003322377,75,838.467928084549,8.22027380475048,679,102
1763003322333,1763003322409,76,838.467928084549,8.22027380475048,680,102
1763003322364,1763003322441,77,813.5743424676392,7.976219043800384,681,102
1763003322395,1763003322473,78,813.5743424676392,7.976219043800384,682,102
1763003322427,1763003322503,76,813.5743424676392,7.976219043800384,683,102
1763003322459,1763003322535,76,813.5743424676392,7.976219043800384,684,102
1763003322490,1763003322567,77,813.5743424676392,7.976219043800384,685,102
1763003322522,1763003322597,75,813.5743424676392,7.976219043800384,686,102
1763003322553,1763003322627,74,772.0500279193055,7.569117920777505,687,102
1763003322583,1763003322658,75,772.0500279193055,7.569117920777505,688,102
1763003322614,1763003322691,77,772.0500279193055,7.569117920777505,689,102
1763003322645,1763003322725,80,772.0500279193055,7.569117920777505,690,102
1763003322677,1763003322753,76,772.0500279193055,7.569117920777505,691,102
1763003322709,1763003322784,75,772.0500279193055,7.569117920777505,692,102
1763003322740,1763003322815,75,740.0400223354444,7.255294336622004,693,102
1763003322771,1763003322846,75,740.0400223354444,7.255294336622004,694,102
1763003322802,1763003322878,76,740.0400223354444,7.255294336622004,695,102
1763003322833,1763003322909,76,740.0400223354444,7.255294336622004,696,102
1763003322865,1763003322941,76,740.0400223354444,7.255294336622004,697,102
1763003322896,1763003322971,75,740.0400223354444,7.255294336622004,698,102
1763003322928,1763003323002,74,740.0400223354444,7.255294336622004,699,102
1763003322958,1763003323034,76,734.6497377120074,7.202448408941249,700,102
1763003322989,1763003323066,77,734.6497377120074,7.202448408941249,701,102
1763003323021,1763003323097,76,734.6497377120074,7.202448408941249,702,102
1763003323053,1763003323128,75,734.6497377120074,7.202448408941249,703,102
1763003323084,1763003323159,75,734.6497377120074,7.202448408941249,704,102
1763003323115,1763003323190,75,734.6497377120074,7.202448408941249,705,102
1763003323146,1763003323223,77,710.119790169606,6.961958727152999,706,102
1763003323176,1763003323252,76,710.119790169606,6.961958727152999,707,102
1763003323207,1763003323283,76,710.119790169606,6.961958727152999,708,102
1763003323239,1763003323316,77,710.119790169606,6.961958727152999,709,102
1763003323270,1763003323338,68,710.119790169606,6.961958727152999,710,102
1763003323301,1763003323361,60,710.119790169606,6.961958727152999,711,102
1763003323333,1763003323411,78,710.119790169606,6.961958727152999,712,102
1763003323365,1763003323442,77,710.9229936044975,6.9698332706323285,713,102
1763003323397,1763003323473,76,710.9229936044975,6.9698332706323285,714,102
1763003323428,1763003323505,77,710.9229936044975,6.9698332706323285,715,102
1763003323460,1763003323537,77,710.9229936044975,6.9698332706323285,716,102
1763003323492,1763003323569,77,710.9229936044975,6.9698332706323285,717,102
1763003323524,1763003323600,76,710.9229936044975,6.9698332706323285,718,102
1763003323556,1763003323632,76,690.940548896389,6.773926949964598,719,102
1763003323587,1763003323664,77,690.940548896389,6.773926949964598,720,102
1763003323618,1763003323694,76,690.940548896389,6.773926949964598,721,102
1763003323649,1763003323726,77,690.940548896389,6.773926949964598,722,102
1763003323681,1763003323757,76,690.940548896389,6.773926949964598,723,102
1763003323712,1763003323789,77,690.940548896389,6.773926949964598,724,102
1763003323744,1763003323821,77,690.940548896389,6.773926949964598,725,102
1763003323776,1763003323852,76,695.7599741770438,6.821176217421997,726,102
1763003323808,1763003323884,76,695.7599741770438,6.821176217421997,727,102
1763003323839,1763003323916,77,695.7599741770438,6.821176217421997,728,102
1763003323871,1763003323947,76,695.7599741770438,6.821176217421997,729,102
1763003323903,1763003323980,77,695.7599741770438,6.821176217421997,730,102
1763003323934,1763003324011,77,695.7599741770438,6.821176217421997,731,102
1763003323966,1763003324043,77,678.7566994191039,6.654477445285332,732,102
1763003323998,1763003324075,77,678.7566994191039,6.654477445285332,733,102
1763003324030,1763003324107,77,678.7566994191039,6.654477445285332,734,102
1763003324062,1763003324140,78,678.7566994191039,6.654477445285332,735,102
1763003324094,1763003324171,77,678.7566994191039,6.654477445285332,736,102
1763003324126,1763003324203,77,678.7566994191039,6.654477445285332,737,102
1763003324158,1763003324235,77,678.7566994191039,6.654477445285332,738,102
1763003324190,1763003324266,76,686.193035841673,6.727382704330127,739,102
1763003324222,1763003324296,74,686.193035841673,6.727382704330127,740,102
1763003324253,1763003324328,75,686.193035841673,6.727382704330127,741,102
1763003324283,1763003324359,76,686.193035841673,6.727382704330127,742,102
1763003324315,1763003324391,76,686.193035841673,6.727382704330127,743,102
1763003324346,1763003324423,77,686.193035841673,6.727382704330127,744,102
1763003324378,1763003324455,77,671.2802356374967,6.581178780759772,745,102
1763003324410,1763003324486,76,671.2802356374967,6.581178780759772,746,102
1763003324442,1763003324518,76,671.2802356374967,6.581178780759772,747,102
1763003324473,1763003324550,77,671.2802356374967,6.581178780759772,748,102
1763003324505,1763003324582,77,671.2802356374967,6.581178780759772,749,102
1763003324537,1763003324613,76,671.2802356374967,6.581178780759772,750,102
1763003324568,1763003324645,77,671.2802356374967,6.581178780759772,751,102
1763003324600,1763003324677,77,680.2513861536224,6.66913123680022,752,102
1763003324632,1763003324710,78,680.2513861536224,6.66913123680022,753,102
1763003324664,1763003324742,78,680.2513861536224,6.66913123680022,754,102
1763003324697,1763003324773,76,680.2513861536224,6.66913123680022,755,102
1763003324732,1763003324804,72,680.2513861536224,6.66913123680022,756,102
1763003324760,1763003324836,76,680.2513861536224,6.66913123680022,757,102
1763003324791,1763003324867,76,666.4646061505907,6.533966726966575,758,102
1763003324823,1763003324899,76,666.4646061505907,6.533966726966575,759,102
1763003324854,1763003324931,77,666.4646061505907,6.533966726966575,760,102
1763003324886,1763003324962,76,666.4646061505907,6.533966726966575,761,102
1763003324918,1763003324994,76,666.4646061505907,6.533966726966575,762,102
1763003324949,1763003325026,77,666.4646061505907,6.533966726966575,763,102
1763003324981,1763003325058,77,666.4646061505907,6.533966726966575,764,102
1763003325013,1763003325090,77,676.494574252816,6.632299747576628,765,102
1763003325045,1763003325122,77,676.494574252816,6.632299747576628,766,102
1763003325077,1763003325154,77,676.494574252816,6.632299747576628,767,102
1763003325109,1763003325186,77,676.494574252816,6.632299747576628,768,102
1763003325141,1763003325218,77,676.494574252816,6.632299747576628,769,102
1763003325173,1763003325251,78,676.494574252816,6.632299747576628,770,102
1763003325205,1763003325282,77,663.3376811052416,6.503310599070995,771,102
1763003325237,1763003325313,76,663.3376811052416,6.503310599070995,772,102
1763003325269,1763003325345,76,663.3376811052416,6.503310599070995,773,102
1763003325300,1763003325377,77,663.3376811052416,6.503310599070995,774,102
1763003325332,1763003325409,77,663.3376811052416,6.503310599070995,775,102
1763003325364,1763003325441,77,663.3376811052416,6.503310599070995,776,102
1763003325396,1763003325473,77,663.3376811052416,6.503310599070995,777,102
1763003325428,1763003325505,77,674.0274303920356,6.608112062667016,778,102
1763003325460,1763003325537,77,674.0274303920356,6.608112062667016,779,102
1763003325492,1763003325569,77,674.0274303920356,6.608112062667016,780,102
1763003325524,1763003325601,77,674.0274303920356,6.608112062667016,781,102
1763003325556,1763003325632,76,674.0274303920356,6.608112062667016,782,102
1763003325588,1763003325664,76,674.0274303920356,6.608112062667016,783,102
1763003325619,1763003325696,77,661.4358620224524,6.484665313945611,784,102
1763003325651,1763003325728,77,661.4358620224524,6.484665313945611,785,102
1763003325683,1763003325761,78,661.4358620224524,6.484665313945611,786,102
1763003325715,1763003325793,78,661.4358620224524,6.484665313945611,787,102
1763003325749,1763003325825,76,661.4358620224524,6.484665313945611,788,102
1763003325780,1763003325856,76,661.4358620224524,6.484665313945611,789,102
1763003325811,1763003325888,77,661.4358620224524,6.484665313945611,790,102
1763003325843,1763003325920,77,672.5794592736925,6.593916267389142,791,102
1763003325875,1763003325953,78,672.5794592736925,6.593916267389142,792,102
1763003325907,1763003325985,78,672.5794592736925,6.593916267389142,793,102
1763003325940,1763003326016,76,672.5794592736925,6.593916267389142,794,102
1763003325971,1763003326051,80,672.5794592736925,6.593916267389142,795,102
1763003326003,1763003326081,78,672.5794592736925,6.593916267389142,796,102
1763003326036,1763003326112,76,660.2212495818592,6.472757348841757,797,102
1763003326067,1763003326146,79,660.2212495818592,6.472757348841757,798,102
1763003326099,1763003326178,79,660.2212495818592,6.472757348841757,799,102
1763003326132,1763003326207,75,660.2212495818592,6.472757348841757,800,102
1763003326164,1763003326239,75,660.2212495818592,6.472757348841757,801,102
1763003326194,1763003326272,78,660.2212495818592,6.472757348841757,802,102
1763003326226,1763003326303,77,660.2212495818592,6.472757348841757,803,102
1763003326259,1763003326335,76,671.5147871696688,6.583478305584988,804,102
1763003326290,1763003326365,75,671.5147871696688,6.583478305584988,805,102
1763003326322,1763003326396,74,671.5147871696688,6.583478305584988,806,102
1763003326352,1763003326427,75,671.5147871696688,6.583478305584988,807,102
1763003326383,1763003326458,75,671.5147871696688,6.583478305584988,808,102
1763003326414,1763003326489,75,671.5147871696688,6.583478305584988,809,102
1763003326445,1763003326520,75,671.5147871696688,6.583478305584988,810,102
1763003326476,1763003326552,76,680.0968001613957,6.66761568785682,811,102
1763003326508,1763003326583,75,680.0968001613957,6.66761568785682,812,102
1763003326539,1763003326613,74,680.0968001613957,6.66761568785682,813,102
1763003326569,1763003326645,76,680.0968001613957,6.66761568785682,814,102
1763003326601,1763003326676,75,680.0968001613957,6.66761568785682,815,102
1763003326632,1763003326707,75,680.0968001613957,6.66761568785682,816,102
1763003326663,1763003326738,75,666.3412465287937,6.532757318909742,817,102
1763003326694,1763003326769,75,666.3412465287937,6.532757318909742,818,102
1763003326725,1763003326800,75,666.3412465287937,6.532757318909742,819,102
1763003326756,1763003326830,74,666.3412465287937,6.532757318909742,820,102
1763003326787,1763003326862,75,666.3412465287937,6.532757318909742,821,102
1763003326817,1763003326893,76,666.3412465287937,6.532757318909742,822,102
1763003326849,1763003326924,75,666.3412465287937,6.532757318909742,823,102
1763003326880,1763003326956,76,675.9683147299774,6.627140340489975,824,102
1763003326911,1763003326988,77,675.9683147299774,6.627140340489975,825,102
1763003326943,1763003327020,77,675.9683147299774,6.627140340489975,826,102
1763003326975,1763003327052,77,675.9683147299774,6.627140340489975,827,102
1763003327007,1763003327084,77,675.9683147299774,6.627140340489975,828,102
1763003327039,1763003327116,77,675.9683147299774,6.627140340489975,829,102
1763003327071,1763003327148,77,662.662905266142,6.49669514966806,830,102
1763003327103,1763003327180,77,662.662905266142,6.49669514966806,831,102
1763003327135,1763003327212,77,662.662905266142,6.49669514966806,832,102
1763003327167,1763003327244,77,662.662905266142,6.49669514966806,833,102
1763003327199,1763003327276,77,662.662905266142,6.49669514966806,834,102
1763003327231,1763003327309,78,662.662905266142,6.49669514966806,835,102
1763003327263,1763003327341,78,652.2770096865829,6.394872643986107,836,102
1763003327296,1763003327371,75,652.2770096865829,6.394872643986107,837,102
1763003327328,1763003327403,75,652.2770096865829,6.394872643986107,838,102
1763003327359,1763003327435,76,652.2770096865829,6.394872643986107,839,102
1763003327390,1763003327467,77,652.2770096865829,6.394872643986107,840,102
1763003327422,1763003327499,77,652.2770096865829,6.394872643986107,841,102
1763003327454,1763003327531,77,652.2770096865829,6.394872643986107,842,102
1763003327486,1763003327563,77,665.2388376524005,6.521949388749025,843,102
1763003327518,1763003327595,77,665.2388376524005,6.521949388749025,844,102
1763003327551,1763003327627,76,665.2388376524005,6.521949388749025,845,102
1763003327582,1763003327659,77,665.2388376524005,6.521949388749025,846,102
1763003327614,1763003327691,77,665.2388376524005,6.521949388749025,847,102
1763003327646,1763003327726,80,665.2388376524005,6.521949388749025,848,102
1763003327678,1763003327755,77,654.3781147713108,6.415471713444224,849,102
1763003327711,1763003327786,75,654.3781147713108,6.415471713444224,850,102
1763003327741,1763003327818,77,654.3781147713108,6.415471713444224,851,102
1763003327774,1763003327849,75,654.3781147713108,6.415471713444224,852,102
1763003327806,1763003327881,75,654.3781147713108,6.415471713444224,853,102
1763003327836,1763003327912,76,654.3781147713108,6.415471713444224,854,102
1763003327868,1763003327944,76,654.3781147713108,6.415471713444224,855,102
1763003327900,1763003327977,77,666.7794668988781,6.537053597047826,856,102
1763003327931,1763003328006,75,666.7794668988781,6.537053597047826,857,102
1763003327962,1763003328038,76,666.7794668988781,6.537053597047826,858,102
1763003327993,1763003328070,77,666.7794668988781,6.537053597047826,859,102
1763003328025,1763003328100,75,666.7794668988781,6.537053597047826,860,102
1763003328057,1763003328131,74,666.7794668988781,6.537053597047826,861,102
1763003328087,1763003328164,77,655.8235735191025,6.42964287763826,862,102
1763003328118,1763003328194,76,655.8235735191025,6.42964287763826,863,102
1763003328150,1763003328225,75,655.8235735191025,6.42964287763826,864,102
1763003328181,1763003328256,75,655.8235735191025,6.42964287763826,865,102
1763003328212,1763003328287,75,655.8235735191025,6.42964287763826,866,102
1763003328243,1763003328318,75,655.8235735191025,6.42964287763826,867,102
1763003328274,1763003328349,75,655.8235735191025,6.42964287763826,868,102
1763003328304,1763003328379,75,667.6915645212056,6.545995730600055,869,102
1763003328336,1763003328410,74,667.6915645212056,6.545995730600055,870,102
1763003328366,1763003328442,76,667.6915645212056,6.545995730600055,871,102
1763003328397,1763003328472,75,667.6915645212056,6.545995730600055,872,102
1763003328429,1763003328503,74,667.6915645212056,6.545995730600055,873,102
1763003328459,1763003328535,76,667.6915645212056,6.545995730600055,874,102
1763003328491,1763003328566,75,667.6915645212056,6.545995730600055,875,102
1763003328522,1763003328598,76,677.0921769234009,6.6381585972882435,876,102
1763003328553,1763003328628,75,677.0921769234009,6.6381585972882435,877,102
1763003328584,1763003328660,76,677.0921769234009,6.6381585972882435,878,102
1763003328616,1763003328691,75,677.0921769234009,6.6381585972882435,879,102
1763003328647,1763003328722,75,677.0921769234009,6.6381585972882435,880,102
1763003328678,1763003328752,74,677.0921769234009,6.6381585972882435,881,102
1763003328709,1763003328784,75,664.0086493617973,6.509888719233307,882,102
1763003328740,1763003328816,76,664.0086493617973,6.509888719233307,883,102
1763003328771,1763003328847,76,664.0086493617973,6.509888719233307,884,102
1763003328803,1763003328877,74,664.0086493617973,6.509888719233307,885,102
1763003328834,1763003328908,74,664.0086493617973,6.509888719233307,886,102
1763003328864,1763003328939,75,664.0086493617973,6.509888719233307,887,102
1763003328895,1763003328971,76,664.0086493617973,6.509888719233307,888,102
1763003328926,1763003329002,76,664.0086493617973,6.509888719233307,889,102
1763003328957,1763003329034,77,664.0086493617973,6.509888719233307,890,102
1763003328989,1763003329065,76,664.0086493617973,6.509888719233307,891,102
1763003329021,1763003329098,77,664.0086493617973,6.509888719233307,892,102
1763003329053,1763003329130,77,664.0086493617973,6.509888719233307,893,102
1763003329084,1763003329160,76,664.0086493617973,6.509888719233307,894,102
1763003329116,1763003329192,76,933.4391290715457,9.15136401050535,895,102
1763003329146,1763003329224,78,933.4391290715457,9.15136401050535,896,102
1763003329178,1763003329256,78,933.4391290715457,9.15136401050535,897,102
1763003329209,1763003329289,80,933.4391290715457,9.15136401050535,898,102
1763003329241,1763003329318,77,933.4391290715457,9.15136401050535,899,102
1763003329275,1763003329350,75,933.4391290715457,9.15136401050535,900,102
1763003329305,1763003329380,75,868.5084249990934,8.51478848038327,901,102
1763003329337,1763003329413,76,868.5084249990934,8.51478848038327,902,102
1763003329368,1763003329443,75,868.5084249990934,8.51478848038327,903,102
1763003329400,1763003329474,74,868.5084249990934,8.51478848038327,904,102
1763003329430,1763003329506,76,868.5084249990934,8.51478848038327,905,102
1763003329461,1763003329537,76,868.5084249990934,8.51478848038327,906,102
1763003329493,1763003329567,74,868.5084249990934,8.51478848038327,907,102
1763003329524,1763003329598,74,836.8341978742793,8.2042568419047,908,102
1763003329554,1763003329628,74,836.8341978742793,8.2042568419047,909,102
1763003329585,1763003329659,74,836.8341978742793,8.2042568419047,910,102
1763003329616,1763003329690,74,836.8341978742793,8.2042568419047,911,102
1763003329646,1763003329721,75,836.8341978742793,8.2042568419047,912,102
1763003329678,1763003329753,75,836.8341978742793,8.2042568419047,913,102
1763003329709,1763003329785,76,791.8673582994235,7.763405473523759,914,102
1763003329740,1763003329817,77,791.8673582994235,7.763405473523759,915,102
1763003329772,1763003329849,77,791.8673582994235,7.763405473523759,916,102
1763003329804,1763003329880,76,791.8673582994235,7.763405473523759,917,102
1763003329836,1763003329910,74,791.8673582994235,7.763405473523759,918,102
1763003329867,1763003329941,74,791.8673582994235,7.763405473523759,919,102
1763003329897,1763003329972,75,791.8673582994235,7.763405473523759,920,102
1763003329929,1763003330004,75,775.7488151314428,7.605380540504341,921,102
1763003329959,1763003330035,76,775.7488151314428,7.605380540504341,922,102
1763003329991,1763003330066,75,775.7488151314428,7.605380540504341,923,102
1763003330022,1763003330098,76,775.7488151314428,7.605380540504341,924,102
1763003330054,1763003330128,74,775.7488151314428,7.605380540504341,925,102
1763003330085,1763003330159,74,775.7488151314428,7.605380540504341,926,102
1763003330116,1763003330190,74,775.7488151314428,7.605380540504341,927,102
1763003330146,1763003330223,77,763.3373032900229,7.483699051862969,928,102
1763003330178,1763003330254,76,763.3373032900229,7.483699051862969,929,102
1763003330208,1763003330285,77,763.3373032900229,7.483699051862969,930,102
1763003330240,1763003330315,75,763.3373032900229,7.483699051862969,931,102
1763003330271,1763003330348,77,763.3373032900229,7.483699051862969,932,102
1763003330303,1763003330378,75,763.3373032900229,7.483699051862969,933,102
1763003330335,1763003330409,74,732.4644934188582,7.181024445282923,934,102
1763003330365,1763003330441,76,732.4644934188582,7.181024445282923,935,102
1763003330396,1763003330471,75,732.4644934188582,7.181024445282923,936,102
1763003330428,1763003330503,75,732.4644934188582,7.181024445282923,937,102
1763003330458,1763003330534,76,732.4644934188582,7.181024445282923,938,102
1763003330490,1763003330565,75,732.4644934188582,7.181024445282923,939,102
1763003330521,1763003330597,76,732.4644934188582,7.181024445282923,940,102
1763003330552,1763003330628,76,728.7715947350865,7.144819556226339,941,102
1763003330583,1763003330659,76,728.7715947350865,7.144819556226339,942,102
1763003330614,1763003330690,76,728.7715947350865,7.144819556226339,943,102
1763003330646,1763003330722,76,728.7715947350865,7.144819556226339,944,102
1763003330676,1763003330753,77,728.7715947350865,7.144819556226339,945,102
1763003330708,1763003330784,76,728.7715947350865,7.144819556226339,946,102
1763003330739,1763003330815,76,704.8334178143938,6.910131547199939,947,102
1763003330770,1763003330849,79,704.8334178143938,6.910131547199939,948,102
1763003330802,1763003330880,78,704.8334178143938,6.910131547199939,949,102
1763003330833,1763003330910,77,704.8334178143938,6.910131547199939,950,102
1763003330866,1763003330941,75,704.8334178143938,6.910131547199939,951,102
1763003330897,1763003330972,75,704.8334178143938,6.910131547199939,952,102
1763003330928,1763003331004,76,686.0810674158862,6.7262849746655515,953,102
1763003330959,1763003331034,75,686.0810674158862,6.7262849746655515,954,102
1763003330991,1763003331065,74,686.0810674158862,6.7262849746655515,955,102
1763003331021,1763003331098,77,686.0810674158862,6.7262849746655515,956,102
1763003331052,1763003331129,77,686.0810674158862,6.7262849746655515,957,102
1763003331084,1763003331161,77,686.0810674158862,6.7262849746655515,958,102
1763003331116,1763003331193,77,686.0810674158862,6.7262849746655515,959,102
1763003331148,1763003331224,76,691.8882053933819,6.783217699935117,960,102
1763003331180,1763003331256,76,691.8882053933819,6.783217699935117,961,102
1763003331211,1763003331288,77,691.8882053933819,6.783217699935117,962,102
1763003331243,1763003331320,77,691.8882053933819,6.783217699935117,963,102
1763003331275,1763003331353,78,691.8882053933819,6.783217699935117,964,102
1763003331307,1763003331384,77,691.8882053933819,6.783217699935117,965,102
1763003331339,1763003331416,77,675.591011493132,6.623441289148353,966,102
1763003331371,1763003331448,77,675.591011493132,6.623441289148353,967,102
1763003331403,1763003331479,76,675.591011493132,6.623441289148353,968,102
1763003331435,1763003331511,76,675.591011493132,6.623441289148353,969,102
1763003331466,1763003331542,76,675.591011493132,6.623441289148353,970,102
1763003331498,1763003331574,76,675.591011493132,6.623441289148353,971,102
1763003331529,1763003331605,76,675.591011493132,6.623441289148353,972,102
1763003331561,1763003331636,75,683.5416721140537,6.701388942294644,973,102
1763003331592,1763003331668,76,683.5416721140537,6.701388942294644,974,102
1763003331623,1763003331698,75,683.5416721140537,6.701388942294644,975,102
1763003331655,1763003331728,73,683.5416721140537,6.701388942294644,976,102
1763003331685,1763003331760,75,683.5416721140537,6.701388942294644,977,102
1763003331715,1763003331790,75,683.5416721140537,6.701388942294644,978,102
1763003331747,1763003331821,74,683.5416721140537,6.701388942294644,979,102
1763003331777,1763003331853,76,689.6637960191289,6.76140976489342,980,102
1763003331808,1763003331885,77,689.6637960191289,6.76140976489342,981,102
1763003331839,1763003331914,75,689.6637960191289,6.76140976489342,982,102
1763003331869,1763003331945,76,689.6637960191289,6.76140976489342,983,102
1763003331902,1763003331976,74,689.6637960191289,6.76140976489342,984,102
1763003331932,1763003332008,76,689.6637960191289,6.76140976489342,985,102
1763003331963,1763003332038,75,673.9757092232649,6.60760499238495,986,102
1763003331995,1763003332069,74,673.9757092232649,6.60760499238495,987,102
1763003332025,1763003332101,76,673.9757092232649,6.60760499238495,988,102
1763003332057,1763003332133,76,673.9757092232649,6.60760499238495,989,102
1763003332089,1763003332164,75,673.9757092232649,6.60760499238495,990,102
1763003332120,1763003332195,75,673.9757092232649,6.60760499238495,991,102
1763003332152,1763003332226,74,661.5805673786119,6.486083993907959,992,102
1763003332182,1763003332257,75,661.5805673786119,6.486083993907959,993,102
1763003332213,1763003332288,75,661.5805673786119,6.486083993907959,994,102
1763003332244,1763003332318,74,661.5805673786119,6.486083993907959,995,102
1763003332275,1763003332349,74,661.5805673786119,6.486083993907959,996,102
1763003332305,1763003332381,76,661.5805673786119,6.486083993907959,997,102
1763003332336,1763003332412,76,661.5805673786119,6.486083993907959,998,102
1763003332368,1763003332442,74,672.2741316333751,6.590922859150735,999,102
1763003332399,1763003332474,75,672.2741316333751,6.590922859150735,1000,102
1763003332430,1763003332505,75,672.2741316333751,6.590922859150735,1001,102
1763003332461,1763003332537,76,672.2741316333751,6.590922859150735,1002,102
1763003332492,1763003332567,75,672.2741316333751,6.590922859150735,1003,102
1763003332524,1763003332598,74,672.2741316333751,6.590922859150735,1004,102
1763003332554,1763003332629,75,672.2741316333751,6.590922859150735,1005,102
1763003332585,1763003332661,76,680.7027570434333,6.673556441602287,1006,102
1763003332616,1763003332693,77,680.7027570434333,6.673556441602287,1007,102
1763003332648,1763003332722,74,680.7027570434333,6.673556441602287,1008,102
1763003332679,1763003332753,74,680.7027570434333,6.673556441602287,1009,102
1763003332709,1763003332785,76,680.7027570434333,6.673556441602287,1010,102
1763003332741,1763003332817,76,680.7027570434333,6.673556441602287,1011,102
1763003332772,1763003332847,75,666.7560973636163,6.536824483957022,1012,102
1763003332804,1763003332880,76,666.7560973636163,6.536824483957022,1013,102
1763003332835,1763003332912,77,666.7560973636163,6.536824483957022,1014,102
1763003332866,1763003332942,76,666.7560973636163,6.536824483957022,1015,102
1763003332896,1763003332974,78,666.7560973636163,6.536824483957022,1016,102
1763003332928,1763003333004,76,666.7560973636163,6.536824483957022,1017,102
1763003332959,1763003333036,77,655.7501217935294,6.428922762681661,1018,102
1763003332991,1763003333067,76,655.7501217935294,6.428922762681661,1019,102
1763003333023,1763003333098,75,655.7501217935294,6.428922762681661,1020,102
1763003333054,1763003333129,75,655.7501217935294,6.428922762681661,1021,102
1763003333085,1763003333160,75,655.7501217935294,6.428922762681661,1022,102
1763003333116,1763003333190,74,655.7501217935294,6.428922762681661,1023,102
1763003333147,1763003333222,75,655.7501217935294,6.428922762681661,1024,102
1763003333177,1763003333253,76,667.6913468258558,6.54599359633192,1025,102
1763003333209,1763003333285,76,667.6913468258558,6.54599359633192,1026,102
1763003333240,1763003333316,76,667.6913468258558,6.54599359633192,1027,102
1763003333272,1763003333347,75,667.6913468258558,6.54599359633192,1028,102
1763003333303,1763003333378,75,667.6913468258558,6.54599359633192,1029,102
1763003333334,1763003333411,77,667.6913468258558,6.54599359633192,1030,102
1763003333365,1763003333440,75,667.6913468258558,6.54599359633192,1031,102
1763003333396,1763003333471,75,677.0920034202071,6.6381568962765405,1032,102
1763003333427,1763003333502,75,677.0920034202071,6.6381568962765405,1033,102
1763003333447,1763003333519,72,677.0920034202071,6.6381568962765405,1034,102
1763003333474,1763003333549,75,677.0920034202071,6.6381568962765405,1035,102
1763003333505,1763003333581,76,677.0920034202071,6.6381568962765405,1036,102
1763003333536,1763003333612,76,677.0920034202071,6.6381568962765405,1037,102
1763003333568,1763003333643,75,677.0920034202071,6.6381568962765405,1038,102
1763003333599,1763003333675,76,684.584326725905,6.711611046332402,1039,102
1763003333630,1763003333706,76,684.584326725905,6.711611046332402,1040,102
1763003333662,1763003333740,78,684.584326725905,6.711611046332402,1041,102
1763003333694,1763003333770,76,684.584326725905,6.711611046332402,1042,102
1763003333725,1763003333801,76,684.584326725905,6.711611046332402,1043,102
1763003333757,1763003333831,74,684.584326725905,6.711611046332402,1044,102
1763003333788,1763003333861,73,669.9222927272722,6.5678656149732575,1045,102
1763003333818,1763003333892,74,669.9222927272722,6.5678656149732575,1046,102
1763003333848,1763003333924,76,669.9222927272722,6.5678656149732575,1047,102
1763003333879,1763003333954,75,669.9222927272722,6.5678656149732575,1048,102
1763003333910,1763003333985,75,669.9222927272722,6.5678656149732575,1049,102
1763003333941,1763003334021,80,669.9222927272722,6.5678656149732575,1050,102
1763003333972,1763003334049,77,658.3378341818177,6.454292491978606,1051,102
1763003334007,1763003334080,73,658.3378341818177,6.454292491978606,1052,102
1763003334036,1763003334112,76,658.3378341818177,6.454292491978606,1053,102
1763003334067,1763003334143,76,658.3378341818177,6.454292491978606,1054,102
1763003334104,1763003334173,69,658.3378341818177,6.454292491978606,1055,102
1763003334131,1763003334204,73,658.3378341818177,6.454292491978606,1056,102
1763003334160,1763003334236,76,658.3378341818177,6.454292491978606,1057,102
1763003334191,1763003334267,76,669.7485781745451,6.566162531122992,1058,102
1763003334222,1763003334298,76,669.7485781745451,6.566162531122992,1059,102
1763003334254,1763003334329,75,669.7485781745451,6.566162531122992,1060,102
1763003334285,1763003334362,77,669.7485781745451,6.566162531122992,1061,102
1763003334316,1763003334390,74,669.7485781745451,6.566162531122992,1062,102
1763003334347,1763003334423,76,669.7485781745451,6.566162531122992,1063,102
1763003334377,1763003334454,77,669.7485781745451,6.566162531122992,1064,102
1763003334410,1763003334487,77,678.7758682269379,6.654665374773901,1065,102
1763003334442,1763003334518,76,678.7758682269379,6.654665374773901,1066,102
1763003334474,1763003334549,75,678.7758682269379,6.654665374773901,1067,102
1763003334505,1763003334581,76,678.7758682269379,6.654665374773901,1068,102
1763003334536,1763003334613,77,678.7758682269379,6.654665374773901,1069,102
1763003334568,1763003334645,77,678.7758682269379,6.654665374773901,1070,102
1763003334600,1763003334678,78,664.9532635039617,6.519149642195703,1071,102
1763003334632,1763003334710,78,664.9532635039617,6.519149642195703,1072,102
1763003334665,1763003334741,76,664.9532635039617,6.519149642195703,1073,102
1763003334697,1763003334772,75,664.9532635039617,6.519149642195703,1074,102
1763003334728,1763003334804,76,664.9532635039617,6.519149642195703,1075,102
1763003334759,1763003334836,77,664.9532635039617,6.519149642195703,1076,102
1763003334791,1763003334868,77,654.2037510126574,6.413762264829976,1077,102
1763003334823,1763003334902,79,654.2037510126574,6.413762264829976,1078,102
1763003334855,1763003334932,77,654.2037510126574,6.413762264829976,1079,102
1763003334889,1763003334963,74,654.2037510126574,6.413762264829976,1080,102
1763003334919,1763003334995,76,654.2037510126574,6.413762264829976,1081,102
1763003334950,1763003335027,77,654.2037510126574,6.413762264829976,1082,102
1763003334982,1763003335058,76,654.2037510126574,6.413762264829976,1083,102
1763003335014,1763003335089,75,666.701167051012,6.536285951480511,1084,102
1763003335045,1763003335122,77,666.701167051012,6.536285951480511,1085,102
1763003335077,1763003335152,75,666.701167051012,6.536285951480511,1086,102
1763003335109,1763003335183,74,666.701167051012,6.536285951480511,1087,102
1763003335139,1763003335214,75,666.701167051012,6.536285951480511,1088,102
1763003335170,1763003335245,75,666.701167051012,6.536285951480511,1089,102
1763003335201,1763003335276,75,666.701167051012,6.536285951480511,1090,102
1763003335232,1763003335307,75,676.3028301396566,6.630419903329967,1091,102
1763003335263,1763003335339,76,676.3028301396566,6.630419903329967,1092,102
1763003335295,1763003335372,77,676.3028301396566,6.630419903329967,1093,102
1763003335326,1763003335402,76,676.3028301396566,6.630419903329967,1094,102
1763003335358,1763003335432,74,676.3028301396566,6.630419903329967,1095,102
1763003335389,1763003335464,75,676.3028301396566,6.630419903329967,1096,102
1763003335419,1763003335494,75,663.3779612815856,6.503705502760644,1097,102
1763003335450,1763003335525,75,663.3779612815856,6.503705502760644,1098,102
1763003335481,1763003335556,75,663.3779612815856,6.503705502760644,1099,102
1763003335512,1763003335589,77,663.3779612815856,6.503705502760644,1100,102
1763003335543,1763003335619,76,663.3779612815856,6.503705502760644,1101,102
1763003335575,1763003335650,75,663.3779612815856,6.503705502760644,1102,102
1763003335606,1763003335681,75,653.1023690252684,6.402964402208515,1103,102
1763003335637,1763003335713,76,653.1023690252684,6.402964402208515,1104,102
1763003335668,1763003335743,75,653.1023690252684,6.402964402208515,1105,102
1763003335700,1763003335774,74,653.1023690252684,6.402964402208515,1106,102
1763003335730,1763003335806,76,653.1023690252684,6.402964402208515,1107,102
1763003335762,1763003335837,75,653.1023690252684,6.402964402208515,1108,102
1763003335793,1763003335867,74,653.1023690252684,6.402964402208515,1109,102
1763003335824,1763003335898,74,665.5863833750884,6.525356699755769,1110,102
1763003335854,1763003335929,75,665.5863833750884,6.525356699755769,1111,102
1763003335885,1763003335960,75,665.5863833750884,6.525356699755769,1112,102
1763003335916,1763003335992,76,665.5863833750884,6.525356699755769,1113,102
1763003335947,1763003336027,80,665.5863833750884,6.525356699755769,1114,102
1763003335978,1763003336055,77,665.5863833750884,6.525356699755769,1115,102
1763003336011,1763003336086,75,654.8691067000707,6.420285359804615,1116,102
1763003336041,1763003336118,77,654.8691067000707,6.420285359804615,1117,102
1763003336073,1763003336150,77,654.8691067000707,6.420285359804615,1118,102
1763003336105,1763003336182,77,654.8691067000707,6.420285359804615,1119,102
1763003336137,1763003336213,76,654.8691067000707,6.420285359804615,1120,102
1763003336169,1763003336244,75,654.8691067000707,6.420285359804615,1121,102
1763003336200,1763003336276,76,654.8691067000707,6.420285359804615,1122,102
1763003336231,1763003336309,78,667.227463399756,6.54144571960545,1123,102
1763003336263,1763003336340,77,667.227463399756,6.54144571960545,1124,102
1763003336295,1763003336370,75,667.227463399756,6.54144571960545,1125,102
1763003336327,1763003336401,74,667.227463399756,6.54144571960545,1126,102
1763003336358,1763003336432,74,667.227463399756,6.54144571960545,1127,102
1763003336388,1763003336463,75,667.227463399756,6.54144571960545,1128,102
1763003336419,1763003336494,75,667.227463399756,6.54144571960545,1129,102
1763003336450,1763003336525,75,676.6755157930053,6.634073684245149,1130,102
1763003336481,1763003336556,75,676.6755157930053,6.634073684245149,1131,102
1763003336512,1763003336588,76,676.6755157930053,6.634073684245149,1132,102
1763003336543,1763003336618,75,676.6755157930053,6.634073684245149,1133,102
1763003336574,1763003336649,75,676.6755157930053,6.634073684245149,1134,102
1763003336605,1763003336680,75,676.6755157930053,6.634073684245149,1135,102
1763003336636,1763003336713,77,663.6110616028182,6.505990800027629,1136,102
1763003336667,1763003336743,76,663.6110616028182,6.505990800027629,1137,102
1763003336699,1763003336774,75,663.6110616028182,6.505990800027629,1138,102
1763003336730,1763003336805,75,663.6110616028182,6.505990800027629,1139,102
1763003336761,1763003336837,76,663.6110616028182,6.505990800027629,1140,102
1763003336793,1763003336869,76,663.6110616028182,6.505990800027629,1141,102
1763003336823,1763003336899,76,663.6110616028182,6.505990800027629,1142,102
1763003336855,1763003336930,75,673.7392382206517,6.605286649222076,1143,102
1763003336886,1763003336962,76,673.7392382206517,6.605286649222076,1144,102
1763003336917,1763003336994,77,673.7392382206517,6.605286649222076,1145,102
1763003336948,1763003337024,76,673.7392382206517,6.605286649222076,1146,102
1763003336980,1763003337055,75,673.7392382206517,6.605286649222076,1147,102
1763003337011,1763003337087,76,673.7392382206517,6.605286649222076,1148,102
1763003337042,1763003337116,74,661.2061728618594,6.482413459429995,1149,102
1763003337073,1763003337147,74,661.2061728618594,6.482413459429995,1150,102
1763003337103,1763003337178,75,661.2061728618594,6.482413459429995,1151,102
1763003337134,1763003337209,75,661.2061728618594,6.482413459429995,1152,102
1763003337166,1763003337241,75,661.2061728618594,6.482413459429995,1153,102
1763003337196,1763003337272,76,661.2061728618594,6.482413459429995,1154,102
1763003337228,1763003337304,76,651.3649382894876,6.385930767543996,1155,102
1763003337259,1763003337335,76,651.3649382894876,6.385930767543996,1156,102
1763003337290,1763003337366,76,651.3649382894876,6.385930767543996,1157,102
1763003337322,1763003337398,76,651.3649382894876,6.385930767543996,1158,102
1763003337353,1763003337429,76,651.3649382894876,6.385930767543996,1159,102
1763003337385,1763003337460,75,651.3649382894876,6.385930767543996,1160,102
1763003337416,1763003337492,76,651.3649382894876,6.385930767543996,1161,102
1763003337448,1763003337522,74,664.3303960635636,6.513043098662388,1162,102
1763003337479,1763003337554,75,664.3303960635636,6.513043098662388,1163,102
1763003337509,1763003337585,76,664.3303960635636,6.513043098662388,1164,102
1763003337541,1763003337616,75,664.3303960635636,6.513043098662388,1165,102
1763003337572,1763003337649,77,664.3303960635636,6.513043098662388,1166,102
1763003337603,1763003337680,77,664.3303960635636,6.513043098662388,1167,102
1763003337635,1763003337710,75,653.8643168508509,6.41043447892991,1168,102
1763003337667,1763003337742,75,653.8643168508509,6.41043447892991,1169,102
1763003337698,1763003337773,75,653.8643168508509,6.41043447892991,1170,102
1763003337729,1763003337803,74,653.8643168508509,6.41043447892991,1171,102
1763003337760,1763003337834,74,653.8643168508509,6.41043447892991,1172,102
1763003337790,1763003337865,75,653.8643168508509,6.41043447892991,1173,102
1763003337821,1763003337896,75,653.8643168508509,6.41043447892991,1174,102
1763003337852,1763003337928,76,666.1921318964264,6.531295410749279,1175,102
1763003337883,1763003337959,76,666.1921318964264,6.531295410749279,1176,102
1763003337915,1763003337993,78,666.1921318964264,6.531295410749279,1177,102
1763003337946,1763003338024,78,666.1921318964264,6.531295410749279,1178,102
1763003337979,1763003338054,75,666.1921318964264,6.531295410749279,1179,102
1763003338009,1763003338086,77,666.1921318964264,6.531295410749279,1180,102
1763003338041,1763003338118,77,655.1911291214518,6.423442442367175,1181,102
1763003338073,1763003338150,77,655.1911291214518,6.423442442367175,1182,102
1763003338105,1763003338182,77,655.1911291214518,6.423442442367175,1183,102
1763003338137,1763003338214,77,655.1911291214518,6.423442442367175,1184,102
1763003338169,1763003338246,77,655.1911291214518,6.423442442367175,1185,102
1763003338201,1763003338278,77,655.1911291214518,6.423442442367175,1186,102
1763003338233,1763003338310,77,655.1911291214518,6.423442442367175,1187,102
1763003338265,1763003338342,77,667.6586097477041,6.545672644585334,1188,102
1763003338297,1763003338374,77,667.6586097477041,6.545672644585334,1189,102
1763003338329,1763003338406,77,667.6586097477041,6.545672644585334,1190,102
1763003338361,1763003338437,76,667.6586097477041,6.545672644585334,1191,102
1763003338393,1763003338469,76,667.6586097477041,6.545672644585334,1192,102
1763003338425,1763003338501,76,667.6586097477041,6.545672644585334,1193,102
1763003338456,1763003338534,78,656.3042533591724,6.434355425089926,1194,102
1763003338488,1763003338565,77,656.3042533591724,6.434355425089926,1195,102
1763003338520,1763003338597,77,656.3042533591724,6.434355425089926,1196,102
1763003338552,1763003338629,77,656.3042533591724,6.434355425089926,1197,102
1763003338584,1763003338661,77,656.3042533591724,6.434355425089926,1198,102
1763003338616,1763003338692,76,656.3042533591724,6.434355425089926,1199,102
1763003338648,1763003338724,76,656.3042533591724,6.434355425089926,1200,102
1763003338679,1763003338755,76,668.3626644071054,6.552575141246131,1201,102
1763003338711,1763003338786,75,668.3626644071054,6.552575141246131,1202,102
1763003338742,1763003338818,76,668.3626644071054,6.552575141246131,1203,102
1763003338773,1763003338849,76,668.3626644071054,6.552575141246131,1204,102
1763003338804,1763003338880,76,668.3626644071054,6.552575141246131,1205,102
1763003338837,1763003338910,73,668.3626644071054,6.552575141246131,1206,102
1763003338867,1763003338941,74,668.3626644071054,6.552575141246131,1207,102
1763003338897,1763003338972,75,677.5357688612772,6.642507537855659,1208,102
1763003338928,1763003339003,75,677.5357688612772,6.642507537855659,1209,102
1763003338959,1763003339036,77,677.5357688612772,6.642507537855659,1210,102
1763003338990,1763003339067,77,677.5357688612772,6.642507537855659,1211,102
1763003339021,1763003339097,76,677.5357688612772,6.642507537855659,1212,102
1763003339054,1763003339127,73,677.5357688612772,6.642507537855659,1213,102
1763003339084,1763003339158,74,664.2975435512992,6.5127210152088155,1214,102
1763003339114,1763003339190,76,664.2975435512992,6.5127210152088155,1215,102
1763003339146,1763003339221,75,664.2975435512992,6.5127210152088155,1216,102
1763003339177,1763003339252,75,664.2975435512992,6.5127210152088155,1217,102
1763003339208,1763003339283,75,664.2975435512992,6.5127210152088155,1218,102
1763003339239,1763003339314,75,664.2975435512992,6.5127210152088155,1219,102
1763003339270,1763003339346,76,653.8380348410394,6.410176812167053,1220,102
1763003339302,1763003339377,75,653.8380348410394,6.410176812167053,1221,102
1763003339333,1763003339407,74,653.8380348410394,6.410176812167053,1222,102
1763003339364,1763003339438,74,653.8380348410394,6.410176812167053,1223,102
1763003339394,1763003339470,76,653.8380348410394,6.410176812167053,1224,102
1763003339426,1763003339501,75,653.8380348410394,6.410176812167053,1225,102
1763003339457,1763003339532,75,653.8380348410394,6.410176812167053,1226,102
1763003339489,1763003339563,74,666.1712376986263,6.531090565672807,1227,102
1763003339519,1763003339594,75,666.1712376986263,6.531090565672807,1228,102
1763003339550,1763003339625,75,666.1712376986263,6.531090565672807,1229,102
1763003339581,1763003339656,75,666.1712376986263,6.531090565672807,1230,102
1763003339612,1763003339687,75,666.1712376986263,6.531090565672807,1231,102
1763003339643,1763003339720,77,666.1712376986263,6.531090565672807,1232,102
1763003339675,1763003339751,76,655.336990158901,6.424872452538246,1233,102
1763003339707,1763003339782,75,655.336990158901,6.424872452538246,1234,102
1763003339739,1763003339813,74,655.336990158901,6.424872452538246,1235,102
1763003339769,1763003339846,77,655.336990158901,6.424872452538246,1236,102
1763003339800,1763003339876,76,655.336990158901,6.424872452538246,1237,102
1763003339832,1763003339909,77,655.336990158901,6.424872452538246,1238,102
1763003339863,1763003339940,77,655.336990158901,6.424872452538246,1239,102
1763003339895,1763003339971,76,667.5388962058496,6.544498982410291,1240,102
1763003339927,1763003340003,76,667.5388962058496,6.544498982410291,1241,102
1763003339958,1763003340036,78,667.5388962058496,6.544498982410291,1242,102
1763003339990,1763003340067,77,667.5388962058496,6.544498982410291,1243,102
1763003340022,1763003340099,77,667.5388962058496,6.544498982410291,1244,102
1763003340054,1763003340131,77,667.5388962058496,6.544498982410291,1245,102
1763003340086,1763003340163,77,656.2089613798563,6.433421189998591,1246,102
1763003340118,1763003340194,76,656.2089613798563,6.433421189998591,1247,102
1763003340150,1763003340226,76,656.2089613798563,6.433421189998591,1248,102
1763003340182,1763003340257,75,656.2089613798563,6.433421189998591,1249,102
1763003340213,1763003340288,75,656.2089613798563,6.433421189998591,1250,102
1763003340244,1763003340320,76,656.2089613798563,6.433421189998591,1251,102
1763003340275,1763003340351,76,656.2089613798563,6.433421189998591,1252,102
1763003340307,1763003340384,77,668.171706374226,6.5507030036688825,1253,102
1763003340338,1763003340414,76,668.171706374226,6.5507030036688825,1254,102
1763003340371,1763003340444,73,668.171706374226,6.5507030036688825,1255,102
1763003340401,1763003340474,73,668.171706374226,6.5507030036688825,1256,102
1763003340432,1763003340506,74,668.171706374226,6.5507030036688825,1257,102
1763003340462,1763003340537,75,668.171706374226,6.5507030036688825,1258,102
1763003340493,1763003340568,75,668.171706374226,6.5507030036688825,1259,102
1763003340524,1763003340599,75,677.3831933930065,6.641011699931437,1260,102
1763003340555,1763003340630,75,677.3831933930065,6.641011699931437,1261,102
1763003340586,1763003340661,75,677.3831933930065,6.641011699931437,1262,102
1763003340617,1763003340693,76,677.3831933930065,6.641011699931437,1263,102
1763003340648,1763003340724,76,677.3831933930065,6.641011699931437,1264,102
1763003340680,1763003340755,75,677.3831933930065,6.641011699931437,1265,102
1763003340711,1763003340787,76,664.1104051342262,6.510886324845355,1266,102
1763003340742,1763003340820,78,664.1104051342262,6.510886324845355,1267,102
1763003340774,1763003340850,76,664.1104051342262,6.510886324845355,1268,102
1763003340805,1763003340880,75,664.1104051342262,6.510886324845355,1269,102
1763003340836,1763003340911,75,664.1104051342262,6.510886324845355,1270,102
1763003340867,1763003340942,75,664.1104051342262,6.510886324845355,1271,102
1763003340898,1763003340973,75,664.1104051342262,6.510886324845355,1272,102
1763003340929,1763003341005,76,674.1881032971125,6.609687287226594,1273,102
1763003340960,1763003341036,76,674.1881032971125,6.609687287226594,1274,102
1763003340992,1763003341069,77,674.1881032971125,6.609687287226594,1275,102
1763003341023,1763003341098,75,674.1881032971125,6.609687287226594,1276,102
1763003341055,1763003341130,75,674.1881032971125,6.609687287226594,1277,102
1763003341086,1763003341161,75,674.1881032971125,6.609687287226594,1278,102
1763003341116,1763003341193,77,661.5017302245016,6.485311080632369,1279,102
1763003341148,1763003341225,77,661.5017302245016,6.485311080632369,1280,102
1763003341179,1763003341257,78,661.5017302245016,6.485311080632369,1281,102
1763003341211,1763003341286,75,661.5017302245016,6.485311080632369,1282,102
1763003341244,1763003341317,73,661.5017302245016,6.485311080632369,1283,102
1763003341273,1763003341348,75,661.5017302245016,6.485311080632369,1284,102
1763003341304,1763003341379,75,661.5017302245016,6.485311080632369,1285,102
1763003341335,1763003341411,76,672.1588789889278,6.589792931263998,1286,102
1763003341367,1763003341443,76,672.1588789889278,6.589792931263998,1287,102
1763003341397,1763003341473,76,672.1588789889278,6.589792931263998,1288,102
1763003341429,1763003341505,76,672.1588789889278,6.589792931263998,1289,102
1763003341460,1763003341536,76,672.1588789889278,6.589792931263998,1290,102
1763003341492,1763003341567,75,672.1588789889278,6.589792931263998,1291,102
1763003341523,1763003341598,75,660.0067854331644,6.47065475914867,1292,102
1763003341553,1763003341630,77,660.0067854331644,6.47065475914867,1293,102
1763003341585,1763003341660,75,660.0067854331644,6.47065475914867,1294,102
1763003341617,1763003341691,74,660.0067854331644,6.47065475914867,1295,102
1763003341647,1763003341723,76,660.0067854331644,6.47065475914867,1296,102
1763003341678,1763003341756,78,660.0067854331644,6.47065475914867,1297,102
1763003341710,1763003341787,77,650.3094147756652,6.375582497800639,1298,102
1763003341742,1763003341819,77,650.3094147756652,6.375582497800639,1299,102
1763003341774,1763003341851,77,650.3094147756652,6.375582497800639,1300,102
1763003341806,1763003341883,77,650.3094147756652,6.375582497800639,1301,102
1763003341838,1763003341915,77,650.3094147756652,6.375582497800639,1302,102
1763003341870,1763003341946,76,650.3094147756652,6.375582497800639,1303,102
1763003341902,1763003341977,75,650.3094147756652,6.375582497800639,1304,102
1763003341933,1763003342009,76,663.6207470875512,6.506085755760305,1305,102
1763003341964,1763003342041,77,663.6207470875512,6.506085755760305,1306,102
1763003341996,1763003342073,77,663.6207470875512,6.506085755760305,1307,102
1763003342028,1763003342104,76,663.6207470875512,6.506085755760305,1308,102
1763003342060,1763003342137,77,663.6207470875512,6.506085755760305,1309,102
1763003342092,1763003342168,76,663.6207470875512,6.506085755760305,1310,102
1763003342124,1763003342198,74,653.1933561758658,6.403856433096723,1311,102
1763003342155,1763003342229,74,653.1933561758658,6.403856433096723,1312,102
1763003342185,1763003342262,77,653.1933561758658,6.403856433096723,1313,102
1763003342217,1763003342293,76,653.1933561758658,6.403856433096723,1314,102
1763003342248,1763003342325,77,653.1933561758658,6.403856433096723,1315,102
1763003342280,1763003342356,76,653.1933561758658,6.403856433096723,1316,102
1763003342312,1763003342388,76,653.1933561758658,6.403856433096723,1317,102
1763003342343,1763003342420,77,665.9019447351099,6.528450438579508,1318,102
1763003342375,1763003342451,76,665.9019447351099,6.528450438579508,1319,102
1763003342407,1763003342483,76,665.9019447351099,6.528450438579508,1320,102
1763003342438,1763003342515,77,665.9019447351099,6.528450438579508,1321,102
1763003342470,1763003342545,75,665.9019447351099,6.528450438579508,1322,102
1763003342502,1763003342576,74,665.9019447351099,6.528450438579508,1323,102
1763003342533,1763003342607,74,655.1215557880879,6.422760350863607,1324,102
1763003342563,1763003342638,75,655.1215557880879,6.422760350863607,1325,102
1763003342594,1763003342669,75,655.1215557880879,6.422760350863607,1326,102
1763003342625,1763003342701,76,655.1215557880879,6.422760350863607,1327,102
1763003342657,1763003342732,75,655.1215557880879,6.422760350863607,1328,102
1763003342688,1763003342763,75,655.1215557880879,6.422760350863607,1329,102
1763003342719,1763003342795,76,655.1215557880879,6.422760350863607,1330,102
1763003342751,1763003342827,76,667.3682721841656,6.542826197883977,1331,102
1763003342783,1763003342857,74,667.3682721841656,6.542826197883977,1332,102
1763003342814,1763003342888,74,667.3682721841656,6.542826197883977,1333,102
1763003342844,1763003342921,77,667.3682721841656,6.542826197883977,1334,102
1763003342875,1763003342952,77,667.3682721841656,6.542826197883977,1335,102
1763003342907,1763003342983,76,667.3682721841656,6.542826197883977,1336,102
1763003342938,1763003343015,77,656.2946177473325,6.434260958307181,1337,102
1763003342970,1763003343046,76,656.2946177473325,6.434260958307181,1338,102
1763003343002,1763003343077,75,656.2946177473325,6.434260958307181,1339,102
1763003343033,1763003343107,74,656.2946177473325,6.434260958307181,1340,102
1763003343063,1763003343138,75,656.2946177473325,6.434260958307181,1341,102
1763003343093,1763003343170,77,656.2946177473325,6.434260958307181,1342,102
1763003343125,1763003343202,77,656.2946177473325,6.434260958307181,1343,102
1763003343157,1763003343233,76,668.1242211091293,6.550237461854209,1344,102
1763003343187,1763003343264,77,668.1242211091293,6.550237461854209,1345,102
1763003343220,1763003343296,76,668.1242211091293,6.550237461854209,1346,102
1763003343251,1763003343329,78,668.1242211091293,6.550237461854209,1347,102
1763003343282,1763003343359,77,668.1242211091293,6.550237461854209,1348,102
1763003343314,1763003343389,75,668.1242211091293,6.550237461854209,1349,102
1763003343345,1763003343419,74,668.1242211091293,6.550237461854209,1350,102
1763003343376,1763003343450,74,677.437004223976,6.641539257097805,1351,102
1763003343406,1763003343481,75,677.437004223976,6.641539257097805,1352,102
1763003343437,1763003343513,76,677.437004223976,6.641539257097805,1353,102
1763003343468,1763003343544,76,677.437004223976,6.641539257097805,1354,102
1763003343500,1763003343576,76,677.437004223976,6.641539257097805,1355,102
1763003343531,1763003343614,83,677.437004223976,6.641539257097805,1356,102
1763003343563,1763003343638,75,664.1532923665089,6.511306787906951,1357,102
1763003343594,1763003343668,74,664.1532923665089,6.511306787906951,1358,102
1763003343625,1763003343701,76,664.1532923665089,6.511306787906951,1359,102
1763003343656,1763003343732,76,664.1532923665089,6.511306787906951,1360,102
1763003343688,1763003343764,76,664.1532923665089,6.511306787906951,1361,102
1763003343719,1763003343795,76,664.1532923665089,6.511306787906951,1362,102
1763003343751,1763003343827,76,653.6704806008406,6.408534123537653,1363,102
1763003343782,1763003343858,76,653.6704806008406,6.408534123537653,1364,102
1763003343814,1763003343891,77,653.6704806008406,6.408534123537653,1365,102
1763003343845,1763003343923,78,653.6704806008406,6.408534123537653,1366,102
1763003343877,1763003343954,77,653.6704806008406,6.408534123537653,1367,102
1763003343908,1763003343985,77,653.6704806008406,6.408534123537653,1368,102
1763003343940,1763003344016,76,653.6704806008406,6.408534123537653,1369,102
1763003343971,1763003344047,76,666.2190206358657,6.531559025841822,1370,102
1763003344003,1763003344079,76,666.2190206358657,6.531559025841822,1371,102
1763003344034,1763003344111,77,666.2190206358657,6.531559025841822,1372,102
1763003344066,1763003344142,76,666.2190206358657,6.531559025841822,1373,102
1763003344097,1763003344173,76,666.2190206358657,6.531559025841822,1374,102
1763003344129,1763003344205,76,666.2190206358657,6.531559025841822,1375,102
1763003344160,1763003344237,77,655.2667784674209,6.424184102621774,1376,102
1763003344192,1763003344267,75,655.2667784674209,6.424184102621774,1377,102
1763003344224,1763003344299,75,655.2667784674209,6.424184102621774,1378,102
1763003344254,1763003344331,77,655.2667784674209,6.424184102621774,1379,102
1763003344286,1763003344363,77,655.2667784674209,6.424184102621774,1380,102
1763003344319,1763003344402,83,655.2667784674209,6.424184102621774,1381,102
1763003344350,1763003344427,77,655.2667784674209,6.424184102621774,1382,102
1763003344383,1763003344459,76,667.6007549892624,6.545105441071201,1383,102
1763003344414,1763003344491,77,667.6007549892624,6.545105441071201,1384,102
1763003344446,1763003344523,77,667.6007549892624,6.545105441071201,1385,102
1763003344478,1763003344555,77,667.6007549892624,6.545105441071201,1386,102
1763003344510,1763003344587,77,667.6007549892624,6.545105441071201,1387,102
1763003344542,1763003344619,77,667.6007549892624,6.545105441071201,1388,102
1763003344574,1763003344651,77,656.2582009714529,6.433903931092676,1389,102
1763003344606,1763003344683,77,656.2582009714529,6.433903931092676,1390,102
1763003344638,1763003344714,76,656.2582009714529,6.433903931092676,1391,102
1763003344670,1763003344745,75,656.2582009714529,6.433903931092676,1392,102
1763003344701,1763003344777,76,656.2582009714529,6.433903931092676,1393,102
1763003344732,1763003344808,76,656.2582009714529,6.433903931092676,1394,102
1763003344764,1763003344840,76,656.2582009714529,6.433903931092676,1395,102
1763003344796,1763003344870,74,668.2107533703621,6.551085817356492,1396,102
1763003344827,1763003344901,74,668.2107533703621,6.551085817356492,1397,102
1763003344857,1763003344932,75,668.2107533703621,6.551085817356492,1398,102
1763003344888,1763003344964,76,668.2107533703621,6.551085817356492,1399,102
1763003344920,1763003344994,74,668.2107533703621,6.551085817356492,1400,102
1763003344951,1763003345026,75,668.2107533703621,6.551085817356492,1401,102
1763003344981,1763003345057,76,668.2107533703621,6.551085817356492,1402,102
1763003345013,1763003345088,75,677.5059704361786,6.642215396433125,1403,102
1763003345044,1763003345120,76,677.5059704361786,6.642215396433125,1404,102
1763003345075,1763003345149,74,677.5059704361786,6.642215396433125,1405,102
1763003345106,1763003345181,75,677.5059704361786,6.642215396433125,1406,102
1763003345136,1763003345212,76,677.5059704361786,6.642215396433125,1407,102
1763003345168,1763003345244,76,677.5059704361786,6.642215396433125,1408,102
1763003345199,1763003345275,76,664.2737644080705,6.512487886353633,1409,102
1763003345231,1763003345307,76,664.2737644080705,6.512487886353633,1410,102
1763003345262,1763003345338,76,664.2737644080705,6.512487886353633,1411,102
1763003345294,1763003345370,76,664.2737644080705,6.512487886353633,1412,102
1763003345325,1763003345403,78,664.2737644080705,6.512487886353633,1413,102
1763003345357,1763003345435,78,664.2737644080705,6.512487886353633,1414,102
1763003345389,1763003345466,77,653.6621902332322,6.408452845423846,1415,102
1763003345422,1763003345498,76,653.6621902332322,6.408452845423846,1416,102
1763003345453,1763003345529,76,653.6621902332322,6.408452845423846,1417,102
1763003345485,1763003345561,76,653.6621902332322,6.408452845423846,1418,102
1763003345516,1763003345592,76,653.6621902332322,6.408452845423846,1419,102
1763003345549,1763003345626,77,653.6621902332322,6.408452845423846,1420,102
1763003345579,1763003345656,77,653.6621902332322,6.408452845423846,1421,102
1763003345611,1763003345688,77,666.3331302842535,6.532677747884838,1422,102
1763003345643,1763003345720,77,666.3331302842535,6.532677747884838,1423,102
1763003345676,1763003345752,76,666.3331302842535,6.532677747884838,1424,102
1763003345707,1763003345784,77,666.3331302842535,6.532677747884838,1425,102
1763003345739,1763003345814,75,666.3331302842535,6.532677747884838,1426,102
1763003345771,1763003345846,75,666.3331302842535,6.532677747884838,1427,102
1763003345801,1763003345879,78,655.3578379668343,6.425076842812101,1428,102
1763003345833,1763003345909,76,655.3578379668343,6.425076842812101,1429,102
1763003345865,1763003345941,76,655.3578379668343,6.425076842812101,1430,102
1763003345897,1763003345972,75,655.3578379668343,6.425076842812101,1431,102
1763003345928,1763003346004,76,655.3578379668343,6.425076842812101,1432,102
1763003345959,1763003346035,76,655.3578379668343,6.425076842812101,1433,102
1763003345990,1763003346067,77,655.3578379668343,6.425076842812101,1434,102
1763003346022,1763003346097,75,667.4967655076996,6.544085936349996,1435,102
1763003346053,1763003346129,76,667.4967655076996,6.544085936349996,1436,102
1763003346085,1763003346159,74,667.4967655076996,6.544085936349996,1437,102
1763003346116,1763003346191,75,667.4967655076996,6.544085936349996,1438,102
1763003346147,1763003346224,77,667.4967655076996,6.544085936349996,1439,102
1763003346178,1763003346254,76,667.4967655076996,6.544085936349996,1440,102
1763003346209,1763003346284,75,667.4967655076996,6.544085936349996,1441,102
1763003346240,1763003346315,75,676.8904188751443,6.636180577207297,1442,102
1763003346271,1763003346347,76,676.8904188751443,6.636180577207297,1443,102
1763003346302,1763003346379,77,676.8904188751443,6.636180577207297,1444,102
1763003346334,1763003346409,75,676.8904188751443,6.636180577207297,1445,102
1763003346365,1763003346439,74,676.8904188751443,6.636180577207297,1446,102
1763003346396,1763003346470,74,676.8904188751443,6.636180577207297,1447,102
1763003346427,1763003346501,74,663.7825542623651,6.507672100611423,1448,102
1763003346457,1763003346531,74,663.7825542623651,6.507672100611423,1449,102
1763003346489,1763003346563,74,663.7825542623651,6.507672100611423,1450,102
1763003346519,1763003346595,76,663.7825542623651,6.507672100611423,1451,102
1763003346550,1763003346626,76,663.7825542623651,6.507672100611423,1452,102
1763003346582,1763003346658,76,663.7825542623651,6.507672100611423,1453,102
1763003346613,1763003346689,76,653.4260434098921,6.406137680489138,1454,102
1763003346645,1763003346720,75,653.4260434098921,6.406137680489138,1455,102
1763003346676,1763003346751,75,653.4260434098921,6.406137680489138,1456,102
1763003346707,1763003346782,75,653.4260434098921,6.406137680489138,1457,102
1763003346738,1763003346814,76,653.4260434098921,6.406137680489138,1458,102
1763003346769,1763003346845,76,653.4260434098921,6.406137680489138,1459,102
1763003346801,1763003346876,75,653.4260434098921,6.406137680489138,1460,102
1763003346832,1763003346907,75,665.9042784674543,6.528473318308376,1461,102
1763003346863,1763003346938,75,665.9042784674543,6.528473318308376,1462,102
1763003346894,1763003346970,76,665.9042784674543,6.528473318308376,1463,102
1763003346925,1763003347001,76,665.9042784674543,6.528473318308376,1464,102
1763003346957,1763003347033,76,665.9042784674543,6.528473318308376,1465,102
1763003346989,1763003347066,77,665.9042784674543,6.528473318308376,1466,102
1763003347021,1763003347098,77,654.9617099385611,6.421193234691776,1467,102
1763003347052,1763003347128,76,654.9617099385611,6.421193234691776,1468,102
1763003347085,1763003347160,75,654.9617099385611,6.421193234691776,1469,102
1763003347115,1763003347190,75,654.9617099385611,6.421193234691776,1470,102
1763003347147,1763003347222,75,654.9617099385611,6.421193234691776,1471,102
1763003347178,1763003347253,75,654.9617099385611,6.421193234691776,1472,102
1763003347209,1763003347284,75,654.9617099385611,6.421193234691776,1473,102
1763003347240,1763003347316,76,667.1235976912175,6.54042742834527,1474,102
1763003347271,1763003347347,76,667.1235976912175,6.54042742834527,1475,102
1763003347303,1763003347379,76,667.1235976912175,6.54042742834527,1476,102
1763003347335,1763003347410,75,667.1235976912175,6.54042742834527,1477,102
1763003347366,1763003347441,75,667.1235976912175,6.54042742834527,1478,102
1763003347397,1763003347472,75,667.1235976912175,6.54042742834527,1479,102
1763003347428,1763003347503,75,667.1235976912175,6.54042742834527,1480,102
1763003347459,1763003347533,74,676.5926309575915,6.633261087819525,1481,102
1763003347490,1763003347566,76,676.5926309575915,6.633261087819525,1482,102
1763003347521,1763003347595,74,676.5926309575915,6.633261087819525,1483,102
1763003347552,1763003347626,74,676.5926309575915,6.633261087819525,1484,102
1763003347582,1763003347658,76,676.5926309575915,6.633261087819525,1485,102
1763003347613,1763003347688,75,676.5926309575915,6.633261087819525,1486,102
1763003347644,1763003347719,75,663.6095121351156,6.505975609167801,1487,102
1763003347675,1763003347750,75,663.6095121351156,6.505975609167801,1488,102
1763003347707,1763003347781,74,663.6095121351156,6.505975609167801,1489,102
1763003347737,1763003347812,75,663.6095121351156,6.505975609167801,1490,102
1763003347768,1763003347844,76,663.6095121351156,6.505975609167801,1491,102
1763003347799,1763003347874,75,663.6095121351156,6.505975609167801,1492,102
1763003347830,1763003347906,76,663.6095121351156,6.505975609167801,1493,102
1763003347862,1763003347936,74,673.7883906838222,6.605768536115905,1494,102
1763003347893,1763003347968,75,673.7883906838222,6.605768536115905,1495,102
1763003347924,1763003347998,74,673.7883906838222,6.605768536115905,1496,102
1763003347955,1763003348031,76,673.7883906838222,6.605768536115905,1497,102
1763003347986,1763003348062,76,673.7883906838222,6.605768536115905,1498,102
1763003348018,1763003348094,76,673.7883906838222,6.605768536115905,1499,102
1763003348050,1763003348126,76,661.1835589843224,6.482191754748261,1500,102
1763003348081,1763003348159,78,661.1835589843224,6.482191754748261,1501,102
1763003348112,1763003348190,78,661.1835589843224,6.482191754748261,1502,102
1763003348144,1763003348220,76,661.1835589843224,6.482191754748261,1503,102
1763003348176,1763003348251,75,661.1835589843224,6.482191754748261,1504,102
1763003348207,1763003348281,74,661.1835589843224,6.482191754748261,1505,102
1763003348237,1763003348314,77,651.3468471874579,6.385753403798608,1506,102
1763003348268,1763003348344,76,651.3468471874579,6.385753403798608,1507,102
1763003348299,1763003348376,77,651.3468471874579,6.385753403798608,1508,102
1763003348331,1763003348408,77,651.3468471874579,6.385753403798608,1509,102
1763003348362,1763003348438,76,651.3468471874579,6.385753403798608,1510,102
1763003348395,1763003348469,74,651.3468471874579,6.385753403798608,1511,102
1763003348425,1763003348500,75,651.3468471874579,6.385753403798608,1512,102
1763003348456,1763003348531,75,664.2533966668416,6.512288202616094,1513,102
1763003348487,1763003348563,76,664.2533966668416,6.512288202616094,1514,102
1763003348518,1763003348595,77,664.2533966668416,6.512288202616094,1515,102
1763003348550,1763003348627,77,664.2533966668416,6.512288202616094,1516,102
1763003348582,1763003348658,76,664.2533966668416,6.512288202616094,1517,102
1763003348614,1763003348690,76,664.2533966668416,6.512288202616094,1518,102
1763003348645,1763003348722,77,653.6459571434727,6.4082936974850275,1519,102
1763003348677,1763003348753,76,653.6459571434727,6.4082936974850275,1520,102
1763003348709,1763003348784,75,653.6459571434727,6.4082936974850275,1521,102
1763003348741,1763003348816,75,653.6459571434727,6.4082936974850275,1522,102
1763003348771,1763003348847,76,653.6459571434727,6.4082936974850275,1523,102
1763003348803,1763003348879,76,653.6459571434727,6.4082936974850275,1524,102
1763003348834,1763003348911,77,653.6459571434727,6.4082936974850275,1525,102
1763003348866,1763003348943,77,666.1995980576304,6.531368608408142,1526,102
1763003348898,1763003348975,77,666.1995980576304,6.531368608408142,1527,102
1763003348930,1763003349007,77,666.1995980576304,6.531368608408142,1528,102
1763003348962,1763003349038,76,666.1995980576304,6.531368608408142,1529,102
1763003348994,1763003349070,76,666.1995980576304,6.531368608408142,1530,102
1763003349025,1763003349101,76,666.1995980576304,6.531368608408142,1531,102
1763003349057,1763003349133,76,655.1970796519314,6.423500780901289,1532,102
1763003349089,1763003349166,77,655.1970796519314,6.423500780901289,1533,102
1763003349121,1763003349198,77,655.1970796519314,6.423500780901289,1534,102
1763003349153,1763003349232,79,655.1970796519314,6.423500780901289,1535,102
1763003349185,1763003349260,75,655.1970796519314,6.423500780901289,1536,102
1763003349217,1763003349292,75,655.1970796519314,6.423500780901289,1537,102
1763003349247,1763003349323,76,655.1970796519314,6.423500780901289,1538,102
1763003349279,1763003349354,75,667.4868900046778,6.54398911769292,1539,102
1763003349311,1763003349387,76,667.4868900046778,6.54398911769292,1540,102
1763003349342,1763003349420,78,667.4868900046778,6.54398911769292,1541,102
1763003349374,1763003349451,77,667.4868900046778,6.54398911769292,1542,102
1763003349406,1763003349481,75,667.4868900046778,6.54398911769292,1543,102
1763003349438,1763003349512,74,667.4868900046778,6.54398911769292,1544,102
1763003349468,1763003349544,76,656.2785382237329,6.43410331591895,1545,102
1763003349499,1763003349574,75,656.2785382237329,6.43410331591895,1546,102
1763003349531,1763003349605,74,656.2785382237329,6.43410331591895,1547,102
1763003349561,1763003349636,75,656.2785382237329,6.43410331591895,1548,102
1763003349592,1763003349667,75,656.2785382237329,6.43410331591895,1549,102
1763003349623,1763003349698,75,656.2785382237329,6.43410331591895,1550,102
1763003349654,1763003349728,74,656.2785382237329,6.43410331591895,1551,102
1763003349685,1763003349759,74,667.9959949643151,6.548980342787403,1552,102
1763003349716,1763003349791,75,667.9959949643151,6.548980342787403,1553,102
1763003349746,1763003349823,77,667.9959949643151,6.548980342787403,1554,102
1763003349778,1763003349853,75,667.9959949643151,6.548980342787403,1555,102
1763003349809,1763003349884,75,667.9959949643151,6.548980342787403,1556,102
1763003349841,1763003349916,75,667.9959949643151,6.548980342787403,1557,102
1763003349872,1763003349950,78,656.6848039815234,6.438086313544348,1558,102
1763003349903,1763003349980,77,656.6848039815234,6.438086313544348,1559,102
1763003349936,1763003350012,76,656.6848039815234,6.438086313544348,1560,102
1763003349966,1763003350043,77,656.6848039815234,6.438086313544348,1561,102
1763003349997,1763003350075,78,656.6848039815234,6.438086313544348,1562,102
1763003350029,1763003350105,76,656.6848039815234,6.438086313544348,1563,102
1763003350060,1763003350137,77,656.6848039815234,6.438086313544348,1564,102
1763003350091,1763003350183,92,668.4917343613296,6.553840532954212,1565,102
1763003350123,1763003350198,75,668.4917343613296,6.553840532954212,1566,102
1763003350155,1763003350228,73,668.4917343613296,6.553840532954212,1567,102
1763003350185,1763003350260,75,668.4917343613296,6.553840532954212,1568,102
1763003350215,1763003350292,77,668.4917343613296,6.553840532954212,1569,102
1763003350246,1763003350323,77,668.4917343613296,6.553840532954212,1570,102
1763003350278,1763003350353,75,668.4917343613296,6.553840532954212,1571,102
1763003350309,1763003350386,77,677.684404020341,6.6439647452974615,1572,102
1763003350340,1763003350417,77,677.684404020341,6.6439647452974615,1573,102
1763003350373,1763003350449,76,677.684404020341,6.6439647452974615,1574,102
1763003350404,1763003350481,77,677.684404020341,6.6439647452974615,1575,102
1763003350436,1763003350512,76,677.684404020341,6.6439647452974615,1576,102
1763003350468,1763003350543,75,677.684404020341,6.6439647452974615,1577,102
1763003350499,1763003350574,75,664.2847856001915,6.512595937256779,1578,102
1763003350530,1763003350604,74,664.2847856001915,6.512595937256779,1579,102
1763003350561,1763003350637,76,664.2847856001915,6.512595937256779,1580,102
1763003350592,1763003350668,76,664.2847856001915,6.512595937256779,1581,102
1763003350623,1763003350698,75,664.2847856001915,6.512595937256779,1582,102
1763003350655,1763003350730,75,664.2847856001915,6.512595937256779,1583,102
1763003350686,1763003350761,75,664.2847856001915,6.512595937256779,1584,102
1763003350717,1763003350792,75,674.2775436945531,6.610564153868166,1585,102
1763003350748,1763003350823,75,674.2775436945531,6.610564153868166,1586,102
1763003350779,1763003350854,75,674.2775436945531,6.610564153868166,1587,102
1763003350811,1763003350885,74,674.2775436945531,6.610564153868166,1588,102
1763003350841,1763003350917,76,674.2775436945531,6.610564153868166,1589,102
1763003350872,1763003350949,77,674.2775436945531,6.610564153868166,1590,102
1763003350903,1763003350978,75,661.5729247808642,6.486009066479061,1591,102
1763003350935,1763003351010,75,661.5729247808642,6.486009066479061,1592,102
1763003350966,1763003351041,75,661.5729247808642,6.486009066479061,1593,102
1763003350997,1763003351073,76,661.5729247808642,6.486009066479061,1594,102
1763003351029,1763003351104,75,661.5729247808642,6.486009066479061,1595,102
1763003351060,1763003351136,76,661.5729247808642,6.486009066479061,1596,102
1763003351091,1763003351167,76,651.6583398246914,6.3888072531832485,1597,102
1763003351122,1763003351199,77,651.6583398246914,6.3888072531832485,1598,102
1763003351153,1763003351227,74,651.6583398246914,6.3888072531832485,1599,102
1763003351185,1763003351259,74,651.6583398246914,6.3888072531832485,1600,102
1763003351215,1763003351292,77,651.6583398246914,6.3888072531832485,1601,102
1763003351246,1763003351321,75,651.6583398246914,6.3888072531832485,1602,102
1763003351277,1763003351352,75,651.6583398246914,6.3888072531832485,1603,102
1763003351308,1763003351384,76,664.4383801606297,6.514101766280683,1604,102
1763003351340,1763003351415,75,664.4383801606297,6.514101766280683,1605,102
1763003351371,1763003351446,75,664.4383801606297,6.514101766280683,1606,102
1763003351402,1763003351478,76,664.4383801606297,6.514101766280683,1607,102
1763003351433,1763003351508,75,664.4383801606297,6.514101766280683,1608,102
1763003351465,1763003351539,74,664.4383801606297,6.514101766280683,1609,102
1763003351495,1763003351570,75,664.4383801606297,6.514101766280683,1610,102
1763003351526,1763003351602,76,674.4993889880218,6.612739107725704,1611,102
1763003351557,1763003351633,76,674.4993889880218,6.612739107725704,1612,102
1763003351589,1763003351665,76,674.4993889880218,6.612739107725704,1613,102
1763003351620,1763003351695,75,674.4993889880218,6.612739107725704,1614,102
1763003351652,1763003351727,75,674.4993889880218,6.612739107725704,1615,102
1763003351683,1763003351757,74,674.4993889880218,6.612739107725704,1616,102
1763003351714,1763003351788,74,661.8745124124414,6.488965807965112,1617,102
1763003351744,1763003351820,76,661.8745124124414,6.488965807965112,1618,102
1763003351775,1763003351851,76,661.8745124124414,6.488965807965112,1619,102
1763003351807,1763003351882,75,661.8745124124414,6.488965807965112,1620,102
1763003351838,1763003351913,75,661.8745124124414,6.488965807965112,1621,102
1763003351869,1763003351944,75,661.8745124124414,6.488965807965112,1622,102
1763003351900,1763003351976,76,651.8996099299532,6.391172646372089,1623,102
1763003351931,1763003352007,76,651.8996099299532,6.391172646372089,1624,102
1763003351963,1763003352039,76,651.8996099299532,6.391172646372089,1625,102
1763003351995,1763003352070,75,651.8996099299532,6.391172646372089,1626,102
1763003352026,1763003352102,76,651.8996099299532,6.391172646372089,1627,102
1763003352057,1763003352132,75,651.8996099299532,6.391172646372089,1628,102
1763003352089,1763003352163,74,651.8996099299532,6.391172646372089,1629,102
1763003352120,1763003352194,74,664.6922902843828,6.516591081219439,1630,102
1763003352150,1763003352226,76,664.6922902843828,6.516591081219439,1631,102
1763003352182,1763003352257,75,664.6922902843828,6.516591081219439,1632,102
1763003352212,1763003352289,77,664.6922902843828,6.516591081219439,1633,102
1763003352244,1763003352321,77,664.6922902843828,6.516591081219439,1634,102
1763003352276,1763003352353,77,664.6922902843828,6.516591081219439,1635,102
1763003352308,1763003352391,83,653.8903707760843,6.410689909569454,1636,102
1763003352340,1763003352415,75,653.8903707760843,6.410689909569454,1637,102
1763003352373,1763003352447,74,653.8903707760843,6.410689909569454,1638,102
1763003352402,1763003352479,77,653.8903707760843,6.410689909569454,1639,102
1763003352434,1763003352510,76,653.8903707760843,6.410689909569454,1640,102
1763003352466,1763003352542,76,653.8903707760843,6.410689909569454,1641,102
1763003352497,1763003352575,78,653.8903707760843,6.410689909569454,1642,102
1763003352530,1763003352606,76,666.3330640254349,6.532677098288577,1643,102
1763003352562,1763003352638,76,666.3330640254349,6.532677098288577,1644,102
1763003352593,1763003352670,77,666.3330640254349,6.532677098288577,1645,102
1763003352625,1763003352702,77,666.3330640254349,6.532677098288577,1646,102
1763003352657,1763003352736,79,666.3330640254349,6.532677098288577,1647,102
1763003352689,1763003352766,77,666.3330640254349,6.532677098288577,1648,102
1763003352722,1763003352799,77,655.1947859002207,6.423478293139419,1649,102
1763003352754,1763003352830,76,655.1947859002207,6.423478293139419,1650,102
1763003352786,1763003352862,76,655.1947859002207,6.423478293139419,1651,102
1763003352817,1763003352894,77,655.1947859002207,6.423478293139419,1652,102
1763003352849,1763003352925,76,655.1947859002207,6.423478293139419,1653,102
1763003352881,1763003352956,75,655.1947859002207,6.423478293139419,1654,102
1763003352913,1763003352987,74,655.1947859002207,6.423478293139419,1655,102
1763003352943,1763003353018,75,667.367465218875,6.542818286459559,1656,102
1763003352975,1763003353048,73,667.367465218875,6.542818286459559,1657,102
1763003353005,1763003353080,75,667.367465218875,6.542818286459559,1658,102
1763003353036,1763003353111,75,667.367465218875,6.542818286459559,1659,102
1763003353067,1763003353143,76,667.367465218875,6.542818286459559,1660,102
1763003353098,1763003353175,77,667.367465218875,6.542818286459559,1661,102
1763003353130,1763003353207,77,656.2939721751001,6.434254629167647,1662,102
1763003353161,1763003353238,77,656.2939721751001,6.434254629167647,1663,102
1763003353193,1763003353268,75,656.2939721751001,6.434254629167647,1664,102
1763003353224,1763003353299,75,656.2939721751001,6.434254629167647,1665,102
1763003353256,1763003353332,76,656.2939721751001,6.434254629167647,1666,102
1763003353287,1763003353360,73,656.2939721751001,6.434254629167647,1667,102
1763003353317,1763003353392,75,656.2939721751001,6.434254629167647,1668,102
1763003353348,1763003353424,76,668.1237078792045,6.550232430188279,1669,102
1763003353379,1763003353456,77,668.1237078792045,6.550232430188279,1670,102
1763003353411,1763003353487,76,668.1237078792045,6.550232430188279,1671,102
1763003353443,1763003353519,76,668.1237078792045,6.550232430188279,1672,102
1763003353474,1763003353550,76,668.1237078792045,6.550232430188279,1673,102
1763003353506,1763003353581,75,668.1237078792045,6.550232430188279,1674,102
1763003353537,1763003353613,76,656.8428425954844,6.439635711720435,1675,102
1763003353568,1763003353644,76,656.8428425954844,6.439635711720435,1676,102
1763003353599,1763003353675,76,656.8428425954844,6.439635711720435,1677,102
1763003353630,1763003353706,76,656.8428425954844,6.439635711720435,1678,102
1763003353661,1763003353739,78,656.8428425954844,6.439635711720435,1679,102
1763003353693,1763003353769,76,656.8428425954844,6.439635711720435,1680,102
1763003353725,1763003353800,75,656.8428425954844,6.439635711720435,1681,102
1763003353756,1763003353832,76,668.6743741782192,6.555631119394304,1682,102
1763003353787,1763003353864,77,668.6743741782192,6.555631119394304,1683,102
1763003353819,1763003353897,78,668.6743741782192,6.555631119394304,1684,102
1763003353851,1763003353928,77,668.6743741782192,6.555631119394304,1685,102
1763003353883,1763003353959,76,668.6743741782192,6.555631119394304,1686,102
1763003353914,1763003353990,76,668.6743741782192,6.555631119394304,1687,102
1763003353945,1763003354023,78,657.1694762200407,6.44283800215726,1688,102
1763003353976,1763003354052,76,657.1694762200407,6.44283800215726,1689,102
1763003354008,1763003354084,76,657.1694762200407,6.44283800215726,1690,102
1763003354039,1763003354115,76,657.1694762200407,6.44283800215726,1691,102
1763003354071,1763003354144,73,657.1694762200407,6.44283800215726,1692,102
1763003354101,1763003354175,74,657.1694762200407,6.44283800215726,1693,102
1763003354132,1763003354208,76,657.1694762200407,6.44283800215726,1694,102
1763003354162,1763003354239,77,668.7060725473724,6.555941887719336,1695,102
1763003354194,1763003354269,75,668.7060725473724,6.555941887719336,1696,102
1763003354225,1763003354300,75,668.7060725473724,6.555941887719336,1697,102
1763003354256,1763003354331,75,668.7060725473724,6.555941887719336,1698,102
1763003354287,1763003354363,76,668.7060725473724,6.555941887719336,1699,102
1763003354319,1763003354395,76,668.7060725473724,6.555941887719336,1700,102
1763003354350,1763003354428,78,657.1947398202558,6.443085684512311,1701,102
1763003354380,1763003354456,76,657.1947398202558,6.443085684512311,1702,102
1763003354413,1763003354488,75,657.1947398202558,6.443085684512311,1703,102
1763003354443,1763003354519,76,657.1947398202558,6.443085684512311,1704,102
1763003354475,1763003354551,76,657.1947398202558,6.443085684512311,1705,102
1763003354506,1763003354582,76,657.1947398202558,6.443085684512311,1706,102
1763003354538,1763003354614,76,657.1947398202558,6.443085684512311,1707,102
1763003354569,1763003354646,77,668.8398181571033,6.557253119187287,1708,102
1763003354601,1763003354676,75,668.8398181571033,6.557253119187287,1709,102
1763003354633,1763003354707,74,668.8398181571033,6.557253119187287,1710,102
1763003354663,1763003354737,74,668.8398181571033,6.557253119187287,1711,102
1763003354694,1763003354768,74,668.8398181571033,6.557253119187287,1712,102
1763003354724,1763003354800,76,668.8398181571033,6.557253119187287,1713,102
1763003354755,1763003354831,76,668.8398181571033,6.557253119187287,1714,102
1763003354787,1763003354863,76,677.9621748893685,6.646687989111455,1715,102
1763003354819,1763003354894,75,677.9621748893685,6.646687989111455,1716,102
1763003354850,1763003354926,76,677.9621748893685,6.646687989111455,1717,102
1763003354882,1763003354958,76,677.9621748893685,6.646687989111455,1718,102
1763003354913,1763003354991,78,677.9621748893685,6.646687989111455,1719,102
1763003354946,1763003355022,76,677.9621748893685,6.646687989111455,1720,102
1763003354978,1763003355052,74,664.4399290370479,6.514116951343607,1721,102
1763003355009,1763003355083,74,664.4399290370479,6.514116951343607,1722,102
1763003355039,1763003355114,75,664.4399290370479,6.514116951343607,1723,102
1763003355070,1763003355145,75,664.4399290370479,6.514116951343607,1724,102
1763003355102,1763003355176,74,664.4399290370479,6.514116951343607,1725,102
1763003355132,1763003355208,76,664.4399290370479,6.514116951343607,1726,102
1763003355163,1763003355241,78,653.9519432296383,6.411293561074886,1727,102
1763003355195,1763003355270,75,653.9519432296383,6.411293561074886,1728,102
1763003355227,1763003355302,75,653.9519432296383,6.411293561074886,1729,102
1763003355257,1763003355332,75,653.9519432296383,6.411293561074886,1730,102
1763003355288,1763003355362,74,653.9519432296383,6.411293561074886,1731,102
1763003355319,1763003355396,77,653.9519432296383,6.411293561074886,1732,102
1763003355349,1763003355425,76,653.9519432296383,6.411293561074886,1733,102
1763003355382,1763003355456,74,666.2017468107921,6.5313896746156095,1734,102
1763003355412,1763003355487,75,666.2017468107921,6.5313896746156095,1735,102
1763003355443,1763003355519,76,666.2017468107921,6.5313896746156095,1736,102
1763003355474,1763003355551,77,666.2017468107921,6.5313896746156095,1737,102
1763003355506,1763003355582,76,666.2017468107921,6.5313896746156095,1738,102
1763003355538,1763003355613,75,666.2017468107921,6.5313896746156095,1739,102
1763003355569,1763003355645,76,655.3071957018228,6.424580350017872,1740,102
1763003355600,1763003355677,77,655.3071957018228,6.424580350017872,1741,102
1763003355632,1763003355707,75,655.3071957018228,6.424580350017872,1742,102
1763003355663,1763003355739,76,655.3071957018228,6.424580350017872,1743,102
1763003355694,1763003355770,76,655.3071957018228,6.424580350017872,1744,102
1763003355726,1763003355801,75,655.3071957018228,6.424580350017872,1745,102
1763003355756,1763003355832,76,655.3071957018228,6.424580350017872,1746,102
1763003355788,1763003355863,75,667.3979133872473,6.54311679791419,1747,102
1763003355819,1763003355894,75,667.3979133872473,6.54311679791419,1748,102
1763003355850,1763003355926,76,667.3979133872473,6.54311679791419,1749,102
1763003355881,1763003355958,77,667.3979133872473,6.54311679791419,1750,102
1763003355913,1763003355989,76,667.3979133872473,6.54311679791419,1751,102
1763003355945,1763003356022,77,667.3979133872473,6.54311679791419,1752,102
1763003355977,1763003356054,77,656.1521369696361,6.4328640879376096,1753,102
1763003356009,1763003356085,76,656.1521369696361,6.4328640879376096,1754,102
1763003356041,1763003356119,78,656.1521369696361,6.4328640879376096,1755,102
1763003356073,1763003356149,76,656.1521369696361,6.4328640879376096,1756,102
1763003356104,1763003356182,78,656.1521369696361,6.4328640879376096,1757,102
1763003356136,1763003356214,78,656.1521369696361,6.4328640879376096,1758,102
1763003356168,1763003356245,77,656.1521369696361,6.4328640879376096,1759,102
1763003356201,1763003356279,78,668.3580360690429,6.552529765382774,1760,102
1763003356232,1763003356310,78,668.3580360690429,6.552529765382774,1761,102
1763003356266,1763003356341,75,668.3580360690429,6.552529765382774,1762,102
1763003356297,1763003356373,76,668.3580360690429,6.552529765382774,1763,102
1763003356328,1763003356406,78,668.3580360690429,6.552529765382774,1764,102
1763003356360,1763003356437,77,668.3580360690429,6.552529765382774,1765,102
1763003356392,1763003356469,77,656.8609967109581,6.439813693244688,1766,102
1763003356424,1763003356500,76,656.8609967109581,6.439813693244688,1767,102
1763003356456,1763003356533,77,656.8609967109581,6.439813693244688,1768,102
1763003356488,1763003356563,75,656.8609967109581,6.439813693244688,1769,102
1763003356520,1763003356594,74,656.8609967109581,6.439813693244688,1770,102
1763003356551,1763003356626,75,656.8609967109581,6.439813693244688,1771,102
1763003356581,1763003356657,76,656.8609967109581,6.439813693244688,1772,102
1763003356613,1763003356688,75,668.6887703917898,6.555772258743038,1773,102
1763003356644,1763003356720,76,668.6887703917898,6.555772258743038,1774,102
1763003356675,1763003356752,77,668.6887703917898,6.555772258743038,1775,102
1763003356707,1763003356782,75,668.6887703917898,6.555772258743038,1776,102
1763003356738,1763003356813,75,668.6887703917898,6.555772258743038,1777,102
1763003356769,1763003356843,74,668.6887703917898,6.555772258743038,1778,102
1763003356800,1763003356875,75,668.6887703917898,6.555772258743038,1779,102
1763003356831,1763003356906,75,677.8869500022565,6.645950490218201,1780,102
1763003356862,1763003356937,75,677.8869500022565,6.645950490218201,1781,102
1763003356893,1763003356969,76,677.8869500022565,6.645950490218201,1782,102
1763003356924,1763003357001,77,677.8869500022565,6.645950490218201,1783,102
1763003356955,1763003357031,76,677.8869500022565,6.645950490218201,1784,102
1763003356986,1763003357062,76,677.8869500022565,6.645950490218201,1785,102
1763003357018,1763003357093,75,664.5777861018007,6.515468491194125,1786,102
1763003357049,1763003357125,76,664.5777861018007,6.515468491194125,1787,102
1763003357080,1763003357157,77,664.5777861018007,6.515468491194125,1788,102
1763003357111,1763003357188,77,664.5777861018007,6.515468491194125,1789,102
1763003357143,1763003357219,76,664.5777861018007,6.515468491194125,1790,102
1763003357173,1763003357249,76,664.5777861018007,6.515468491194125,1791,102
1763003357205,1763003357282,77,654.0622288814405,6.412374792955299,1792,102
1763003357236,1763003357312,76,654.0622288814405,6.412374792955299,1793,102
1763003357267,1763003357341,74,654.0622288814405,6.412374792955299,1794,102
1763003357298,1763003357374,76,654.0622288814405,6.412374792955299,1795,102
1763003357328,1763003357406,78,654.0622288814405,6.412374792955299,1796,102
1763003357360,1763003357434,74,654.0622288814405,6.412374792955299,1797,102
1763003357391,1763003357464,73,654.0622288814405,6.412374792955299,1798,102
1763003357421,1763003357496,75,666.1696586473896,6.531075084778329,1799,102
1763003357451,1763003357526,75,666.1696586473896,6.531075084778329,1800,102
1763003357482,1763003357556,74,666.1696586473896,6.531075084778329,1801,102
1763003357513,1763003357587,74,666.1696586473896,6.531075084778329,1802,102
1763003357544,1763003357619,75,666.1696586473896,6.531075084778329,1803,102
1763003357574,1763003357650,76,666.1696586473896,6.531075084778329,1804,102
1763003357606,1763003357681,75,666.1696586473896,6.531075084778329,1805,102
1763003357637,1763003357712,75,675.7835572592643,6.6253289927378844,1806,102
1763003357668,1763003357743,75,675.7835572592643,6.6253289927378844,1807,102
1763003357700,1763003357774,74,675.7835572592643,6.6253289927378844,1808,102
1763003357731,1763003357806,75,675.7835572592643,6.6253289927378844,1809,102
1763003357761,1763003357836,75,675.7835572592643,6.6253289927378844,1810,102
1763003357793,1763003357866,73,675.7835572592643,6.6253289927378844,1811,102
1763003357823,1763003357898,75,662.9630622501521,6.4996378651975695,1812,102
1763003357853,1763003357928,75,662.9630622501521,6.4996378651975695,1813,102
1763003357885,1763003357959,74,662.9630622501521,6.4996378651975695,1814,102
1763003357915,1763003357991,76,662.9630622501521,6.4996378651975695,1815,102
1763003357947,1763003358023,76,662.9630622501521,6.4996378651975695,1816,102
1763003357978,1763003358054,76,662.9630622501521,6.4996378651975695,1817,102
1763003358009,1763003358085,76,662.9630622501521,6.4996378651975695,1818,102
1763003358041,1763003358115,74,673.3235606133712,6.601211378562462,1819,102
1763003358072,1763003358147,75,673.3235606133712,6.601211378562462,1820,102
1763003358102,1763003358178,76,673.3235606133712,6.601211378562462,1821,102
1763003358134,1763003358211,77,673.3235606133712,6.601211378562462,1822,102
1763003358165,1763003358240,75,673.3235606133712,6.601211378562462,1823,102
1763003358197,1763003358272,75,673.3235606133712,6.601211378562462,1824,102
1763003358228,1763003358303,75,660.9362013694703,6.479766680092845,1825,102
1763003358259,1763003358334,75,660.9362013694703,6.479766680092845,1826,102
1763003358290,1763003358366,76,660.9362013694703,6.479766680092845,1827,102
1763003358321,1763003358398,77,660.9362013694703,6.479766680092845,1828,102
1763003358352,1763003358428,76,660.9362013694703,6.479766680092845,1829,102
1763003358385,1763003358458,73,660.9362013694703,6.479766680092845,1830,102
1763003358415,1763003358490,75,660.9362013694703,6.479766680092845,1831,102
1763003358445,1763003358521,76,671.7081524914678,6.585374044033998,1832,102
1763003358477,1763003358552,75,671.7081524914678,6.585374044033998,1833,102
1763003358507,1763003358583,76,671.7081524914678,6.585374044033998,1834,102
1763003358539,1763003358613,74,671.7081524914678,6.585374044033998,1835,102
1763003358570,1763003358644,74,671.7081524914678,6.585374044033998,1836,102
1763003358601,1763003358675,74,671.7081524914678,6.585374044033998,1837,102
1763003358631,1763003358710,79,659.6471056881913,6.46712848713913,1838,102
1763003358662,1763003358739,77,659.6471056881913,6.46712848713913,1839,102
1763003358695,1763003358771,76,659.6471056881913,6.46712848713913,1840,102
1763003358726,1763003358802,76,659.6471056881913,6.46712848713913,1841,102
1763003358758,1763003358835,77,659.6471056881913,6.46712848713913,1842,102
1763003358789,1763003358865,76,659.6471056881913,6.46712848713913,1843,102
1763003358821,1763003358897,76,650.0700374448649,6.3732356612241645,1844,102
1763003358852,1763003358931,79,650.0700374448649,6.3732356612241645,1845,102
1763003358883,1763003358959,76,650.0700374448649,6.3732356612241645,1846,102
1763003358915,1763003358990,75,650.0700374448649,6.3732356612241645,1847,102
1763003358946,1763003359022,76,650.0700374448649,6.3732356612241645,1848,102
1763003358977,1763003359054,77,650.0700374448649,6.3732356612241645,1849,102
1763003359009,1763003359086,77,650.0700374448649,6.3732356612241645,1850,102
1763003359041,1763003359116,75,663.367469656333,6.503602643689538,1851,102
1763003359073,1763003359148,75,663.367469656333,6.503602643689538,1852,102
1763003359103,1763003359178,75,663.367469656333,6.503602643689538,1853,102
1763003359134,1763003359210,76,663.367469656333,6.503602643689538,1854,102
1763003359166,1763003359241,75,663.367469656333,6.503602643689538,1855,102
1763003359197,1763003359272,75,663.367469656333,6.503602643689538,1856,102
1763003359228,1763003359303,75,663.367469656333,6.503602643689538,1857,102
1763003359259,1763003359336,77,673.6458733160974,6.604371307020561,1858,102
1763003359290,1763003359366,76,673.6458733160974,6.604371307020561,1859,102
1763003359322,1763003359397,75,673.6458733160974,6.604371307020561,1860,102
1763003359353,1763003359429,76,673.6458733160974,6.604371307020561,1861,102
1763003359384,1763003359460,76,673.6458733160974,6.604371307020561,1862,102
1763003359416,1763003359491,75,673.6458733160974,6.604371307020561,1863,102
1763003359447,1763003359523,76,661.1317610329296,6.481683931695388,1864,102
1763003359478,1763003359554,76,661.1317610329296,6.481683931695388,1865,102
1763003359510,1763003359589,79,661.1317610329296,6.481683931695388,1866,102
1763003359541,1763003359618,77,661.1317610329296,6.481683931695388,1867,102
1763003359573,1763003359650,77,661.1317610329296,6.481683931695388,1868,102
1763003359605,1763003359682,77,661.1317610329296,6.481683931695388,1869,102
1763003359637,1763003359714,77,651.1088817822119,6.383420409629529,1870,102
1763003359669,1763003359746,77,651.1088817822119,6.383420409629529,1871,102
1763003359702,1763003359779,77,651.1088817822119,6.383420409629529,1872,102
1763003359733,1763003359809,76,651.1088817822119,6.383420409629529,1873,102
1763003359765,1763003359842,77,651.1088817822119,6.383420409629529,1874,102
1763003359796,1763003359873,77,651.1088817822119,6.383420409629529,1875,102
1763003359828,1763003359905,77,651.1088817822119,6.383420409629529,1876,102
1763003359860,1763003359937,77,664.3789077261653,6.513518703197698,1877,102
1763003359892,1763003359969,77,664.3789077261653,6.513518703197698,1878,102
1763003359924,1763003360001,77,664.3789077261653,6.513518703197698,1879,102
1763003359956,1763003360033,77,664.3789077261653,6.513518703197698,1880,102
1763003359988,1763003360065,77,664.3789077261653,6.513518703197698,1881,102
1763003360020,1763003360097,77,664.3789077261653,6.513518703197698,1882,102
1763003360052,1763003360128,76,653.7459894577537,6.409274406448565,1883,102
1763003360084,1763003360159,75,653.7459894577537,6.409274406448565,1884,102
1763003360116,1763003360191,75,653.7459894577537,6.409274406448565,1885,102
1763003360147,1763003360222,75,653.7459894577537,6.409274406448565,1886,102
1763003360177,1763003360253,76,653.7459894577537,6.409274406448565,1887,102
1763003360209,1763003360283,74,653.7459894577537,6.409274406448565,1888,102
1763003360240,1763003360314,74,653.7459894577537,6.409274406448565,1889,102
1763003360270,1763003360345,75,666.037807608372,6.529782427533058,1890,102
1763003360301,1763003360375,74,666.037807608372,6.529782427533058,1891,102
1763003360331,1763003360406,75,666.037807608372,6.529782427533058,1892,102
1763003360363,1763003360438,75,666.037807608372,6.529782427533058,1893,102
1763003360394,1763003360468,74,666.037807608372,6.529782427533058,1894,102
1763003360425,1763003360500,75,666.037807608372,6.529782427533058,1895,102
1763003360456,1763003360531,75,666.037807608372,6.529782427533058,1896,102
1763003360487,1763003360563,76,675.6302460866975,6.623825942026446,1897,102
1763003360518,1763003360595,77,675.6302460866975,6.623825942026446,1898,102
1763003360550,1763003360626,76,675.6302460866975,6.623825942026446,1899,102
1763003360582,1763003360658,76,675.6302460866975,6.623825942026446,1900,102
1763003360613,1763003360690,77,675.6302460866975,6.623825942026446,1901,102
1763003360645,1763003360721,76,675.6302460866975,6.623825942026446,1902,102
1763003360676,1763003360752,76,662.3951549006645,6.494070146084946,1903,102
1763003360708,1763003360783,75,662.3951549006645,6.494070146084946,1904,102
1763003360739,1763003360815,76,662.3951549006645,6.494070146084946,1905,102
1763003360770,1763003360847,77,662.3951549006645,6.494070146084946,1906,102
1763003360802,1763003360878,76,662.3951549006645,6.494070146084946,1907,102
1763003360833,1763003360910,77,662.3951549006645,6.494070146084946,1908,102
1763003360865,1763003360942,77,652.2153336107302,6.394267976575787,1909,102
1763003360897,1763003360974,77,652.2153336107302,6.394267976575787,1910,102
1763003360930,1763003361006,76,652.2153336107302,6.394267976575787,1911,102
1763003360962,1763003361038,76,652.2153336107302,6.394267976575787,1912,102
1763003360994,1763003361070,76,652.2153336107302,6.394267976575787,1913,102
1763003361026,1763003361102,76,652.2153336107302,6.394267976575787,1914,102
1763003361058,1763003361134,76,652.2153336107302,6.394267976575787,1915,102
1763003361090,1763003361166,76,665.3136828852554,6.52268316554172,1916,102
1763003361122,1763003361198,76,665.3136828852554,6.52268316554172,1917,102
1763003361154,1763003361231,77,665.3136828852554,6.52268316554172,1918,102
1763003361186,1763003361262,76,665.3136828852554,6.52268316554172,1919,102
1763003361218,1763003361293,75,665.3136828852554,6.52268316554172,1920,102
1763003361250,1763003361324,74,665.3136828852554,6.52268316554172,1921,102
1763003361280,1763003361355,75,654.5976326253191,6.417623849267834,1922,102
1763003361312,1763003361386,74,654.5976326253191,6.417623849267834,1923,102
1763003361343,1763003361417,74,654.5976326253191,6.417623849267834,1924,102
1763003361373,1763003361449,76,654.5976326253191,6.417623849267834,1925,102
1763003361405,1763003361481,76,654.5976326253191,6.417623849267834,1926,102
1763003361436,1763003361512,76,654.5976326253191,6.417623849267834,1927,102
1763003361468,1763003361543,75,654.5976326253191,6.417623849267834,1928,102
1763003361499,1763003361575,76,666.9533250392527,6.538758088620124,1929,102
1763003361531,1763003361605,74,666.9533250392527,6.538758088620124,1930,102
1763003361562,1763003361637,75,666.9533250392527,6.538758088620124,1931,102
1763003361592,1763003361669,77,666.9533250392527,6.538758088620124,1932,102
1763003361624,1763003361700,76,666.9533250392527,6.538758088620124,1933,102
1763003361656,1763003361731,75,666.9533250392527,6.538758088620124,1934,102
1763003361688,1763003361763,75,655.9626600314022,6.431006470896099,1935,102
1763003361719,1763003361794,75,655.9626600314022,6.431006470896099,1936,102
1763003361750,1763003361825,75,655.9626600314022,6.431006470896099,1937,102
1763003361782,1763003361859,77,655.9626600314022,6.431006470896099,1938,102
1763003361813,1763003361888,75,655.9626600314022,6.431006470896099,1939,102
1763003361844,1763003361920,76,655.9626600314022,6.431006470896099,1940,102
1763003361876,1763003361951,75,655.9626600314022,6.431006470896099,1941,102
1763003361908,1763003361982,74,667.9183520649333,6.548219137891502,1942,102
1763003361939,1763003362013,74,667.9183520649333,6.548219137891502,1943,102
1763003361969,1763003362045,76,667.9183520649333,6.548219137891502,1944,102
1763003362000,1763003362077,77,667.9183520649333,6.548219137891502,1945,102
1763003362032,1763003362109,77,667.9183520649333,6.548219137891502,1946,102
1763003362064,1763003362140,76,667.9183520649333,6.548219137891502,1947,102
1763003362096,1763003362172,76,656.6228449478168,6.437478872037419,1948,102
1763003362128,1763003362203,75,656.6228449478168,6.437478872037419,1949,102
1763003362160,1763003362234,74,656.6228449478168,6.437478872037419,1950,102
1763003362191,1763003362265,74,656.6228449478168,6.437478872037419,1951,102
1763003362222,1763003362296,74,656.6228449478168,6.437478872037419,1952,102
1763003362253,1763003362328,75,656.6228449478168,6.437478872037419,1953,102
1763003362284,1763003362361,77,656.6228449478168,6.437478872037419,1954,102
1763003362316,1763003362390,74,668.4425388885666,6.55335822439771,1955,102
1763003362347,1763003362421,74,668.4425388885666,6.55335822439771,1956,102
1763003362378,1763003362453,75,668.4425388885666,6.55335822439771,1957,102
1763003362408,1763003362485,77,668.4425388885666,6.55335822439771,1958,102
1763003362440,1763003362516,76,668.4425388885666,6.55335822439771,1959,102
1763003362472,1763003362546,74,668.4425388885666,6.55335822439771,1960,102
1763003362503,1763003362578,75,657.0975885719647,6.442133221293771,1961,102
1763003362534,1763003362611,77,657.0975885719647,6.442133221293771,1962,102
1763003362565,1763003362641,76,657.0975885719647,6.442133221293771,1963,102
1763003362598,1763003362673,75,657.0975885719647,6.442133221293771,1964,102
1763003362629,1763003362705,76,657.0975885719647,6.442133221293771,1965,102
1763003362661,1763003362737,76,657.0975885719647,6.442133221293771,1966,102
1763003362692,1763003362768,76,657.0975885719647,6.442133221293771,1967,102
1763003362724,1763003362800,76,668.9901925604241,6.558727378043373,1968,102
1763003362755,1763003362831,76,668.9901925604241,6.558727378043373,1969,102
1763003362787,1763003362864,77,668.9901925604241,6.558727378043373,1970,102
1763003362819,1763003362895,76,668.9901925604241,6.558727378043373,1971,102
1763003362850,1763003362926,76,668.9901925604241,6.558727378043373,1972,102
1763003362881,1763003362957,76,668.9901925604241,6.558727378043373,1973,102
1763003362914,1763003362989,75,657.4781736632185,6.445864447678612,1974,102
1763003362945,1763003363021,76,657.4781736632185,6.445864447678612,1975,102
1763003362977,1763003363053,76,657.4781736632185,6.445864447678612,1976,102
1763003363009,1763003363084,75,657.4781736632185,6.445864447678612,1977,102
1763003363041,1763003363116,75,657.4781736632185,6.445864447678612,1978,102
1763003363072,1763003363148,76,657.4781736632185,6.445864447678612,1979,102
1763003363104,1763003363180,76,657.4781736632185,6.445864447678612,1980,102
1763003363136,1763003363212,76,669.3477571939426,6.5622329136661035,1981,102
1763003363168,1763003363242,74,669.3477571939426,6.5622329136661035,1982,102
1763003363200,1763003363274,74,669.3477571939426,6.5622329136661035,1983,102
1763003363230,1763003363306,76,669.3477571939426,6.5622329136661035,1984,102
1763003363262,1763003363339,77,669.3477571939426,6.5622329136661035,1985,102
1763003363294,1763003363372,78,669.3477571939426,6.5622329136661035,1986,102
1763003363326,1763003363402,76,657.7061624835723,6.448099632191885,1987,102
1763003363359,1763003363434,75,657.7061624835723,6.448099632191885,1988,102
1763003363390,1763003363467,77,657.7061624835723,6.448099632191885,1989,102
1763003363422,1763003363498,76,657.7061624835723,6.448099632191885,1990,102
1763003363454,1763003363530,76,657.7061624835723,6.448099632191885,1991,102
1763003363486,1763003363562,76,657.7061624835723,6.448099632191885,1992,102
1763003363518,1763003363593,75,657.7061624835723,6.448099632191885,1993,102
1763003363550,1763003363626,76,669.5841621995385,6.564550609799397,1994,102
1763003363582,1763003363657,75,669.5841621995385,6.564550609799397,1995,102
1763003363614,1763003363689,75,669.5841621995385,6.564550609799397,1996,102
1763003363645,1763003363719,74,669.5841621995385,6.564550609799397,1997,102
1763003363676,1763003363750,74,669.5841621995385,6.564550609799397,1998,102
1763003363707,1763003363783,76,669.5841621995385,6.564550609799397,1999,102
1763003363738,1763003363814,76,658.0097455974312,6.451075937229718,2000,102
1763003363770,1763003363845,75,658.0097455974312,6.451075937229718,2001,102
1763003363801,1763003363878,77,658.0097455974312,6.451075937229718,2002,102
1763003363832,1763003363908,76,658.0097455974312,6.451075937229718,2003,102
1763003363864,1763003363939,75,658.0097455974312,6.451075937229718,2004,102
1763003363896,1763003363971,75,658.0097455974312,6.451075937229718,2005,102
1763003363927,1763003364003,76,658.0097455974312,6.451075937229718,2006,102
1763003363959,1763003364034,75,669.6557185131655,6.565252142285937,2007,102
1763003363990,1763003364065,75,669.6557185131655,6.565252142285937,2008,102
1763003364022,1763003364096,74,669.6557185131655,6.565252142285937,2009,102
1763003364053,1763003364128,75,669.6557185131655,6.565252142285937,2010,102
1763003364084,1763003364160,76,669.6557185131655,6.565252142285937,2011,102
1763003364116,1763003364189,73,669.6557185131655,6.565252142285937,2012,102
1763003364146,1763003364221,75,669.6557185131655,6.565252142285937,2013,102
1763003364177,1763003364251,74,678.5689190920193,6.6526364616864635,2014,102
1763003364208,1763003364281,73,678.5689190920193,6.6526364616864635,2015,102
1763003364239,1763003364313,74,678.5689190920193,6.6526364616864635,2016,102
1763003364269,1763003364344,75,678.5689190920193,6.6526364616864635,2017,102
1763003364301,1763003364375,74,678.5689190920193,6.6526364616864635,2018,102
1763003364331,1763003364407,76,678.5689190920193,6.6526364616864635,2019,102
1763003364362,1763003364438,76,665.0554285163394,6.520151259964112,2020,102
1763003364394,1763003364470,76,665.0554285163394,6.520151259964112,2021,102
1763003364426,1763003364502,76,665.0554285163394,6.520151259964112,2022,102
1763003364458,1763003364534,76,665.0554285163394,6.520151259964112,2023,102
1763003364489,1763003364564,75,665.0554285163394,6.520151259964112,2024,102
1763003364521,1763003364595,74,665.0554285163394,6.520151259964112,2025,102
1763003364551,1763003364626,75,665.0554285163394,6.520151259964112,2026,102
1763003364583,1763003364656,73,665.0554285163394,6.520151259964112,2027,102
1763003364613,1763003364711,98,665.0554285163394,6.520151259964112,2028,102
1763003364644,1763003364723,79,665.0554285163394,6.520151259964112,2029,102
1763003364699,1763003364767,68,665.0554285163394,6.520151259964112,2030,102
1763003364723,1763003364799,76,665.0554285163394,6.520151259964112,2031,102
1763003364754,1763003364832,78,890.8690353957383,8.73401015093861,2032,102
1763003364786,1763003364862,76,890.8690353957383,8.73401015093861,2033,102
1763003364819,1763003364895,76,890.8690353957383,8.73401015093861,2034,102
1763003364849,1763003364926,77,890.8690353957383,8.73401015093861,2035,102
1763003364882,1763003364957,75,890.8690353957383,8.73401015093861,2036,102
1763003364914,1763003364989,75,890.8690353957383,8.73401015093861,2037,102
1763003364945,1763003365022,77,890.8690353957383,8.73401015093861,2038,102
1763003364977,1763003365052,75,853.9034069980289,8.371602029392442,2039,102
1763003365008,1763003365083,75,853.9034069980289,8.371602029392442,2040,102
1763003365040,1763003365114,74,853.9034069980289,8.371602029392442,2041,102
1763003365070,1763003365144,74,853.9034069980289,8.371602029392442,2042,102
1763003365101,1763003365177,76,853.9034069980289,8.371602029392442,2043,102
1763003365132,1763003365207,75,853.9034069980289,8.371602029392442,2044,102
1763003365162,1763003365238,76,853.9034069980289,8.371602029392442,2045,102
1763003365194,1763003365268,74,825.7828221914251,8.095910021484562,2046,102
1763003365225,1763003365299,74,825.7828221914251,8.095910021484562,2047,102
1763003365256,1763003365330,74,825.7828221914251,8.095910021484562,2048,102
1763003365287,1763003365361,74,825.7828221914251,8.095910021484562,2049,102
1763003365318,1763003365393,75,825.7828221914251,8.095910021484562,2050,102
1763003365349,1763003365425,76,825.7828221914251,8.095910021484562,2051,102
1763003365380,1763003365457,77,782.1711264643744,7.668344377101711,2052,102
1763003365412,1763003365488,76,782.1711264643744,7.668344377101711,2053,102
1763003365444,1763003365519,75,782.1711264643744,7.668344377101711,2054,102
1763003365475,1763003365551,76,782.1711264643744,7.668344377101711,2055,102
1763003365507,1763003365582,75,782.1711264643744,7.668344377101711,2056,102
1763003365539,1763003365613,74,782.1711264643744,7.668344377101711,2057,102
1763003365569,1763003365644,75,782.1711264643744,7.668344377101711,2058,102
1763003365600,1763003365675,75,782.1711264643744,7.668344377101711,2059,102
1763003365631,1763003365707,76,782.1711264643744,7.668344377101711,2060,102
1763003365662,1763003365737,75,782.1711264643744,7.668344377101711,2061,102
1763003365694,1763003365769,75,782.1711264643744,7.668344377101711,2062,102
1763003365724,1763003365800,76,782.1711264643744,7.668344377101711,2063,102
1763003365756,1763003365831,75,782.1711264643744,7.668344377101711,2064,102
1763003365788,1763003365862,74,1002.9656491198384,9.832996559998417,2065,102
1763003365819,1763003365894,75,1002.9656491198384,9.832996559998417,2066,102
1763003365850,1763003365924,74,1002.9656491198384,9.832996559998417,2067,102
1763003365881,1763003365956,75,1002.9656491198384,9.832996559998417,2068,102
1763003365912,1763003365988,76,1002.9656491198384,9.832996559998417,2069,102
1763003365944,1763003366020,76,1002.9656491198384,9.832996559998417,2070,102
1763003365976,1763003366053,77,923.9905879976311,9.058731254878737,2071,102
1763003366007,1763003366082,75,923.9905879976311,9.058731254878737,2072,102
1763003366039,1763003366113,74,923.9905879976311,9.058731254878737,2073,102
1763003366070,1763003366143,73,923.9905879976311,9.058731254878737,2074,102
1763003366100,1763003366174,74,923.9905879976311,9.058731254878737,2075,102
1763003366131,1763003366205,74,923.9905879976311,9.058731254878737,2076,102
1763003366161,1763003366238,77,923.9905879976311,9.058731254878737,2077,102
1763003366193,1763003366268,75,881.1525080461143,8.638750078883474,2078,102
1763003366225,1763003366300,75,881.1525080461143,8.638750078883474,2079,102
1763003366256,1763003366331,75,881.1525080461143,8.638750078883474,2080,102
1763003366288,1763003366362,74,881.1525080461143,8.638750078883474,2081,102
1763003366318,1763003366393,75,881.1525080461143,8.638750078883474,2082,102
1763003366350,1763003366429,79,881.1525080461143,8.638750078883474,2083,102
1763003366381,1763003366457,76,827.0528539288454,8.108361313027896,2084,102
1763003366411,1763003366487,76,827.0528539288454,8.108361313027896,2085,102
1763003366443,1763003366519,76,827.0528539288454,8.108361313027896,2086,102
1763003366474,1763003366550,76,827.0528539288454,8.108361313027896,2087,102
1763003366506,1763003366581,75,827.0528539288454,8.108361313027896,2088,102
1763003366537,1763003366612,75,827.0528539288454,8.108361313027896,2089,102
1763003366568,1763003366643,75,827.0528539288454,8.108361313027896,2090,102
1763003366599,1763003366674,75,803.8770188734321,7.881147243857177,2091,102
1763003366630,1763003366706,76,803.8770188734321,7.881147243857177,2092,102
1763003366662,1763003366738,76,803.8770188734321,7.881147243857177,2093,102
1763003366694,1763003366769,75,803.8770188734321,7.881147243857177,2094,102
1763003366725,1763003366802,77,803.8770188734321,7.881147243857177,2095,102
1763003366757,1763003366833,76,803.8770188734321,7.881147243857177,2096,102
1763003366789,1763003366866,77,764.734107023252,7.497393206110313,2097,102
1763003366821,1763003366897,76,764.734107023252,7.497393206110313,2098,102
1763003366853,1763003366931,78,764.734107023252,7.497393206110313,2099,102
1763003366885,1763003366960,75,764.734107023252,7.497393206110313,2100,102
1763003366917,1763003366993,76,764.734107023252,7.497393206110313,2101,102
1763003366948,1763003367024,76,764.734107023252,7.497393206110313,2102,102
1763003366980,1763003367056,76,764.734107023252,7.497393206110313,2103,102
1763003367012,1763003367088,76,754.0799445483691,7.3929406328271465,2104,102
1763003367044,1763003367120,76,754.0799445483691,7.3929406328271465,2105,102
1763003367076,1763003367152,76,754.0799445483691,7.3929406328271465,2106,102
1763003367108,1763003367184,76,754.0799445483691,7.3929406328271465,2107,102
1763003367140,1763003367215,75,754.0799445483691,7.3929406328271465,2108,102
1763003367172,1763003367248,76,754.0799445483691,7.3929406328271465,2109,102
1763003367204,1763003367280,76,725.0956358605018,7.108780743730408,2110,102
1763003367236,1763003367311,75,725.0956358605018,7.108780743730408,2111,102
1763003367267,1763003367342,75,725.0956358605018,7.108780743730408,2112,102
1763003367299,1763003367374,75,725.0956358605018,7.108780743730408,2113,102
1763003367329,1763003367405,76,725.0956358605018,7.108780743730408,2114,102
1763003367361,1763003367438,77,725.0956358605018,7.108780743730408,2115,102
1763003367393,1763003367467,74,725.0956358605018,7.108780743730408,2116,102
1763003367425,1763003367499,74,722.8099348732385,7.086371910521944,2117,102
1763003367455,1763003367530,75,722.8099348732385,7.086371910521944,2118,102
1763003367487,1763003367561,74,722.8099348732385,7.086371910521944,2119,102
1763003367518,1763003367592,74,722.8099348732385,7.086371910521944,2120,102
1763003367549,1763003367623,74,722.8099348732385,7.086371910521944,2121,102
1763003367580,1763003367655,75,722.8099348732385,7.086371910521944,2122,102
1763003367611,1763003367686,75,722.8099348732385,7.086371910521944,2123,102
1763003367642,1763003367718,76,721.021518093971,7.068838412685989,2124,102
1763003367674,1763003367748,74,721.021518093971,7.068838412685989,2125,102
1763003367705,1763003367780,75,721.021518093971,7.068838412685989,2126,102
1763003367736,1763003367811,75,721.021518093971,7.068838412685989,2127,102
1763003367768,1763003367842,74,721.021518093971,7.068838412685989,2128,102
1763003367798,1763003367872,74,721.021518093971,7.068838412685989,2129,102
1763003367829,1763003367905,76,698.8901499208949,6.851864214910734,2130,102
1763003367860,1763003367936,76,698.8901499208949,6.851864214910734,2131,102
1763003367892,1763003367966,74,698.8901499208949,6.851864214910734,2132,102
1763003367924,1763003367998,74,698.8901499208949,6.851864214910734,2133,102
1763003367954,1763003368030,76,698.8901499208949,6.851864214910734,2134,102
1763003367985,1763003368060,75,698.8901499208949,6.851864214910734,2135,102
1763003368017,1763003368092,75,698.8901499208949,6.851864214910734,2136,102
1763003368048,1763003368123,75,698.8901499208949,6.851864214910734,2137,102
1763003368079,1763003368154,75,698.8901499208949,6.851864214910734,2138,102
1763003368111,1763003368186,75,698.8901499208949,6.851864214910734,2139,102
1763003368142,1763003368217,75,698.8901499208949,6.851864214910734,2140,102
1763003368174,1763003368248,74,698.8901499208949,6.851864214910734,2141,102
1763003368204,1763003368278,74,698.8901499208949,6.851864214910734,2142,102
1763003368235,1763003368309,74,952.8696392029325,9.341859207871886,2143,102
1763003368265,1763003368341,76,952.8696392029325,9.341859207871886,2144,102
1763003368297,1763003368372,75,952.8696392029325,9.341859207871886,2145,102
1763003368328,1763003368405,77,952.8696392029325,9.341859207871886,2146,102
1763003368360,1763003368435,75,952.8696392029325,9.341859207871886,2147,102
1763003368392,1763003368469,77,952.8696392029325,9.341859207871886,2148,102
1763003368422,1763003368496,74,952.8696392029325,9.341859207871886,2149,102
1763003368454,1763003368527,73,904.6179720839401,8.868803647881766,2150,102
1763003368483,1763003368558,75,904.6179720839401,8.868803647881766,2151,102
1763003368515,1763003368591,76,904.6179720839401,8.868803647881766,2152,102
1763003368546,1763003368622,76,904.6179720839401,8.868803647881766,2153,102
1763003368578,1763003368652,74,904.6179720839401,8.868803647881766,2154,102
1763003368609,1763003368683,74,904.6179720839401,8.868803647881766,2155,102
1763003368640,1763003368715,75,845.2165237509003,8.286436507361767,2156,102
1763003368670,1763003368747,77,845.2165237509003,8.286436507361767,2157,102
1763003368703,1763003368778,75,845.2165237509003,8.286436507361767,2158,102
1763003368734,1763003368809,75,845.2165237509003,8.286436507361767,2159,102
1763003368767,1763003368840,73,845.2165237509003,8.286436507361767,2160,102
1763003368797,1763003368871,74,845.2165237509003,8.286436507361767,2161,102
1763003368828,1763003368903,75,798.5732190007202,7.829149205889413,2162,102
1763003368859,1763003368934,75,798.5732190007202,7.829149205889413,2163,102
1763003368890,1763003368964,74,798.5732190007202,7.829149205889413,2164,102
1763003368921,1763003368996,75,798.5732190007202,7.829149205889413,2165,102
1763003368952,1763003369027,75,798.5732190007202,7.829149205889413,2166,102
1763003368983,1763003369058,75,798.5732190007202,7.829149205889413,2167,102
1763003369015,1763003369090,75,798.5732190007202,7.829149205889413,2168,102
1763003369046,1763003369121,75,781.1511358865719,7.658344469476194,2169,102
1763003369077,1763003369153,76,781.1511358865719,7.658344469476194,2170,102
1763003369109,1763003369184,75,781.1511358865719,7.658344469476194,2171,102
1763003369140,1763003369215,75,781.1511358865719,7.658344469476194,2172,102
1763003369171,1763003369247,76,781.1511358865719,7.658344469476194,2173,102
1763003369202,1763003369279,77,781.1511358865719,7.658344469476194,2174,102
1763003369235,1763003369310,75,746.9826064374844,7.323358886642003,2175,102
1763003369266,1763003369339,73,746.9826064374844,7.323358886642003,2176,102
1763003369296,1763003369371,75,746.9826064374844,7.323358886642003,2177,102
1763003369326,1763003369402,76,746.9826064374844,7.323358886642003,2178,102
1763003369358,1763003369433,75,746.9826064374844,7.323358886642003,2179,102
1763003369390,1763003369464,74,746.9826064374844,7.323358886642003,2180,102
1763003369420,1763003369496,76,746.9826064374844,7.323358886642003,2181,102
1763003369452,1763003369526,74,740.2541547242375,7.257393673767035,2182,102
1763003369482,1763003369558,76,740.2541547242375,7.257393673767035,2183,102
1763003369514,1763003369589,75,740.2541547242375,7.257393673767035,2184,102
1763003369545,1763003369620,75,740.2541547242375,7.257393673767035,2185,102
1763003369577,1763003369651,74,740.2541547242375,7.257393673767035,2186,102
1763003369607,1763003369683,76,740.2541547242375,7.257393673767035,2187,102
1763003369639,1763003369714,75,714.60332377939,7.0059149390136275,2188,102
1763003369670,1763003369745,75,714.60332377939,7.0059149390136275,2189,102
1763003369701,1763003369776,75,714.60332377939,7.0059149390136275,2190,102
1763003369733,1763003369806,73,714.60332377939,7.0059149390136275,2191,102
1763003369763,1763003369837,74,714.60332377939,7.0059149390136275,2192,102
1763003369794,1763003369867,73,714.60332377939,7.0059149390136275,2193,102
1763003369825,1763003369898,73,714.60332377939,7.0059149390136275,2194,102
1763003369855,1763003369930,75,714.4808490521739,7.004714206393861,2195,102
1763003369886,1763003369961,75,714.4808490521739,7.004714206393861,2196,102
1763003369917,1763003369991,74,714.4808490521739,7.004714206393861,2197,102
1763003369949,1763003370022,73,714.4808490521739,7.004714206393861,2198,102
1763003369979,1763003370053,74,714.4808490521739,7.004714206393861,2199,102
1763003370009,1763003370084,75,714.4808490521739,7.004714206393861,2200,102
1763003370040,1763003370115,75,714.4808490521739,7.004714206393861,2201,102
1763003370072,1763003370146,74,714.3841983926869,7.003766650908695,2202,102
1763003370103,1763003370177,74,714.3841983926869,7.003766650908695,2203,102
1763003370134,1763003370208,74,714.3841983926869,7.003766650908695,2204,102
1763003370165,1763003370240,75,714.3841983926869,7.003766650908695,2205,102
1763003370196,1763003370272,76,714.3841983926869,7.003766650908695,2206,102
1763003370227,1763003370304,77,714.3841983926869,7.003766650908695,2207,102
1763003370259,1763003370336,77,693.3954377221861,6.797994487472412,2208,102
1763003370291,1763003370368,77,693.3954377221861,6.797994487472412,2209,102
1763003370323,1763003370400,77,693.3954377221861,6.797994487472412,2210,102
1763003370355,1763003370432,77,693.3954377221861,6.797994487472412,2211,102
1763003370387,1763003370464,77,693.3954377221861,6.797994487472412,2212,102
1763003370419,1763003370496,77,693.3954377221861,6.797994487472412,2213,102
1763003370451,1763003370528,77,676.7907684268602,6.6352036120280395,2214,102
1763003370483,1763003370560,77,676.7907684268602,6.6352036120280395,2215,102
1763003370515,1763003370592,77,676.7907684268602,6.6352036120280395,2216,102
1763003370548,1763003370624,76,676.7907684268602,6.6352036120280395,2217,102
1763003370579,1763003370656,77,676.7907684268602,6.6352036120280395,2218,102
1763003370611,1763003370688,77,676.7907684268602,6.6352036120280395,2219,102
1763003370644,1763003370720,76,676.7907684268602,6.6352036120280395,2220,102
1763003370675,1763003370751,76,684.6419162887927,6.712175649890123,2221,102
1763003370708,1763003370782,74,684.6419162887927,6.712175649890123,2222,102
1763003370738,1763003370814,76,684.6419162887927,6.712175649890123,2223,102
1763003370769,1763003370845,76,684.6419162887927,6.712175649890123,2224,102
1763003370801,1763003370876,75,684.6419162887927,6.712175649890123,2225,102
1763003370832,1763003370907,75,684.6419162887927,6.712175649890123,2226,102
1763003370864,1763003370939,75,670.0408911147454,6.569028344262208,2227,102
1763003370895,1763003370970,75,670.0408911147454,6.569028344262208,2228,102
1763003370926,1763003371002,76,670.0408911147454,6.569028344262208,2229,102
1763003370957,1763003371033,76,670.0408911147454,6.569028344262208,2230,102
1763003370989,1763003371064,75,670.0408911147454,6.569028344262208,2231,102
1763003371020,1763003371095,75,670.0408911147454,6.569028344262208,2232,102
1763003371052,1763003371128,76,670.0408911147454,6.569028344262208,2233,102
1763003371083,1763003371160,77,679.1843857628784,6.658670448655669,2234,102
1763003371115,1763003371192,77,679.1843857628784,6.658670448655669,2235,102
1763003371147,1763003371225,78,679.1843857628784,6.658670448655669,2236,102
1763003371179,1763003371254,75,679.1843857628784,6.658670448655669,2237,102
1763003371211,1763003371284,73,679.1843857628784,6.658670448655669,2238,102
1763003371242,1763003371315,73,679.1843857628784,6.658670448655669,2239,102
1763003371272,1763003371346,74,679.1843857628784,6.658670448655669,2240,102
1763003371303,1763003371379,76,686.2171398387769,6.727619018027224,2241,102
1763003371334,1763003371410,76,686.2171398387769,6.727619018027224,2242,102
1763003371366,1763003371442,76,686.2171398387769,6.727619018027224,2243,102
1763003371397,1763003371473,76,686.2171398387769,6.727619018027224,2244,102
1763003371429,1763003371504,75,686.2171398387769,6.727619018027224,2245,102
1763003371461,1763003371535,74,686.2171398387769,6.727619018027224,2246,102
1763003371491,1763003371566,75,671.0768433116664,6.57918473834967,2247,102
1763003371522,1763003371597,75,671.0768433116664,6.57918473834967,2248,102
1763003371554,1763003371628,74,671.0768433116664,6.57918473834967,2249,102
1763003371585,1763003371659,74,671.0768433116664,6.57918473834967,2250,102
1763003371615,1763003371690,75,671.0768433116664,6.57918473834967,2251,102
1763003371647,1763003371723,76,671.0768433116664,6.57918473834967,2252,102
1763003371678,1763003371753,75,671.0768433116664,6.57918473834967,2253,102
1763003371710,1763003371785,75,679.7902441193982,6.664610236464687,2254,102
1763003371741,1763003371816,75,679.7902441193982,6.664610236464687,2255,102
1763003371772,1763003371848,76,679.7902441193982,6.664610236464687,2256,102
1763003371803,1763003371878,75,679.7902441193982,6.664610236464687,2257,102
1763003371835,1763003371909,74,679.7902441193982,6.664610236464687,2258,102
1763003371866,1763003371940,74,679.7902441193982,6.664610236464687,2259,102
1763003371897,1763003371971,74,666.0288245631604,6.529694358462355,2260,102
1763003371928,1763003372002,74,666.0288245631604,6.529694358462355,2261,102
1763003371958,1763003372034,76,666.0288245631604,6.529694358462355,2262,102
1763003371989,1763003372064,75,666.0288245631604,6.529694358462355,2263,102
1763003372021,1763003372095,74,666.0288245631604,6.529694358462355,2264,102
1763003372051,1763003372126,75,666.0288245631604,6.529694358462355,2265,102
1763003372083,1763003372158,75,666.0288245631604,6.529694358462355,2266,102
1763003372114,1763003372189,75,675.7190020014019,6.62469609805296,2267,102
1763003372145,1763003372221,76,675.7190020014019,6.62469609805296,2268,102
1763003372176,1763003372251,75,675.7190020014019,6.62469609805296,2269,102
1763003372208,1763003372282,74,675.7190020014019,6.62469609805296,2270,102
1763003372238,1763003372313,75,675.7190020014019,6.62469609805296,2271,102
1763003372270,1763003372343,73,675.7190020014019,6.62469609805296,2272,102
1763003372301,1763003372374,73,662.9114825991202,6.499132182344315,2273,102
1763003372330,1763003372405,75,662.9114825991202,6.499132182344315,2274,102
1763003372362,1763003372436,74,662.9114825991202,6.499132182344315,2275,102
1763003372393,1763003372468,75,662.9114825991202,6.499132182344315,2276,102
1763003372424,1763003372499,75,662.9114825991202,6.499132182344315,2277,102
1763003372456,1763003372529,73,662.9114825991202,6.499132182344315,2278,102
1763003372486,1763003372560,74,662.9114825991202,6.499132182344315,2279,102
1763003372517,1763003372591,74,673.1291860792961,6.599305745875452,2280,102
1763003372547,1763003372622,75,673.1291860792961,6.599305745875452,2281,102
1763003372579,1763003372653,74,673.1291860792961,6.599305745875452,2282,102
1763003372610,1763003372685,75,673.1291860792961,6.599305745875452,2283,102
1763003372641,1763003372716,75,673.1291860792961,6.599305745875452,2284,102
1763003372673,1763003372748,75,673.1291860792961,6.599305745875452,2285,102
1763003372704,1763003372780,76,660.6588321191197,6.47704737371686,2286,102
1763003372735,1763003372810,75,660.6588321191197,6.47704737371686,2287,102
1763003372767,1763003372842,75,660.6588321191197,6.47704737371686,2288,102
1763003372797,1763003372873,76,660.6588321191197,6.47704737371686,2289,102
1763003372829,1763003372905,76,660.6588321191197,6.47704737371686,2290,102
1763003372861,1763003372936,75,660.6588321191197,6.47704737371686,2291,102
1763003372892,1763003372967,75,650.9270656952957,6.381637898973488,2292,102
1763003372923,1763003372998,75,650.9270656952957,6.381637898973488,2293,102
1763003372954,1763003373029,75,650.9270656952957,6.381637898973488,2294,102
1763003372986,1763003373060,74,650.9270656952957,6.381637898973488,2295,102
1763003373016,1763003373090,74,650.9270656952957,6.381637898973488,2296,102
1763003373047,1763003373121,74,650.9270656952957,6.381637898973488,2297,102
1763003373077,1763003373152,75,650.9270656952957,6.381637898973488,2298,102
1763003373109,1763003373184,75,663.8570172277601,6.508402129683923,2299,102
1763003373140,1763003373216,76,663.8570172277601,6.508402129683923,2300,102
1763003373171,1763003373246,75,663.8570172277601,6.508402129683923,2301,102
1763003373203,1763003373277,74,663.8570172277601,6.508402129683923,2302,102
1763003373234,1763003373309,75,663.8570172277601,6.508402129683923,2303,102
1763003373264,1763003373340,76,663.8570172277601,6.508402129683923,2304,102
1763003373296,1763003373370,74,663.8570172277601,6.508402129683923,2305,102
1763003373328,1763003373401,73,673.9858997477526,6.6077048994877705,2306,102
1763003373358,1763003373432,74,673.9858997477526,6.6077048994877705,2307,102
1763003373389,1763003373464,75,673.9858997477526,6.6077048994877705,2308,102
1763003373420,1763003373495,75,673.9858997477526,6.6077048994877705,2309,102
1763003373451,1763003373526,75,673.9858997477526,6.6077048994877705,2310,102
1763003373482,1763003373557,75,673.9858997477526,6.6077048994877705,2311,102
1763003373513,1763003373590,77,661.4027620989588,6.484340804891753,2312,102
1763003373545,1763003373621,76,661.4027620989588,6.484340804891753,2313,102
1763003373577,1763003373653,76,661.4027620989588,6.484340804891753,2314,102
1763003373609,1763003373684,75,661.4027620989588,6.484340804891753,2315,102
1763003373641,1763003373715,74,661.4027620989588,6.484340804891753,2316,102
1763003373671,1763003373747,76,661.4027620989588,6.484340804891753,2317,102
1763003373703,1763003373778,75,651.4234041549691,6.386503962303618,2318,102
1763003373735,1763003373809,74,651.4234041549691,6.386503962303618,2319,102
1763003373765,1763003373840,75,651.4234041549691,6.386503962303618,2320,102
1763003373797,1763003373871,74,651.4234041549691,6.386503962303618,2321,102
1763003373828,1763003373903,75,651.4234041549691,6.386503962303618,2322,102
1763003373859,1763003373934,75,651.4234041549691,6.386503962303618,2323,102
1763003373891,1763003373966,75,651.4234041549691,6.386503962303618,2324,102
1763003373922,1763003373998,76,664.3767594948905,6.51349764210677,2325,102
1763003373953,1763003374030,77,664.3767594948905,6.51349764210677,2326,102
1763003373986,1763003374062,76,664.3767594948905,6.51349764210677,2327,102
1763003374018,1763003374095,77,664.3767594948905,6.51349764210677,2328,102
1763003374050,1763003374126,76,664.3767594948905,6.51349764210677,2329,102
1763003374082,1763003374157,75,664.3767594948905,6.51349764210677,2330,102
1763003374114,1763003374189,75,653.7442773174278,6.409257620759095,2331,102
1763003374144,1763003374221,77,653.7442773174278,6.409257620759095,2332,102
1763003374177,1763003374252,75,653.7442773174278,6.409257620759095,2333,102
1763003374207,1763003374283,76,653.7442773174278,6.409257620759095,2334,102
1763003374239,1763003374315,76,653.7442773174278,6.409257620759095,2335,102
1763003374271,1763003374346,75,653.7442773174278,6.409257620759095,2336,102
1763003374302,1763003374377,75,653.7442773174278,6.409257620759095,2337,102
1763003374333,1763003374409,76,666.2172119127202,6.531541293261962,2338,102
1763003374364,1763003374440,76,666.2172119127202,6.531541293261962,2339,102
1763003374396,1763003374471,75,666.2172119127202,6.531541293261962,2340,102
1763003374427,1763003374502,75,666.2172119127202,6.531541293261962,2341,102
1763003374458,1763003374534,76,666.2172119127202,6.531541293261962,2342,102
1763003374490,1763003374564,74,666.2172119127202,6.531541293261962,2343,102
1763003374521,1763003374595,74,666.2172119127202,6.531541293261962,2344,102
1763003374552,1763003374626,74,666.2172119127202,6.531541293261962,2345,102
1763003374582,1763003374658,76,666.2172119127202,6.531541293261962,2346,102
1763003374614,1763003374689,75,666.2172119127202,6.531541293261962,2347,102
1763003374645,1763003374721,76,666.2172119127202,6.531541293261962,2348,102
1763003374676,1763003374752,76,666.2172119127202,6.531541293261962,2349,102
1763003374709,1763003374785,76,666.2172119127202,6.531541293261962,2350,102
1763003374740,1763003374815,75,934.7488066642431,9.164203986904344,2351,102
1763003374770,1763003374846,76,934.7488066642431,9.164203986904344,2352,102
1763003374802,1763003374878,76,934.7488066642431,9.164203986904344,2353,102
1763003374834,1763003374910,76,934.7488066642431,9.164203986904344,2354,102
1763003374865,1763003374942,77,934.7488066642431,9.164203986904344,2355,102
1763003374897,1763003374973,76,934.7488066642431,9.164203986904344,2356,102
1763003374929,1763003375004,75,869.553547718066,8.525034781549666,2357,102
1763003374961,1763003375035,74,869.553547718066,8.525034781549666,2358,102
1763003374992,1763003375066,74,869.553547718066,8.525034781549666,2359,102
1763003375023,1763003375097,74,869.553547718066,8.525034781549666,2360,102
1763003375054,1763003375129,75,869.553547718066,8.525034781549666,2361,102
1763003375085,1763003375159,74,869.553547718066,8.525034781549666,2362,102
1763003375117,1763003375191,74,869.553547718066,8.525034781549666,2363,102
1763003375147,1763003375223,76,837.3539633404264,8.209352581768885,2364,102
1763003375179,1763003375254,75,837.3539633404264,8.209352581768885,2365,102
1763003375211,1763003375286,75,837.3539633404264,8.209352581768885,2366,102
1763003375242,1763003375318,76,837.3539633404264,8.209352581768885,2367,102
1763003375274,1763003375350,76,837.3539633404264,8.209352581768885,2368,102
1763003375306,1763003375381,75,837.3539633404264,8.209352581768885,2369,102
1763003375337,1763003375415,78,791.3817548189794,7.758644655088032,2370,102
1763003375368,1763003375443,75,791.3817548189794,7.758644655088032,2371,102
1763003375402,1763003375474,72,791.3817548189794,7.758644655088032,2372,102
1763003375431,1763003375507,76,791.3817548189794,7.758644655088032,2373,102
1763003375461,1763003375537,76,791.3817548189794,7.758644655088032,2374,102
1763003375494,1763003375567,73,791.3817548189794,7.758644655088032,2375,102
1763003375524,1763003375600,76,791.3817548189794,7.758644655088032,2376,102
1763003375555,1763003375632,77,775.6732585907266,7.6046397901051614,2377,102
1763003375587,1763003375663,76,775.6732585907266,7.6046397901051614,2378,102
1763003375620,1763003375693,73,775.6732585907266,7.6046397901051614,2379,102
1763003375650,1763003375724,74,775.6732585907266,7.6046397901051614,2380,102
1763003375680,1763003375755,75,775.6732585907266,7.6046397901051614,2381,102
1763003375711,1763003375786,75,775.6732585907266,7.6046397901051614,2382,102
1763003375743,1763003375817,74,775.6732585907266,7.6046397901051614,2383,102
1763003375774,1763003375849,75,763.2152603553999,7.482502552503918,2384,102
1763003375805,1763003375880,75,763.2152603553999,7.482502552503918,2385,102
1763003375837,1763003375911,74,763.2152603553999,7.482502552503918,2386,102
1763003375867,1763003375943,76,763.2152603553999,7.482502552503918,2387,102
1763003375899,1763003375973,74,763.2152603553999,7.482502552503918,2388,102
1763003375930,1763003376004,74,763.2152603553999,7.482502552503918,2389,102
1763003375960,1763003376035,75,732.6697777636091,7.183037036898127,2390,102
1763003375992,1763003376066,74,732.6697777636091,7.183037036898127,2391,102
1763003376022,1763003376098,76,732.6697777636091,7.183037036898127,2392,102
1763003376054,1763003376129,75,732.6697777636091,7.183037036898127,2393,102
1763003376085,1763003376160,75,732.6697777636091,7.183037036898127,2394,102
1763003376116,1763003376192,76,732.6697777636091,7.183037036898127,2395,102
1763003376148,1763003376223,75,708.5358222108873,6.9464296295185015,2396,102
1763003376180,1763003376253,73,708.5358222108873,6.9464296295185015,2397,102
1763003376210,1763003376284,74,708.5358222108873,6.9464296295185015,2398,102
1763003376241,1763003376315,74,708.5358222108873,6.9464296295185015,2399,102
1763003376272,1763003376347,75,708.5358222108873,6.9464296295185015,2400,102
1763003376303,1763003376377,74,708.5358222108873,6.9464296295185015,2401,102
1763003376334,1763003376409,75,708.5358222108873,6.9464296295185015,2402,102
1763003376365,1763003376441,76,709.6559786576554,6.957411555467209,2403,102
1763003376397,1763003376472,75,709.6559786576554,6.957411555467209,2404,102
1763003376428,1763003376505,77,709.6559786576554,6.957411555467209,2405,102
1763003376459,1763003376534,75,709.6559786576554,6.957411555467209,2406,102
1763003376492,1763003376565,73,709.6559786576554,6.957411555467209,2407,102
1763003376521,1763003376596,75,709.6559786576554,6.957411555467209,2408,102
1763003376552,1763003376627,75,709.6559786576554,6.957411555467209,2409,102
1763003376583,1763003376658,75,710.533470968809,6.966014421262832,2410,102
1763003376614,1763003376689,75,710.533470968809,6.966014421262832,2411,102
1763003376645,1763003376720,75,710.533470968809,6.966014421262832,2412,102
1763003376676,1763003376752,76,710.533470968809,6.966014421262832,2413,102
1763003376707,1763003376783,76,710.533470968809,6.966014421262832,2414,102
1763003376739,1763003376814,75,710.533470968809,6.966014421262832,2415,102
1763003376771,1763003376846,75,690.5311763621407,6.769913493746477,2416,102
1763003376802,1763003376876,74,690.5311763621407,6.769913493746477,2417,102
1763003376833,1763003376908,75,690.5311763621407,6.769913493746477,2418,102
1763003376863,1763003376940,77,690.5311763621407,6.769913493746477,2419,102
1763003376895,1763003376973,78,690.5311763621407,6.769913493746477,2420,102
1763003376927,1763003377000,73,690.5311763621407,6.769913493746477,2421,102
1763003376960,1763003377032,72,690.5311763621407,6.769913493746477,2422,102
1763003376988,1763003377064,76,695.318816384264,6.816851141022196,2423,102
1763003377020,1763003377096,76,695.318816384264,6.816851141022196,2424,102
1763003377052,1763003377129,77,695.318816384264,6.816851141022196,2425,102
1763003377083,1763003377159,76,695.318816384264,6.816851141022196,2426,102
1763003377115,1763003377190,75,695.318816384264,6.816851141022196,2427,102
1763003377147,1763003377221,74,695.318816384264,6.816851141022196,2428,102
1763003377177,1763003377253,76,678.3217778418741,6.650213508253668,2429,102
1763003377208,1763003377284,76,678.3217778418741,6.650213508253668,2430,102
1763003377240,1763003377317,77,678.3217778418741,6.650213508253668,2431,102
1763003377272,1763003377349,77,678.3217778418741,6.650213508253668,2432,102
1763003377304,1763003377379,75,678.3217778418741,6.650213508253668,2433,102
1763003377335,1763003377411,76,678.3217778418741,6.650213508253668,2434,102
1763003377366,1763003377442,76,664.9247787178156,6.518870379586428,2435,102
1763003377398,1763003377474,76,664.9247787178156,6.518870379586428,2436,102
1763003377429,1763003377505,76,664.9247787178156,6.518870379586428,2437,102
1763003377461,1763003377537,76,664.9247787178156,6.518870379586428,2438,102
1763003377493,1763003377568,75,664.9247787178156,6.518870379586428,2439,102
1763003377524,1763003377600,76,664.9247787178156,6.518870379586428,2440,102
1763003377556,1763003377633,77,664.9247787178156,6.518870379586428,2441,102
1763003377587,1763003377664,77,675.1814999657921,6.619426470252864,2442,102
1763003377619,1763003377696,77,675.1814999657921,6.619426470252864,2443,102
1763003377651,1763003377728,77,675.1814999657921,6.619426470252864,2444,102
1763003377683,1763003377760,77,675.1814999657921,6.619426470252864,2445,102
1763003377715,1763003377792,77,675.1814999657921,6.619426470252864,2446,102
1763003377747,1763003377824,77,675.1814999657921,6.619426470252864,2447,102
1763003377779,1763003377856,77,662.2924739727705,6.49306347032128,2448,102
1763003377811,1763003377888,77,662.2924739727705,6.49306347032128,2449,102
1763003377843,1763003377921,78,662.2924739727705,6.49306347032128,2450,102
1763003377875,1763003377951,76,662.2924739727705,6.49306347032128,2451,102
1763003377907,1763003377983,76,662.2924739727705,6.49306347032128,2452,102
1763003377939,1763003378015,76,662.2924739727705,6.49306347032128,2453,102
1763003377970,1763003378045,75,662.2924739727705,6.49306347032128,2454,102
1763003378002,1763003378076,74,673.0476393864342,6.598506268494454,2455,102
1763003378032,1763003378107,75,673.0476393864342,6.598506268494454,2456,102
1763003378064,1763003378139,75,673.0476393864342,6.598506268494454,2457,102
1763003378095,1763003378169,74,673.0476393864342,6.598506268494454,2458,102
1763003378127,1763003378200,73,673.0476393864342,6.598506268494454,2459,102
1763003378157,1763003378231,74,673.0476393864342,6.598506268494454,2460,102
1763003378188,1763003378261,73,673.0476393864342,6.598506268494454,2461,102
1763003378218,1763003378293,75,681.3200162303744,6.679608002258574,2462,102
1763003378249,1763003378324,75,681.3200162303744,6.679608002258574,2463,102
1763003378280,1763003378354,74,681.3200162303744,6.679608002258574,2464,102
1763003378312,1763003378386,74,681.3200162303744,6.679608002258574,2465,102
1763003378342,1763003378417,75,681.3200162303744,6.679608002258574,2466,102
1763003378374,1763003378448,74,681.3200162303744,6.679608002258574,2467,102
1763003378405,1763003378480,75,667.3173729518388,6.542327185802342,2468,102
1763003378435,1763003378511,76,667.3173729518388,6.542327185802342,2469,102
1763003378468,1763003378541,73,667.3173729518388,6.542327185802342,2470,102
1763003378498,1763003378573,75,667.3173729518388,6.542327185802342,2471,102
1763003378529,1763003378604,75,667.3173729518388,6.542327185802342,2472,102
1763003378560,1763003378634,74,667.3173729518388,6.542327185802342,2473,102
1763003378592,1763003378666,74,667.3173729518388,6.542327185802342,2474,102
1763003378622,1763003378697,75,676.7472636155674,6.634777094270269,2475,102
1763003378654,1763003378728,74,676.7472636155674,6.634777094270269,2476,102
1763003378684,1763003378759,75,676.7472636155674,6.634777094270269,2477,102
1763003378715,1763003378790,75,676.7472636155674,6.634777094270269,2478,102
1763003378747,1763003378822,75,676.7472636155674,6.634777094270269,2479,102
1763003378778,1763003378853,75,676.7472636155674,6.634777094270269,2480,102
1763003378809,1763003378884,75,663.6035691016071,6.505917344133404,2481,102
1763003378840,1763003378915,75,663.6035691016071,6.505917344133404,2482,102
1763003378872,1763003378947,75,663.6035691016071,6.505917344133404,2483,102
1763003378902,1763003378978,76,663.6035691016071,6.505917344133404,2484,102
1763003378934,1763003379010,76,663.6035691016071,6.505917344133404,2485,102
1763003378966,1763003379040,74,663.6035691016071,6.505917344133404,2486,102
1763003378997,1763003379071,74,663.6035691016071,6.505917344133404,2487,102
1763003379028,1763003379103,75,673.7836481430825,6.605722040618456,2488,102
1763003379059,1763003379134,75,673.7836481430825,6.605722040618456,2489,102
1763003379090,1763003379166,76,673.7836481430825,6.605722040618456,2490,102
1763003379121,1763003379196,75,673.7836481430825,6.605722040618456,2491,102
1763003379153,1763003379228,75,673.7836481430825,6.605722040618456,2492,102
1763003379184,1763003379259,75,673.7836481430825,6.605722040618456,2493,102
1763003379215,1763003379290,75,661.2415675700368,6.48276046637291,2494,102
1763003379246,1763003379322,76,661.2415675700368,6.48276046637291,2495,102
1763003379277,1763003379352,75,661.2415675700368,6.48276046637291,2496,102
1763003379309,1763003379383,74,661.2415675700368,6.48276046637291,2497,102
1763003379340,1763003379413,73,661.2415675700368,6.48276046637291,2498,102
1763003379370,1763003379444,74,661.2415675700368,6.48276046637291,2499,102
1763003379401,1763003379476,75,661.2415675700368,6.48276046637291,2500,102
1763003379432,1763003379507,75,671.8987709208893,6.587242852165582,2501,102
1763003379463,1763003379538,75,671.8987709208893,6.587242852165582,2502,102
1763003379494,1763003379569,75,671.8987709208893,6.587242852165582,2503,102
1763003379525,1763003379600,75,671.8987709208893,6.587242852165582,2504,102
1763003379556,1763003379631,75,671.8987709208893,6.587242852165582,2505,102
1763003379587,1763003379663,76,671.8987709208893,6.587242852165582,2506,102
1763003379618,1763003379693,75,659.8591179657906,6.469207038880301,2507,102
1763003379650,1763003379725,75,659.8591179657906,6.469207038880301,2508,102
1763003379681,1763003379757,76,659.8591179657906,6.469207038880301,2509,102
1763003379713,1763003379789,76,659.8591179657906,6.469207038880301,2510,102
1763003379744,1763003379818,74,659.8591179657906,6.469207038880301,2511,102
1763003379776,1763003379850,74,659.8591179657906,6.469207038880301,2512,102
1763003379806,1763003379882,76,650.1915761367009,6.37442721702648,2513,102
1763003379838,1763003379914,76,650.1915761367009,6.37442721702648,2514,102
1763003379870,1763003379945,75,650.1915761367009,6.37442721702648,2515,102
1763003379901,1763003379977,76,650.1915761367009,6.37442721702648,2516,102
1763003379932,1763003380009,77,650.1915761367009,6.37442721702648,2517,102
1763003379964,1763003380040,76,650.1915761367009,6.37442721702648,2518,102
1763003379996,1763003380071,75,650.1915761367009,6.37442721702648,2519,102
1763003380027,1763003380102,75,663.4637283002671,6.5045463558849725,2520,102
1763003380058,1763003380133,75,663.4637283002671,6.5045463558849725,2521,102
1763003380090,1763003380164,74,663.4637283002671,6.5045463558849725,2522,102
1763003380120,1763003380195,75,663.4637283002671,6.5045463558849725,2523,102
1763003380152,1763003380226,74,663.4637283002671,6.5045463558849725,2524,102
1763003380183,1763003380257,74,663.4637283002671,6.5045463558849725,2525,102
1763003380214,1763003380288,74,663.4637283002671,6.5045463558849725,2526,102
1763003380245,1763003380320,75,673.6215189119134,6.6041325383520935,2527,102
1763003380276,1763003380351,75,673.6215189119134,6.6041325383520935,2528,102
1763003380307,1763003380383,76,673.6215189119134,6.6041325383520935,2529,102
1763003380339,1763003380415,76,673.6215189119134,6.6041325383520935,2530,102
1763003380370,1763003380446,76,673.6215189119134,6.6041325383520935,2531,102
1763003380402,1763003380477,75,673.6215189119134,6.6041325383520935,2532,102
1763003380434,1763003380508,74,660.9891075349711,6.480285367989914,2533,102
1763003380465,1763003380540,75,660.9891075349711,6.480285367989914,2534,102
1763003380496,1763003380571,75,660.9891075349711,6.480285367989914,2535,102
1763003380527,1763003380602,75,660.9891075349711,6.480285367989914,2536,102
1763003380559,1763003380633,74,660.9891075349711,6.480285367989914,2537,102
1763003380590,1763003380665,75,660.9891075349711,6.480285367989914,2538,102
1763003380621,1763003380696,75,660.9891075349711,6.480285367989914,2539,102
1763003380652,1763003380727,75,660.9891075349711,6.480285367989914,2540,102
1763003380683,1763003380758,75,660.9891075349711,6.480285367989914,2541,102
1763003380714,1763003380789,75,660.9891075349711,6.480285367989914,2542,102
1763003380745,1763003380820,75,660.9891075349711,6.480285367989914,2543,102
1763003380776,1763003380851,75,660.9891075349711,6.480285367989914,2544,102
1763003380808,1763003380882,74,660.9891075349711,6.480285367989914,2545,102
1763003380838,1763003380914,76,930.3185189833077,9.120769793953999,2546,102
1763003380869,1763003380945,76,930.3185189833077,9.120769793953999,2547,102
1763003380901,1763003380976,75,930.3185189833077,9.120769793953999,2548,102
1763003380932,1763003381008,76,930.3185189833077,9.120769793953999,2549,102
1763003380964,1763003381040,76,930.3185189833077,9.120769793953999,2550,102
1763003380996,1763003381072,76,930.3185189833077,9.120769793953999,2551,102
1763003381028,1763003381104,76,865.6998596296962,8.487253525781338,2552,102
1763003381060,1763003381137,77,865.6998596296962,8.487253525781338,2553,102
1763003381092,1763003381168,76,865.6998596296962,8.487253525781338,2554,102
1763003381124,1763003381199,75,865.6998596296962,8.487253525781338,2555,102
1763003381155,1763003381230,75,865.6998596296962,8.487253525781338,2556,102
1763003381187,1763003381262,75,865.6998596296962,8.487253525781338,2557,102
1763003381218,1763003381294,76,865.6998596296962,8.487253525781338,2558,102
1763003381250,1763003381326,76,833.9945889670897,8.176417538893038,2559,102
1763003381282,1763003381358,76,833.9945889670897,8.176417538893038,2560,102
1763003381314,1763003381391,77,833.9945889670897,8.176417538893038,2561,102
1763003381346,1763003381422,76,833.9945889670897,8.176417538893038,2562,102
1763003381378,1763003381454,76,833.9945889670897,8.176417538893038,2563,102
1763003381410,1763003381486,76,833.9945889670897,8.176417538893038,2564,102
1763003381442,1763003381518,76,788.7076928178034,7.732428360958858,2565,102
1763003381474,1763003381551,77,788.7076928178034,7.732428360958858,2566,102
1763003381506,1763003381582,76,788.7076928178034,7.732428360958858,2567,102
1763003381538,1763003381613,75,788.7076928178034,7.732428360958858,2568,102
1763003381570,1763003381644,74,788.7076928178034,7.732428360958858,2569,102
1763003381601,1763003381675,74,788.7076928178034,7.732428360958858,2570,102
1763003381632,1763003381707,75,788.7076928178034,7.732428360958858,2571,102
1763003381663,1763003381738,75,773.1684927117003,7.580083261879415,2572,102
1763003381694,1763003381769,75,773.1684927117003,7.580083261879415,2573,102
1763003381726,1763003381799,73,773.1684927117003,7.580083261879415,2574,102
1763003381756,1763003381830,74,773.1684927117003,7.580083261879415,2575,102
1763003381787,1763003381862,75,773.1684927117003,7.580083261879415,2576,102
1763003381818,1763003381893,75,773.1684927117003,7.580083261879415,2577,102
1763003381849,1763003381925,76,773.1684927117003,7.580083261879415,2578,102
1763003381881,1763003381955,74,761.2164571839369,7.462906442979773,2579,102
1763003381912,1763003381985,73,761.2164571839369,7.462906442979773,2580,102
1763003381943,1763003382017,74,761.2164571839369,7.462906442979773,2581,102
1763003381973,1763003382048,75,761.2164571839369,7.462906442979773,2582,102
1763003382004,1763003382079,75,761.2164571839369,7.462906442979773,2583,102
1763003382036,1763003382110,74,761.2164571839369,7.462906442979773,2584,102
1763003382067,1763003382143,76,731.0747328327816,7.167399341497859,2585,102
1763003382098,1763003382174,76,731.0747328327816,7.167399341497859,2586,102
1763003382129,1763003382209,80,731.0747328327816,7.167399341497859,2587,102
1763003382161,1763003382238,77,731.0747328327816,7.167399341497859,2588,102
1763003382192,1763003382268,76,731.0747328327816,7.167399341497859,2589,102
1763003382224,1763003382299,75,731.0747328327816,7.167399341497859,2590,102
1763003382256,1763003382330,74,707.2597862662253,6.933919473198287,2591,102
1763003382286,1763003382361,75,707.2597862662253,6.933919473198287,2592,102
1763003382317,1763003382393,76,707.2597862662253,6.933919473198287,2593,102
1763003382349,1763003382424,75,707.2597862662253,6.933919473198287,2594,102
1763003382380,1763003382455,75,707.2597862662253,6.933919473198287,2595,102
1763003382411,1763003382486,75,707.2597862662253,6.933919473198287,2596,102
1763003382443,1763003382517,74,707.2597862662253,6.933919473198287,2597,102
1763003382473,1763003382548,75,708.6482702953829,6.94753206171944,2598,102
1763003382504,1763003382580,76,708.6482702953829,6.94753206171944,2599,102
1763003382535,1763003382612,77,708.6482702953829,6.94753206171944,2600,102
1763003382567,1763003382643,76,708.6482702953829,6.94753206171944,2601,102
1763003382599,1763003382674,75,708.6482702953829,6.94753206171944,2602,102
1763003382630,1763003382707,77,708.6482702953829,6.94753206171944,2603,102
1763003382661,1763003382736,75,689.2219679660109,6.757078117313832,2604,102
1763003382693,1763003382766,73,689.2219679660109,6.757078117313832,2605,102
1763003382724,1763003382797,73,689.2219679660109,6.757078117313832,2606,102
1763003382753,1763003382828,75,689.2219679660109,6.757078117313832,2607,102
1763003382784,1763003382859,75,689.2219679660109,6.757078117313832,2608,102
1763003382815,1763003382890,75,689.2219679660109,6.757078117313832,2609,102
1763003382847,1763003382921,74,689.2219679660109,6.757078117313832,2610,102
1763003382877,1763003382952,75,694.2766865009446,6.806634181381811,2611,102
1763003382908,1763003382983,75,694.2766865009446,6.806634181381811,2612,102
1763003382940,1763003383014,74,694.2766865009446,6.806634181381811,2613,102
1763003382971,1763003383046,75,694.2766865009446,6.806634181381811,2614,102
1763003383001,1763003383076,75,694.2766865009446,6.806634181381811,2615,102
1763003383033,1763003383107,74,694.2766865009446,6.806634181381811,2616,102
1763003383064,1763003383138,74,694.2766865009446,6.806634181381811,2617,102
1763003383094,1763003383169,75,698.2213492007556,6.845307345105448,2618,102
1763003383125,1763003383201,76,698.2213492007556,6.845307345105448,2619,102
1763003383157,1763003383233,76,698.2213492007556,6.845307345105448,2620,102
1763003383189,1763003383264,75,698.2213492007556,6.845307345105448,2621,102
1763003383220,1763003383294,74,698.2213492007556,6.845307345105448,2622,102
1763003383251,1763003383325,74,698.2213492007556,6.845307345105448,2623,102
1763003383282,1763003383357,75,680.6321939638015,6.672864646703937,2624,102
1763003383312,1763003383388,76,680.6321939638015,6.672864646703937,2625,102
1763003383345,1763003383420,75,680.6321939638015,6.672864646703937,2626,102
1763003383375,1763003383451,76,680.6321939638015,6.672864646703937,2627,102
1763003383407,1763003383481,74,680.6321939638015,6.672864646703937,2628,102
1763003383438,1763003383513,75,680.6321939638015,6.672864646703937,2629,102
1763003383469,1763003383544,75,666.9057551710412,6.538291717363149,2630,102
1763003383500,1763003383575,75,666.9057551710412,6.538291717363149,2631,102
1763003383532,1763003383606,74,666.9057551710412,6.538291717363149,2632,102
1763003383563,1763003383638,75,666.9057551710412,6.538291717363149,2633,102
1763003383594,1763003383670,76,666.9057551710412,6.538291717363149,2634,102
1763003383625,1763003383700,75,666.9057551710412,6.538291717363149,2635,102
1763003383658,1763003383733,75,666.9057551710412,6.538291717363149,2636,102
1763003383688,1763003383764,76,676.6542638506356,6.633865331868978,2637,102
1763003383719,1763003383795,76,676.6542638506356,6.633865331868978,2638,102
1763003383751,1763003383825,74,676.6542638506356,6.633865331868978,2639,102
1763003383783,1763003383857,74,676.6542638506356,6.633865331868978,2640,102
1763003383813,1763003383888,75,676.6542638506356,6.633865331868978,2641,102
1763003383844,1763003383919,75,676.6542638506356,6.633865331868978,2642,102
1763003383876,1763003383951,75,676.6542638506356,6.633865331868978,2643,102
1763003383907,1763003383982,75,676.6542638506356,6.633865331868978,2644,102
1763003383939,1763003384012,73,676.6542638506356,6.633865331868978,2645,102
1763003383969,1763003384043,74,676.6542638506356,6.633865331868978,2646,102
1763003384000,1763003384075,75,676.6542638506356,6.633865331868978,2647,102
1763003384031,1763003384106,75,676.6542638506356,6.633865331868978,2648,102
1763003384062,1763003384137,75,676.6542638506356,6.633865331868978,2649,102
1763003384093,1763003384168,75,938.9899412549788,9.205783737793912,2650,102
1763003384125,1763003384199,74,938.9899412549788,9.205783737793912,2651,102
1763003384156,1763003384230,74,938.9899412549788,9.205783737793912,2652,102
1763003384187,1763003384261,74,938.9899412549788,9.205783737793912,2653,102
1763003384217,1763003384293,76,938.9899412549788,9.205783737793912,2654,102
1763003384249,1763003384324,75,938.9899412549788,9.205783737793912,2655,102
1763003384280,1763003384356,76,873.264963062728,8.561421206497336,2656,102
1763003384311,1763003384386,75,873.264963062728,8.561421206497336,2657,102
1763003384343,1763003384418,75,873.264963062728,8.561421206497336,2658,102
1763003384373,1763003384449,76,873.264963062728,8.561421206497336,2659,102
1763003384405,1763003384479,74,873.264963062728,8.561421206497336,2660,102
1763003384440,1763003384511,71,873.264963062728,8.561421206497336,2661,102
1763003384467,1763003384543,76,873.264963062728,8.561421206497336,2662,102
1763003384498,1763003384575,77,840.4563806718061,8.239768437958885,2663,102
1763003384531,1763003384604,73,840.4563806718061,8.239768437958885,2664,102
1763003384562,1763003384637,75,840.4563806718061,8.239768437958885,2665,102
1763003384592,1763003384667,75,840.4563806718061,8.239768437958885,2666,102
1763003384624,1763003384699,75,840.4563806718061,8.239768437958885,2667,102
1763003384655,1763003384730,75,840.4563806718061,8.239768437958885,2668,102
1763003384686,1763003384762,76,840.4563806718061,8.239768437958885,2669,102
1763003384718,1763003384794,76,840.4563806718061,8.239768437958885,2670,102
1763003384749,1763003384825,76,840.4563806718061,8.239768437958885,2671,102
1763003384781,1763003384857,76,840.4563806718061,8.239768437958885,2672,102
1763003384813,1763003384889,76,840.4563806718061,8.239768437958885,2673,102
1763003384845,1763003384921,76,840.4563806718061,8.239768437958885,2674,102
1763003384877,1763003384952,75,840.4563806718061,8.239768437958885,2675,102
1763003384908,1763003384984,76,1039.5292645963655,10.191463378395742,2676,102
1763003384940,1763003385017,77,1039.5292645963655,10.191463378395742,2677,102
1763003384972,1763003385048,76,1039.5292645963655,10.191463378395742,2678,102
1763003385004,1763003385079,75,1039.5292645963655,10.191463378395742,2679,102
1763003385036,1763003385111,75,1039.5292645963655,10.191463378395742,2680,102
1763003385067,1763003385143,76,1039.5292645963655,10.191463378395742,2681,102
1763003385099,1763003385175,76,953.1683531478997,9.344787775959801,2682,102
1763003385130,1763003385206,76,953.1683531478997,9.344787775959801,2683,102
1763003385162,1763003385238,76,953.1683531478997,9.344787775959801,2684,102
1763003385194,1763003385271,77,953.1683531478997,9.344787775959801,2685,102
1763003385225,1763003385302,77,953.1683531478997,9.344787775959801,2686,102
1763003385258,1763003385334,76,953.1683531478997,9.344787775959801,2687,102
1763003385290,1763003385365,75,953.1683531478997,9.344787775959801,2688,102
1763003385321,1763003385396,75,902.9429989868407,8.852382343008243,2689,102
1763003385353,1763003385427,74,902.9429989868407,8.852382343008243,2690,102
1763003385384,1763003385458,74,902.9429989868407,8.852382343008243,2691,102
1763003385415,1763003385489,74,902.9429989868407,8.852382343008243,2692,102
1763003385446,1763003385521,75,902.9429989868407,8.852382343008243,2693,102
1763003385477,1763003385552,75,902.9429989868407,8.852382343008243,2694,102
1763003385508,1763003385583,75,902.9429989868407,8.852382343008243,2695,102
1763003385539,1763003385614,75,864.7765131914989,8.478201109720578,2696,102
1763003385570,1763003385645,75,864.7765131914989,8.478201109720578,2697,102
1763003385602,1763003385679,77,864.7765131914989,8.478201109720578,2698,102
1763003385632,1763003385709,77,864.7765131914989,8.478201109720578,2699,102
1763003385665,1763003385741,76,864.7765131914989,8.478201109720578,2700,102
1763003385697,1763003385773,76,864.7765131914989,8.478201109720578,2701,102
1763003385728,1763003385804,76,812.9573279872416,7.970169882227859,2702,102
1763003385760,1763003385835,75,812.9573279872416,7.970169882227859,2703,102
1763003385791,1763003385865,74,812.9573279872416,7.970169882227859,2704,102
1763003385822,1763003385896,74,812.9573279872416,7.970169882227859,2705,102
1763003385853,1763003385926,73,812.9573279872416,7.970169882227859,2706,102
1763003385883,1763003385958,75,812.9573279872416,7.970169882227859,2707,102
1763003385914,1763003385989,75,812.9573279872416,7.970169882227859,2708,102
1763003385945,1763003386019,74,793.066905061806,7.775165735900059,2709,102
1763003385977,1763003386051,74,793.066905061806,7.775165735900059,2710,102
1763003386007,1763003386083,76,793.066905061806,7.775165735900059,2711,102
1763003386039,1763003386115,76,793.066905061806,7.775165735900059,2712,102
1763003386070,1763003386146,76,793.066905061806,7.775165735900059,2713,102
1763003386102,1763003386178,76,793.066905061806,7.775165735900059,2714,102
1763003386134,1763003386210,76,755.9481895241357,7.411256760040548,2715,102
1763003386165,1763003386242,77,755.9481895241357,7.411256760040548,2716,102
1763003386197,1763003386275,78,755.9481895241357,7.411256760040548,2717,102
1763003386229,1763003386306,77,755.9481895241357,7.411256760040548,2718,102
1763003386261,1763003386338,77,755.9481895241357,7.411256760040548,2719,102
1763003386293,1763003386370,77,755.9481895241357,7.411256760040548,2720,102
1763003386325,1763003386402,77,726.4388106716879,7.121949124232235,2721,102
1763003386357,1763003386435,78,726.4388106716879,7.121949124232235,2722,102
1763003386390,1763003386466,76,726.4388106716879,7.121949124232235,2723,102
1763003386422,1763003386498,76,726.4388106716879,7.121949124232235,2724,102
1763003386453,1763003386532,79,726.4388106716879,7.121949124232235,2725,102
1763003386485,1763003386562,77,726.4388106716879,7.121949124232235,2726,102
1763003386517,1763003386593,76,726.4388106716879,7.121949124232235,2727,102
1763003386550,1763003386624,74,723.8266604306334,7.096339808143465,2728,102
1763003386581,1763003386656,75,723.8266604306334,7.096339808143465,2729,102
1763003386612,1763003386687,75,723.8266604306334,7.096339808143465,2730,102
1763003386644,1763003386718,74,723.8266604306334,7.096339808143465,2731,102
1763003386674,1763003386748,74,723.8266604306334,7.096339808143465,2732,102
1763003386706,1763003386781,75,723.8266604306334,7.096339808143465,2733,102
1763003386736,1763003386812,76,701.4613283445067,6.877071846514772,2734,102
1763003386768,1763003386844,76,701.4613283445067,6.877071846514772,2735,102
1763003386799,1763003386874,75,701.4613283445067,6.877071846514772,2736,102
1763003386830,1763003386905,75,701.4613283445067,6.877071846514772,2737,102
1763003386862,1763003386937,75,701.4613283445067,6.877071846514772,2738,102
1763003386892,1763003386968,76,701.4613283445067,6.877071846514772,2739,102
1763003386924,1763003387000,76,701.4613283445067,6.877071846514772,2740,102
1763003386955,1763003387030,75,704.0317560338829,6.902272117979244,2741,102
1763003386987,1763003387062,75,704.0317560338829,6.902272117979244,2742,102
1763003387018,1763003387093,75,704.0317560338829,6.902272117979244,2743,102
1763003387049,1763003387124,75,704.0317560338829,6.902272117979244,2744,102
1763003387080,1763003387156,76,704.0317560338829,6.902272117979244,2745,102
1763003387111,1763003387187,76,704.0317560338829,6.902272117979244,2746,102
1763003387143,1763003387218,75,685.5333730710724,6.720915422265416,2747,102
1763003387174,1763003387249,75,685.5333730710724,6.720915422265416,2748,102
1763003387206,1763003387281,75,685.5333730710724,6.720915422265416,2749,102
1763003387236,1763003387312,76,685.5333730710724,6.720915422265416,2750,102
1763003387268,1763003387344,76,685.5333730710724,6.720915422265416,2751,102
1763003387299,1763003387375,76,685.5333730710724,6.720915422265416,2752,102
1763003387331,1763003387407,76,685.5333730710724,6.720915422265416,2753,102
1763003387363,1763003387438,75,691.4259648453605,6.778685929856475,2754,102
1763003387395,1763003387468,73,691.4259648453605,6.778685929856475,2755,102
1763003387426,1763003387500,74,691.4259648453605,6.778685929856475,2756,102
1763003387456,1763003387530,74,691.4259648453605,6.778685929856475,2757,102
1763003387487,1763003387561,74,691.4259648453605,6.778685929856475,2758,102
1763003387518,1763003387593,75,691.4259648453605,6.778685929856475,2759,102
1763003387549,1763003387624,75,691.4259648453605,6.778685929856475,2760,102
1763003387580,1763003387655,75,695.9859199465976,6.823391372025467,2761,102
1763003387612,1763003387687,75,695.9859199465976,6.823391372025467,2762,102
1763003387643,1763003387720,77,695.9859199465976,6.823391372025467,2763,102
1763003387675,1763003387751,76,695.9859199465976,6.823391372025467,2764,102
1763003387707,1763003387784,77,695.9859199465976,6.823391372025467,2765,102
1763003387739,1763003387814,75,695.9859199465976,6.823391372025467,2766,102
1763003387769,1763003387846,77,678.6848204375985,6.653772749388221,2767,102
1763003387801,1763003387878,77,678.6848204375985,6.653772749388221,2768,102
1763003387833,1763003387910,77,678.6848204375985,6.653772749388221,2769,102
1763003387865,1763003387942,77,678.6848204375985,6.653772749388221,2770,102
1763003387897,1763003387973,76,678.6848204375985,6.653772749388221,2771,102
1763003387929,1763003388004,75,678.6848204375985,6.653772749388221,2772,102
1763003387960,1763003388035,75,665.2811715296413,6.522364426761189,2773,102
1763003387992,1763003388068,76,665.2811715296413,6.522364426761189,2774,102
1763003388023,1763003388099,76,665.2811715296413,6.522364426761189,2775,102
1763003388055,1763003388131,76,665.2811715296413,6.522364426761189,2776,102
1763003388087,1763003388163,76,665.2811715296413,6.522364426761189,2777,102
1763003388119,1763003388197,78,665.2811715296413,6.522364426761189,2778,102
1763003388150,1763003388226,76,665.2811715296413,6.522364426761189,2779,102
1763003388182,1763003388256,74,675.4634066799463,6.6221902615681,2780,102
1763003388213,1763003388290,77,675.4634066799463,6.6221902615681,2781,102
1763003388243,1763003388320,77,675.4634066799463,6.6221902615681,2782,102
1763003388277,1763003388352,75,675.4634066799463,6.6221902615681,2783,102
1763003388308,1763003388384,76,675.4634066799463,6.6221902615681,2784,102
1763003388340,1763003388416,76,675.4634066799463,6.6221902615681,2785,102
1763003388372,1763003388448,76,662.5168717172372,6.495263448208208,2786,102
1763003388404,1763003388480,76,662.5168717172372,6.495263448208208,2787,102
1763003388436,1763003388512,76,662.5168717172372,6.495263448208208,2788,102
1763003388467,1763003388545,78,662.5168717172372,6.495263448208208,2789,102
1763003388500,1763003388576,76,662.5168717172372,6.495263448208208,2790,102
1763003388532,1763003388607,75,662.5168717172372,6.495263448208208,2791,102
1763003388563,1763003388638,75,662.5168717172372,6.495263448208208,2792,102
1763003388594,1763003388670,76,673.3283286566174,6.6012581240844845,2793,102
1763003388626,1763003388701,75,673.3283286566174,6.6012581240844845,2794,102
1763003388657,1763003388731,74,673.3283286566174,6.6012581240844845,2795,102
1763003388689,1763003388762,73,673.3283286566174,6.6012581240844845,2796,102
1763003388719,1763003388795,76,673.3283286566174,6.6012581240844845,2797,102
1763003388749,1763003388824,75,673.3283286566174,6.6012581240844845,2798,102
1763003388781,1763003388856,75,673.3283286566174,6.6012581240844845,2799,102
1763003388812,1763003388886,74,681.5033345966373,6.681405241143503,2800,102
1763003388843,1763003388917,74,681.5033345966373,6.681405241143503,2801,102
1763003388874,1763003388949,75,681.5033345966373,6.681405241143503,2802,102
1763003388905,1763003388979,74,681.5033345966373,6.681405241143503,2803,102
1763003388936,1763003389011,75,681.5033345966373,6.681405241143503,2804,102
1763003388967,1763003389042,75,681.5033345966373,6.681405241143503,2805,102
1763003388998,1763003389074,76,667.3941576735199,6.543079977191372,2806,102
1763003389029,1763003389105,76,667.3941576735199,6.543079977191372,2807,102
1763003389062,1763003389136,74,667.3941576735199,6.543079977191372,2808,102
1763003389092,1763003389167,75,667.3941576735199,6.543079977191372,2809,102
1763003389123,1763003389197,74,667.3941576735199,6.543079977191372,2810,102
1763003389154,1763003389229,75,667.3941576735199,6.543079977191372,2811,102
1763003389185,1763003389260,75,667.3941576735199,6.543079977191372,2812,102
1763003389216,1763003389291,75,676.8085378234689,6.6353778217987145,2813,102
1763003389247,1763003389323,76,676.8085378234689,6.6353778217987145,2814,102
1763003389279,1763003389355,76,676.8085378234689,6.6353778217987145,2815,102
1763003389311,1763003389386,75,676.8085378234689,6.6353778217987145,2816,102
1763003389342,1763003389417,75,676.8085378234689,6.6353778217987145,2817,102
1763003389373,1763003389448,75,676.8085378234689,6.6353778217987145,2818,102
1763003389405,1763003389478,73,663.7172131831281,6.507031501795375,2819,102
1763003389436,1763003389510,74,663.7172131831281,6.507031501795375,2820,102
1763003389466,1763003389542,76,663.7172131831281,6.507031501795375,2821,102
1763003389497,1763003389571,74,663.7172131831281,6.507031501795375,2822,102
1763003389529,1763003389603,74,663.7172131831281,6.507031501795375,2823,102
1763003389559,1763003389634,75,663.7172131831281,6.507031501795375,2824,102
1763003389590,1763003389664,74,663.7172131831281,6.507031501795375,2825,102
1763003389621,1763003389695,74,673.8743361201363,6.606611138432709,2826,102
1763003389652,1763003389727,75,673.8743361201363,6.606611138432709,2827,102
1763003389683,1763003389757,74,673.8743361201363,6.606611138432709,2828,102
1763003389713,1763003389788,75,673.8743361201363,6.606611138432709,2829,102
1763003389744,1763003389822,78,673.8743361201363,6.606611138432709,2830,102
1763003389776,1763003389851,75,673.8743361201363,6.606611138432709,2831,102
1763003389807,1763003389883,76,661.3138458877486,6.483469077330869,2832,102
1763003389839,1763003389914,75,661.3138458877486,6.483469077330869,2833,102
1763003389870,1763003389945,75,661.3138458877486,6.483469077330869,2834,102
1763003389901,1763003389978,77,661.3138458877486,6.483469077330869,2835,102
1763003389932,1763003390007,75,661.3138458877486,6.483469077330869,2836,102
1763003389965,1763003390037,72,661.3138458877486,6.483469077330869,2837,102
1763003389994,1763003390068,74,661.3138458877486,6.483469077330869,2838,102
1763003390024,1763003390100,76,671.9037628643111,6.587291792787364,2839,102
1763003390056,1763003390132,76,671.9037628643111,6.587291792787364,2840,102
1763003390087,1763003390162,75,671.9037628643111,6.587291792787364,2841,102
1763003390119,1763003390193,74,671.9037628643111,6.587291792787364,2842,102
1763003390150,1763003390224,74,671.9037628643111,6.587291792787364,2843,102
1763003390181,1763003390255,74,671.9037628643111,6.587291792787364,2844,102
1763003390212,1763003390286,74,659.8032027657202,6.468658850644316,2845,102
1763003390243,1763003390317,74,659.8032027657202,6.468658850644316,2846,102
1763003390273,1763003390348,75,659.8032027657202,6.468658850644316,2847,102
1763003390304,1763003390380,76,659.8032027657202,6.468658850644316,2848,102
1763003390335,1763003390411,76,659.8032027657202,6.468658850644316,2849,102
1763003390367,1763003390442,75,659.8032027657202,6.468658850644316,2850,102
1763003390399,1763003390474,75,650.1947590098105,6.374458421664809,2851,102
1763003390430,1763003390504,74,650.1947590098105,6.374458421664809,2852,102
1763003390461,1763003390537,76,650.1947590098105,6.374458421664809,2853,102
1763003390492,1763003390568,76,650.1947590098105,6.374458421664809,2854,102
1763003390524,1763003390600,76,650.1947590098105,6.374458421664809,2855,102
1763003390555,1763003390631,76,650.1947590098105,6.374458421664809,2856,102
1763003390587,1763003390660,73,650.1947590098105,6.374458421664809,2857,102
1763003390618,1763003390692,74,663.2748334127994,6.502694445223523,2858,102
1763003390648,1763003390723,75,663.2748334127994,6.502694445223523,2859,102
1763003390679,1763003390754,75,663.2748334127994,6.502694445223523,2860,102
1763003390711,1763003390784,73,663.2748334127994,6.502694445223523,2861,102
1763003390741,1763003390816,75,663.2748334127994,6.502694445223523,2862,102
1763003390772,1763003390847,75,663.2748334127994,6.502694445223523,2863,102
1763003390804,1763003390879,75,653.0198667302395,6.402155556178818,2864,102
1763003390834,1763003390910,76,653.0198667302395,6.402155556178818,2865,102
1763003390866,1763003390941,75,653.0198667302395,6.402155556178818,2866,102
1763003390897,1763003390972,75,653.0198667302395,6.402155556178818,2867,102
1763003390928,1763003391003,75,653.0198667302395,6.402155556178818,2868,102
1763003390960,1763003391034,74,653.0198667302395,6.402155556178818,2869,102
1763003390991,1763003391065,74,653.0198667302395,6.402155556178818,2870,102
1763003391022,1763003391096,74,665.4598139172707,6.524115822718339,2871,102
1763003391053,1763003391126,73,665.4598139172707,6.524115822718339,2872,102
1763003391083,1763003391157,74,665.4598139172707,6.524115822718339,2873,102
1763003391114,1763003391188,74,665.4598139172707,6.524115822718339,2874,102
1763003391145,1763003391219,74,665.4598139172707,6.524115822718339,2875,102
1763003391176,1763003391251,75,665.4598139172707,6.524115822718339,2876,102
1763003391207,1763003391282,75,665.4598139172707,6.524115822718339,2877,102
1763003391239,1763003391314,75,675.2649315059821,6.620244426529235,2878,102
1763003391270,1763003391346,76,675.2649315059821,6.620244426529235,2879,102
1763003391301,1763003391376,75,675.2649315059821,6.620244426529235,2880,102
1763003391333,1763003391407,74,675.2649315059821,6.620244426529235,2881,102
1763003391364,1763003391438,74,675.2649315059821,6.620244426529235,2882,102
1763003391395,1763003391469,74,675.2649315059821,6.620244426529235,2883,102
1763003391426,1763003391501,75,662.3588854787617,6.493714563517271,2884,102
1763003391457,1763003391533,76,662.3588854787617,6.493714563517271,2885,102
1763003391489,1763003391564,75,662.3588854787617,6.493714563517271,2886,102
1763003391521,1763003391595,74,662.3588854787617,6.493714563517271,2887,102
1763003391551,1763003391626,75,662.3588854787617,6.493714563517271,2888,102
1763003391583,1763003391657,74,662.3588854787617,6.493714563517271,2889,102
1763003391614,1763003391689,75,662.3588854787617,6.493714563517271,2890,102
1763003391645,1763003391721,76,662.3588854787617,6.493714563517271,2891,102
1763003391676,1763003391752,76,662.3588854787617,6.493714563517271,2892,102
1763003391708,1763003391784,76,662.3588854787617,6.493714563517271,2893,102
1763003391739,1763003391816,77,662.3588854787617,6.493714563517271,2894,102
1763003391771,1763003391848,77,662.3588854787617,6.493714563517271,2895,102
1763003391803,1763003391880,77,662.3588854787617,6.493714563517271,2896,102
1763003391835,1763003391912,77,934.4517424324695,9.161291592475191,2897,102
1763003391867,1763003391944,77,934.4517424324695,9.161291592475191,2898,102
1763003391899,1763003391976,77,934.4517424324695,9.161291592475191,2899,102
1763003391932,1763003392008,76,934.4517424324695,9.161291592475191,2900,102
1763003391963,1763003392040,77,934.4517424324695,9.161291592475191,2901,102
1763003391996,1763003392072,76,934.4517424324695,9.161291592475191,2902,102
1763003392027,1763003392103,76,868.6715869762457,8.516388107610252,2903,102
1763003392060,1763003392134,74,868.6715869762457,8.516388107610252,2904,102
1763003392090,1763003392166,76,868.6715869762457,8.516388107610252,2905,102
1763003392121,1763003392197,76,868.6715869762457,8.516388107610252,2906,102
1763003392154,1763003392230,76,868.6715869762457,8.516388107610252,2907,102
1763003392185,1763003392262,77,868.6715869762457,8.516388107610252,2908,102
1763003392217,1763003392294,77,868.6715869762457,8.516388107610252,2909,102
1763003392249,1763003392324,75,836.4998968851867,8.20097938122732,2910,102
1763003392281,1763003392355,74,836.4998968851867,8.20097938122732,2911,102
1763003392312,1763003392387,75,836.4998968851867,8.20097938122732,2912,102
1763003392343,1763003392419,76,836.4998968851867,8.20097938122732,2913,102
1763003392375,1763003392450,75,836.4998968851867,8.20097938122732,2914,102
1763003392407,1763003392481,74,836.4998968851867,8.20097938122732,2915,102
1763003392438,1763003392513,75,791.3754176112642,7.758582525600628,2916,102
1763003392468,1763003392544,76,791.3754176112642,7.758582525600628,2917,102
1763003392500,1763003392575,75,791.3754176112642,7.758582525600628,2918,102
1763003392532,1763003392607,75,791.3754176112642,7.758582525600628,2919,102
1763003392563,1763003392639,76,791.3754176112642,7.758582525600628,2920,102
1763003392595,1763003392671,76,791.3754176112642,7.758582525600628,2921,102
1763003392627,1763003392702,75,791.3754176112642,7.758582525600628,2922,102
1763003392658,1763003392733,75,775.2813307481213,7.600797360275697,2923,102
1763003392689,1763003392765,76,775.2813307481213,7.600797360275697,2924,102
1763003392721,1763003392796,75,775.2813307481213,7.600797360275697,2925,102
1763003392752,1763003392827,75,775.2813307481213,7.600797360275697,2926,102
1763003392784,1763003392858,74,775.2813307481213,7.600797360275697,2927,102
1763003392814,1763003392889,75,775.2813307481213,7.600797360275697,2928,102
1763003392846,1763003392920,74,775.2813307481213,7.600797360275697,2929,102
1763003392876,1763003392951,75,762.8412206062526,7.47883549613973,2930,102
1763003392908,1763003392982,74,762.8412206062526,7.47883549613973,2931,102
1763003392939,1763003393014,75,762.8412206062526,7.47883549613973,2932,102
1763003392970,1763003393045,75,762.8412206062526,7.47883549613973,2933,102
1763003393001,1763003393076,75,762.8412206062526,7.47883549613973,2934,102
1763003393033,1763003393108,75,762.8412206062526,7.47883549613973,2935,102
1763003393064,1763003393139,75,732.2204528231833,7.1786318904233655,2936,102
1763003393095,1763003393170,75,732.2204528231833,7.1786318904233655,2937,102
1763003393126,1763003393203,77,732.2204528231833,7.1786318904233655,2938,102
1763003393158,1763003393233,75,732.2204528231833,7.1786318904233655,2939,102
1763003393190,1763003393265,75,732.2204528231833,7.1786318904233655,2940,102
1763003393221,1763003393295,74,732.2204528231833,7.1786318904233655,2941,102
1763003393252,1763003393327,75,708.1763622585466,6.942905512338692,2942,102
1763003393283,1763003393357,74,708.1763622585466,6.942905512338692,2943,102
1763003393314,1763003393389,75,708.1763622585466,6.942905512338692,2944,102
1763003393344,1763003393420,76,708.1763622585466,6.942905512338692,2945,102
1763003393376,1763003393451,75,708.1763622585466,6.942905512338692,2946,102
1763003393407,1763003393483,76,708.1763622585466,6.942905512338692,2947,102
1763003393439,1763003393514,75,708.1763622585466,6.942905512338692,2948,102
1763003393470,1763003393546,76,709.3760316332861,6.954666976796921,2949,102
1763003393501,1763003393577,76,709.3760316332861,6.954666976796921,2950,102
1763003393533,1763003393608,75,709.3760316332861,6.954666976796921,2951,102
1763003393565,1763003393639,74,709.3760316332861,6.954666976796921,2952,102
1763003393595,1763003393670,75,709.3760316332861,6.954666976796921,2953,102
1763003393627,1763003393701,74,709.3760316332861,6.954666976796921,2954,102
1763003393657,1763003393732,75,709.3760316332861,6.954666976796921,2955,102
1763003393688,1763003393763,75,710.314697211729,6.963869580507146,2956,102
1763003393720,1763003393795,75,710.314697211729,6.963869580507146,2957,102
1763003393751,1763003393826,75,710.314697211729,6.963869580507146,2958,102
1763003393782,1763003393857,75,710.314697211729,6.963869580507146,2959,102
1763003393813,1763003393889,76,710.314697211729,6.963869580507146,2960,102
1763003393844,1763003393920,76,710.314697211729,6.963869580507146,2961,102
1763003393876,1763003393951,75,690.356813677748,6.768204055664196,2962,102
1763003393908,1763003393982,74,690.356813677748,6.768204055664196,2963,102
1763003393938,1763003394013,75,690.356813677748,6.768204055664196,2964,102
1763003393969,1763003394044,75,690.356813677748,6.768204055664196,2965,102
1763003394001,1763003394085,84,690.356813677748,6.768204055664196,2966,102
1763003394032,1763003394110,78,690.356813677748,6.768204055664196,2967,102
1763003394072,1763003394139,67,674.6854509421985,6.6145632445313565,2968,102
1763003394098,1763003394170,72,674.6854509421985,6.6145632445313565,2969,102
1763003394126,1763003394203,77,674.6854509421985,6.6145632445313565,2970,102
1763003394158,1763003394235,77,674.6854509421985,6.6145632445313565,2971,102
1763003394190,1763003394266,76,674.6854509421985,6.6145632445313565,2972,102
1763003394222,1763003394297,75,674.6854509421985,6.6145632445313565,2973,102
1763003394254,1763003394327,73,674.6854509421985,6.6145632445313565,2974,102
1763003394284,1763003394358,74,682.8235625971633,6.694348652913366,2975,102
1763003394315,1763003394390,75,682.8235625971633,6.694348652913366,2976,102
1763003394346,1763003394422,76,682.8235625971633,6.694348652913366,2977,102
1763003394377,1763003394452,75,682.8235625971633,6.694348652913366,2978,102
1763003394409,1763003394483,74,682.8235625971633,6.694348652913366,2979,102
1763003394440,1763003394515,75,682.8235625971633,6.694348652913366,2980,102
1763003394471,1763003394547,76,668.5172029525363,6.554090225024866,2981,102
1763003394502,1763003394577,75,668.5172029525363,6.554090225024866,2982,102
1763003394534,1763003394608,74,668.5172029525363,6.554090225024866,2983,102
1763003394565,1763003394639,74,668.5172029525363,6.554090225024866,2984,102
1763003394596,1763003394671,75,668.5172029525363,6.554090225024866,2985,102
1763003394627,1763003394702,75,668.5172029525363,6.554090225024866,2986,102
1763003394658,1763003394733,75,668.5172029525363,6.554090225024866,2987,102
1763003394690,1763003394765,75,677.8411763472664,6.645501728894768,2988,102
1763003394721,1763003394796,75,677.8411763472664,6.645501728894768,2989,102
1763003394752,1763003394828,76,677.8411763472664,6.645501728894768,2990,102
1763003394783,1763003394858,75,677.8411763472664,6.645501728894768,2991,102
1763003394814,1763003394890,76,677.8411763472664,6.645501728894768,2992,102
1763003394846,1763003394921,75,677.8411763472664,6.645501728894768,2993,102
1763003394877,1763003394951,74,677.8411763472664,6.645501728894768,2994,102
1763003394909,1763003394982,73,685.1452587251185,6.717110379658025,2995,102
1763003394939,1763003395015,76,685.1452587251185,6.717110379658025,2996,102
1763003394970,1763003395046,76,685.1452587251185,6.717110379658025,2997,102
1763003395002,1763003395078,76,685.1452587251185,6.717110379658025,2998,102
1763003395033,1763003395108,75,685.1452587251185,6.717110379658025,2999,102
1763003395065,1763003395140,75,685.1452587251185,6.717110379658025,3000,102
1763003395096,1763003395170,74,670.2967712039194,6.571536972587446,3001,102
1763003395127,1763003395202,75,670.2967712039194,6.571536972587446,3002,102
1763003395158,1763003395234,76,670.2967712039194,6.571536972587446,3003,102
1763003395190,1763003395266,76,670.2967712039194,6.571536972587446,3004,102
1763003395222,1763003395297,75,670.2967712039194,6.571536972587446,3005,102
1763003395254,1763003395329,75,670.2967712039194,6.571536972587446,3006,102
1763003395285,1763003395360,75,658.5208234207278,6.456086504124782,3007,102
1763003395317,1763003395394,77,658.5208234207278,6.456086504124782,3008,102
1763003395348,1763003395425,77,658.5208234207278,6.456086504124782,3009,102
1763003395380,1763003395456,76,658.5208234207278,6.456086504124782,3010,102
1763003395412,1763003395488,76,658.5208234207278,6.456086504124782,3011,102
1763003395444,1763003395520,76,658.5208234207278,6.456086504124782,3012,102
1763003395476,1763003395551,75,658.5208234207278,6.456086504124782,3013,102
1763003395507,1763003395583,76,670.2269296789542,6.570852251754453,3014,102
1763003395539,1763003395615,76,670.2269296789542,6.570852251754453,3015,102
1763003395571,1763003395647,76,670.2269296789542,6.570852251754453,3016,102
1763003395603,1763003395679,76,670.2269296789542,6.570852251754453,3017,102
1763003395635,1763003395712,77,670.2269296789542,6.570852251754453,3018,102
1763003395667,1763003395743,76,670.2269296789542,6.570852251754453,3019,102
1763003395699,1763003395774,75,658.4068629541265,6.454969244648299,3020,102
1763003395731,1763003395806,75,658.4068629541265,6.454969244648299,3021,102
1763003395761,1763003395838,77,658.4068629541265,6.454969244648299,3022,102
1763003395794,1763003395869,75,658.4068629541265,6.454969244648299,3023,102
1763003395826,1763003395901,75,658.4068629541265,6.454969244648299,3024,102
1763003395856,1763003395931,75,658.4068629541265,6.454969244648299,3025,102
1763003395889,1763003395962,73,658.4068629541265,6.454969244648299,3026,102
1763003395919,1763003395993,74,669.9146423226223,6.567790611006101,3027,102
1763003395950,1763003396024,74,669.9146423226223,6.567790611006101,3028,102
1763003395981,1763003396055,74,669.9146423226223,6.567790611006101,3029,102
1763003396011,1763003396087,76,669.9146423226223,6.567790611006101,3030,102
1763003396042,1763003396119,77,669.9146423226223,6.567790611006101,3031,102
1763003396074,1763003396150,76,669.9146423226223,6.567790611006101,3032,102
1763003396106,1763003396181,75,658.2737992157752,6.453664698193875,3033,102
1763003396138,1763003396213,75,658.2737992157752,6.453664698193875,3034,102
1763003396168,1763003396243,75,658.2737992157752,6.453664698193875,3035,102
1763003396200,1763003396274,74,658.2737992157752,6.453664698193875,3036,102
1763003396231,1763003396306,75,658.2737992157752,6.453664698193875,3037,102
1763003396262,1763003396337,75,658.2737992157752,6.453664698193875,3038,102
1763003396294,1763003396368,74,658.2737992157752,6.453664698193875,3039,102
1763003396325,1763003396399,74,669.6976703765413,6.56566343506413,3040,102
1763003396356,1763003396430,74,669.6976703765413,6.56566343506413,3041,102
1763003396386,1763003396462,76,669.6976703765413,6.56566343506413,3042,102
1763003396418,1763003396493,75,669.6976703765413,6.56566343506413,3043,102
1763003396449,1763003396525,76,669.6976703765413,6.56566343506413,3044,102
1763003396480,1763003396556,76,669.6976703765413,6.56566343506413,3045,102
1763003396512,1763003396588,76,658.0427409604799,6.451399421181176,3046,102
1763003396543,1763003396618,75,658.0427409604799,6.451399421181176,3047,102
1763003396575,1763003396649,74,658.0427409604799,6.451399421181176,3048,102
1763003396605,1763003396680,75,658.0427409604799,6.451399421181176,3049,102
1763003396636,1763003396711,75,658.0427409604799,6.451399421181176,3050,102
1763003396668,1763003396742,74,658.0427409604799,6.451399421181176,3051,102
1763003396699,1763003396773,74,658.0427409604799,6.451399421181176,3052,102
1763003396730,1763003396806,76,669.458021804542,6.563313939260215,3053,102
1763003396761,1763003396836,75,669.458021804542,6.563313939260215,3054,102
1763003396793,1763003396867,74,669.458021804542,6.563313939260215,3055,102
1763003396824,1763003396898,74,669.458021804542,6.563313939260215,3056,102
1763003396855,1763003396933,78,669.458021804542,6.563313939260215,3057,102
1763003396886,1763003396961,75,669.458021804542,6.563313939260215,3058,102
1763003396918,1763003396991,73,669.458021804542,6.563313939260215,3059,102
1763003396948,1763003397022,74,678.4555014000246,6.651524523529652,3060,102
1763003396979,1763003397053,74,678.4555014000246,6.651524523529652,3061,102
1763003397010,1763003397085,75,678.4555014000246,6.651524523529652,3062,102
1763003397041,1763003397116,75,678.4555014000246,6.651524523529652,3063,102
1763003397072,1763003397147,75,678.4555014000246,6.651524523529652,3064,102
1763003397104,1763003397178,74,678.4555014000246,6.651524523529652,3065,102
1763003397135,1763003397211,76,664.8985791144196,6.518613520729603,3066,102
1763003397166,1763003397242,76,664.8985791144196,6.518613520729603,3067,102
1763003397198,1763003397273,75,664.8985791144196,6.518613520729603,3068,102
1763003397229,1763003397305,76,664.8985791144196,6.518613520729603,3069,102
1763003397260,1763003397337,77,664.8985791144196,6.518613520729603,3070,102
1763003397292,1763003397368,76,664.8985791144196,6.518613520729603,3071,102
1763003397324,1763003397398,74,654.3188632915356,6.414890816583682,3072,102
1763003397355,1763003397430,75,654.3188632915356,6.414890816583682,3073,102
1763003397386,1763003397461,75,654.3188632915356,6.414890816583682,3074,102
1763003397417,1763003397492,75,654.3188632915356,6.414890816583682,3075,102
1763003397449,1763003397524,75,654.3188632915356,6.414890816583682,3076,102
1763003397480,1763003397555,75,654.3188632915356,6.414890816583682,3077,102
1763003397511,1763003397586,75,654.3188632915356,6.414890816583682,3078,102
1763003397542,1763003397616,74,666.5534963167709,6.534838199184027,3079,102
1763003397573,1763003397646,73,666.5534963167709,6.534838199184027,3080,102
1763003397604,1763003397678,74,666.5534963167709,6.534838199184027,3081,102
1763003397634,1763003397709,75,666.5534963167709,6.534838199184027,3082,102
1763003397666,1763003397740,74,666.5534963167709,6.534838199184027,3083,102
1763003397696,1763003397771,75,666.5534963167709,6.534838199184027,3084,102
1763003397727,1763003397802,75,666.5534963167709,6.534838199184027,3085,102
1763003397759,1763003397834,75,676.1376900607831,6.628800882948854,3086,102
1763003397790,1763003397867,77,676.1376900607831,6.628800882948854,3087,102
1763003397821,1763003397898,77,676.1376900607831,6.628800882948854,3088,102
1763003397853,1763003397929,76,676.1376900607831,6.628800882948854,3089,102
1763003397885,1763003397962,77,676.1376900607831,6.628800882948854,3090,102
1763003397917,1763003397992,75,676.1376900607831,6.628800882948854,3091,102
1763003397947,1763003398023,76,662.9894635983226,6.499896701944339,3092,102
1763003397980,1763003398054,74,662.9894635983226,6.499896701944339,3093,102
1763003398011,1763003398085,74,662.9894635983226,6.499896701944339,3094,102
1763003398041,1763003398117,76,662.9894635983226,6.499896701944339,3095,102
1763003398073,1763003398147,74,662.9894635983226,6.499896701944339,3096,102
1763003398104,1763003398177,73,662.9894635983226,6.499896701944339,3097,102
1763003398135,1763003398209,74,662.9894635983226,6.499896701944339,3098,102
1763003398165,1763003398240,75,673.2935919514614,6.600917568151583,3099,102
1763003398196,1763003398271,75,673.2935919514614,6.600917568151583,3100,102
1763003398227,1763003398302,75,673.2935919514614,6.600917568151583,3101,102
1763003398258,1763003398335,77,673.2935919514614,6.600917568151583,3102,102
1763003398290,1763003398364,74,673.2935919514614,6.600917568151583,3103,102
1763003398320,1763003398396,76,673.2935919514614,6.600917568151583,3104,102
1763003398352,1763003398427,75,660.9122863772662,6.4795322193849625,3105,102
1763003398383,1763003398458,75,660.9122863772662,6.4795322193849625,3106,102
1763003398414,1763003398490,76,660.9122863772662,6.4795322193849625,3107,102
1763003398446,1763003398520,74,660.9122863772662,6.4795322193849625,3108,102
1763003398477,1763003398552,75,660.9122863772662,6.4795322193849625,3109,102
1763003398508,1763003398584,76,660.9122863772662,6.4795322193849625,3110,102
1763003398540,1763003398616,76,651.0809168154358,6.383146243288585,3111,102
1763003398572,1763003398648,76,651.0809168154358,6.383146243288585,3112,102
1763003398603,1763003398679,76,651.0809168154358,6.383146243288585,3113,102
1763003398635,1763003398711,76,651.0809168154358,6.383146243288585,3114,102
1763003398667,1763003398743,76,651.0809168154358,6.383146243288585,3115,102
1763003398699,1763003398774,75,651.0809168154358,6.383146243288585,3116,102
1763003398731,1763003398805,74,651.0809168154358,6.383146243288585,3117,102
1763003398762,1763003398838,76,664.2310052010097,6.5120686784412705,3118,102
1763003398793,1763003398868,75,664.2310052010097,6.5120686784412705,3119,102
1763003398825,1763003398898,73,664.2310052010097,6.5120686784412705,3120,102
1763003398855,1763003398930,75,664.2310052010097,6.5120686784412705,3121,102
1763003398886,1763003398964,78,664.2310052010097,6.5120686784412705,3122,102
1763003398918,1763003398994,76,664.2310052010097,6.5120686784412705,3123,102
1763003398950,1763003399026,76,653.7325731556067,6.4091428740745755,3124,102
1763003398982,1763003399058,76,653.7325731556067,6.4091428740745755,3125,102
1763003399014,1763003399090,76,653.7325731556067,6.4091428740745755,3126,102
1763003399046,1763003399122,76,653.7325731556067,6.4091428740745755,3127,102
1763003399078,1763003399154,76,653.7325731556067,6.4091428740745755,3128,102
1763003399110,1763003399186,76,653.7325731556067,6.4091428740745755,3129,102
1763003399141,1763003399216,75,653.7325731556067,6.4091428740745755,3130,102
1763003399173,1763003399248,75,666.4490002197737,6.53381372764484,3131,102
1763003399204,1763003399280,76,666.4490002197737,6.53381372764484,3132,102
1763003399236,1763003399312,76,666.4490002197737,6.53381372764484,3133,102
1763003399268,1763003399343,75,666.4490002197737,6.53381372764484,3134,102
1763003399300,1763003399377,77,666.4490002197737,6.53381372764484,3135,102
1763003399332,1763003399408,76,666.4490002197737,6.53381372764484,3136,102
1763003399364,1763003399440,76,655.3958531751596,6.425449540932937,3137,102
1763003399396,1763003399471,75,655.3958531751596,6.425449540932937,3138,102
1763003399427,1763003399502,75,655.3958531751596,6.425449540932937,3139,102
1763003399459,1763003399534,75,655.3958531751596,6.425449540932937,3140,102
1763003399490,1763003399565,75,655.3958531751596,6.425449540932937,3141,102
1763003399521,1763003399596,75,655.3958531751596,6.425449540932937,3142,102
1763003399552,1763003399627,75,655.3958531751596,6.425449540932937,3143,102
1763003399584,1763003399660,76,667.5269115679015,6.5443814859598195,3144,102
1763003399615,1763003399690,75,667.5269115679015,6.5443814859598195,3145,102
1763003399647,1763003399722,75,667.5269115679015,6.5443814859598195,3146,102
1763003399678,1763003399753,75,667.5269115679015,6.5443814859598195,3147,102
1763003399710,1763003399784,74,667.5269115679015,6.5443814859598195,3148,102
1763003399740,1763003399816,76,667.5269115679015,6.5443814859598195,3149,102
1763003399771,1763003399846,75,656.4215292543212,6.435505188767856,3150,102
1763003399803,1763003399879,76,656.4215292543212,6.435505188767856,3151,102
1763003399834,1763003399908,74,656.4215292543212,6.435505188767856,3152,102
1763003399866,1763003399940,74,656.4215292543212,6.435505188767856,3153,102
1763003399896,1763003399972,76,656.4215292543212,6.435505188767856,3154,102
1763003399927,1763003400002,75,656.4215292543212,6.435505188767856,3155,102
1763003399959,1763003400034,75,656.4215292543212,6.435505188767856,3156,102
1763003399989,1763003400065,76,668.282694227931,6.551791119881678,3157,102
1763003400022,1763003400096,74,668.282694227931,6.551791119881678,3158,102
1763003400052,1763003400127,75,668.282694227931,6.551791119881678,3159,102
1763003400084,1763003400159,75,668.282694227931,6.551791119881678,3160,102
1763003400114,1763003400189,75,668.282694227931,6.551791119881678,3161,102
1763003400146,1763003400221,75,668.282694227931,6.551791119881678,3162,102
1763003400177,1763003400252,75,668.282694227931,6.551791119881678,3163,102
1763003400209,1763003400283,74,677.563307299661,6.642777522545697,3164,102
1763003400240,1763003400314,74,677.563307299661,6.642777522545697,3165,102
1763003400271,1763003400345,74,677.563307299661,6.642777522545697,3166,102
1763003400301,1763003400376,75,677.563307299661,6.642777522545697,3167,102
1763003400332,1763003400407,75,677.563307299661,6.642777522545697,3168,102
1763003400364,1763003400438,74,677.563307299661,6.642777522545697,3169,102
1763003400395,1763003400470,75,664.3195192251295,6.512936462991466,3170,102
1763003400425,1763003400503,78,664.3195192251295,6.512936462991466,3171,102
1763003400457,1763003400534,77,664.3195192251295,6.512936462991466,3172,102
1763003400489,1763003400563,74,664.3195192251295,6.512936462991466,3173,102
1763003400521,1763003400594,73,664.3195192251295,6.512936462991466,3174,102
1763003400551,1763003400624,73,664.3195192251295,6.512936462991466,3175,102
1763003400581,1763003400655,74,664.3195192251295,6.512936462991466,3176,102
1763003400612,1763003400686,74,674.3052958608785,6.610836233930182,3177,102
1763003400643,1763003400717,74,674.3052958608785,6.610836233930182,3178,102
1763003400674,1763003400749,75,674.3052958608785,6.610836233930182,3179,102
1763003400705,1763003400780,75,674.3052958608785,6.610836233930182,3180,102
1763003400736,1763003400812,76,674.3052958608785,6.610836233930182,3181,102
1763003400767,1763003400844,77,674.3052958608785,6.610836233930182,3182,102
1763003400799,1763003400875,76,661.5950155052592,6.486225642208424,3183,102
1763003400831,1763003400906,75,661.5950155052592,6.486225642208424,3184,102
1763003400863,1763003400937,74,661.5950155052592,6.486225642208424,3185,102
1763003400894,1763003400969,75,661.5950155052592,6.486225642208424,3186,102
1763003400924,1763003401000,76,661.5950155052592,6.486225642208424,3187,102
1763003400956,1763003401031,75,661.5950155052592,6.486225642208424,3188,102
1763003400987,1763003401062,75,661.5950155052592,6.486225642208424,3189,102
1763003401019,1763003401093,74,672.2332273576916,6.590521836840114,3190,102
1763003401050,1763003401124,74,672.2332273576916,6.590521836840114,3191,102
1763003401081,1763003401156,75,672.2332273576916,6.590521836840114,3192,102
1763003401112,1763003401187,75,672.2332273576916,6.590521836840114,3193,102
1763003401144,1763003401219,75,672.2332273576916,6.590521836840114,3194,102
1763003401175,1763003401250,75,672.2332273576916,6.590521836840114,3195,102
1763003401206,1763003401282,76,659.9456489767225,6.470055382124731,3196,102
1763003401238,1763003401314,76,659.9456489767225,6.470055382124731,3197,102
1763003401270,1763003401345,75,659.9456489767225,6.470055382124731,3198,102
1763003401302,1763003401377,75,659.9456489767225,6.470055382124731,3199,102
1763003401333,1763003401409,76,659.9456489767225,6.470055382124731,3200,102
1763003401365,1763003401440,75,659.9456489767225,6.470055382124731,3201,102
1763003401397,1763003401472,75,650.2606278834246,6.375104194935536,3202,102
1763003401428,1763003401502,74,650.2606278834246,6.375104194935536,3203,102
1763003401459,1763003401533,74,650.2606278834246,6.375104194935536,3204,102
1763003401490,1763003401564,74,650.2606278834246,6.375104194935536,3205,102
1763003401521,1763003401595,74,650.2606278834246,6.375104194935536,3206,102
1763003401552,1763003401627,75,650.2606278834246,6.375104194935536,3207,102
1763003401583,1763003401658,75,650.2606278834246,6.375104194935536,3208,102
1763003401614,1763003401690,76,663.4546779115557,6.504457626583879,3209,102
1763003401646,1763003401722,76,663.4546779115557,6.504457626583879,3210,102
1763003401678,1763003401754,76,663.4546779115557,6.504457626583879,3211,102
1763003401710,1763003401785,75,663.4546779115557,6.504457626583879,3212,102
1763003401741,1763003401816,75,663.4546779115557,6.504457626583879,3213,102
1763003401773,1763003401849,76,663.4546779115557,6.504457626583879,3214,102
1763003401804,1763003401880,76,653.112287651333,6.40306164364052,3215,102
1763003401836,1763003401912,76,653.112287651333,6.40306164364052,3216,102
1763003401867,1763003401944,77,653.112287651333,6.40306164364052,3217,102
1763003401899,1763003401976,77,653.112287651333,6.40306164364052,3218,102
1763003401932,1763003402008,76,653.112287651333,6.40306164364052,3219,102
1763003401963,1763003402040,77,653.112287651333,6.40306164364052,3220,102
1763003401995,1763003402072,77,653.112287651333,6.40306164364052,3221,102
1763003402027,1763003402104,77,666.0204826692503,6.52961257518873,3222,102
1763003402060,1763003402135,75,666.0204826692503,6.52961257518873,3223,102
1763003402091,1763003402167,76,666.0204826692503,6.52961257518873,3224,102
1763003402123,1763003402197,74,666.0204826692503,6.52961257518873,3225,102
1763003402154,1763003402229,75,666.0204826692503,6.52961257518873,3226,102
1763003402185,1763003402260,75,666.0204826692503,6.52961257518873,3227,102
1763003402216,1763003402291,75,655.2163861354003,6.423690060150983,3228,102
1763003402247,1763003402322,75,655.2163861354003,6.423690060150983,3229,102
1763003402279,1763003402356,77,655.2163861354003,6.423690060150983,3230,102
1763003402309,1763003402385,76,655.2163861354003,6.423690060150983,3231,102
1763003402343,1763003402415,72,655.2163861354003,6.423690060150983,3232,102
1763003402372,1763003402447,75,655.2163861354003,6.423690060150983,3233,102
1763003402403,1763003402479,76,655.2163861354003,6.423690060150983,3234,102
1763003402434,1763003402511,77,667.3258105915078,6.542409907759881,3235,102
1763003402467,1763003402542,75,667.3258105915078,6.542409907759881,3236,102
1763003402498,1763003402573,75,667.3258105915078,6.542409907759881,3237,102
1763003402529,1763003402605,76,667.3258105915078,6.542409907759881,3238,102
1763003402562,1763003402637,75,667.3258105915078,6.542409907759881,3239,102
1763003402594,1763003402670,76,667.3258105915078,6.542409907759881,3240,102
1763003402625,1763003402702,77,656.0393452308402,6.431758286576865,3241,102
1763003402658,1763003402734,76,656.0393452308402,6.431758286576865,3242,102
1763003402690,1763003402766,76,656.0393452308402,6.431758286576865,3243,102
1763003402722,1763003402798,76,656.0393452308402,6.431758286576865,3244,102
1763003402753,1763003402830,77,656.0393452308402,6.431758286576865,3245,102
1763003402785,1763003402862,77,656.0393452308402,6.431758286576865,3246,102
1763003402817,1763003402895,78,656.0393452308402,6.431758286576865,3247,102
1763003402849,1763003402926,77,668.3270040419021,6.55222552982257,3248,102
1763003402882,1763003402958,76,668.3270040419021,6.55222552982257,3249,102
1763003402914,1763003402990,76,668.3270040419021,6.55222552982257,3250,102
1763003402946,1763003403022,76,668.3270040419021,6.55222552982257,3251,102
1763003402977,1763003403054,77,668.3270040419021,6.55222552982257,3252,102
1763003403010,1763003403085,75,668.3270040419021,6.55222552982257,3253,102
1763003403041,1763003403117,76,656.892622221396,6.440123747268588,3254,102
1763003403073,1763003403147,74,656.892622221396,6.440123747268588,3255,102
1763003403104,1763003403178,74,656.892622221396,6.440123747268588,3256,102
1763003403135,1763003403212,77,656.892622221396,6.440123747268588,3257,102
1763003403165,1763003403242,77,656.892622221396,6.440123747268588,3258,102
1763003403197,1763003403273,76,656.892622221396,6.440123747268588,3259,102
1763003403229,1763003403305,76,656.892622221396,6.440123747268588,3260,102
1763003403261,1763003403337,76,668.8280641771242,6.557137884089453,3261,102
1763003403293,1763003403369,76,668.8280641771242,6.557137884089453,3262,102
1763003403325,1763003403400,75,668.8280641771242,6.557137884089453,3263,102
1763003403357,1763003403431,74,668.8280641771242,6.557137884089453,3264,102
1763003403388,1763003403464,76,668.8280641771242,6.557137884089453,3265,102
1763003403419,1763003403495,76,668.8280641771242,6.557137884089453,3266,102
1763003403451,1763003403527,76,657.4056232775223,6.445153169387473,3267,102
1763003403482,1763003403559,77,657.4056232775223,6.445153169387473,3268,102
1763003403514,1763003403590,76,657.4056232775223,6.445153169387473,3269,102
1763003403546,1763003403623,77,657.4056232775223,6.445153169387473,3270,102
1763003403578,1763003403653,75,657.4056232775223,6.445153169387473,3271,102
1763003403611,1763003403684,73,657.4056232775223,6.445153169387473,3272,102
1763003403640,1763003403717,77,657.4056232775223,6.445153169387473,3273,102
1763003403672,1763003403747,75,669.1772536357977,6.5605613101548785,3274,102
1763003403704,1763003403779,75,669.1772536357977,6.5605613101548785,3275,102
1763003403734,1763003403811,77,669.1772536357977,6.5605613101548785,3276,102
1763003403766,1763003403842,76,669.1772536357977,6.5605613101548785,3277,102
1763003403798,1763003403873,75,669.1772536357977,6.5605613101548785,3278,102
1763003403830,1763003403904,74,669.1772536357977,6.5605613101548785,3279,102
1763003403861,1763003403935,74,657.6846256550024,6.447888486813748,3280,102
1763003403891,1763003403966,75,657.6846256550024,6.447888486813748,3281,102
1763003403923,1763003403996,73,657.6846256550024,6.447888486813748,3282,102
1763003403953,1763003404028,75,657.6846256550024,6.447888486813748,3283,102
1763003403984,1763003404059,75,657.6846256550024,6.447888486813748,3284,102
1763003404015,1763003404091,76,657.6846256550024,6.447888486813748,3285,102
1763003404046,1763003404121,75,657.6846256550024,6.447888486813748,3286,102
1763003404078,1763003404152,74,669.1729620213819,6.560519235503744,3287,102
1763003404109,1763003404184,75,669.1729620213819,6.560519235503744,3288,102
1763003404140,1763003404214,74,669.1729620213819,6.560519235503744,3289,102
1763003404171,1763003404244,73,669.1729620213819,6.560519235503744,3290,102
1763003404202,1763003404277,75,669.1729620213819,6.560519235503744,3291,102
1763003404233,1763003404308,75,669.1729620213819,6.560519235503744,3292,102
1763003404264,1763003404339,75,669.1729620213819,6.560519235503744,3293,102
1763003404296,1763003404370,74,678.2728507310413,6.6497338306964835,3294,102
1763003404327,1763003404401,74,678.2728507310413,6.6497338306964835,3295,102
1763003404358,1763003404432,74,678.2728507310413,6.6497338306964835,3296,102
1763003404389,1763003404462,73,678.2728507310413,6.6497338306964835,3297,102
1763003404419,1763003404493,74,678.2728507310413,6.6497338306964835,3298,102
1763003404450,1763003404525,75,678.2728507310413,6.6497338306964835,3299,102
1763003404481,1763003404558,77,664.885734883371,6.518487596895794,3300,102
1763003404512,1763003404590,78,664.885734883371,6.518487596895794,3301,102
1763003404545,1763003404622,77,664.885734883371,6.518487596895794,3302,102
1763003404577,1763003404652,75,664.885734883371,6.518487596895794,3303,102
1763003404608,1763003404683,75,664.885734883371,6.518487596895794,3304,102
1763003404640,1763003404714,74,664.885734883371,6.518487596895794,3305,102
1763003404670,1763003404746,76,654.2557021718135,6.414271589919739,3306,102
1763003404702,1763003404777,75,654.2557021718135,6.414271589919739,3307,102
1763003404733,1763003404809,76,654.2557021718135,6.414271589919739,3308,102
1763003404764,1763003404841,77,654.2557021718135,6.414271589919739,3309,102
1763003404797,1763003404876,79,654.2557021718135,6.414271589919739,3310,102
1763003404828,1763003404905,77,654.2557021718135,6.414271589919739,3311,102
1763003404863,1763003404936,73,654.2557021718135,6.414271589919739,3312,102
1763003404891,1763003404967,76,666.7422604179045,6.536688827626514,3313,102
1763003404923,1763003404998,75,666.7422604179045,6.536688827626514,3314,102
1763003404955,1763003405030,75,666.7422604179045,6.536688827626514,3315,102
1763003404985,1763003405063,78,666.7422604179045,6.536688827626514,3316,102
1763003405018,1763003405094,76,666.7422604179045,6.536688827626514,3317,102
1763003405049,1763003405126,77,666.7422604179045,6.536688827626514,3318,102
1763003405081,1763003405158,77,655.6295815530699,6.427740995618332,3319,102
1763003405113,1763003405190,77,655.6295815530699,6.427740995618332,3320,102
1763003405146,1763003405221,75,655.6295815530699,6.427740995618332,3321,102
1763003405178,1763003405254,76,655.6295815530699,6.427740995618332,3322,102
1763003405210,1763003405285,75,655.6295815530699,6.427740995618332,3323,102
1763003405242,1763003405318,76,655.6295815530699,6.427740995618332,3324,102
1763003405274,1763003405349,75,655.6295815530699,6.427740995618332,3325,102
1763003405305,1763003405380,75,667.9457398453721,6.548487645542863,3326,102
1763003405336,1763003405412,76,667.9457398453721,6.548487645542863,3327,102
1763003405368,1763003405444,76,667.9457398453721,6.548487645542863,3328,102
1763003405399,1763003405476,77,667.9457398453721,6.548487645542863,3329,102
1763003405431,1763003405506,75,667.9457398453721,6.548487645542863,3330,102
1763003405463,1763003405537,74,667.9457398453721,6.548487645542863,3331,102
1763003405493,1763003405569,76,656.7006461364523,6.438241628788748,3332,102
1763003405524,1763003405600,76,656.7006461364523,6.438241628788748,3333,102
1763003405556,1763003405631,75,656.7006461364523,6.438241628788748,3334,102
1763003405587,1763003405662,75,656.7006461364523,6.438241628788748,3335,102
1763003405618,1763003405694,76,656.7006461364523,6.438241628788748,3336,102
1763003405649,1763003405733,84,656.7006461364523,6.438241628788748,3337,102
1763003405681,1763003405755,74,656.7006461364523,6.438241628788748,3338,102
1763003405712,1763003405786,74,668.4470136784796,6.553402094887055,3339,102
1763003405743,1763003405819,76,668.4470136784796,6.553402094887055,3340,102
1763003405774,1763003405851,77,668.4470136784796,6.553402094887055,3341,102
1763003405806,1763003405882,76,668.4470136784796,6.553402094887055,3342,102
1763003405838,1763003405913,75,668.4470136784796,6.553402094887055,3343,102
1763003405869,1763003405943,74,668.4470136784796,6.553402094887055,3344,102
1763003405901,1763003405975,74,657.1576109427837,6.4427216759096435,3345,102
1763003405931,1763003406007,76,657.1576109427837,6.4427216759096435,3346,102
1763003405962,1763003406039,77,657.1576109427837,6.4427216759096435,3347,102
1763003405995,1763003406072,77,657.1576109427837,6.4427216759096435,3348,102
1763003406026,1763003406103,77,657.1576109427837,6.4427216759096435,3349,102
1763003406059,1763003406135,76,657.1576109427837,6.4427216759096435,3350,102
1763003406090,1763003406166,76,657.1576109427837,6.4427216759096435,3351,102
1763003406123,1763003406198,75,669.1513550338564,6.560307402292708,3352,102
1763003406153,1763003406229,76,669.1513550338564,6.560307402292708,3353,102
1763003406185,1763003406261,76,669.1513550338564,6.560307402292708,3354,102
1763003406216,1763003406293,77,669.1513550338564,6.560307402292708,3355,102
1763003406249,1763003406325,76,669.1513550338564,6.560307402292708,3356,102
1763003406280,1763003406358,78,669.1513550338564,6.560307402292708,3357,102
1763003406312,1763003406389,77,657.5496299619836,6.446564999627289,3358,102
1763003406345,1763003406420,75,657.5496299619836,6.446564999627289,3359,102
1763003406377,1763003406453,76,657.5496299619836,6.446564999627289,3360,102
1763003406409,1763003406485,76,657.5496299619836,6.446564999627289,3361,102
1763003406440,1763003406516,76,657.5496299619836,6.446564999627289,3362,102
1763003406472,1763003406548,76,657.5496299619836,6.446564999627289,3363,102
1763003406505,1763003406580,75,657.5496299619836,6.446564999627289,3364,102
1763003406536,1763003406611,75,669.404207669967,6.562786349705558,3365,102
1763003406568,1763003406642,74,669.404207669967,6.562786349705558,3366,102
1763003406599,1763003406673,74,669.404207669967,6.562786349705558,3367,102
1763003406630,1763003406704,74,669.404207669967,6.562786349705558,3368,102
1763003406661,1763003406737,76,669.404207669967,6.562786349705558,3369,102
1763003406692,1763003406769,77,669.404207669967,6.562786349705558,3370,102
1763003406725,1763003406801,76,657.7511535129637,6.44854072071533,3371,102
1763003406757,1763003406832,75,657.7511535129637,6.44854072071533,3372,102
1763003406788,1763003406863,75,657.7511535129637,6.44854072071533,3373,102
1763003406819,1763003406894,75,657.7511535129637,6.44854072071533,3374,102
1763003406851,1763003406924,73,657.7511535129637,6.44854072071533,3375,102
1763003406882,1763003406957,75,657.7511535129637,6.44854072071533,3376,102
1763003406913,1763003406988,75,657.7511535129637,6.44854072071533,3377,102
1763003406944,1763003407020,76,669.2821670428061,6.561589872968687,3378,102
1763003406976,1763003407050,74,669.2821670428061,6.561589872968687,3379,102
1763003407007,1763003407082,75,669.2821670428061,6.561589872968687,3380,102
1763003407038,1763003407112,74,669.2821670428061,6.561589872968687,3381,102
1763003407069,1763003407143,74,669.2821670428061,6.561589872968687,3382,102
1763003407099,1763003407175,76,669.2821670428061,6.561589872968687,3383,102
1763003407131,1763003407206,75,669.2821670428061,6.561589872968687,3384,102
1763003407162,1763003407237,75,678.3598871331164,6.650587128756044,3385,102
1763003407193,1763003407268,75,678.3598871331164,6.650587128756044,3386,102
1763003407225,1763003407299,74,678.3598871331164,6.650587128756044,3387,102
1763003407255,1763003407329,74,678.3598871331164,6.650587128756044,3388,102
1763003407287,1763003407361,74,678.3598871331164,6.650587128756044,3389,102
1763003407317,1763003407392,75,678.3598871331164,6.650587128756044,3390,102
1763003407349,1763003407423,74,665.0215498193601,6.519819115876079,3391,102
1763003407380,1763003407455,75,665.0215498193601,6.519819115876079,3392,102
1763003407410,1763003407487,77,665.0215498193601,6.519819115876079,3393,102
1763003407442,1763003407518,76,665.0215498193601,6.519819115876079,3394,102
1763003407474,1763003407548,74,665.0215498193601,6.519819115876079,3395,102
1763003407505,1763003407580,75,665.0215498193601,6.519819115876079,3396,102
1763003407535,1763003407611,76,654.3642183056687,6.415335473584987,3397,102
1763003407567,1763003407642,75,654.3642183056687,6.415335473584987,3398,102
1763003407599,1763003407672,73,654.3642183056687,6.415335473584987,3399,102
1763003407629,1763003407704,75,654.3642183056687,6.415335473584987,3400,102
1763003407660,1763003407735,75,654.3642183056687,6.415335473584987,3401,102
1763003407691,1763003407766,75,654.3642183056687,6.415335473584987,3402,102
1763003407723,1763003407797,74,654.3642183056687,6.415335473584987,3403,102
1763003407754,1763003407829,75,666.5299177713123,6.534607036973649,3404,102
1763003407785,1763003407860,75,666.5299177713123,6.534607036973649,3405,102
1763003407816,1763003407891,75,666.5299177713123,6.534607036973649,3406,102
1763003407847,1763003407922,75,666.5299177713123,6.534607036973649,3407,102
1763003407879,1763003407953,74,666.5299177713123,6.534607036973649,3408,102
1763003407909,1763003407984,75,666.5299177713123,6.534607036973649,3409,102
1763003407940,1763003408015,75,666.5299177713123,6.534607036973649,3410,102
1763003407971,1763003408047,76,676.2138145459646,6.629547201431025,3411,102
1763003408003,1763003408077,74,676.2138145459646,6.629547201431025,3412,102
1763003408035,1763003408109,74,676.2138145459646,6.629547201431025,3413,102
1763003408065,1763003408140,75,676.2138145459646,6.629547201431025,3414,102
1763003408096,1763003408171,75,676.2138145459646,6.629547201431025,3415,102
1763003408128,1763003408203,75,676.2138145459646,6.629547201431025,3416,102
1763003408159,1763003408234,75,663.2426240076798,6.502378666741958,3417,102
1763003408190,1763003408265,75,663.2426240076798,6.502378666741958,3418,102
1763003408222,1763003408296,74,663.2426240076798,6.502378666741958,3419,102
1763003408253,1763003408327,74,663.2426240076798,6.502378666741958,3420,102
1763003408283,1763003408359,76,663.2426240076798,6.502378666741958,3421,102
1763003408315,1763003408389,74,663.2426240076798,6.502378666741958,3422,102
1763003408346,1763003408420,74,663.2426240076798,6.502378666741958,3423,102
1763003408376,1763003408452,76,673.4956139581284,6.602898176060083,3424,102
1763003408407,1763003408483,76,673.4956139581284,6.602898176060083,3425,102
1763003408440,1763003408515,75,673.4956139581284,6.602898176060083,3426,102
1763003408471,1763003408547,76,673.4956139581284,6.602898176060083,3427,102
1763003408502,1763003408578,76,673.4956139581284,6.602898176060083,3428,102
1763003408534,1763003408611,77,673.4956139581284,6.602898176060083,3429,102
1763003408565,1763003408639,74,661.0120043246284,6.480509846319886,3430,102
1763003408596,1763003408670,74,661.0120043246284,6.480509846319886,3431,102
1763003408626,1763003408702,76,661.0120043246284,6.480509846319886,3432,102
1763003408658,1763003408733,75,661.0120043246284,6.480509846319886,3433,102
1763003408690,1763003408764,74,661.0120043246284,6.480509846319886,3434,102
1763003408721,1763003408796,75,661.0120043246284,6.480509846319886,3435,102
1763003408752,1763003408827,75,651.160591455378,6.383927367209589,3436,102
1763003408783,1763003408858,75,651.160591455378,6.383927367209589,3437,102
1763003408814,1763003408889,75,651.160591455378,6.383927367209589,3438,102
1763003408845,1763003408921,76,651.160591455378,6.383927367209589,3439,102
1763003408877,1763003408953,76,651.160591455378,6.383927367209589,3440,102
1763003408909,1763003408984,75,651.160591455378,6.383927367209589,3441,102
1763003408940,1763003409016,76,651.160591455378,6.383927367209589,3442,102
1763003408972,1763003409047,75,664.2311884326595,6.5120704748299945,3443,102
1763003409003,1763003409079,76,664.2311884326595,6.5120704748299945,3444,102
1763003409035,1763003409111,76,664.2311884326595,6.5120704748299945,3445,102
1763003409067,1763003409141,74,664.2311884326595,6.5120704748299945,3446,102
1763003409098,1763003409171,73,664.2311884326595,6.5120704748299945,3447,102
1763003409129,1763003409203,74,664.2311884326595,6.5120704748299945,3448,102
1763003409159,1763003409234,75,664.2311884326595,6.5120704748299945,3449,102
1763003409191,1763003409267,76,674.2844883692622,6.610632238914335,3450,102
1763003409222,1763003409299,77,674.2844883692622,6.610632238914335,3451,102
1763003409254,1763003409328,74,674.2844883692622,6.610632238914335,3452,102
1763003409285,1763003409361,76,674.2844883692622,6.610632238914335,3453,102
1763003409317,1763003409392,75,674.2844883692622,6.610632238914335,3454,102
1763003409349,1763003409423,74,674.2844883692622,6.610632238914335,3455,102
1763003409380,1763003409454,74,661.5784527419328,6.4860632621758105,3456,102
1763003409411,1763003409485,74,661.5784527419328,6.4860632621758105,3457,102
1763003409442,1763003409518,76,661.5784527419328,6.4860632621758105,3458,102
1763003409473,1763003409549,76,661.5784527419328,6.4860632621758105,3459,102
1763003409505,1763003409581,76,661.5784527419328,6.4860632621758105,3460,102
1763003409537,1763003409614,77,661.5784527419328,6.4860632621758105,3461,102
1763003409569,1763003409644,75,651.5636052880624,6.387878483216297,3462,102
1763003409600,1763003409675,75,651.5636052880624,6.387878483216297,3463,102
1763003409631,1763003409707,76,651.5636052880624,6.387878483216297,3464,102
1763003409663,1763003409740,77,651.5636052880624,6.387878483216297,3465,102
1763003409695,1763003409771,76,651.5636052880624,6.387878483216297,3466,102
1763003409727,1763003409804,77,651.5636052880624,6.387878483216297,3467,102
1763003409759,1763003409836,77,651.5636052880624,6.387878483216297,3468,102
1763003409791,1763003409868,77,664.8001209669932,6.517648244774442,3469,102
1763003409823,1763003409899,76,664.8001209669932,6.517648244774442,3470,102
1763003409855,1763003409932,77,664.8001209669932,6.517648244774442,3471,102
1763003409887,1763003409963,76,664.8001209669932,6.517648244774442,3472,102
1763003409919,1763003409994,75,664.8001209669932,6.517648244774442,3473,102
1763003409951,1763003410025,74,664.8001209669932,6.517648244774442,3474,102
1763003409981,1763003410056,75,654.2400967735946,6.414118595819554,3475,102
1763003410012,1763003410087,75,654.2400967735946,6.414118595819554,3476,102
1763003410044,1763003410121,77,654.2400967735946,6.414118595819554,3477,102
1763003410076,1763003410151,75,654.2400967735946,6.414118595819554,3478,102
1763003410108,1763003410184,76,654.2400967735946,6.414118595819554,3479,102
1763003410140,1763003410216,76,654.2400967735946,6.414118595819554,3480,102
1763003410172,1763003410247,75,654.2400967735946,6.414118595819554,3481,102
1763003410203,1763003410278,75,666.8494363543662,6.537739572101628,3482,102
1763003410235,1763003410309,74,666.8494363543662,6.537739572101628,3483,102
1763003410266,1763003410340,74,666.8494363543662,6.537739572101628,3484,102
1763003410297,1763003410372,75,666.8494363543662,6.537739572101628,3485,102
1763003410327,1763003410402,75,666.8494363543662,6.537739572101628,3486,102
1763003410359,1763003410434,75,666.8494363543662,6.537739572101628,3487,102
1763003410390,1763003410465,75,666.8494363543662,6.537739572101628,3488,102
1763003410421,1763003410497,76,676.3738502107842,6.6311161785370984,3489,102
1763003410452,1763003410528,76,676.3738502107842,6.6311161785370984,3490,102
1763003410484,1763003410559,75,676.3738502107842,6.6311161785370984,3491,102
1763003410515,1763003410591,76,676.3738502107842,6.6311161785370984,3492,102
1763003410547,1763003410623,76,676.3738502107842,6.6311161785370984,3493,102
1763003410579,1763003410653,74,676.3738502107842,6.6311161785370984,3494,102
1763003410610,1763003410684,74,663.305958617995,6.502999594294067,3495,102
1763003410641,1763003410715,74,663.305958617995,6.502999594294067,3496,102
1763003410672,1763003410747,75,663.305958617995,6.502999594294067,3497,102
1763003410703,1763003410778,75,663.305958617995,6.502999594294067,3498,102
1763003410734,1763003410810,76,663.305958617995,6.502999594294067,3499,102
1763003410766,1763003410841,75,663.305958617995,6.502999594294067,3500,102
1763003410797,1763003410871,74,663.305958617995,6.502999594294067,3501,102
1763003410828,1763003410902,74,673.596849018542,6.603890676652371,3502,102
1763003410859,1763003410934,75,673.596849018542,6.603890676652371,3503,102
1763003410890,1763003410965,75,673.596849018542,6.603890676652371,3504,102
1763003410921,1763003410996,75,673.596849018542,6.603890676652371,3505,102
1763003410952,1763003411029,77,673.596849018542,6.603890676652371,3506,102
1763003410984,1763003411060,76,673.596849018542,6.603890676652371,3507,102
1763003411016,1763003411090,74,661.0310918187595,6.4806969786152875,3508,102
1763003411047,1763003411124,77,661.0310918187595,6.4806969786152875,3509,102
1763003411078,1763003411155,77,661.0310918187595,6.4806969786152875,3510,102
1763003411110,1763003411187,77,661.0310918187595,6.4806969786152875,3511,102
1763003411142,1763003411218,76,661.0310918187595,6.4806969786152875,3512,102
1763003411174,1763003411249,75,661.0310918187595,6.4806969786152875,3513,102
1763003411205,1763003411281,76,651.1268112713701,6.383596188934999,3514,102
1763003411236,1763003411313,77,651.1268112713701,6.383596188934999,3515,102
1763003411269,1763003411344,75,651.1268112713701,6.383596188934999,3516,102
1763003411300,1763003411376,76,651.1268112713701,6.383596188934999,3517,102
1763003411331,1763003411407,76,651.1268112713701,6.383596188934999,3518,102
1763003411364,1763003411438,74,651.1268112713701,6.383596188934999,3519,102
1763003411395,1763003411469,74,651.1268112713701,6.383596188934999,3520,102
1763003411426,1763003411500,74,664.1415613381965,6.511191777825454,3521,102
1763003411457,1763003411533,76,664.1415613381965,6.511191777825454,3522,102
1763003411488,1763003411566,78,664.1415613381965,6.511191777825454,3523,102
1763003411521,1763003411593,72,664.1415613381965,6.511191777825454,3524,102
1763003411550,1763003411625,75,664.1415613381965,6.511191777825454,3525,102
1763003411581,1763003411656,75,664.1415613381965,6.511191777825454,3526,102
1763003411612,1763003411687,75,664.1415613381965,6.511191777825454,3527,102
1763003411643,1763003411719,76,674.2628243865427,6.610419846926887,3528,102
1763003411674,1763003411750,76,674.2628243865427,6.610419846926887,3529,102
1763003411706,1763003411781,75,674.2628243865427,6.610419846926887,3530,102
1763003411738,1763003411812,74,674.2628243865427,6.610419846926887,3531,102
1763003411769,1763003411843,74,674.2628243865427,6.610419846926887,3532,102
1763003411800,1763003411874,74,674.2628243865427,6.610419846926887,3533,102
1763003411831,1763003411906,75,661.6234710360745,6.486504618000729,3534,102
1763003411862,1763003411939,77,661.6234710360745,6.486504618000729,3535,102
1763003411894,1763003411968,74,661.6234710360745,6.486504618000729,3536,102
1763003411926,1763003411999,73,661.6234710360745,6.486504618000729,3537,102
1763003411956,1763003412031,75,661.6234710360745,6.486504618000729,3538,102
1763003411986,1763003412060,74,661.6234710360745,6.486504618000729,3539,102
1763003412018,1763003412092,74,661.6234710360745,6.486504618000729,3540,102
1763003412048,1763003412124,76,672.2035298867875,6.590230685164582,3541,102
1763003412080,1763003412154,74,672.2035298867875,6.590230685164582,3542,102
1763003412111,1763003412185,74,672.2035298867875,6.590230685164582,3543,102
1763003412142,1763003412217,75,672.2035298867875,6.590230685164582,3544,102
1763003412172,1763003412248,76,672.2035298867875,6.590230685164582,3545,102
1763003412204,1763003412280,76,672.2035298867875,6.590230685164582,3546,102
1763003412236,1763003412312,76,659.9220097898828,6.469823625391007,3547,102
1763003412268,1763003412343,75,659.9220097898828,6.469823625391007,3548,102
1763003412300,1763003412375,75,659.9220097898828,6.469823625391007,3549,102
1763003412331,1763003412405,74,659.9220097898828,6.469823625391007,3550,102
1763003412362,1763003412436,74,659.9220097898828,6.469823625391007,3551,102
1763003412393,1763003412469,76,659.9220097898828,6.469823625391007,3552,102
1763003412424,1763003412500,76,650.3376078319063,6.375858900312806,3553,102
1763003412456,1763003412531,75,650.3376078319063,6.375858900312806,3554,102
1763003412488,1763003412562,74,650.3376078319063,6.375858900312806,3555,102
1763003412518,1763003412594,76,650.3376078319063,6.375858900312806,3556,102
1763003412550,1763003412624,74,650.3376078319063,6.375858900312806,3557,102
1763003412581,1763003412656,75,650.3376078319063,6.375858900312806,3558,102
1763003412612,1763003412687,75,650.3376078319063,6.375858900312806,3559,102
1763003412643,1763003412718,75,663.5157230107017,6.505056107948055,3560,102
1763003412674,1763003412749,75,663.5157230107017,6.505056107948055,3561,102
1763003412706,1763003412780,74,663.5157230107017,6.505056107948055,3562,102
1763003412736,1763003412810,74,663.5157230107017,6.505056107948055,3563,102
1763003412768,1763003412841,73,663.5157230107017,6.505056107948055,3564,102
1763003412798,1763003412874,76,663.5157230107017,6.505056107948055,3565,102
1763003412830,1763003412906,76,653.2125784085613,6.404044886358443,3566,102
1763003412862,1763003412940,78,653.2125784085613,6.404044886358443,3567,102
1763003412893,1763003412968,75,653.2125784085613,6.404044886358443,3568,102
1763003412925,1763003412999,74,653.2125784085613,6.404044886358443,3569,102
1763003412955,1763003413030,75,653.2125784085613,6.404044886358443,3570,102
1763003412986,1763003413062,76,653.2125784085613,6.404044886358443,3571,102
1763003413018,1763003413093,75,653.2125784085613,6.404044886358443,3572,102
1763003413049,1763003413124,75,665.6739998348062,6.526215684654963,3573,102
1763003413081,1763003413157,76,665.6739998348062,6.526215684654963,3574,102
1763003413111,1763003413187,76,665.6739998348062,6.526215684654963,3575,102
1763003413143,1763003413218,75,665.6739998348062,6.526215684654963,3576,102
1763003413175,1763003413250,75,665.6739998348062,6.526215684654963,3577,102
1763003413206,1763003413283,77,665.6739998348062,6.526215684654963,3578,102
1763003413238,1763003413314,76,654.7781778683405,6.419393900670006,3579,102
1763003413270,1763003413347,77,654.7781778683405,6.419393900670006,3580,102
1763003413302,1763003413378,76,654.7781778683405,6.419393900670006,3581,102
1763003413334,1763003413412,78,654.7781778683405,6.419393900670006,3582,102
1763003413366,1763003413443,77,654.7781778683405,6.419393900670006,3583,102
1763003413398,1763003413473,75,654.7781778683405,6.419393900670006,3584,102
1763003413430,1763003413505,75,654.7781778683405,6.419393900670006,3585,102
1763003413461,1763003413538,77,667.214760515989,6.541321181529304,3586,102
1763003413493,1763003413569,76,667.214760515989,6.541321181529304,3587,102
1763003413525,1763003413601,76,667.214760515989,6.541321181529304,3588,102
1763003413556,1763003413631,75,667.214760515989,6.541321181529304,3589,102
1763003413588,1763003413665,77,667.214760515989,6.541321181529304,3590,102
1763003413619,1763003413694,75,667.214760515989,6.541321181529304,3591,102
1763003413653,1763003413727,74,656.0061641312433,6.431432981678856,3592,102
1763003413683,1763003413759,76,656.0061641312433,6.431432981678856,3593,102
1763003413715,1763003413790,75,656.0061641312433,6.431432981678856,3594,102
1763003413747,1763003413822,75,656.0061641312433,6.431432981678856,3595,102
1763003413778,1763003413853,75,656.0061641312433,6.431432981678856,3596,102
1763003413810,1763003413884,74,656.0061641312433,6.431432981678856,3597,102
1763003413840,1763003413916,76,656.0061641312433,6.431432981678856,3598,102
1763003413871,1763003413940,69,668.0108881560759,6.5491263544713325,3599,102