1763086411974,1763086412104,130,0,0,1,312
1763086412004,1763086412120,116,0,0,2,312
1763086412036,1763086412149,113,0,0,3,312
1763086412066,1763086412179,113,0,0,4,312
1763086412097,1763086412211,114,0,0,5,312
1763086412129,1763086412243,114,330.72,1.06,6,312
1763086412161,1763086412274,113,330.72,1.06,7,312
1763086412193,1763086412306,113,330.72,1.06,8,312
1763086412225,1763086412338,113,330.72,1.06,9,312
1763086412256,1763086412370,114,330.72,1.06,10,312
1763086412288,1763086412402,114,330.72,1.06,11,312
1763086412320,1763086412434,114,648.2236800000001,2.0776399999999997,12,312
1763086412352,1763086412466,114,648.2236800000001,2.0776399999999997,13,312
1763086412384,1763086412497,113,648.2236800000001,2.0776399999999997,14,312
1763086412416,1763086412528,112,648.2236800000001,2.0776399999999997,15,312
1763086412448,1763086412559,111,648.2236800000001,2.0776399999999997,16,312
1763086412479,1763086412591,112,648.2236800000001,2.0776399999999997,17,312
1763086412510,1763086412622,112,648.2236800000001,2.0776399999999997,18,312
1763086412542,1763086412654,112,963.0578256000001,3.0867237999999997,19,312
1763086412573,1763086412686,113,963.0578256000001,3.0867237999999997,20,312
1763086412605,1763086412718,113,963.0578256000001,3.0867237999999997,21,312
1763086412637,1763086412749,112,963.0578256000001,3.0867237999999997,22,312
1763086412669,1763086412781,112,963.0578256000001,3.0867237999999997,23,312
1763086412700,1763086412813,113,963.0578256000001,3.0867237999999997,24,312
1763086412732,1763086412845,113,1150.2999135264001,3.6868586972,25,312
1763086412763,1763086412876,113,1150.2999135264001,3.6868586972,26,312
1763086412795,1763086412907,112,1150.2999135264001,3.6868586972,27,312
1763086412827,1763086412940,113,1150.2999135264001,3.6868586972,28,312
1763086412858,1763086412970,112,1150.2999135264001,3.6868586972,29,312
1763086412890,1763086413002,112,1150.2999135264001,3.6868586972,30,312
1763086412921,1763086413033,112,1150.2999135264001,3.6868586972,31,312
1763086412953,1763086413065,112,1362.208431253488,4.366052664274,32,312
1763086412984,1763086413097,113,1362.208431253488,4.366052664274,33,312
1763086413015,1763086413129,114,1362.208431253488,4.366052664274,34,312
1763086413047,1763086413161,114,1362.208431253488,4.366052664274,35,312
1763086413079,1763086413193,114,1362.208431253488,4.366052664274,36,312
1763086413111,1763086413225,114,1362.208431253488,4.366052664274,37,312
1763086413144,1763086413257,113,1467.735285984016,4.704279762769282,38,312
1763086413175,1763086413289,114,1467.735285984016,4.704279762769282,39,312
1763086413207,1763086413320,113,1467.735285984016,4.704279762769282,40,312
1763086413239,1763086413352,113,1467.735285984016,4.704279762769282,41,312
1763086413271,1763086413382,111,1467.735285984016,4.704279762769282,42,312
1763086413302,1763086413414,112,1467.735285984016,4.704279762769282,43,312
1763086413334,1763086413446,112,1467.735285984016,4.704279762769282,44,312
1763086413364,1763086413477,113,1614.5695523572927,5.174902411401579,45,312
1763086413396,1763086413509,113,1614.5695523572927,5.174902411401579,46,312
1763086413428,1763086413540,112,1614.5695523572927,5.174902411401579,47,312
1763086413460,1763086413572,112,1614.5695523572927,5.174902411401579,48,312
1763086413492,1763086413603,111,1614.5695523572927,5.174902411401579,49,312
1763086413523,1763086413635,112,1614.5695523572927,5.174902411401579,50,312
1763086413554,1763086413666,112,1667.3427941240477,5.344047417064255,51,312
1763086413586,1763086413698,112,1667.3427941240477,5.344047417064255,52,312
1763086413617,1763086413729,112,1667.3427941240477,5.344047417064255,53,312
1763086413649,1763086413760,111,1667.3427941240477,5.344047417064255,54,312
1763086413680,1763086413792,112,1667.3427941240477,5.344047417064255,55,312
1763086413712,1763086413823,111,1667.3427941240477,5.344047417064255,56,312
1763086413743,1763086413855,112,1667.3427941240477,5.344047417064255,57,312
1763086413775,1763086413887,112,1772.740864122742,5.681861743983147,58,312
1763086413806,1763086413918,112,1772.740864122742,5.681861743983147,59,312
1763086413838,1763086413951,113,1772.740864122742,5.681861743983147,60,312
1763086413869,1763086413982,113,1772.740864122742,5.681861743983147,61,312
1763086413901,1763086414014,113,1772.740864122742,5.681861743983147,62,312
1763086413933,1763086414045,112,1772.740864122742,5.681861743983147,63,312
1763086413964,1763086414077,113,1793.2875052493346,5.747716362978635,64,312
1763086413996,1763086414109,113,1793.2875052493346,5.747716362978635,65,312
1763086414027,1763086414140,113,1793.2875052493346,5.747716362978635,66,312
1763086414059,1763086414172,113,1793.2875052493346,5.747716362978635,67,312
1763086414091,1763086414202,111,1793.2875052493346,5.747716362978635,68,312
1763086414122,1763086414234,112,1793.2875052493346,5.747716362978635,69,312
1763086414154,1763086414265,111,1793.2875052493346,5.747716362978635,70,312
1763086414184,1763086414296,112,1872.6021416837198,6.001929941293972,71,312
1763086414216,1763086414327,111,1872.6021416837198,6.001929941293972,72,312
1763086414247,1763086414359,112,1872.6021416837198,6.001929941293972,73,312
1763086414278,1763086414391,113,1872.6021416837198,6.001929941293972,74,312
1763086414310,1763086414423,113,1872.6021416837198,6.001929941293972,75,312
1763086414341,1763086414456,115,1872.6021416837198,6.001929941293972,76,312
1763086414373,1763086414487,114,1872.4781004968736,6.0015323733874135,77,312
1763086414405,1763086414519,114,1872.4781004968736,6.0015323733874135,78,312
1763086414437,1763086414551,114,1872.4781004968736,6.0015323733874135,79,312
1763086414469,1763086414583,114,1872.4781004968736,6.0015323733874135,80,312
1763086414501,1763086414615,114,1872.4781004968736,6.0015323733874135,81,312
1763086414533,1763086414647,114,1872.4781004968736,6.0015323733874135,82,312
1763086414565,1763086414679,114,1872.4781004968736,6.0015323733874135,83,312
1763086414597,1763086414712,115,1937.274655593524,6.209213639722831,84,312
1763086414629,1763086414743,114,1937.274655593524,6.209213639722831,85,312
1763086414661,1763086414775,114,1937.274655593524,6.209213639722831,86,312
1763086414693,1763086414807,114,1937.274655593524,6.209213639722831,87,312
1763086414726,1763086414839,113,1937.274655593524,6.209213639722831,88,312
1763086414757,1763086414871,114,1937.274655593524,6.209213639722831,89,312
1763086414789,1763086414903,114,1923.6975272300708,6.165697202660482,90,312
1763086414821,1763086414935,114,1923.6975272300708,6.165697202660482,91,312
1763086414853,1763086414968,115,1923.6975272300708,6.165697202660482,92,312
1763086414885,1763086414999,114,1923.6975272300708,6.165697202660482,93,312
1763086414918,1763086415031,113,1923.6975272300708,6.165697202660482,94,312
1763086414950,1763086415063,113,1923.6975272300708,6.165697202660482,95,312
1763086414981,1763086415095,114,1923.6975272300708,6.165697202660482,96,312
1763086415013,1763086415126,113,1977.840441566216,6.339232184507102,97,312
1763086415045,1763086415158,113,1977.840441566216,6.339232184507102,98,312
1763086415077,1763086415189,112,1977.840441566216,6.339232184507102,99,312
1763086415108,1763086415221,113,1977.840441566216,6.339232184507102,100,312
1763086415140,1763086415253,113,1977.840441566216,6.339232184507102,101,312
1763086415172,1763086415283,111,1977.840441566216,6.339232184507102,102,312
1763086415204,1763086415314,110,1956.2489914867078,6.270028818867654,103,312
1763086415236,1763086415346,110,1956.2489914867078,6.270028818867654,104,312
1763086415266,1763086415378,112,1956.2489914867078,6.270028818867654,105,312
1763086415297,1763086415409,112,1956.2489914867078,6.270028818867654,106,312
1763086415329,1763086415441,112,1956.2489914867078,6.270028818867654,107,312
1763086415360,1763086415473,113,1956.2489914867078,6.270028818867654,108,312
1763086415392,1763086415503,111,1956.2489914867078,6.270028818867654,109,312
1763086415423,1763086415535,112,2002.7101972234195,6.418942939818653,110,312
1763086415454,1763086415566,112,2002.7101972234195,6.418942939818653,111,312
1763086415486,1763086415597,111,2002.7101972234195,6.418942939818653,112,312
1763086415517,1763086415629,112,2002.7101972234195,6.418942939818653,113,312
1763086415548,1763086415660,112,2002.7101972234195,6.418942939818653,114,312
1763086415580,1763086415691,111,2002.7101972234195,6.418942939818653,115,312
1763086415611,1763086415722,111,1976.1760271870653,6.333897523035466,116,312
1763086415643,1763086415752,109,1976.1760271870653,6.333897523035466,117,312
1763086415673,1763086415784,111,1976.1760271870653,6.333897523035466,118,312
1763086415705,1763086415815,110,1976.1760271870653,6.333897523035466,119,312
1763086415735,1763086415846,111,1976.1760271870653,6.333897523035466,120,312
1763086415766,1763086415877,111,1976.1760271870653,6.333897523035466,121,312
1763086415798,1763086415909,111,1976.1760271870653,6.333897523035466,122,312
1763086415828,1763086415940,112,2018.364293668091,6.469116325859266,123,312
1763086415860,1763086415972,112,2018.364293668091,6.469116325859266,124,312
1763086415891,1763086416003,112,2018.364293668091,6.469116325859266,125,312
1763086415923,1763086416035,112,2018.364293668091,6.469116325859266,126,312
1763086415954,1763086416067,113,2018.364293668091,6.469116325859266,127,312
1763086415985,1763086416099,114,2018.364293668091,6.469116325859266,128,312
1763086416017,1763086416131,114,1988.2132491724642,6.372478362732258,129,312
1763086416050,1763086416162,112,1988.2132491724642,6.372478362732258,130,312
1763086416081,1763086416193,112,1988.2132491724642,6.372478362732258,131,312
1763086416113,1763086416224,111,1988.2132491724642,6.372478362732258,132,312
1763086416144,1763086416255,111,1988.2132491724642,6.372478362732258,133,312
1763086416176,1763086416286,110,1988.2132491724642,6.372478362732258,134,312
1763086416207,1763086416318,111,1988.2132491724642,6.372478362732258,135,312
1763086416237,1763086416350,113,2028.1537463412815,6.500492776734877,136,312
1763086416269,1763086416381,112,2028.1537463412815,6.500492776734877,137,312
1763086416300,1763086416413,113,2028.1537463412815,6.500492776734877,138,312
1763086416332,1763086416445,113,2028.1537463412815,6.500492776734877,139,312
1763086416364,1763086416476,112,2028.1537463412815,6.500492776734877,140,312
1763086416395,1763086416507,112,2028.1537463412815,6.500492776734877,141,312
1763086416427,1763086416539,112,1996.1422283413187,6.397891757504227,142,312
1763086416458,1763086416571,113,1996.1422283413187,6.397891757504227,143,312
1763086416490,1763086416602,112,1996.1422283413187,6.397891757504227,144,312
1763086416521,1763086416634,113,1996.1422283413187,6.397891757504227,145,312
1763086416553,1763086416667,114,1996.1422283413187,6.397891757504227,146,312
1763086416585,1763086416698,113,1996.1422283413187,6.397891757504227,147,312
1763086416617,1763086416730,113,1996.1422283413187,6.397891757504227,148,312
1763086416649,1763086416762,113,2035.0287870746658,6.522528163700852,149,312
1763086416681,1763086416794,113,2035.0287870746658,6.522528163700852,150,312
1763086416712,1763086416826,114,2035.0287870746658,6.522528163700852,151,312
1763086416744,1763086416858,114,2035.0287870746658,6.522528163700852,152,312
1763086416776,1763086416890,114,2035.0287870746658,6.522528163700852,153,312
1763086416808,1763086416922,114,2035.0287870746658,6.522528163700852,154,312
1763086416841,1763086416953,112,2001.28182815021,6.414364833814776,155,312
1763086416873,1763086416984,111,2001.28182815021,6.414364833814776,156,312
1763086416904,1763086417016,112,2001.28182815021,6.414364833814776,157,312
1763086416936,1763086417047,111,2001.28182815021,6.414364833814776,158,312
1763086416967,1763086417078,111,2001.28182815021,6.414364833814776,159,312
1763086416998,1763086417109,111,2001.28182815021,6.414364833814776,160,312
1763086417029,1763086417140,111,2001.28182815021,6.414364833814776,161,312
1763086417061,1763086417172,111,2038.1908988638677,6.5326631373841915,162,312
1763086417091,1763086417203,112,2038.1908988638677,6.5326631373841915,163,312
1763086417123,1763086417235,112,2038.1908988638677,6.5326631373841915,164,312
1763086417154,1763086417266,112,2038.1908988638677,6.5326631373841915,165,312
1763086417185,1763086417297,112,2038.1908988638677,6.5326631373841915,166,312
1763086417217,1763086417328,111,2038.1908988638677,6.5326631373841915,167,312
1763086417248,1763086417359,111,2004.6203372933664,6.425065183632585,168,312
1763086417279,1763086417390,111,2004.6203372933664,6.425065183632585,169,312
1763086417311,1763086417421,110,2004.6203372933664,6.425065183632585,170,312
1763086417341,1763086417452,111,2004.6203372933664,6.425065183632585,171,312
1763086417372,1763086417484,112,2004.6203372933664,6.425065183632585,172,312
1763086417404,1763086417515,111,2004.6203372933664,6.425065183632585,173,312
1763086417435,1763086417546,111,2004.6203372933664,6.425065183632585,174,312
1763086417466,1763086417577,111,2041.2137884855197,6.542351886171537,175,312
1763086417497,1763086417609,112,2041.2137884855197,6.542351886171537,176,312
1763086417528,1763086417640,112,2041.2137884855197,6.542351886171537,177,312
1763086417560,1763086417670,110,2041.2137884855197,6.542351886171537,178,312
1763086417591,1763086417703,112,2041.2137884855197,6.542351886171537,179,312
1763086417623,1763086417734,111,2041.2137884855197,6.542351886171537,180,312
1763086417653,1763086417764,111,2006.8633894229592,6.432254453278715,181,312
1763086417685,1763086417796,111,2006.8633894229592,6.432254453278715,182,312
1763086417716,1763086417827,111,2006.8633894229592,6.432254453278715,183,312
1763086417747,1763086417859,112,2006.8633894229592,6.432254453278715,184,312
1763086417778,1763086417891,113,2006.8633894229592,6.432254453278715,185,312
1763086417809,1763086417922,113,2006.8633894229592,6.432254453278715,186,312
1763086417841,1763086417954,113,2006.8633894229592,6.432254453278715,187,312
1763086417873,1763086417986,113,2043.3535312018296,6.5492100359033,188,312
1763086417905,1763086418019,114,2043.3535312018296,6.5492100359033,189,312
1763086417937,1763086418048,111,2043.3535312018296,6.5492100359033,190,312
1763086417969,1763086418081,112,2043.3535312018296,6.5492100359033,191,312
1763086418000,1763086418112,112,2043.3535312018296,6.5492100359033,192,312
1763086418031,1763086418143,112,2043.3535312018296,6.5492100359033,193,312
1763086418063,1763086418175,112,2008.2260573054546,6.436621978543124,194,312
1763086418095,1763086418207,112,2008.2260573054546,6.436621978543124,195,312
1763086418126,1763086418239,113,2008.2260573054546,6.436621978543124,196,312
1763086418158,1763086418272,114,2008.2260573054546,6.436621978543124,197,312
1763086418190,1763086418303,113,2008.2260573054546,6.436621978543124,198,312
1763086418221,1763086418336,115,2008.2260573054546,6.436621978543124,199,312
1763086418254,1763086418367,113,2008.2260573054546,6.436621978543124,200,312
1763086418286,1763086418399,113,2044.78703738592,6.553804607006154,201,312
1763086418318,1763086418431,113,2044.78703738592,6.553804607006154,202,312
1763086418350,1763086418463,113,2044.78703738592,6.553804607006154,203,312
1763086418382,1763086418494,112,2044.78703738592,6.553804607006154,204,312
1763086418414,1763086418527,113,2044.78703738592,6.553804607006154,205,312
1763086418446,1763086418557,111,2044.78703738592,6.553804607006154,206,312
1763086418477,1763086418589,112,2009.1929076844206,6.439720857962887,207,312
1763086418509,1763086418622,113,2009.1929076844206,6.439720857962887,208,312
1763086418539,1763086418653,114,2009.1929076844206,6.439720857962887,209,312
1763086418571,1763086418685,114,2009.1929076844206,6.439720857962887,210,312
1763086418604,1763086418717,113,2009.1929076844206,6.439720857962887,211,312
1763086418635,1763086418748,113,2009.1929076844206,6.439720857962887,212,312
1763086418667,1763086418781,114,2009.1929076844206,6.439720857962887,213,312
1763086418699,1763086418813,114,2045.3779757937455,6.555698640364569,214,312
1763086418731,1763086418844,113,2045.3779757937455,6.555698640364569,215,312
1763086418763,1763086418876,113,2045.3779757937455,6.555698640364569,216,312
1763086418795,1763086418908,113,2045.3779757937455,6.555698640364569,217,312
1763086418827,1763086418940,113,2045.3779757937455,6.555698640364569,218,312
1763086418858,1763086418972,114,2045.3779757937455,6.555698640364569,219,312
1763086418890,1763086419003,113,2009.6621127802339,6.441224720449468,220,312
1763086418922,1763086419035,113,2009.6621127802339,6.441224720449468,221,312
1763086418954,1763086419066,112,2009.6621127802339,6.441224720449468,222,312
1763086418985,1763086419098,113,2009.6621127802339,6.441224720449468,223,312
1763086419017,1763086419129,112,2009.6621127802339,6.441224720449468,224,312
1763086419049,1763086419160,111,2009.6621127802339,6.441224720449468,225,312
1763086419080,1763086419192,112,2009.6621127802339,6.441224720449468,226,312
1763086419112,1763086419223,111,2045.401379660286,6.555773652757328,227,312
1763086419142,1763086419255,113,2045.401379660286,6.555773652757328,228,312
1763086419174,1763086419286,112,2045.401379660286,6.555773652757328,229,312
1763086419206,1763086419316,110,2045.401379660286,6.555773652757328,230,312
1763086419236,1763086419348,112,2045.401379660286,6.555773652757328,231,312
1763086419268,1763086419379,111,2045.401379660286,6.555773652757328,232,312
1763086419298,1763086419410,112,2010.3743009689083,6.4435073749003475,233,312
1763086419330,1763086419441,111,2010.3743009689083,6.4435073749003475,234,312
1763086419361,1763086419472,111,2010.3743009689083,6.4435073749003475,235,312
1763086419393,1763086419503,110,2010.3743009689083,6.4435073749003475,236,312
1763086419423,1763086419536,113,2010.3743009689083,6.4435073749003475,237,312
1763086419454,1763086419566,112,2010.3743009689083,6.4435073749003475,238,312
1763086419486,1763086419597,111,2010.3743009689083,6.4435073749003475,239,312
1763086419518,1763086419629,111,2045.6203178722199,6.556475377795577,240,312
1763086419549,1763086419659,110,2045.6203178722199,6.556475377795577,241,312
1763086419579,1763086419691,112,2045.6203178722199,6.556475377795577,242,312
1763086419611,1763086419722,111,2045.6203178722199,6.556475377795577,243,312
1763086419642,1763086419753,111,2045.6203178722199,6.556475377795577,244,312
1763086419673,1763086419784,111,2045.6203178722199,6.556475377795577,245,312
1763086419704,1763086419815,111,2010.3753933441592,6.443510876103074,246,312
1763086419735,1763086419847,112,2010.3753933441592,6.443510876103074,247,312
1763086419766,1763086419877,111,2010.3753933441592,6.443510876103074,248,312
1763086419798,1763086419908,110,2010.3753933441592,6.443510876103074,249,312
1763086419829,1763086419939,110,2010.3753933441592,6.443510876103074,250,312
1763086419859,1763086419970,111,2010.3753933441592,6.443510876103074,251,312
1763086419890,1763086420002,112,2010.3753933441592,6.443510876103074,252,312
1763086419922,1763086420033,111,2045.447563888639,6.555921679130253,253,312
1763086419953,1763086420065,112,2045.447563888639,6.555921679130253,254,312
1763086419984,1763086420096,112,2045.447563888639,6.555921679130253,255,312
1763086420015,1763086420127,112,2045.447563888639,6.555921679130253,256,312
1763086420048,1763086420159,111,2045.447563888639,6.555921679130253,257,312
1763086420078,1763086420189,111,2045.447563888639,6.555921679130253,258,312
1763086420110,1763086420221,111,2010.0642608553567,6.442513656587681,259,312
1763086420141,1763086420252,111,2010.0642608553567,6.442513656587681,260,312
1763086420172,1763086420285,113,2010.0642608553567,6.442513656587681,261,312
1763086420204,1763086420316,112,2010.0642608553567,6.442513656587681,262,312
1763086420235,1763086420346,111,2010.0642608553567,6.442513656587681,263,312
1763086420267,1763086420377,110,2010.0642608553567,6.442513656587681,264,312
1763086420299,1763086420408,109,2010.0642608553567,6.442513656587681,265,312
1763086420329,1763086420440,111,2045.1992801625747,6.5551258979569695,266,312
1763086420359,1763086420471,112,2045.1992801625747,6.5551258979569695,267,312
1763086420391,1763086420502,111,2045.1992801625747,6.5551258979569695,268,312
1763086420422,1763086420534,112,2045.1992801625747,6.5551258979569695,269,312
1763086420453,1763086420565,112,2045.1992801625747,6.5551258979569695,270,312
1763086420485,1763086420596,111,2045.1992801625747,6.5551258979569695,271,312
1763086420516,1763086420628,112,2009.8666270094095,6.4418802147737475,272,312
1763086420548,1763086420659,111,2009.8666270094095,6.4418802147737475,273,312
1763086420579,1763086420691,112,2009.8666270094095,6.4418802147737475,274,312
1763086420610,1763086420723,113,2009.8666270094095,6.4418802147737475,275,312
1763086420642,1763086420754,112,2009.8666270094095,6.4418802147737475,276,312
1763086420674,1763086420786,112,2009.8666270094095,6.4418802147737475,277,312
1763086420706,1763086420818,112,2009.8666270094095,6.4418802147737475,278,312
1763086420737,1763086420849,112,2045.7381018454712,6.556852890530355,279,312
1763086420768,1763086420880,112,2045.7381018454712,6.556852890530355,280,312
1763086420800,1763086420911,111,2045.7381018454712,6.556852890530355,281,312
1763086420832,1763086420943,111,2045.7381018454712,6.556852890530355,282,312
1763086420862,1763086420974,112,2045.7381018454712,6.556852890530355,283,312
1763086420893,1763086421006,113,2045.7381018454712,6.556852890530355,284,312
1763086420925,1763086421038,113,2010.2955290689952,6.443254900862163,285,312
1763086420957,1763086421070,113,2010.2955290689952,6.443254900862163,286,312
1763086420988,1763086421101,113,2010.2955290689952,6.443254900862163,287,312
1763086421020,1763086421133,113,2010.2955290689952,6.443254900862163,288,312
1763086421052,1763086421164,112,2010.2955290689952,6.443254900862163,289,312
1763086421084,1763086421196,112,2010.2955290689952,6.443254900862163,290,312
1763086421115,1763086421227,112,2010.2955290689952,6.443254900862163,291,312
1763086421147,1763086421258,111,2045.9049456098512,6.557387646185419,292,312
1763086421178,1763086421288,110,2045.9049456098512,6.557387646185419,293,312
1763086421208,1763086421320,112,2045.9049456098512,6.557387646185419,294,312
1763086421240,1763086421351,111,2045.9049456098512,6.557387646185419,295,312
1763086421271,1763086421382,111,2045.9049456098512,6.557387646185419,296,312
1763086421302,1763086421413,111,2045.9049456098512,6.557387646185419,297,312
1763086421332,1763086421445,113,2010.6022416510514,6.444237954009779,298,312
1763086421364,1763086421477,113,2010.6022416510514,6.444237954009779,299,312
1763086421396,1763086421508,112,2010.6022416510514,6.444237954009779,300,312
1763086421428,1763086421540,112,2010.6022416510514,6.444237954009779,301,312
1763086421459,1763086421571,112,2010.6022416510514,6.444237954009779,302,312
1763086421491,1763086421603,112,2010.6022416510514,6.444237954009779,303,312
1763086421522,1763086421635,113,2010.6022416510514,6.444237954009779,304,312
1763086421553,1763086421666,113,2046.1487821125859,6.558169173437774,305,312
1763086421585,1763086421698,113,2046.1487821125859,6.558169173437774,306,312
1763086421617,1763086421730,113,2046.1487821125859,6.558169173437774,307,312
1763086421648,1763086421762,114,2046.1487821125859,6.558169173437774,308,312
1763086421681,1763086421795,114,2046.1487821125859,6.558169173437774,309,312
1763086421713,1763086421827,114,2046.1487821125859,6.558169173437774,310,312
1763086421744,1763086421858,114,2009.925835433168,6.442069985362717,311,312
1763086421776,1763086421890,114,2009.925835433168,6.442069985362717,312,312
1763086421809,1763086421923,114,2009.925835433168,6.442069985362717,313,312
1763086421841,1763086421954,113,2009.925835433168,6.442069985362717,314,312
1763086421873,1763086421985,112,2009.925835433168,6.442069985362717,315,312
1763086421905,1763086422018,113,2009.925835433168,6.442069985362717,316,312
1763086421937,1763086422050,113,2009.925835433168,6.442069985362717,317,312
1763086421967,1763086422082,115,2045.9591874985022,6.5575614983926345,318,312
1763086422000,1763086422112,112,2045.9591874985022,6.5575614983926345,319,312
1763086422032,1763086422145,113,2045.9591874985022,6.5575614983926345,320,312
1763086422064,1763086422177,113,2045.9591874985022,6.5575614983926345,321,312
1763086422095,1763086422208,113,2045.9591874985022,6.5575614983926345,322,312
1763086422127,1763086422240,113,2045.9591874985022,6.5575614983926345,323,312
1763086422159,1763086422271,112,2010.1235948738108,6.442703829723752,324,312
1763086422191,1763086422303,112,2010.1235948738108,6.442703829723752,325,312
1763086422222,1763086422335,113,2010.1235948738108,6.442703829723752,326,312
1763086422254,1763086422366,112,2010.1235948738108,6.442703829723752,327,312
1763086422285,1763086422398,113,2010.1235948738108,6.442703829723752,328,312
1763086422317,1763086422429,112,2010.1235948738108,6.442703829723752,329,312
1763086422349,1763086422460,111,2010.1235948738108,6.442703829723752,330,312
1763086422380,1763086422492,112,2045.5943815195535,6.5563922484601065,331,312
1763086422411,1763086422523,112,2045.5943815195535,6.5563922484601065,332,312
1763086422443,1763086422554,111,2045.5943815195535,6.5563922484601065,333,312
1763086422474,1763086422586,112,2045.5943815195535,6.5563922484601065,334,312
1763086422505,1763086422617,112,2045.5943815195535,6.5563922484601065,335,312
1763086422537,1763086422650,113,2045.5943815195535,6.5563922484601065,336,312
1763086422569,1763086422681,112,2010.0075333080451,6.442331837525785,337,312
1763086422600,1763086422712,112,2010.0075333080451,6.442331837525785,338,312
1763086422632,1763086422743,111,2010.0075333080451,6.442331837525785,339,312
1763086422664,1763086422775,111,2010.0075333080451,6.442331837525785,340,312
1763086422695,1763086422807,112,2010.0075333080451,6.442331837525785,341,312
1763086422726,1763086422838,112,2010.0075333080451,6.442331837525785,342,312
1763086422757,1763086422869,112,2010.0075333080451,6.442331837525785,343,312
1763086422789,1763086422901,112,2045.501996513204,6.556096142670524,344,312
1763086422820,1763086422932,112,2045.501996513204,6.556096142670524,345,312
1763086422852,1763086422963,111,2045.501996513204,6.556096142670524,346,312
1763086422883,1763086422995,112,2045.501996513204,6.556096142670524,347,312
1763086422915,1763086423026,111,2045.501996513204,6.556096142670524,348,312
1763086422946,1763086423057,111,2045.501996513204,6.556096142670524,349,312
1763086422977,1763086423089,112,2009.9340872279972,6.442096433423067,350,312
1763086423008,1763086423121,113,2009.9340872279972,6.442096433423067,351,312
1763086423040,1763086423153,113,2009.9340872279972,6.442096433423067,352,312
1763086423072,1763086423185,113,2009.9340872279972,6.442096433423067,353,312
1763086423104,1763086423217,113,2009.9340872279972,6.442096433423067,354,312
1763086423135,1763086423249,114,2009.9340872279972,6.442096433423067,355,312
1763086423167,1763086423280,113,2009.9340872279972,6.442096433423067,356,312
1763086423199,1763086423311,112,2045.7916652590297,6.557024568137915,357,312
1763086423231,1763086423342,111,2045.7916652590297,6.557024568137915,358,312
1763086423262,1763086423374,112,2045.7916652590297,6.557024568137915,359,312
1763086423294,1763086423405,111,2045.7916652590297,6.557024568137915,360,312
1763086423325,1763086423436,111,2045.7916652590297,6.557024568137915,361,312
1763086423356,1763086423468,112,2045.7916652590297,6.557024568137915,362,312
1763086423387,1763086423501,114,2010.3381655461876,6.44339155623778,363,312
1763086423419,1763086423531,112,2010.3381655461876,6.44339155623778,364,312
1763086423451,1763086423563,112,2010.3381655461876,6.44339155623778,365,312
1763086423482,1763086423595,113,2010.3381655461876,6.44339155623778,366,312
1763086423513,1763086423627,114,2010.3381655461876,6.44339155623778,367,312
1763086423545,1763086423659,114,2010.3381655461876,6.44339155623778,368,312
1763086423578,1763086423691,113,2010.3381655461876,6.44339155623778,369,312
1763086423609,1763086423723,114,2046.4598271125806,6.559166112540322,370,312
1763086423641,1763086423755,114,2046.4598271125806,6.559166112540322,371,312
1763086423674,1763086423786,112,2046.4598271125806,6.559166112540322,372,312
1763086423706,1763086423818,112,2046.4598271125806,6.559166112540322,373,312
1763086423737,1763086423850,113,2046.4598271125806,6.559166112540322,374,312
1763086423768,1763086423882,114,2046.4598271125806,6.559166112540322,375,312
1763086423800,1763086423914,114,2010.521102727389,6.443977893357016,376,312
1763086423832,1763086423945,113,2010.521102727389,6.443977893357016,377,312
1763086423864,1763086423976,112,2010.521102727389,6.443977893357016,378,312
1763086423896,1763086424008,112,2010.521102727389,6.443977893357016,379,312
1763086423927,1763086424039,112,2010.521102727389,6.443977893357016,380,312
1763086423959,1763086424070,111,2010.521102727389,6.443977893357016,381,312
1763086423990,1763086424102,112,2010.521102727389,6.443977893357016,382,312
1763086424022,1763086424134,112,2045.9107977710016,6.557406403112185,383,312
1763086424053,1763086424165,112,2045.9107977710016,6.557406403112185,384,312
1763086424085,1763086424196,111,2045.9107977710016,6.557406403112185,385,312
1763086424116,1763086424227,111,2045.9107977710016,6.557406403112185,386,312
1763086424147,1763086424259,112,2045.9107977710016,6.557406403112185,387,312
1763086424179,1763086424290,111,2045.9107977710016,6.557406403112185,388,312
1763086424210,1763086424323,113,2010.2590842279462,6.443138090474187,389,312
1763086424242,1763086424354,112,2010.2590842279462,6.443138090474187,390,312
1763086424273,1763086424385,112,2010.2590842279462,6.443138090474187,391,312
1763086424305,1763086424417,112,2010.2590842279462,6.443138090474187,392,312
1763086424336,1763086424449,113,2010.2590842279462,6.443138090474187,393,312
1763086424368,1763086424480,112,2010.2590842279462,6.443138090474187,394,312
1763086424400,1763086424511,111,2010.2590842279462,6.443138090474187,395,312
1763086424432,1763086424543,111,2045.8759719612171,6.557294781926978,396,312
1763086424463,1763086424575,112,2045.8759719612171,6.557294781926978,397,312
1763086424494,1763086424607,113,2045.8759719612171,6.557294781926978,398,312
1763086424525,1763086424638,113,2045.8759719612171,6.557294781926978,399,312
1763086424557,1763086424670,113,2045.8759719612171,6.557294781926978,400,312
1763086424588,1763086424702,114,2045.8759719612171,6.557294781926978,401,312
1763086424620,1763086424733,113,2010.0575217372063,6.44249205685002,402,312
1763086424652,1763086424765,113,2010.0575217372063,6.44249205685002,403,312
1763086424684,1763086424797,113,2010.0575217372063,6.44249205685002,404,312
1763086424715,1763086424829,114,2010.0575217372063,6.44249205685002,405,312
1763086424747,1763086424860,113,2010.0575217372063,6.44249205685002,406,312
1763086424780,1763086424892,112,2010.0575217372063,6.44249205685002,407,312
1763086424811,1763086424924,113,2010.0575217372063,6.44249205685002,408,312
1763086424843,1763086424955,112,2045.8896722593418,6.557338693138917,409,312
1763086424874,1763086424986,112,2045.8896722593418,6.557338693138917,410,312
1763086424906,1763086425018,112,2045.8896722593418,6.557338693138917,411,312
1763086424938,1763086425049,111,2045.8896722593418,6.557338693138917,412,312
1763086424969,1763086425081,112,2045.8896722593418,6.557338693138917,413,312
1763086425001,1763086425113,112,2045.8896722593418,6.557338693138917,414,312
1763086425032,1763086425144,112,2010.416179118436,6.443641599738577,415,312
1763086425064,1763086425175,111,2010.416179118436,6.443641599738577,416,312
1763086425096,1763086425207,111,2010.416179118436,6.443641599738577,417,312
1763086425126,1763086425238,112,2010.416179118436,6.443641599738577,418,312
1763086425158,1763086425272,114,2010.416179118436,6.443641599738577,419,312
1763086425189,1763086425302,113,2010.416179118436,6.443641599738577,420,312
1763086425221,1763086425334,113,2010.416179118436,6.443641599738577,421,312
1763086425253,1763086425365,112,2046.1744462200381,6.55825143019243,422,312
1763086425284,1763086425397,113,2046.1744462200381,6.55825143019243,423,312
1763086425315,1763086425429,114,2046.1744462200381,6.55825143019243,424,312
1763086425348,1763086425461,113,2046.1744462200381,6.55825143019243,425,312
1763086425379,1763086425493,114,2046.1744462200381,6.55825143019243,426,312
1763086425412,1763086425525,113,2046.1744462200381,6.55825143019243,427,312
1763086425444,1763086425557,113,2009.9461614062702,6.442135132712405,428,312
1763086425475,1763086425589,114,2009.9461614062702,6.442135132712405,429,312
1763086425508,1763086425621,113,2009.9461614062702,6.442135132712405,430,312
1763086425539,1763086425653,114,2009.9461614062702,6.442135132712405,431,312
1763086425572,1763086425685,113,2009.9461614062702,6.442135132712405,432,312
1763086425604,1763086425717,113,2009.9461614062702,6.442135132712405,433,312
1763086425636,1763086425749,113,2009.9461614062702,6.442135132712405,434,312
1763086425668,1763086425781,113,2046.149359833766,6.558171025108225,435,312
1763086425699,1763086425815,116,2046.149359833766,6.558171025108225,436,312
1763086425731,1763086425846,115,2046.149359833766,6.558171025108225,437,312
1763086425763,1763086425876,113,2046.149359833766,6.558171025108225,438,312
1763086425795,1763086425907,112,2046.149359833766,6.558171025108225,439,312
1763086425828,1763086425939,111,2046.149359833766,6.558171025108225,440,312
1763086425858,1763086425970,112,2010.4487410678441,6.443745964961039,441,312
1763086425889,1763086426002,113,2010.4487410678441,6.443745964961039,442,312
1763086425921,1763086426034,113,2010.4487410678441,6.443745964961039,443,312
1763086425952,1763086426065,113,2010.4487410678441,6.443745964961039,444,312
1763086425985,1763086426096,111,2010.4487410678441,6.443745964961039,445,312
1763086426017,1763086426127,110,2010.4487410678441,6.443745964961039,446,312
1763086426047,1763086426159,112,2010.4487410678441,6.443745964961039,447,312
1763086426079,1763086426190,111,2045.853197890004,6.557221788108987,448,312
1763086426110,1763086426222,112,2045.853197890004,6.557221788108987,449,312
1763086426141,1763086426253,112,2045.853197890004,6.557221788108987,450,312
1763086426173,1763086426285,112,2045.853197890004,6.557221788108987,451,312
1763086426204,1763086426316,112,2045.853197890004,6.557221788108987,452,312
1763086426236,1763086426347,111,2045.853197890004,6.557221788108987,453,312
1763086426268,1763086426379,111,2010.387145520443,6.443548543334754,454,312
1763086426298,1763086426410,112,2010.387145520443,6.443548543334754,455,312
1763086426329,1763086426442,113,2010.387145520443,6.443548543334754,456,312
1763086426361,1763086426474,113,2010.387145520443,6.443548543334754,457,312
1763086426392,1763086426505,113,2010.387145520443,6.443548543334754,458,312
1763086426424,1763086426536,112,2010.387145520443,6.443548543334754,459,312
1763086426456,1763086426568,112,2010.387145520443,6.443548543334754,460,312
1763086426488,1763086426600,112,2046.1513935432317,6.558177543407795,461,312
1763086426518,1763086426632,114,2046.1513935432317,6.558177543407795,462,312
1763086426551,1763086426664,113,2046.1513935432317,6.558177543407795,463,312
1763086426583,1763086426696,113,2046.1513935432317,6.558177543407795,464,312
1763086426615,1763086426726,111,2046.1513935432317,6.558177543407795,465,312
1763086426647,1763086426756,109,2046.1513935432317,6.558177543407795,466,312
1763086426679,1763086426788,109,2010.6245092604124,6.444309324552605,467,312
1763086426709,1763086426820,111,2010.6245092604124,6.444309324552605,468,312
1763086426739,1763086426852,113,2010.6245092604124,6.444309324552605,469,312
1763086426771,1763086426883,112,2010.6245092604124,6.444309324552605,470,312
1763086426802,1763086426915,113,2010.6245092604124,6.444309324552605,471,312
1763086426834,1763086426947,113,2010.6245092604124,6.444309324552605,472,312
1763086426866,1763086426978,112,2010.6245092604124,6.444309324552605,473,312
1763086426897,1763086427009,112,2046.1664848620278,6.558225913019321,474,312
1763086426929,1763086427040,111,2046.1664848620278,6.558225913019321,475,312
1763086426961,1763086427072,111,2046.1664848620278,6.558225913019321,476,312
1763086426992,1763086427102,110,2046.1664848620278,6.558225913019321,477,312
1763086427023,1763086427134,111,2046.1664848620278,6.558225913019321,478,312
1763086427054,1763086427165,111,2046.1664848620278,6.558225913019321,479,312
1763086427085,1763086427196,111,2010.8106884350361,6.444906052676399,480,312
1763086427116,1763086427228,112,2010.8106884350361,6.444906052676399,481,312
1763086427147,1763086427259,112,2010.8106884350361,6.444906052676399,482,312
1763086427179,1763086427291,112,2010.8106884350361,6.444906052676399,483,312
1763086427210,1763086427322,112,2010.8106884350361,6.444906052676399,484,312
1763086427242,1763086427354,112,2010.8106884350361,6.444906052676399,485,312
1763086427273,1763086427385,112,2010.8106884350361,6.444906052676399,486,312
1763086427305,1763086427416,111,2046.1413079942888,6.558145217930414,487,312
1763086427336,1763086427447,111,2046.1413079942888,6.558145217930414,488,312
1763086427367,1763086427478,111,2046.1413079942888,6.558145217930414,489,312
1763086427399,1763086427509,110,2046.1413079942888,6.558145217930414,490,312
1763086427429,1763086427540,111,2046.1413079942888,6.558145217930414,491,312
1763086427460,1763086427571,111,2046.1413079942888,6.558145217930414,492,312
1763086427492,1763086427603,111,2010.7906224714482,6.44484173869054,493,312
1763086427522,1763086427634,112,2010.7906224714482,6.44484173869054,494,312
1763086427554,1763086427665,111,2010.7906224714482,6.44484173869054,495,312
1763086427585,1763086427698,113,2010.7906224714482,6.44484173869054,496,312
1763086427616,1763086427729,113,2010.7906224714482,6.44484173869054,497,312
1763086427648,1763086427759,111,2010.7906224714482,6.44484173869054,498,312
1763086427680,1763086427790,110,2010.7906224714482,6.44484173869054,499,312
1763086427711,1763086427822,111,2045.7789167322155,6.556983707475051,500,312
1763086427742,1763086427853,111,2045.7789167322155,6.556983707475051,501,312
1763086427773,1763086427883,110,2045.7789167322155,6.556983707475051,502,312
1763086427804,1763086427915,111,2045.7789167322155,6.556983707475051,503,312
1763086427835,1763086427945,110,2045.7789167322155,6.556983707475051,504,312
1763086427866,1763086427977,111,2045.7789167322155,6.556983707475051,505,312
1763086427897,1763086428009,112,2010.5017966355758,6.443916014857615,506,312
1763086427927,1763086428041,114,2010.5017966355758,6.443916014857615,507,312
1763086427959,1763086428073,114,2010.5017966355758,6.443916014857615,508,312
1763086427991,1763086428103,112,2010.5017966355758,6.443916014857615,509,312
1763086428023,1763086428135,112,2010.5017966355758,6.443916014857615,510,312
1763086428055,1763086428166,111,2010.5017966355758,6.443916014857615,511,312
1763086428085,1763086428198,113,2010.5017966355758,6.443916014857615,512,312
1763086428117,1763086428230,113,2046.0689283252827,6.5579132318118045,513,312
1763086428148,1763086428261,113,2046.0689283252827,6.5579132318118045,514,312
1763086428181,1763086428293,112,2046.0689283252827,6.5579132318118045,515,312
1763086428212,1763086428324,112,2046.0689283252827,6.5579132318118045,516,312
1763086428243,1763086428356,113,2046.0689283252827,6.5579132318118045,517,312
1763086428275,1763086428387,112,2046.0689283252827,6.5579132318118045,518,312
1763086428307,1763086428420,113,2010.2107290902745,6.4429831060585725,519,312
1763086428339,1763086428452,113,2010.2107290902745,6.4429831060585725,520,312
1763086428370,1763086428483,113,2010.2107290902745,6.4429831060585725,521,312
1763086428402,1763086428515,113,2010.2107290902745,6.4429831060585725,522,312
1763086428434,1763086428547,113,2010.2107290902745,6.4429831060585725,523,312
1763086428465,1763086428577,112,2010.2107290902745,6.4429831060585725,524,312
1763086428497,1763086428609,112,2010.2107290902745,6.4429831060585725,525,312
1763086428529,1763086428640,111,2045.8375296267682,6.557171569316565,526,312
1763086428560,1763086428672,112,2045.8375296267682,6.557171569316565,527,312
1763086428591,1763086428704,113,2045.8375296267682,6.557171569316565,528,312
1763086428623,1763086428736,113,2045.8375296267682,6.557171569316565,529,312
1763086428655,1763086428767,112,2045.8375296267682,6.557171569316565,530,312
1763086428686,1763086428799,113,2045.8375296267682,6.557171569316565,531,312
1763086428718,1763086428830,112,2010.026998523654,6.442394226037353,532,312
1763086428749,1763086428862,113,2010.026998523654,6.442394226037353,533,312
1763086428781,1763086428892,111,2010.026998523654,6.442394226037353,534,312
1763086428813,1763086428924,111,2010.026998523654,6.442394226037353,535,312
1763086428844,1763086428957,113,2010.026998523654,6.442394226037353,536,312
1763086428874,1763086428988,114,2010.026998523654,6.442394226037353,537,312
1763086428907,1763086429020,113,2010.026998523654,6.442394226037353,538,312
1763086428938,1763086429051,113,2045.691463826305,6.556703409699695,539,312
1763086428971,1763086429084,113,2045.691463826305,6.556703409699695,540,312
1763086429002,1763086429115,113,2045.691463826305,6.556703409699695,541,312
1763086429033,1763086429147,114,2045.691463826305,6.556703409699695,542,312
1763086429066,1763086429179,113,2045.691463826305,6.556703409699695,543,312
1763086429097,1763086429210,113,2045.691463826305,6.556703409699695,544,312
1763086429129,1763086429242,113,2009.7373308142598,6.441465803891858,545,312
1763086429161,1763086429274,113,2009.7373308142598,6.441465803891858,546,312
1763086429193,1763086429307,114,2009.7373308142598,6.441465803891858,547,312
1763086429224,1763086429338,114,2009.7373308142598,6.441465803891858,548,312
1763086429256,1763086429370,114,2009.7373308142598,6.441465803891858,549,312
1763086429289,1763086429402,113,2009.7373308142598,6.441465803891858,550,312
1763086429321,1763086429435,114,2009.7373308142598,6.441465803891858,551,312
1763086429353,1763086429466,113,2045.9839660048938,6.5576409166823515,552,312
1763086429385,1763086429498,113,2045.9839660048938,6.5576409166823515,553,312
1763086429417,1763086429530,113,2045.9839660048938,6.5576409166823515,554,312
1763086429449,1763086429561,112,2045.9839660048938,6.5576409166823515,555,312
1763086429480,1763086429593,113,2045.9839660048938,6.5576409166823515,556,312
1763086429513,1763086429625,112,2045.9839660048938,6.5576409166823515,557,312
1763086429543,1763086429656,113,2010.3172529738906,6.44332452876247,558,312
1763086429575,1763086429687,112,2010.3172529738906,6.44332452876247,559,312
1763086429607,1763086429719,112,2010.3172529738906,6.44332452876247,560,312
1763086429639,1763086429750,111,2010.3172529738906,6.44332452876247,561,312
1763086429670,1763086429781,111,2010.3172529738906,6.44332452876247,562,312
1763086429701,1763086429813,112,2010.3172529738906,6.44332452876247,563,312
1763086429732,1763086429844,112,2010.3172529738906,6.44332452876247,564,312
1763086429764,1763086429875,111,2045.7485333672169,6.556886324894926,565,312
1763086429795,1763086429906,111,2045.7485333672169,6.556886324894926,566,312
1763086429826,1763086429939,113,2045.7485333672169,6.556886324894926,567,312
1763086429857,1763086429970,113,2045.7485333672169,6.556886324894926,568,312
1763086429889,1763086430001,112,2045.7485333672169,6.556886324894926,569,312
1763086429921,1763086430033,112,2045.7485333672169,6.556886324894926,570,312
1763086429952,1763086430064,112,2010.1300840269373,6.442724628291466,571,312
1763086429984,1763086430095,111,2010.1300840269373,6.442724628291466,572,312
1763086430015,1763086430126,111,2010.1300840269373,6.442724628291466,573,312
1763086430046,1763086430157,111,2010.1300840269373,6.442724628291466,574,312
1763086430078,1763086430189,111,2010.1300840269373,6.442724628291466,575,312
1763086430108,1763086430221,113,2010.1300840269373,6.442724628291466,576,312
1763086430139,1763086430253,114,2010.1300840269373,6.442724628291466,577,312
1763086430171,1763086430285,114,2045.7734168014151,6.5569660794917155,578,312
1763086430203,1763086430317,114,2045.7734168014151,6.5569660794917155,579,312
1763086430236,1763086430349,113,2045.7734168014151,6.5569660794917155,580,312
1763086430267,1763086430380,113,2045.7734168014151,6.5569660794917155,581,312
1763086430300,1763086430411,111,2045.7734168014151,6.5569660794917155,582,312
1763086430331,1763086430443,112,2045.7734168014151,6.5569660794917155,583,312
1763086430362,1763086430473,111,2010.3236397739265,6.443344999275405,584,312
1763086430394,1763086430504,110,2010.3236397739265,6.443344999275405,585,312
1763086430425,1763086430536,111,2010.3236397739265,6.443344999275405,586,312
1763086430455,1763086430566,111,2010.3236397739265,6.443344999275405,587,312
1763086430487,1763086430598,111,2010.3236397739265,6.443344999275405,588,312
1763086430518,1763086430629,111,2010.3236397739265,6.443344999275405,589,312
1763086430549,1763086430660,111,2010.3236397739265,6.443344999275405,590,312
1763086430580,1763086430693,113,2045.5799408998193,6.556345964422498,591,312
1763086430611,1763086430724,113,2045.5799408998193,6.556345964422498,592,312
1763086430643,1763086430756,113,2045.5799408998193,6.556345964422498,593,312
1763086430675,1763086430786,111,2045.5799408998193,6.556345964422498,594,312
1763086430706,1763086430817,111,2045.5799408998193,6.556345964422498,595,312
1763086430738,1763086430848,110,2045.5799408998193,6.556345964422498,596,312
1763086430769,1763086430880,111,2010.343212897156,6.44340773364473,597,312
1763086430799,1763086430911,112,2010.343212897156,6.44340773364473,598,312
1763086430830,1763086430943,113,2010.343212897156,6.44340773364473,599,312
1763086430862,1763086430973,111,2010.343212897156,6.44340773364473,600,312
1763086430893,1763086431004,111,2010.343212897156,6.44340773364473,601,312
1763086430925,1763086431036,111,2010.343212897156,6.44340773364473,602,312
1763086430955,1763086431067,112,2010.343212897156,6.44340773364473,603,312
1763086430987,1763086431098,111,2045.5955406790333,6.55639596371485,604,312
1763086431018,1763086431129,111,2045.5955406790333,6.55639596371485,605,312
1763086431049,1763086431161,112,2045.5955406790333,6.55639596371485,606,312
1763086431081,1763086431193,112,2045.5955406790333,6.55639596371485,607,312
1763086431112,1763086431225,113,2045.5955406790333,6.55639596371485,608,312
1763086431144,1763086431256,112,2045.5955406790333,6.55639596371485,609,312
1763086431176,1763086431288,112,2010.1820503805104,6.442891187117021,610,312
1763086431208,1763086431318,110,2010.1820503805104,6.442891187117021,611,312
1763086431239,1763086431350,111,2010.1820503805104,6.442891187117021,612,312
1763086431270,1763086431381,111,2010.1820503805104,6.442891187117021,613,312
1763086431301,1763086431411,110,2010.1820503805104,6.442891187117021,614,312
1763086431332,1763086431443,111,2010.1820503805104,6.442891187117021,615,312
1763086431363,1763086431474,111,2010.1820503805104,6.442891187117021,616,312
1763086431394,1763086431506,112,2045.4670941532668,6.555984276132266,617,312
1763086431425,1763086431537,112,2045.4670941532668,6.555984276132266,618,312
1763086431457,1763086431567,110,2045.4670941532668,6.555984276132266,619,312
1763086431488,1763086431599,111,2045.4670941532668,6.555984276132266,620,312
1763086431520,1763086431630,110,2045.4670941532668,6.555984276132266,621,312
1763086431550,1763086431661,111,2045.4670941532668,6.555984276132266,622,312
1763086431581,1763086431693,112,2010.2532740401537,6.443119468077416,623,312
1763086431612,1763086431724,112,2010.2532740401537,6.443119468077416,624,312
1763086431644,1763086431756,112,2010.2532740401537,6.443119468077416,625,312
1763086431675,1763086431786,111,2010.2532740401537,6.443119468077416,626,312
1763086431707,1763086431818,111,2010.2532740401537,6.443119468077416,627,312
1763086431738,1763086431849,111,2010.2532740401537,6.443119468077416,628,312
1763086431769,1763086431880,111,2010.2532740401537,6.443119468077416,629,312
1763086431800,1763086431912,112,2045.5238594100024,6.556166216057701,630,312
1763086431831,1763086431943,112,2045.5238594100024,6.556166216057701,631,312
1763086431862,1763086431974,112,2045.5238594100024,6.556166216057701,632,312
1763086431894,1763086432005,111,2045.5238594100024,6.556166216057701,633,312
1763086431925,1763086432036,111,2045.5238594100024,6.556166216057701,634,312
1763086431957,1763086432067,110,2045.5238594100024,6.556166216057701,635,312
1763086431988,1763086432098,110,2010.472039809182,6.443820640414045,636,312
1763086432019,1763086432129,110,2010.472039809182,6.443820640414045,637,312
1763086432049,1763086432160,111,2010.472039809182,6.443820640414045,638,312
1763086432081,1763086432191,110,2010.472039809182,6.443820640414045,639,312
1763086432111,1763086432223,112,2010.472039809182,6.443820640414045,640,312
1763086432142,1763086432255,113,2010.472039809182,6.443820640414045,641,312
1763086432174,1763086432287,113,2010.472039809182,6.443820640414045,642,312
1763086432205,1763086432318,113,2046.0452716482996,6.557837409129165,643,312
1763086432237,1763086432348,111,2046.0452716482996,6.557837409129165,644,312
1763086432269,1763086432379,110,2046.0452716482996,6.557837409129165,645,312
1763086432301,1763086432411,110,2046.0452716482996,6.557837409129165,646,312
1763086432331,1763086432442,111,2046.0452716482996,6.557837409129165,647,312
1763086432361,1763086432473,112,2046.0452716482996,6.557837409129165,648,312
1763086432393,1763086432505,112,2010.8881267753432,6.445154252485074,649,312
1763086432425,1763086432536,111,2010.8881267753432,6.445154252485074,650,312
1763086432456,1763086432567,111,2010.8881267753432,6.445154252485074,651,312
1763086432488,1763086432598,110,2010.8881267753432,6.445154252485074,652,312
1763086432518,1763086432629,111,2010.8881267753432,6.445154252485074,653,312
1763086432549,1763086432662,113,2010.8881267753432,6.445154252485074,654,312
1763086432580,1763086432693,113,2010.8881267753432,6.445154252485074,655,312
1763086432612,1763086432724,112,2046.0298370399485,6.557787939230604,656,312
1763086432643,1763086432756,113,2046.0298370399485,6.557787939230604,657,312
1763086432675,1763086432787,112,2046.0298370399485,6.557787939230604,658,312
1763086432706,1763086432819,113,2046.0298370399485,6.557787939230604,659,312
1763086432738,1763086432851,113,2046.0298370399485,6.557787939230604,660,312
1763086432769,1763086432883,114,2046.0298370399485,6.557787939230604,661,312
1763086432801,1763086432914,113,2010.0056607726792,6.442325835809869,662,312
1763086432833,1763086432947,114,2010.0056607726792,6.442325835809869,663,312
1763086432865,1763086432979,114,2010.0056607726792,6.442325835809869,664,312
1763086432897,1763086433011,114,2010.0056607726792,6.442325835809869,665,312
1763086432929,1763086433043,114,2010.0056607726792,6.442325835809869,666,312
1763086432961,1763086433075,114,2010.0056607726792,6.442325835809869,667,312
1763086432993,1763086433106,113,2010.0056607726792,6.442325835809869,668,312
1763086433025,1763086433139,114,2046.1964833319619,6.558322061961416,669,312
1763086433057,1763086433172,115,2046.1964833319619,6.558322061961416,670,312
1763086433089,1763086433202,113,2046.1964833319619,6.558322061961416,671,312
1763086433121,1763086433234,113,2046.1964833319619,6.558322061961416,672,312
1763086433154,1763086433266,112,2046.1964833319619,6.558322061961416,673,312
1763086433185,1763086433298,113,2046.1964833319619,6.558322061961416,674,312
1763086433217,1763086433329,112,2010.3120077655776,6.4433077171973645,675,312
1763086433248,1763086433360,112,2010.3120077655776,6.4433077171973645,676,312
1763086433280,1763086433391,111,2010.3120077655776,6.4433077171973645,677,312
1763086433311,1763086433423,112,2010.3120077655776,6.4433077171973645,678,312
1763086433342,1763086433455,113,2010.3120077655776,6.4433077171973645,679,312
1763086433374,1763086433487,113,2010.3120077655776,6.4433077171973645,680,312
1763086433405,1763086433519,114,2010.3120077655776,6.4433077171973645,681,312
1763086433437,1763086433551,114,2046.0917341658687,6.557986327454707,682,312
1763086433469,1763086433583,114,2046.0917341658687,6.557986327454707,683,312
1763086433501,1763086433614,113,2046.0917341658687,6.557986327454707,684,312
1763086433533,1763086433645,112,2046.0917341658687,6.557986327454707,685,312
1763086433565,1763086433678,113,2046.0917341658687,6.557986327454707,686,312
1763086433596,1763086433708,112,2046.0917341658687,6.557986327454707,687,312
1763086433628,1763086433739,111,2010.4029286618656,6.443599130326493,688,312
1763086433659,1763086433771,112,2010.4029286618656,6.443599130326493,689,312
1763086433690,1763086433803,113,2010.4029286618656,6.443599130326493,690,312
1763086433722,1763086433835,113,2010.4029286618656,6.443599130326493,691,312
1763086433753,1763086433865,112,2010.4029286618656,6.443599130326493,692,312
1763086433785,1763086433895,110,2010.4029286618656,6.443599130326493,693,312
1763086433817,1763086433926,109,2010.4029286618656,6.443599130326493,694,312
1763086433847,1763086433958,111,2045.6431341435068,6.5565485068702145,695,312
1763086433877,1763086433990,113,2045.6431341435068,6.5565485068702145,696,312
1763086433908,1763086434022,114,2045.6431341435068,6.5565485068702145,697,312
1763086433940,1763086434053,113,2045.6431341435068,6.5565485068702145,698,312
1763086433972,1763086434084,112,2045.6431341435068,6.5565485068702145,699,312
1763086434004,1763086434116,112,2045.6431341435068,6.5565485068702145,700,312
1763086434036,1763086434148,112,2009.8726485099444,6.44189951445495,701,312
1763086434067,1763086434181,114,2009.8726485099444,6.44189951445495,702,312
1763086434098,1763086434210,112,2009.8726485099444,6.44189951445495,703,312
1763086434130,1763086434242,112,2009.8726485099444,6.44189951445495,704,312
1763086434162,1763086434274,112,2009.8726485099444,6.44189951445495,705,312
1763086434193,1763086434305,112,2009.8726485099444,6.44189951445495,706,312
1763086434225,1763086434337,112,2009.8726485099444,6.44189951445495,707,312
1763086434257,1763086434367,110,2045.2205008624258,6.555193913020595,708,312
1763086434288,1763086434399,111,2045.2205008624258,6.555193913020595,709,312
1763086434319,1763086434431,112,2045.2205008624258,6.555193913020595,710,312
1763086434349,1763086434462,113,2045.2205008624258,6.555193913020595,711,312
1763086434382,1763086434494,112,2045.2205008624258,6.555193913020595,712,312
1763086434413,1763086434526,113,2045.2205008624258,6.555193913020595,713,312
1763086434445,1763086434558,113,2009.3638571839035,6.440268773025332,714,312
1763086434477,1763086434590,113,2009.3638571839035,6.440268773025332,715,312
1763086434509,1763086434621,112,2009.3638571839035,6.440268773025332,716,312
1763086434541,1763086434652,111,2009.3638571839035,6.440268773025332,717,312
1763086434572,1763086434686,114,2009.3638571839035,6.440268773025332,718,312
1763086434603,1763086434716,113,2009.3638571839035,6.440268773025332,719,312
1763086434635,1763086434747,112,2009.3638571839035,6.440268773025332,720,312
1763086434667,1763086434779,112,2045.1642664612034,6.5550136745551395,721,312
1763086434698,1763086434810,112,2045.1642664612034,6.5550136745551395,722,312
1763086434730,1763086434842,112,2045.1642664612034,6.5550136745551395,723,312
1763086434761,1763086434873,112,2045.1642664612034,6.5550136745551395,724,312
1763086434792,1763086434905,113,2045.1642664612034,6.5550136745551395,725,312
1763086434824,1763086434935,111,2045.1642664612034,6.5550136745551395,726,312
1763086434855,1763086434967,112,2009.838756103118,6.441790884945891,727,312
1763086434887,1763086434999,112,2009.838756103118,6.441790884945891,728,312
1763086434918,1763086435031,113,2009.838756103118,6.441790884945891,729,312
1763086434950,1763086435062,112,2009.838756103118,6.441790884945891,730,312
1763086434982,1763086435093,111,2009.838756103118,6.441790884945891,731,312
1763086435013,1763086435125,112,2009.838756103118,6.441790884945891,732,312
1763086435045,1763086435156,111,2009.838756103118,6.441790884945891,733,312
1763086435076,1763086435188,112,2045.367649858082,6.555665544416929,734,312
1763086435107,1763086435219,112,2045.367649858082,6.555665544416929,735,312
1763086435138,1763086435249,111,2045.367649858082,6.555665544416929,736,312
1763086435170,1763086435281,111,2045.367649858082,6.555665544416929,737,312
1763086435201,1763086435312,111,2045.367649858082,6.555665544416929,738,312
1763086435231,1763086435343,112,2045.367649858082,6.555665544416929,739,312
1763086435263,1763086435375,112,2010.1740169368913,6.442865438900292,740,312
1763086435294,1763086435406,112,2010.1740169368913,6.442865438900292,741,312
1763086435326,1763086435438,112,2010.1740169368913,6.442865438900292,742,312
1763086435357,1763086435468,111,2010.1740169368913,6.442865438900292,743,312
1763086435390,1763086435500,110,2010.1740169368913,6.442865438900292,744,312
1763086435420,1763086435532,112,2010.1740169368913,6.442865438900292,745,312
1763086435450,1763086435563,113,2010.1740169368913,6.442865438900292,746,312
1763086435482,1763086435595,113,2045.8083434648286,6.557078023925732,747,312
1763086435514,1763086435626,112,2045.8083434648286,6.557078023925732,748,312
1763086435546,1763086435658,112,2045.8083434648286,6.557078023925732,749,312
1763086435577,1763086435691,114,2045.8083434648286,6.557078023925732,750,312
1763086435609,1763086435722,113,2045.8083434648286,6.557078023925732,751,312
1763086435640,1763086435753,113,2045.8083434648286,6.557078023925732,752,312
1763086435672,1763086435784,112,2010.1776330545388,6.442877029020957,753,312
1763086435705,1763086435816,111,2010.1776330545388,6.442877029020957,754,312
1763086435735,1763086435847,112,2010.1776330545388,6.442877029020957,755,312
1763086435766,1763086435879,113,2010.1776330545388,6.442877029020957,756,312
1763086435798,1763086435911,113,2010.1776330545388,6.442877029020957,757,312
1763086435829,1763086435942,113,2010.1776330545388,6.442877029020957,758,312
1763086435861,1763086435973,112,2010.1776330545388,6.442877029020957,759,312
1763086435893,1763086436005,112,2045.6373959114128,6.556530115100682,760,312
1763086435925,1763086436036,111,2045.6373959114128,6.556530115100682,761,312
1763086435956,1763086436068,112,2045.6373959114128,6.556530115100682,762,312
1763086435987,1763086436098,111,2045.6373959114128,6.556530115100682,763,312
1763086436019,1763086436129,110,2045.6373959114128,6.556530115100682,764,312
1763086436050,1763086436161,111,2045.6373959114128,6.556530115100682,765,312
1763086436080,1763086436193,113,2010.389004541396,6.443554501735243,766,312
1763086436112,1763086436223,111,2010.389004541396,6.443554501735243,767,312
1763086436143,1763086436255,112,2010.389004541396,6.443554501735243,768,312
1763086436174,1763086436287,113,2010.389004541396,6.443554501735243,769,312
1763086436205,1763086436319,114,2010.389004541396,6.443554501735243,770,312
1763086436237,1763086436351,114,2010.389004541396,6.443554501735243,771,312
1763086436269,1763086436384,115,2010.389004541396,6.443554501735243,772,312
1763086436301,1763086436414,113,2046.326480601327,6.558738719876048,773,312
1763086436334,1763086436446,112,2046.326480601327,6.558738719876048,774,312
1763086436366,1763086436478,112,2046.326480601327,6.558738719876048,775,312
1763086436396,1763086436510,114,2046.326480601327,6.558738719876048,776,312
1763086436429,1763086436542,113,2046.326480601327,6.558738719876048,777,312
1763086436461,1763086436573,112,2046.326480601327,6.558738719876048,778,312
1763086436492,1763086436605,113,2010.2408991168522,6.443079804861706,779,312
1763086436525,1763086436637,112,2010.2408991168522,6.443079804861706,780,312
1763086436555,1763086436669,114,2010.2408991168522,6.443079804861706,781,312
1763086436588,1763086436702,114,2010.2408991168522,6.443079804861706,782,312
1763086436620,1763086436731,111,2010.2408991168522,6.443079804861706,783,312
1763086436651,1763086436764,113,2010.2408991168522,6.443079804861706,784,312
1763086436684,1763086436794,110,2010.2408991168522,6.443079804861706,785,312
1763086436713,1763086436827,114,2045.8615147978976,6.557248444865056,786,312
1763086436745,1763086436858,113,2045.8615147978976,6.557248444865056,787,312
1763086436777,1763086436890,113,2045.8615147978976,6.557248444865056,788,312
1763086436809,1763086436922,113,2045.8615147978976,6.557248444865056,789,312
1763086436840,1763086436952,112,2045.8615147978976,6.557248444865056,790,312
1763086436872,1763086436984,112,2045.8615147978976,6.557248444865056,791,312
1763086436904,1763086437016,112,2010.0460427495307,6.442455265222855,792,312
1763086436934,1763086437048,114,2010.0460427495307,6.442455265222855,793,312
1763086436966,1763086437080,114,2010.0460427495307,6.442455265222855,794,312
1763086436998,1763086437112,114,2010.0460427495307,6.442455265222855,795,312
1763086437030,1763086437143,113,2010.0460427495307,6.442455265222855,796,312
1763086437062,1763086437175,113,2010.0460427495307,6.442455265222855,797,312
1763086437094,1763086437209,115,2010.0460427495307,6.442455265222855,798,312
1763086437125,1763086437239,114,2046.0545119003777,6.557867025321724,799,312
1763086437157,1763086437272,115,2046.0545119003777,6.557867025321724,800,312
1763086437190,1763086437303,113,2046.0545119003777,6.557867025321724,801,312
1763086437221,1763086437336,115,2046.0545119003777,6.557867025321724,802,312
1763086437254,1763086437367,113,2046.0545119003777,6.557867025321724,803,312
1763086437285,1763086437398,113,2046.0545119003777,6.557867025321724,804,312
1763086437317,1763086437429,112,2010.1992824489,6.442946418105449,805,312
1763086437349,1763086437461,112,2010.1992824489,6.442946418105449,806,312
1763086437380,1763086437493,113,2010.1992824489,6.442946418105449,807,312
1763086437411,1763086437525,114,2010.1992824489,6.442946418105449,808,312
1763086437443,1763086437558,115,2010.1992824489,6.442946418105449,809,312
1763086437475,1763086437588,113,2010.1992824489,6.442946418105449,810,312
1763086437507,1763086437620,113,2010.1992824489,6.442946418105449,811,312
1763086437539,1763086437652,113,2046.1760309819776,6.558256509557621,812,312
1763086437570,1763086437684,114,2046.1760309819776,6.558256509557621,813,312
1763086437602,1763086437717,115,2046.1760309819776,6.558256509557621,814,312
1763086437634,1763086437748,114,2046.1760309819776,6.558256509557621,815,312
1763086437666,1763086437784,118,2046.1760309819776,6.558256509557621,816,312
1763086437699,1763086437812,113,2046.1760309819776,6.558256509557621,817,312
1763086437730,1763086437844,114,2009.9474165377262,6.4421391555696355,818,312
1763086437762,1763086437876,114,2009.9474165377262,6.4421391555696355,819,312
1763086437794,1763086437908,114,2009.9474165377262,6.4421391555696355,820,312
1763086437826,1763086437940,114,2009.9474165377262,6.4421391555696355,821,312
1763086437858,1763086437972,114,2009.9474165377262,6.4421391555696355,822,312
1763086437890,1763086438004,114,2009.9474165377262,6.4421391555696355,823,312
1763086437922,1763086438036,114,2009.9474165377262,6.4421391555696355,824,312
1763086437954,1763086438068,114,2046.150353897879,6.558174211211151,825,312
1763086437986,1763086438099,113,2046.150353897879,6.558174211211151,826,312
1763086438019,1763086438130,111,2046.150353897879,6.558174211211151,827,312
1763086438050,1763086438161,111,2046.150353897879,6.558174211211151,828,312
1763086438081,1763086438193,112,2046.150353897879,6.558174211211151,829,312
1763086438112,1763086438226,114,2046.150353897879,6.558174211211151,830,312
1763086438143,1763086438257,114,2010.449531348814,6.443748497912865,831,312
1763086438175,1763086438289,114,2010.449531348814,6.443748497912865,832,312
1763086438208,1763086438321,113,2010.449531348814,6.443748497912865,833,312
1763086438240,1763086438353,113,2010.449531348814,6.443748497912865,834,312
1763086438271,1763086438386,115,2010.449531348814,6.443748497912865,835,312
1763086438303,1763086438417,114,2010.449531348814,6.443748497912865,836,312
1763086438335,1763086438449,114,2010.449531348814,6.443748497912865,837,312
1763086438368,1763086438481,113,2046.5480288282606,6.559448810346989,838,312
1763086438399,1763086438512,113,2046.5480288282606,6.559448810346989,839,312
1763086438432,1763086438543,111,2046.5480288282606,6.559448810346989,840,312
1763086438464,1763086438575,111,2046.5480288282606,6.559448810346989,841,312
1763086438494,1763086438607,113,2046.5480288282606,6.559448810346989,842,312
1763086438525,1763086438638,113,2046.5480288282606,6.559448810346989,843,312
1763086438557,1763086438670,113,2010.7656829184673,6.444761804225856,844,312
1763086438590,1763086438701,111,2010.7656829184673,6.444761804225856,845,312
1763086438620,1763086438733,113,2010.7656829184673,6.444761804225856,846,312
1763086438652,1763086438764,112,2010.7656829184673,6.444761804225856,847,312
1763086438683,1763086438796,113,2010.7656829184673,6.444761804225856,848,312
1763086438715,1763086438827,112,2010.7656829184673,6.444761804225856,849,312
1763086438747,1763086438857,110,2010.7656829184673,6.444761804225856,850,312
1763086438778,1763086438889,111,2045.9322492860185,6.557475157968008,851,312
1763086438809,1763086438920,111,2045.9322492860185,6.557475157968008,852,312
1763086438839,1763086438951,112,2045.9322492860185,6.557475157968008,853,312
1763086438871,1763086438983,112,2045.9322492860185,6.557475157968008,854,312
1763086438902,1763086439015,113,2045.9322492860185,6.557475157968008,855,312
1763086438934,1763086439046,112,2045.9322492860185,6.557475157968008,856,312
1763086438966,1763086439077,111,2010.4500704316708,6.4437502257425345,857,312
1763086438998,1763086439114,116,2010.4500704316708,6.4437502257425345,858,312
1763086439028,1763086439142,114,2010.4500704316708,6.4437502257425345,859,312
1763086439059,1763086439173,114,2010.4500704316708,6.4437502257425345,860,312
1763086439096,1763086439205,109,2010.4500704316708,6.4437502257425345,861,312
1763086439124,1763086439238,114,2010.4500704316708,6.4437502257425345,862,312
1763086439156,1763086439268,112,2010.4500704316708,6.4437502257425345,863,312
1763086439188,1763086439300,112,2046.2013559227466,6.558337679239572,864,312
1763086439220,1763086439330,110,2046.2013559227466,6.558337679239572,865,312
1763086439251,1763086439362,111,2046.2013559227466,6.558337679239572,866,312
1763086439282,1763086439392,110,2046.2013559227466,6.558337679239572,867,312
1763086439313,1763086439424,111,2046.2013559227466,6.558337679239572,868,312
1763086439344,1763086439456,112,2046.2013559227466,6.558337679239572,869,312
1763086439375,1763086439489,114,2010.4900779585837,6.44387845499546,870,312
1763086439407,1763086439521,114,2010.4900779585837,6.44387845499546,871,312
1763086439439,1763086439553,114,2010.4900779585837,6.44387845499546,872,312
1763086439471,1763086439584,113,2010.4900779585837,6.44387845499546,873,312
1763086439503,1763086439616,113,2010.4900779585837,6.44387845499546,874,312
1763086439535,1763086439648,113,2010.4900779585837,6.44387845499546,875,312
1763086439567,1763086439680,113,2010.4900779585837,6.44387845499546,876,312
1763086439599,1763086439712,113,2046.5801417431983,6.559551736356404,877,312
1763086439631,1763086439745,114,2046.5801417431983,6.559551736356404,878,312
1763086439663,1763086439776,113,2046.5801417431983,6.559551736356404,879,312
1763086439695,1763086439808,113,2046.5801417431983,6.559551736356404,880,312
1763086439727,1763086439840,113,2046.5801417431983,6.559551736356404,881,312
1763086439759,1763086439871,112,2046.5801417431983,6.559551736356404,882,312
1763086439791,1763086439903,112,2010.6166325440995,6.444284078666985,883,312
1763086439822,1763086439934,112,2010.6166325440995,6.444284078666985,884,312
1763086439853,1763086439966,113,2010.6166325440995,6.444284078666985,885,312
1763086439885,1763086439998,113,2010.6166325440995,6.444284078666985,886,312
1763086439916,1763086440030,114,2010.6166325440995,6.444284078666985,887,312
1763086439948,1763086440062,114,2010.6166325440995,6.444284078666985,888,312
1763086439980,1763086440093,113,2010.6166325440995,6.444284078666985,889,312
1763086440013,1763086440124,111,2046.3336062400151,6.558761558461586,890,312
1763086440044,1763086440156,112,2046.3336062400151,6.558761558461586,891,312
1763086440075,1763086440188,113,2046.3336062400151,6.558761558461586,892,312
1763086440107,1763086440220,113,2046.3336062400151,6.558761558461586,893,312
1763086440139,1763086440253,114,2046.3336062400151,6.558761558461586,894,312
1763086440170,1763086440284,114,2046.3336062400151,6.558761558461586,895,312
1763086440202,1763086440316,114,2010.072216142092,6.442539154301576,896,312
1763086440236,1763086440347,111,2010.072216142092,6.442539154301576,897,312
1763086440266,1763086440379,113,2010.072216142092,6.442539154301576,898,312
1763086440298,1763086440411,113,2010.072216142092,6.442539154301576,899,312
1763086440329,1763086440443,114,2010.072216142092,6.442539154301576,900,312
1763086440362,1763086440475,113,2010.072216142092,6.442539154301576,901,312
1763086440393,1763086440508,115,2010.072216142092,6.442539154301576,902,312
1763086440425,1763086440538,113,2045.9013396168211,6.5573760885154515,903,312
1763086440458,1763086440570,112,2045.9013396168211,6.5573760885154515,904,312
1763086440489,1763086440602,113,2045.9013396168211,6.5573760885154515,905,312
1763086440521,1763086440634,113,2045.9013396168211,6.5573760885154515,906,312
1763086440552,1763086440666,114,2045.9013396168211,6.5573760885154515,907,312
1763086440584,1763086440698,114,2045.9013396168211,6.5573760885154515,908,312
1763086440616,1763086440730,114,2009.7298609765223,6.441441862104238,909,312
1763086440648,1763086440762,114,2009.7298609765223,6.441441862104238,910,312
1763086440681,1763086440793,112,2009.7298609765223,6.441441862104238,911,312
1763086440712,1763086440823,111,2009.7298609765223,6.441441862104238,912,312
1763086440744,1763086440854,110,2009.7298609765223,6.441441862104238,913,312
1763086440776,1763086440886,110,2009.7298609765223,6.441441862104238,914,312
1763086440806,1763086440918,112,2009.7298609765223,6.441441862104238,915,312
1763086440837,1763086440950,113,2045.2809693373117,6.555387722234974,916,312
1763086440869,1763086440982,113,2045.2809693373117,6.555387722234974,917,312
1763086440901,1763086441015,114,2045.2809693373117,6.555387722234974,918,312
1763086440933,1763086441047,114,2045.2809693373117,6.555387722234974,919,312
1763086440965,1763086441078,113,2045.2809693373117,6.555387722234974,920,312
1763086440997,1763086441109,112,2045.2809693373117,6.555387722234974,921,312
1763086441029,1763086441141,112,2009.5850896538254,6.440977851454569,922,312
1763086441060,1763086441172,112,2009.5850896538254,6.440977851454569,923,312
1763086441091,1763086441204,113,2009.5850896538254,6.440977851454569,924,312
1763086441123,1763086441235,112,2009.5850896538254,6.440977851454569,925,312
1763086441155,1763086441268,113,2009.5850896538254,6.440977851454569,926,312
1763086441186,1763086441298,112,2009.5850896538254,6.440977851454569,927,312
1763086441218,1763086441331,113,2009.5850896538254,6.440977851454569,928,312
1763086441251,1763086441362,111,2045.5145611851374,6.556136414054928,929,312
1763086441281,1763086441394,113,2045.5145611851374,6.556136414054928,930,312
1763086441313,1763086441426,113,2045.5145611851374,6.556136414054928,931,312
1763086441345,1763086441458,113,2045.5145611851374,6.556136414054928,932,312
1763086441377,1763086441491,114,2045.5145611851374,6.556136414054928,933,312
1763086441409,1763086441522,113,2045.5145611851374,6.556136414054928,934,312
1763086441441,1763086441554,113,2009.4235324586289,6.440460039931502,935,312
1763086441473,1763086441586,113,2009.4235324586289,6.440460039931502,936,312
1763086441505,1763086441618,113,2009.4235324586289,6.440460039931502,937,312
1763086441537,1763086441648,111,2009.4235324586289,6.440460039931502,938,312
1763086441569,1763086441679,110,2009.4235324586289,6.440460039931502,939,312
1763086441600,1763086441711,111,2009.4235324586289,6.440460039931502,940,312
1763086441631,1763086441743,112,2009.4235324586289,6.440460039931502,941,312
1763086441662,1763086441776,114,2045.21170830461,6.555165731745545,942,312
1763086441694,1763086441807,113,2045.21170830461,6.555165731745545,943,312
1763086441726,1763086441838,112,2045.21170830461,6.555165731745545,944,312
1763086441759,1763086441870,111,2045.21170830461,6.555165731745545,945,312
1763086441790,1763086441901,111,2045.21170830461,6.555165731745545,946,312
1763086441820,1763086441932,112,2045.21170830461,6.555165731745545,947,312
1763086441852,1763086441968,116,2009.8765198104695,6.441911922469454,948,312
1763086441884,1763086441996,112,2009.8765198104695,6.441911922469454,949,312
1763086441915,1763086442026,111,2009.8765198104695,6.441911922469454,950,312
1763086441946,1763086442058,112,2009.8765198104695,6.441911922469454,951,312
1763086441978,1763086442088,110,2009.8765198104695,6.441911922469454,952,312
1763086442009,1763086442118,109,2009.8765198104695,6.441911922469454,953,312
1763086442040,1763086442150,110,2009.8765198104695,6.441911922469454,954,312
1763086442070,1763086442182,112,2045.2235862889443,6.555203802208155,955,312
1763086442101,1763086442213,112,2045.2235862889443,6.555203802208155,956,312
1763086442133,1763086442245,112,2045.2235862889443,6.555203802208155,957,312
1763086442165,1763086442276,111,2045.2235862889443,6.555203802208155,958,312
1763086442196,1763086442308,112,2045.2235862889443,6.555203802208155,959,312
1763086442227,1763086442339,112,2045.2235862889443,6.555203802208155,960,312
1763086442259,1763086442371,112,2009.8859746859996,6.441942226557691,961,312
1763086442290,1763086442402,112,2009.8859746859996,6.441942226557691,962,312
1763086442322,1763086442432,110,2009.8859746859996,6.441942226557691,963,312
1763086442353,1763086442464,111,2009.8859746859996,6.441942226557691,964,312
1763086442384,1763086442495,111,2009.8859746859996,6.441942226557691,965,312
1763086442415,1763086442527,112,2009.8859746859996,6.441942226557691,966,312
1763086442446,1763086442559,113,2009.8859746859996,6.441942226557691,967,312
1763086442478,1763086442590,112,2045.4052358500558,6.555786012339922,968,312
1763086442510,1763086442622,112,2045.4052358500558,6.555786012339922,969,312
1763086442541,1763086442653,112,2045.4052358500558,6.555786012339922,970,312
1763086442573,1763086442685,112,2045.4052358500558,6.555786012339922,971,312
1763086442604,1763086442715,111,2045.4052358500558,6.555786012339922,972,312
1763086442635,1763086442747,112,2045.4052358500558,6.555786012339922,973,312
1763086442667,1763086442779,112,2010.2039729724945,6.442961451834918,974,312
1763086442698,1763086442810,112,2010.2039729724945,6.442961451834918,975,312
1763086442729,1763086442840,111,2010.2039729724945,6.442961451834918,976,312
1763086442761,1763086442872,111,2010.2039729724945,6.442961451834918,977,312
1763086442792,1763086442903,111,2010.2039729724945,6.442961451834918,978,312
1763086442822,1763086442935,113,2010.2039729724945,6.442961451834918,979,312
1763086442854,1763086442967,113,2010.2039729724945,6.442961451834918,980,312
1763086442885,1763086442999,114,2045.8321585131332,6.55715435420876,981,312
1763086442917,1763086443030,113,2045.8321585131332,6.55715435420876,982,312
1763086442949,1763086443061,112,2045.8321585131332,6.55715435420876,983,312
1763086442981,1763086443092,111,2045.8321585131332,6.55715435420876,984,312
1763086443012,1763086443125,113,2045.8321585131332,6.55715435420876,985,312
1763086443043,1763086443156,113,2045.8321585131332,6.55715435420876,986,312
1763086443075,1763086443187,112,2010.370398176454,6.443494865950173,987,312
1763086443107,1763086443219,112,2010.370398176454,6.443494865950173,988,312
1763086443138,1763086443251,113,2010.370398176454,6.443494865950173,989,312
1763086443169,1763086443282,113,2010.370398176454,6.443494865950173,990,312
1763086443201,1763086443313,112,2010.370398176454,6.443494865950173,991,312
1763086443233,1763086443345,112,2010.370398176454,6.443494865950173,992,312
1763086443264,1763086443376,112,2010.370398176454,6.443494865950173,993,312
1763086443295,1763086443408,113,2045.964466550281,6.557578418430388,994,312
1763086443327,1763086443439,112,2045.964466550281,6.557578418430388,995,312
1763086443358,1763086443470,112,2045.964466550281,6.557578418430388,996,312
1763086443390,1763086443501,111,2045.964466550281,6.557578418430388,997,312
1763086443421,1763086443533,112,2045.964466550281,6.557578418430388,998,312
1763086443453,1763086443565,112,2045.964466550281,6.557578418430388,999,312
1763086443484,1763086443597,113,2010.127786440923,6.442717264233727,1000,312
1763086443504,1763086443615,111,2010.127786440923,6.442717264233727,1001,312
1763086443532,1763086443645,113,2010.127786440923,6.442717264233727,1002,312
1763086443565,1763086443676,111,2010.127786440923,6.442717264233727,1003,312
1763086443595,1763086443707,112,2010.127786440923,6.442717264233727,1004,312
1763086443627,1763086443739,112,2010.127786440923,6.442717264233727,1005,312
1763086443659,1763086443771,112,2010.127786440923,6.442717264233727,1006,312
1763086443689,1763086443802,113,2045.7715902205339,6.556960225065813,1007,312
1763086443721,1763086443834,113,2045.7715902205339,6.556960225065813,1008,312
1763086443753,1763086443866,113,2045.7715902205339,6.556960225065813,1009,312
1763086443785,1763086443898,113,2045.7715902205339,6.556960225065813,1010,312
1763086443816,1763086443930,114,2045.7715902205339,6.556960225065813,1011,312
1763086443848,1763086443962,114,2045.7715902205339,6.556960225065813,1012,312
1763086443880,1763086443994,114,2045.7715902205339,6.556960225065813,1013,312
1763086443912,1763086444026,114,2074.5230994546628,6.649112498252124,1014,312
1763086443944,1763086444058,114,2074.5230994546628,6.649112498252124,1015,312
1763086443976,1763086444090,114,2074.5230994546628,6.649112498252124,1016,312
1763086444008,1763086444122,114,2074.5230994546628,6.649112498252124,1017,312
1763086444040,1763086444154,114,2074.5230994546628,6.649112498252124,1018,312
1763086444072,1763086444186,114,2074.5230994546628,6.649112498252124,1019,312
1763086444105,1763086444218,113,2032.398294768093,6.514097098615682,1020,312
1763086444125,1763086444236,111,2032.398294768093,6.514097098615682,1021,312
1763086444152,1763086444265,113,2032.398294768093,6.514097098615682,1022,312
1763086444185,1763086444298,113,2032.398294768093,6.514097098615682,1023,312
1763086444216,1763086444328,112,2032.398294768093,6.514097098615682,1024,312
1763086444247,1763086444360,113,2032.398294768093,6.514097098615682,1025,312
1763086444280,1763086444392,112,2032.398294768093,6.514097098615682,1026,312
1763086444311,1763086444424,113,2063.6282460458656,6.614193096300852,1027,312
1763086444343,1763086444456,113,2063.6282460458656,6.614193096300852,1028,312
1763086444374,1763086444487,113,2063.6282460458656,6.614193096300852,1029,312
1763086444406,1763086444518,112,2063.6282460458656,6.614193096300852,1030,312
1763086444438,1763086444548,110,2063.6282460458656,6.614193096300852,1031,312
1763086444470,1763086444579,109,2063.6282460458656,6.614193096300852,1032,312
1763086444500,1763086444611,111,2063.6282460458656,6.614193096300852,1033,312
1763086444530,1763086444643,113,2087.9433403446005,6.69212609084808,1034,312
1763086444562,1763086444674,112,2087.9433403446005,6.69212609084808,1035,312
1763086444594,1763086444706,112,2087.9433403446005,6.69212609084808,1036,312
1763086444625,1763086444737,112,2087.9433403446005,6.69212609084808,1037,312
1763086444657,1763086444769,112,2087.9433403446005,6.69212609084808,1038,312
1763086444688,1763086444801,113,2087.9433403446005,6.69212609084808,1039,312
1763086444720,1763086444831,111,2043.890898914302,6.550932368315072,1040,312
1763086444751,1763086444862,111,2043.890898914302,6.550932368315072,1041,312
1763086444783,1763086444893,110,2043.890898914302,6.550932368315072,1042,312
1763086444813,1763086444925,112,2043.890898914302,6.550932368315072,1043,312
1763086444844,1763086444957,113,2043.890898914302,6.550932368315072,1044,312
1763086444876,1763086444988,112,2043.890898914302,6.550932368315072,1045,312
1763086444908,1763086445020,112,2043.890898914302,6.550932368315072,1046,312
1763086444940,1763086445052,112,2072.753373737956,6.643440300442167,1047,312
1763086444971,1763086445083,112,2072.753373737956,6.643440300442167,1048,312
1763086445003,1763086445114,111,2072.753373737956,6.643440300442167,1049,312
1763086445034,1763086445146,112,2072.753373737956,6.643440300442167,1050,312
1763086445066,1763086445177,111,2072.753373737956,6.643440300442167,1051,312
1763086445097,1763086445210,113,2072.753373737956,6.643440300442167,1052,312
1763086445128,1763086445241,113,2031.5989321216748,6.511535038851523,1053,312
1763086445160,1763086445274,114,2031.5989321216748,6.511535038851523,1054,312
1763086445198,1763086445305,107,2031.5989321216748,6.511535038851523,1055,312
1763086445225,1763086445336,111,2031.5989321216748,6.511535038851523,1056,312
1763086445256,1763086445368,112,2031.5989321216748,6.511535038851523,1057,312
1763086445287,1763086445398,111,2031.5989321216748,6.511535038851523,1058,312
1763086445319,1763086445429,110,2031.5989321216748,6.511535038851523,1059,312
1763086445350,1763086445461,111,2062.5363489009746,6.610693425964664,1060,312
1763086445380,1763086445492,112,2062.5363489009746,6.610693425964664,1061,312
1763086445412,1763086445524,112,2062.5363489009746,6.610693425964664,1062,312
1763086445443,1763086445556,113,2062.5363489009746,6.610693425964664,1063,312
1763086445475,1763086445588,113,2062.5363489009746,6.610693425964664,1064,312
1763086445507,1763086445619,112,2062.5363489009746,6.610693425964664,1065,312
1763086445538,1763086445650,112,2023.476397376275,6.4855012736419075,1066,312
1763086445570,1763086445681,111,2023.476397376275,6.4855012736419075,1067,312
1763086445602,1763086445712,110,2023.476397376275,6.4855012736419075,1068,312
1763086445632,1763086445743,111,2023.476397376275,6.4855012736419075,1069,312
1763086445663,1763086445774,111,2023.476397376275,6.4855012736419075,1070,312
1763086445694,1763086445806,112,2023.476397376275,6.4855012736419075,1071,312
1763086445725,1763086445837,112,2023.476397376275,6.4855012736419075,1072,312
1763086445757,1763086445868,111,2056.062688708891,6.589944515092601,1073,312
1763086445788,1763086445899,111,2056.062688708891,6.589944515092601,1074,312
1763086445819,1763086445931,112,2056.062688708891,6.589944515092601,1075,312
1763086445851,1763086445962,111,2056.062688708891,6.589944515092601,1076,312
1763086445882,1763086445993,111,2056.062688708891,6.589944515092601,1077,312
1763086445913,1763086446024,111,2056.062688708891,6.589944515092601,1078,312
1763086445945,1763086446055,110,2018.697962900986,6.470185778528803,1079,312
1763086445975,1763086446087,112,2018.697962900986,6.470185778528803,1080,312
1763086446007,1763086446118,111,2018.697962900986,6.470185778528803,1081,312
1763086446038,1763086446149,111,2018.697962900986,6.470185778528803,1082,312
1763086446070,1763086446180,110,2018.697962900986,6.470185778528803,1083,312
1763086446101,1763086446210,109,2018.697962900986,6.470185778528803,1084,312
1763086446131,1763086446241,110,2018.697962900986,6.470185778528803,1085,312
1763086446162,1763086446273,111,2052.088974394987,6.577208251265985,1086,312
1763086446192,1763086446305,113,2052.088974394987,6.577208251265985,1087,312
1763086446224,1763086446337,113,2052.088974394987,6.577208251265985,1088,312
1763086446256,1763086446369,113,2052.088974394987,6.577208251265985,1089,312
1763086446287,1763086446401,114,2052.088974394987,6.577208251265985,1090,312
1763086446320,1763086446433,113,2052.088974394987,6.577208251265985,1091,312
1763086446352,1763086446464,112,2014.8105566952247,6.457726143253926,1092,312
1763086446384,1763086446496,112,2014.8105566952247,6.457726143253926,1093,312
1763086446416,1763086446528,112,2014.8105566952247,6.457726143253926,1094,312
1763086446446,1763086446560,114,2014.8105566952247,6.457726143253926,1095,312
1763086446478,1763086446592,114,2014.8105566952247,6.457726143253926,1096,312
1763086446511,1763086446624,113,2014.8105566952247,6.457726143253926,1097,312
1763086446543,1763086446656,113,2014.8105566952247,6.457726143253926,1098,312
1763086446575,1763086446687,112,2049.8327714593133,6.569976831600363,1099,312
1763086446606,1763086446718,112,2049.8327714593133,6.569976831600363,1100,312
1763086446638,1763086446748,110,2049.8327714593133,6.569976831600363,1101,312
1763086446669,1763086446781,112,2049.8327714593133,6.569976831600363,1102,312
1763086446700,1763086446811,111,2049.8327714593133,6.569976831600363,1103,312
1763086446731,1763086446843,112,2049.8327714593133,6.569976831600363,1104,312
1763086446763,1763086446874,111,2013.7327188530728,6.454271534785489,1105,312
1763086446794,1763086446905,111,2013.7327188530728,6.454271534785489,1106,312
1763086446825,1763086446937,112,2013.7327188530728,6.454271534785489,1107,312
1763086446857,1763086446968,111,2013.7327188530728,6.454271534785489,1108,312
1763086446888,1763086446999,111,2013.7327188530728,6.454271534785489,1109,312
1763086446919,1763086447029,110,2013.7327188530728,6.454271534785489,1110,312
1763086446950,1763086447060,110,2013.7327188530728,6.454271534785489,1111,312
1763086446982,1763086447092,110,2048.1267096447523,6.56450868475882,1112,312
1763086447012,1763086447124,112,2048.1267096447523,6.56450868475882,1113,312
1763086447043,1763086447154,111,2048.1267096447523,6.56450868475882,1114,312
1763086447075,1763086447190,115,2048.1267096447523,6.56450868475882,1115,312
1763086447106,1763086447217,111,2048.1267096447523,6.56450868475882,1116,312
1763086447137,1763086447251,114,2048.1267096447523,6.56450868475882,1117,312
1763086447169,1763086447281,112,2012.3729875868676,6.44991342175278,1118,312
1763086447199,1763086447312,113,2012.3729875868676,6.44991342175278,1119,312
1763086447232,1763086447344,112,2012.3729875868676,6.44991342175278,1120,312
1763086447263,1763086447376,113,2012.3729875868676,6.44991342175278,1121,312
1763086447294,1763086447407,113,2012.3729875868676,6.44991342175278,1122,312
1763086447325,1763086447439,114,2012.3729875868676,6.44991342175278,1123,312
1763086447357,1763086447471,114,2012.3729875868676,6.44991342175278,1124,312
1763086447389,1763086447503,114,2047.8997791563859,6.563781343449954,1125,312
1763086447421,1763086447535,114,2047.8997791563859,6.563781343449954,1126,312
1763086447453,1763086447567,114,2047.8997791563859,6.563781343449954,1127,312
1763086447485,1763086447601,116,2047.8997791563859,6.563781343449954,1128,312
1763086447517,1763086447631,114,2047.8997791563859,6.563781343449954,1129,312
1763086447549,1763086447663,114,2047.8997791563859,6.563781343449954,1130,312
1763086447581,1763086447695,114,2011.1367253127012,6.445951042668914,1131,312
1763086447613,1763086447726,113,2011.1367253127012,6.445951042668914,1132,312
1763086447645,1763086447758,113,2011.1367253127012,6.445951042668914,1133,312
1763086447677,1763086447790,113,2011.1367253127012,6.445951042668914,1134,312
1763086447708,1763086447822,114,2011.1367253127012,6.445951042668914,1135,312
1763086447740,1763086447855,115,2011.1367253127012,6.445951042668914,1136,312
1763086447772,1763086447886,114,2011.1367253127012,6.445951042668914,1137,312
1763086447804,1763086447916,112,2046.5736966235975,6.559531078921786,1138,312
1763086447836,1763086447947,111,2046.5736966235975,6.559531078921786,1139,312
1763086447868,1763086447979,111,2046.5736966235975,6.559531078921786,1140,312
1763086447899,1763086448011,112,2046.5736966235975,6.559531078921786,1141,312
1763086447930,1763086448041,111,2046.5736966235975,6.559531078921786,1142,312
1763086447961,1763086448072,111,2046.5736966235975,6.559531078921786,1143,312
1763086447993,1763086448103,110,2011.1352362090072,6.445946269900664,1144,312
1763086448023,1763086448134,111,2011.1352362090072,6.445946269900664,1145,312
1763086448055,1763086448165,110,2011.1352362090072,6.445946269900664,1146,312
1763086448085,1763086448197,112,2011.1352362090072,6.445946269900664,1147,312
1763086448116,1763086448228,112,2011.1352362090072,6.445946269900664,1148,312
1763086448148,1763086448261,113,2011.1352362090072,6.445946269900664,1149,312
1763086448179,1763086448293,114,2011.1352362090072,6.445946269900664,1150,312
1763086448211,1763086448325,114,2046.5725127861608,6.559527284571027,1151,312
1763086448243,1763086448357,114,2046.5725127861608,6.559527284571027,1152,312
1763086448275,1763086448389,114,2046.5725127861608,6.559527284571027,1153,312
1763086448307,1763086448421,114,2046.5725127861608,6.559527284571027,1154,312
1763086448339,1763086448451,112,2046.5725127861608,6.559527284571027,1155,312
1763086448371,1763086448483,112,2046.5725127861608,6.559527284571027,1156,312
1763086448403,1763086448516,113,2010.4360026394256,6.443705136664825,1157,312
1763086448434,1763086448547,113,2010.4360026394256,6.443705136664825,1158,312
1763086448466,1763086448579,113,2010.4360026394256,6.443705136664825,1159,312
1763086448498,1763086448610,112,2010.4360026394256,6.443705136664825,1160,312
1763086448530,1763086448642,112,2010.4360026394256,6.443705136664825,1161,312
1763086448561,1763086448673,112,2010.4360026394256,6.443705136664825,1162,312
1763086448592,1763086448705,113,2010.4360026394256,6.443705136664825,1163,312
1763086448624,1763086448737,113,2046.0166220983433,6.557745583648535,1164,312
1763086448655,1763086448768,113,2046.0166220983433,6.557745583648535,1165,312
1763086448688,1763086448800,112,2046.0166220983433,6.557745583648535,1166,312
1763086448719,1763086448832,113,2046.0166220983433,6.557745583648535,1167,312
1763086448750,1763086448863,113,2046.0166220983433,6.557745583648535,1168,312
1763086448782,1763086448894,112,2046.0166220983433,6.557745583648535,1169,312
1763086448814,1763086448925,111,2010.343214568183,6.443407739000586,1170,312
1763086448846,1763086448957,111,2010.343214568183,6.443407739000586,1171,312
1763086448877,1763086448987,110,2010.343214568183,6.443407739000586,1172,312
1763086448907,1763086449019,112,2010.343214568183,6.443407739000586,1173,312
1763086448939,1763086449049,110,2010.343214568183,6.443407739000586,1174,312
1763086448970,1763086449080,110,2010.343214568183,6.443407739000586,1175,312
1763086449001,1763086449112,111,2010.343214568183,6.443407739000586,1176,312
1763086449031,1763086449144,113,2045.5955420108419,6.556395967983467,1177,312
1763086449063,1763086449176,113,2045.5955420108419,6.556395967983467,1178,312
1763086449095,1763086449207,112,2045.5955420108419,6.556395967983467,1179,312
1763086449127,1763086449237,110,2045.5955420108419,6.556395967983467,1180,312
1763086449159,1763086449269,110,2045.5955420108419,6.556395967983467,1181,312
1763086449189,1763086449300,111,2045.5955420108419,6.556395967983467,1182,312
1763086449219,1763086449331,112,2010.355646982641,6.443447586482823,1183,312
1763086449251,1763086449362,111,2010.355646982641,6.443447586482823,1184,312
1763086449282,1763086449394,112,2010.355646982641,6.443447586482823,1185,312
1763086449313,1763086449425,112,2010.355646982641,6.443447586482823,1186,312
1763086449345,1763086449457,112,2010.355646982641,6.443447586482823,1187,312
1763086449376,1763086449489,113,2010.355646982641,6.443447586482823,1188,312
1763086449408,1763086449521,113,2010.355646982641,6.443447586482823,1189,312
1763086449440,1763086449552,112,2045.9527393511996,6.557540831253845,1190,312
1763086449472,1763086449583,111,2045.9527393511996,6.557540831253845,1191,312
1763086449503,1763086449615,112,2045.9527393511996,6.557540831253845,1192,312
1763086449534,1763086449647,113,2045.9527393511996,6.557540831253845,1193,312
1763086449566,1763086449679,113,2045.9527393511996,6.557540831253845,1194,312
1763086449597,1763086449711,114,2045.9527393511996,6.557540831253845,1195,312
1763086449629,1763086449742,113,2010.2924277842037,6.4432449608468065,1196,312
1763086449661,1763086449773,112,2010.2924277842037,6.4432449608468065,1197,312
1763086449693,1763086449804,111,2010.2924277842037,6.4432449608468065,1198,312
1763086449724,1763086449836,112,2010.2924277842037,6.4432449608468065,1199,312
1763086449755,1763086449868,113,2010.2924277842037,6.4432449608468065,1200,312
1763086449787,1763086449900,113,2010.2924277842037,6.4432449608468065,1201,312
1763086449819,1763086449932,113,2010.2924277842037,6.4432449608468065,1202,312
1763086449851,1763086449964,113,2046.0761876606578,6.5579364989123645,1203,312
1763086449882,1763086449994,112,2046.0761876606578,6.5579364989123645,1204,312
1763086449914,1763086450026,112,2046.0761876606578,6.5579364989123645,1205,312
1763086449946,1763086450058,112,2046.0761876606578,6.5579364989123645,1206,312
1763086449977,1763086450090,113,2046.0761876606578,6.5579364989123645,1207,312
1763086450008,1763086450121,113,2046.0761876606578,6.5579364989123645,1208,312
1763086450040,1763086450153,113,2010.2164930025622,6.443001580136418,1209,312
1763086450072,1763086450184,112,2010.2164930025622,6.443001580136418,1210,312
1763086450104,1763086450215,111,2010.2164930025622,6.443001580136418,1211,312
1763086450135,1763086450246,111,2010.2164930025622,6.443001580136418,1212,312
1763086450167,1763086450278,111,2010.2164930025622,6.443001580136418,1213,312
1763086450198,1763086450310,112,2010.2164930025622,6.443001580136418,1214,312
1763086450229,1763086450342,113,2010.2164930025622,6.443001580136418,1215,312
1763086450261,1763086450372,111,2045.494544923042,6.556072259368725,1216,312
1763086450293,1763086450404,111,2045.494544923042,6.556072259368725,1217,312
1763086450324,1763086450435,111,2045.494544923042,6.556072259368725,1218,312
1763086450355,1763086450467,112,2045.494544923042,6.556072259368725,1219,312
1763086450386,1763086450497,111,2045.494544923042,6.556072259368725,1220,312
1763086450418,1763086450528,110,2045.494544923042,6.556072259368725,1221,312
1763086450449,1763086450560,111,2010.2751523036645,6.443189590716874,1222,312
1763086450479,1763086450591,112,2010.2751523036645,6.443189590716874,1223,312
1763086450511,1763086450623,112,2010.2751523036645,6.443189590716874,1224,312
1763086450542,1763086450653,111,2010.2751523036645,6.443189590716874,1225,312
1763086450573,1763086450685,112,2010.2751523036645,6.443189590716874,1226,312
1763086450605,1763086450716,111,2010.2751523036645,6.443189590716874,1227,312
1763086450636,1763086450747,111,2010.2751523036645,6.443189590716874,1228,312
1763086450667,1763086450778,111,2045.5412963860206,6.556222103801349,1229,312
1763086450699,1763086450809,110,2045.5412963860206,6.556222103801349,1230,312
1763086450729,1763086450841,112,2045.5412963860206,6.556222103801349,1231,312
1763086450760,1763086450872,112,2045.5412963860206,6.556222103801349,1232,312
1763086450792,1763086450904,112,2045.5412963860206,6.556222103801349,1233,312
1763086450823,1763086450935,112,2045.5412963860206,6.556222103801349,1234,312
1763086450855,1763086450967,112,2009.9653306268863,6.4421965725220725,1235,312
1763086450886,1763086450999,113,2009.9653306268863,6.4421965725220725,1236,312
1763086450918,1763086451031,113,2009.9653306268863,6.4421965725220725,1237,312
1763086450950,1763086451063,113,2009.9653306268863,6.4421965725220725,1238,312
1763086450982,1763086451094,112,2009.9653306268863,6.4421965725220725,1239,312
1763086451014,1763086451126,112,2009.9653306268863,6.4421965725220725,1240,312
1763086451045,1763086451158,113,2009.9653306268863,6.4421965725220725,1241,312
1763086451077,1763086451191,114,2045.9905071871208,6.557661882010003,1242,312
1763086451109,1763086451222,113,2045.9905071871208,6.557661882010003,1243,312
1763086451141,1763086451254,113,2045.9905071871208,6.557661882010003,1244,312
1763086451173,1763086451286,113,2045.9905071871208,6.557661882010003,1245,312
1763086451205,1763086451318,113,2045.9905071871208,6.557661882010003,1246,312
1763086451237,1763086451350,113,2045.9905071871208,6.557661882010003,1247,312
1763086451269,1763086451384,115,2009.8004816921996,6.4416682105519225,1248,312
1763086451301,1763086451415,114,2009.8004816921996,6.4416682105519225,1249,312
1763086451333,1763086451446,113,2009.8004816921996,6.4416682105519225,1250,312
1763086451365,1763086451478,113,2009.8004816921996,6.4416682105519225,1251,312
1763086451398,1763086451510,112,2009.8004816921996,6.4416682105519225,1252,312
1763086451429,1763086451542,113,2009.8004816921996,6.4416682105519225,1253,312
1763086451461,1763086451574,113,2009.8004816921996,6.4416682105519225,1254,312
1763086451493,1763086451606,113,2045.8597819819142,6.557242890967674,1255,312
1763086451525,1763086451637,112,2045.8597819819142,6.557242890967674,1256,312
1763086451557,1763086451668,111,2045.8597819819142,6.557242890967674,1257,312
1763086451587,1763086451699,112,2045.8597819819142,6.557242890967674,1258,312
1763086451619,1763086451730,111,2045.8597819819142,6.557242890967674,1259,312
1763086451650,1763086451762,112,2045.8597819819142,6.557242890967674,1260,312
1763086451682,1763086451794,112,2010.5662462395856,6.444122584101237,1261,312
1763086451713,1763086451824,111,2010.5662462395856,6.444122584101237,1262,312
1763086451744,1763086451856,112,2010.5662462395856,6.444122584101237,1263,312
1763086451776,1763086451887,111,2010.5662462395856,6.444122584101237,1264,312
1763086451806,1763086451919,113,2010.5662462395856,6.444122584101237,1265,312
1763086451838,1763086451949,111,2010.5662462395856,6.444122584101237,1266,312
1763086451869,1763086451981,112,2010.5662462395856,6.444122584101237,1267,312
1763086451901,1763086452013,112,2045.9467320067101,6.557521576944585,1268,312
1763086451932,1763086452044,112,2045.9467320067101,6.557521576944585,1269,312
1763086451963,1763086452075,112,2045.9467320067101,6.557521576944585,1270,312
1763086451995,1763086452107,112,2045.9467320067101,6.557521576944585,1271,312
1763086452026,1763086452139,113,2045.9467320067101,6.557521576944585,1272,312
1763086452058,1763086452169,111,2045.9467320067101,6.557521576944585,1273,312
1763086452089,1763086452201,112,2010.4615986773413,6.4437871752478895,1274,312
1763086452120,1763086452232,112,2010.4615986773413,6.4437871752478895,1275,312
1763086452151,1763086452264,113,2010.4615986773413,6.4437871752478895,1276,312
1763086452183,1763086452295,112,2010.4615986773413,6.4437871752478895,1277,312
1763086452215,1763086452326,111,2010.4615986773413,6.4437871752478895,1278,312
1763086452246,1763086452358,112,2010.4615986773413,6.4437871752478895,1279,312
1763086452277,1763086452389,112,2010.4615986773413,6.4437871752478895,1280,312
1763086452309,1763086452422,113,2045.8634325471637,6.55725459149732,1281,312
1763086452340,1763086452452,112,2045.8634325471637,6.55725459149732,1282,312
1763086452372,1763086452483,111,2045.8634325471637,6.55725459149732,1283,312
1763086452403,1763086452515,112,2045.8634325471637,6.55725459149732,1284,312
1763086452434,1763086452546,112,2045.8634325471637,6.55725459149732,1285,312
1763086452466,1763086452578,112,2045.8634325471637,6.55725459149732,1286,312
1763086452497,1763086452609,112,2010.2214288749951,6.443017400240369,1287,312
1763086452528,1763086452641,113,2010.2214288749951,6.443017400240369,1288,312
1763086452560,1763086452672,112,2010.2214288749951,6.443017400240369,1289,312
1763086452592,1763086452703,111,2010.2214288749951,6.443017400240369,1290,312
1763086452623,1763086452735,112,2010.2214288749951,6.443017400240369,1291,312
1763086452654,1763086452766,112,2010.2214288749951,6.443017400240369,1292,312
1763086452686,1763086452798,112,2010.2214288749951,6.443017400240369,1293,312
1763086452717,1763086452830,113,2045.672257384496,6.556641850591334,1294,312
1763086452749,1763086452862,113,2045.672257384496,6.556641850591334,1295,312
1763086452780,1763086452893,113,2045.672257384496,6.556641850591334,1296,312
1763086452812,1763086452925,113,2045.672257384496,6.556641850591334,1297,312
1763086452844,1763086452955,111,2045.672257384496,6.556641850591334,1298,312
1763086452875,1763086452987,112,2045.672257384496,6.556641850591334,1299,312
1763086452907,1763086453018,111,2010.2431168780588,6.443086913070702,1300,312
1763086452938,1763086453049,111,2010.2431168780588,6.443086913070702,1301,312
1763086452969,1763086453079,110,2010.2431168780588,6.443086913070702,1302,312
1763086453000,1763086453111,111,2010.2431168780588,6.443086913070702,1303,312
1763086453031,1763086453142,111,2010.2431168780588,6.443086913070702,1304,312
1763086453062,1763086453173,111,2010.2431168780588,6.443086913070702,1305,312
1763086453094,1763086453205,111,2010.2431168780588,6.443086913070702,1306,312
1763086453124,1763086453236,112,2045.5157641518128,6.556140269717349,1307,312
1763086453156,1763086453268,112,2045.5157641518128,6.556140269717349,1308,312
1763086453187,1763086453298,111,2045.5157641518128,6.556140269717349,1309,312
1763086453218,1763086453329,111,2045.5157641518128,6.556140269717349,1310,312
1763086453250,1763086453361,111,2045.5157641518128,6.556140269717349,1311,312
1763086453280,1763086453392,112,2045.5157641518128,6.556140269717349,1312,312
1763086453311,1763086453423,112,2010.292064028995,6.443243794964727,1313,312
1763086453343,1763086453455,112,2010.292064028995,6.443243794964727,1314,312
1763086453374,1763086453485,111,2010.292064028995,6.443243794964727,1315,312
1763086453406,1763086453517,111,2010.292064028995,6.443243794964727,1316,312
1763086453437,1763086453547,110,2010.292064028995,6.443243794964727,1317,312
1763086453468,1763086453579,111,2010.292064028995,6.443243794964727,1318,312
1763086453499,1763086453611,112,2010.292064028995,6.443243794964727,1319,312
1763086453530,1763086453642,112,2045.381067095138,6.555708548381852,1320,312
1763086453561,1763086453673,112,2045.381067095138,6.555708548381852,1321,312
1763086453593,1763086453704,111,2045.381067095138,6.555708548381852,1322,312
1763086453624,1763086453735,111,2045.381067095138,6.555708548381852,1323,312
1763086453655,1763086453766,111,2045.381067095138,6.555708548381852,1324,312
1763086453686,1763086453798,112,2045.381067095138,6.555708548381852,1325,312
1763086453717,1763086453830,113,2010.0113294077298,6.442344004511954,1326,312
1763086453749,1763086453860,111,2010.0113294077298,6.442344004511954,1327,312
1763086453781,1763086453892,111,2010.0113294077298,6.442344004511954,1328,312
1763086453812,1763086453923,111,2010.0113294077298,6.442344004511954,1329,312
1763086453843,1763086453954,111,2010.0113294077298,6.442344004511954,1330,312
1763086453874,1763086453984,110,2010.0113294077298,6.442344004511954,1331,312
1763086453906,1763086454016,110,2010.0113294077298,6.442344004511954,1332,312
1763086453937,1763086454047,110,2045.1570408673683,6.554990515600539,1333,312
1763086453967,1763086454078,111,2045.1570408673683,6.554990515600539,1334,312
1763086453998,1763086454110,112,2045.1570408673683,6.554990515600539,1335,312
1763086454030,1763086454142,112,2045.1570408673683,6.554990515600539,1336,312
1763086454061,1763086454173,112,2045.1570408673683,6.554990515600539,1337,312
1763086454093,1763086454203,110,2045.1570408673683,6.554990515600539,1338,312
1763086454125,1763086454233,108,2010.17931861216,6.44288243144923,1339,312
1763086454155,1763086454265,110,2010.17931861216,6.44288243144923,1340,312
1763086454186,1763086454297,111,2010.17931861216,6.44288243144923,1341,312
1763086454216,1763086454329,113,2010.17931861216,6.44288243144923,1342,312
1763086454247,1763086454360,113,2010.17931861216,6.44288243144923,1343,312
1763086454279,1763086454392,113,2010.17931861216,6.44288243144923,1344,312
1763086454311,1763086454423,112,2010.17931861216,6.44288243144923,1345,312
1763086454343,1763086454461,118,2045.8125582966672,6.557091533002138,1346,312
1763086454375,1763086454488,113,2045.8125582966672,6.557091533002138,1347,312
1763086454405,1763086454519,114,2045.8125582966672,6.557091533002138,1348,312
1763086454436,1763086454550,114,2045.8125582966672,6.557091533002138,1349,312
1763086454470,1763086454581,111,2045.8125582966672,6.557091533002138,1350,312
1763086454501,1763086454613,112,2045.8125582966672,6.557091533002138,1351,312
1763086454532,1763086454645,113,2010.0071712875538,6.442330677203698,1352,312
1763086454564,1763086454676,112,2010.0071712875538,6.442330677203698,1353,312
1763086454595,1763086454709,114,2010.0071712875538,6.442330677203698,1354,312
1763086454627,1763086454741,114,2010.0071712875538,6.442330677203698,1355,312
1763086454659,1763086454772,113,2010.0071712875538,6.442330677203698,1356,312
1763086454691,1763086454804,113,2010.0071712875538,6.442330677203698,1357,312
1763086454723,1763086454836,113,2010.0071712875538,6.442330677203698,1358,312
1763086454755,1763086454868,113,2046.1976796597426,6.558325896345329,1359,312
1763086454787,1763086454900,113,2046.1976796597426,6.558325896345329,1360,312
1763086454819,1763086454932,113,2046.1976796597426,6.558325896345329,1361,312
1763086454850,1763086454965,115,2046.1976796597426,6.558325896345329,1362,312
1763086454882,1763086454996,114,2046.1976796597426,6.558325896345329,1363,312
1763086454915,1763086455028,113,2046.1976796597426,6.558325896345329,1364,312
1763086454947,1763086455060,113,2009.9645622905161,6.4421941099055005,1365,312
1763086454978,1763086455092,114,2009.9645622905161,6.4421941099055005,1366,312
1763086455011,1763086455124,113,2009.9645622905161,6.4421941099055005,1367,312
1763086455042,1763086455156,114,2009.9645622905161,6.4421941099055005,1368,312
1763086455075,1763086455188,113,2009.9645622905161,6.4421941099055005,1369,312
1763086455106,1763086455220,114,2009.9645622905161,6.4421941099055005,1370,312
1763086455139,1763086455252,113,2009.9645622905161,6.4421941099055005,1371,312
1763086455170,1763086455284,114,2046.1639333340888,6.558217735045156,1372,312
1763086455202,1763086455315,113,2046.1639333340888,6.558217735045156,1373,312
1763086455235,1763086455347,112,2046.1639333340888,6.558217735045156,1374,312
1763086455266,1763086455379,113,2046.1639333340888,6.558217735045156,1375,312
1763086455297,1763086455411,114,2046.1639333340888,6.558217735045156,1376,312
1763086455329,1763086455442,113,2046.1639333340888,6.558217735045156,1377,312
1763086455361,1763086455474,113,2010.4603270006007,6.443783099360899,1378,312
1763086455393,1763086455506,113,2010.4603270006007,6.443783099360899,1379,312
1763086455425,1763086455538,113,2010.4603270006007,6.443783099360899,1380,312
1763086455456,1763086455570,114,2010.4603270006007,6.443783099360899,1381,312
1763086455488,1763086455601,113,2010.4603270006007,6.443783099360899,1382,312
1763086455520,1763086455633,113,2010.4603270006007,6.443783099360899,1383,312
1763086455552,1763086455664,112,2010.4603270006007,6.443783099360899,1384,312
1763086455584,1763086455695,111,2046.209499638477,6.558363780892554,1385,312
1763086455615,1763086455727,112,2046.209499638477,6.558363780892554,1386,312
1763086455647,1763086455758,111,2046.209499638477,6.558363780892554,1387,312
1763086455678,1763086455790,112,2046.209499638477,6.558363780892554,1388,312
1763086455709,1763086455820,111,2046.209499638477,6.558363780892554,1389,312
1763086455741,1763086455852,111,2046.209499638477,6.558363780892554,1390,312
1763086455772,1763086455883,111,2010.6707617122277,6.444457569590473,1391,312
1763086455803,1763086455914,111,2010.6707617122277,6.444457569590473,1392,312
1763086455834,1763086455946,112,2010.6707617122277,6.444457569590473,1393,312
1763086455865,1763086455978,113,2010.6707617122277,6.444457569590473,1394,312
1763086455897,1763086456008,111,2010.6707617122277,6.444457569590473,1395,312
1763086455928,1763086456039,111,2010.6707617122277,6.444457569590473,1396,312
1763086455960,1763086456071,111,2010.6707617122277,6.444457569590473,1397,312
1763086455990,1763086456101,111,2045.6832678463577,6.556677140533198,1398,312
1763086456022,1763086456133,111,2045.6832678463577,6.556677140533198,1399,312
1763086456053,1763086456164,111,2045.6832678463577,6.556677140533198,1400,312
1763086456084,1763086456196,112,2045.6832678463577,6.556677140533198,1401,312
1763086456115,1763086456229,114,2045.6832678463577,6.556677140533198,1402,312
1763086456146,1763086456259,113,2045.6832678463577,6.556677140533198,1403,312
1763086456178,1763086456290,112,2010.0781979378544,6.442558326723892,1404,312
1763086456211,1763086456321,110,2010.0781979378544,6.442558326723892,1405,312
1763086456241,1763086456353,112,2010.0781979378544,6.442558326723892,1406,312
1763086456273,1763086456384,111,2010.0781979378544,6.442558326723892,1407,312
1763086456304,1763086456416,112,2010.0781979378544,6.442558326723892,1408,312
1763086456336,1763086456447,111,2010.0781979378544,6.442558326723892,1409,312
1763086456367,1763086456478,111,2010.0781979378544,6.442558326723892,1410,312
1763086456398,1763086456510,112,2045.38432375647,6.555718986398942,1411,312
1763086456430,1763086456541,111,2045.38432375647,6.555718986398942,1412,312
1763086456460,1763086456572,112,2045.38432375647,6.555718986398942,1413,312
1763086456492,1763086456603,111,2045.38432375647,6.555718986398942,1414,312
1763086456524,1763086456635,111,2045.38432375647,6.555718986398942,1415,312
1763086456554,1763086456668,114,2045.38432375647,6.555718986398942,1416,312
1763086456586,1763086456699,113,2009.6671530626372,6.4412408752007595,1417,312
1763086456618,1763086456732,114,2009.6671530626372,6.4412408752007595,1418,312
1763086456650,1763086456763,113,2009.6671530626372,6.4412408752007595,1419,312
1763086456682,1763086456795,113,2009.6671530626372,6.4412408752007595,1420,312
1763086456714,1763086456826,112,2009.6671530626372,6.4412408752007595,1421,312
1763086456745,1763086456857,112,2009.6671530626372,6.4412408752007595,1422,312
1763086456777,1763086456889,112,2009.6671530626372,6.4412408752007595,1423,312
1763086456808,1763086456921,113,2045.5797195317339,6.556345254909403,1424,312
1763086456840,1763086456953,113,2045.5797195317339,6.556345254909403,1425,312
1763086456872,1763086456985,113,2045.5797195317339,6.556345254909403,1426,312
1763086456904,1763086457016,112,2045.5797195317339,6.556345254909403,1427,312
1763086456935,1763086457047,112,2045.5797195317339,6.556345254909403,1428,312
1763086456967,1763086457078,111,2045.5797195317339,6.556345254909403,1429,312
1763086456998,1763086457109,111,2010.1694567472603,6.442850822907885,1430,312
1763086457029,1763086457140,111,2010.1694567472603,6.442850822907885,1431,312
1763086457061,1763086457171,110,2010.1694567472603,6.442850822907885,1432,312
1763086457091,1763086457202,111,2010.1694567472603,6.442850822907885,1433,312
1763086457122,1763086457233,111,2010.1694567472603,6.442850822907885,1434,312
1763086457153,1763086457265,112,2010.1694567472603,6.442850822907885,1435,312
1763086457185,1763086457296,111,2010.1694567472603,6.442850822907885,1436,312
1763086457216,1763086457327,111,2045.2832264843137,6.555394956680492,1437,312
1763086457247,1763086457359,112,2045.2832264843137,6.555394956680492,1438,312
1763086457278,1763086457389,111,2045.2832264843137,6.555394956680492,1439,312
1763086457309,1763086457421,112,2045.2832264843137,6.555394956680492,1440,312
1763086457341,1763086457453,112,2045.2832264843137,6.555394956680492,1441,312
1763086457372,1763086457486,114,2045.2832264843137,6.555394956680492,1442,312
1763086457404,1763086457517,113,2009.586881828545,6.440983595604311,1443,312
1763086457436,1763086457549,113,2009.586881828545,6.440983595604311,1444,312
1763086457467,1763086457579,112,2009.586881828545,6.440983595604311,1445,312
1763086457499,1763086457610,111,2009.586881828545,6.440983595604311,1446,312
1763086457531,1763086457641,110,2009.586881828545,6.440983595604311,1447,312
1763086457562,1763086457673,111,2009.586881828545,6.440983595604311,1448,312
1763086457593,1763086457705,112,2009.586881828545,6.440983595604311,1449,312
1763086457624,1763086457737,113,2044.9927448173505,6.554463925696636,1450,312
1763086457656,1763086457768,112,2044.9927448173505,6.554463925696636,1451,312
1763086457688,1763086457800,112,2044.9927448173505,6.554463925696636,1452,312
1763086457719,1763086457831,112,2044.9927448173505,6.554463925696636,1453,312
1763086457751,1763086457862,111,2044.9927448173505,6.554463925696636,1454,312
1763086457782,1763086457894,112,2044.9927448173505,6.554463925696636,1455,312
1763086457813,1763086457924,111,2009.702224874611,6.4413532848545225,1456,312
1763086457844,1763086457956,112,2009.702224874611,6.4413532848545225,1457,312
1763086457876,1763086457987,111,2009.702224874611,6.4413532848545225,1458,312
1763086457907,1763086458018,111,2009.702224874611,6.4413532848545225,1459,312
1763086457939,1763086458050,111,2009.702224874611,6.4413532848545225,1460,312
1763086457969,1763086458081,112,2009.702224874611,6.4413532848545225,1461,312
1763086458001,1763086458112,111,2009.702224874611,6.4413532848545225,1462,312
1763086458032,1763086458144,112,2045.2589710001903,6.5553172147442,1463,312
1763086458063,1763086458174,111,2045.2589710001903,6.5553172147442,1464,312
1763086458095,1763086458206,111,2045.2589710001903,6.5553172147442,1465,312
1763086458126,1763086458238,112,2045.2589710001903,6.5553172147442,1466,312
1763086458157,1763086458270,113,2045.2589710001903,6.5553172147442,1467,312
1763086458188,1763086458302,114,2045.2589710001903,6.5553172147442,1468,312
1763086458220,1763086458334,114,2009.5676229741512,6.440921868506894,1469,312
1763086458252,1763086458366,114,2009.5676229741512,6.440921868506894,1470,312
1763086458284,1763086458398,114,2009.5676229741512,6.440921868506894,1471,312
1763086458316,1763086458430,114,2009.5676229741512,6.440921868506894,1472,312
1763086458349,1763086458461,112,2009.5676229741512,6.440921868506894,1473,312
1763086458381,1763086458494,113,2009.5676229741512,6.440921868506894,1474,312
1763086458412,1763086458525,113,2009.5676229741512,6.440921868506894,1475,312
1763086458444,1763086458557,113,2045.6751250185018,6.556651041725967,1476,312
1763086458476,1763086458589,113,2045.6751250185018,6.556651041725967,1477,312
1763086458507,1763086458621,114,2045.6751250185018,6.556651041725967,1478,312
1763086458539,1763086458653,114,2045.6751250185018,6.556651041725967,1479,312
1763086458572,1763086458685,113,2045.6751250185018,6.556651041725967,1480,312
1763086458604,1763086458717,113,2045.6751250185018,6.556651041725967,1481,312
1763086458635,1763086458749,114,2009.5506990146534,6.440867625046966,1482,312
1763086458668,1763086458781,113,2009.5506990146534,6.440867625046966,1483,312
1763086458700,1763086458813,113,2009.5506990146534,6.440867625046966,1484,312
1763086458731,1763086458845,114,2009.5506990146534,6.440867625046966,1485,312
1763086458763,1763086458876,113,2009.5506990146534,6.440867625046966,1486,312
1763086458795,1763086458908,113,2009.5506990146534,6.440867625046966,1487,312
1763086458827,1763086458939,112,2009.5506990146534,6.440867625046966,1488,312
1763086458858,1763086458971,113,2045.4872550176349,6.556048894287291,1489,312
1763086458890,1763086459002,112,2045.4872550176349,6.556048894287291,1490,312
1763086458921,1763086459032,111,2045.4872550176349,6.556048894287291,1491,312
1763086458953,1763086459064,111,2045.4872550176349,6.556048894287291,1492,312
1763086458984,1763086459095,111,2045.4872550176349,6.556048894287291,1493,312
1763086459015,1763086459126,111,2045.4872550176349,6.556048894287291,1494,312
1763086459046,1763086459158,112,2010.269342249055,6.443170968746971,1495,312
1763086459077,1763086459189,112,2010.269342249055,6.443170968746971,1496,312
1763086459109,1763086459221,112,2010.269342249055,6.443170968746971,1497,312
1763086459140,1763086459252,112,2010.269342249055,6.443170968746971,1498,312
1763086459172,1763086459284,112,2010.269342249055,6.443170968746971,1499,312
1763086459203,1763086459315,112,2010.269342249055,6.443170968746971,1500,312
1763086459234,1763086459346,112,2010.269342249055,6.443170968746971,1501,312
1763086459266,1763086459377,111,2045.5366657724967,6.556207262091336,1502,312
1763086459297,1763086459409,112,2045.5366657724967,6.556207262091336,1503,312
1763086459329,1763086459441,112,2045.5366657724967,6.556207262091336,1504,312
1763086459360,1763086459472,112,2045.5366657724967,6.556207262091336,1505,312
1763086459391,1763086459504,113,2045.5366657724967,6.556207262091336,1506,312
1763086459423,1763086459535,112,2045.5366657724967,6.556207262091336,1507,312
1763086459454,1763086459567,113,2010.1351859549075,6.442740980624703,1508,312
1763086459486,1763086459597,111,2010.1351859549075,6.442740980624703,1509,312
1763086459517,1763086459629,112,2010.1351859549075,6.442740980624703,1510,312
1763086459549,1763086459659,110,2010.1351859549075,6.442740980624703,1511,312
1763086459579,1763086459699,120,2010.1351859549075,6.442740980624703,1512,312
1763086459610,1763086459735,125,2010.1351859549075,6.442740980624703,1513,312
1763086459642,1763086459753,111,2010.1351859549075,6.442740980624703,1514,312
1763086459680,1763086459785,105,2045.6036080201063,6.556421820577263,1515,312
1763086459718,1763086459832,114,2045.6036080201063,6.556421820577263,1516,312
1763086459752,1763086459864,112,2045.6036080201063,6.556421820577263,1517,312
1763086459784,1763086459896,112,2045.6036080201063,6.556421820577263,1518,312
1763086459815,1763086459928,113,2045.6036080201063,6.556421820577263,1519,312
1763086459847,1763086459960,113,2045.6036080201063,6.556421820577263,1520,312
1763086459879,1763086459992,113,2009.6676611599444,6.44124250371777,1521,312
1763086459911,1763086460024,113,2009.6676611599444,6.44124250371777,1522,312
1763086459943,1763086460056,113,2009.6676611599444,6.44124250371777,1523,312
1763086459975,1763086460088,113,2009.6676611599444,6.44124250371777,1524,312
1763086460007,1763086460120,113,2009.6676611599444,6.44124250371777,1525,312
1763086460038,1763086460152,114,2009.6676611599444,6.44124250371777,1526,312
1763086460070,1763086460183,113,1981.1704552998358,6.349905305448191,1527,312
1763086460102,1763086460214,112,1981.1704552998358,6.349905305448191,1528,312
1763086460134,1763086460246,112,1981.1704552998358,6.349905305448191,1529,312
1763086460165,1763086460278,113,1981.1704552998358,6.349905305448191,1530,312
1763086460197,1763086460310,113,1981.1704552998358,6.349905305448191,1531,312
1763086460228,1763086460341,113,1981.1704552998358,6.349905305448191,1532,312
1763086460260,1763086460372,112,1981.1704552998358,6.349905305448191,1533,312
1763086460292,1763086460404,112,2022.5476824186694,6.48252462313676,1534,312
1763086460324,1763086460434,110,2022.5476824186694,6.48252462313676,1535,312
1763086460355,1763086460465,110,2022.5476824186694,6.48252462313676,1536,312
1763086460386,1763086460496,110,2022.5476824186694,6.48252462313676,1537,312
1763086460416,1763086460528,112,2022.5476824186694,6.48252462313676,1538,312
1763086460448,1763086460559,111,2022.5476824186694,6.48252462313676,1539,312
1763086460479,1763086460591,112,1991.9865028876795,6.384572124639997,1540,312
1763086460510,1763086460622,112,1991.9865028876795,6.384572124639997,1541,312
1763086460542,1763086460653,111,1991.9865028876795,6.384572124639997,1542,312
1763086460573,1763086460685,112,1991.9865028876795,6.384572124639997,1543,312
1763086460604,1763086460715,111,1991.9865028876795,6.384572124639997,1544,312
1763086460636,1763086460747,111,1991.9865028876795,6.384572124639997,1545,312
1763086460667,1763086460778,111,1991.9865028876795,6.384572124639997,1546,312
1763086460698,1763086460810,112,2031.157256298593,6.510119411213438,1547,312
1763086460730,1763086460840,110,2031.157256298593,6.510119411213438,1548,312
1763086460761,1763086460872,111,2031.157256298593,6.510119411213438,1549,312
1763086460793,1763086460904,111,2031.157256298593,6.510119411213438,1550,312
1763086460823,1763086460936,113,2031.157256298593,6.510119411213438,1551,312
1763086460854,1763086460968,114,2031.157256298593,6.510119411213438,1552,312
1763086460886,1763086461000,114,1998.5300187573814,6.405544931914683,1553,312
1763086460918,1763086461032,114,1998.5300187573814,6.405544931914683,1554,312
1763086460950,1763086461064,114,1998.5300187573814,6.405544931914683,1555,312
1763086460982,1763086461096,114,1998.5300187573814,6.405544931914683,1556,312
1763086461014,1763086461128,114,1998.5300187573814,6.405544931914683,1557,312
1763086461046,1763086461159,113,1998.5300187573814,6.405544931914683,1558,312
1763086461078,1763086461190,112,1998.5300187573814,6.405544931914683,1559,312
1763086461110,1763086461222,112,2036.9223048746035,6.528597131008343,1560,312
1763086461142,1763086461253,111,2036.9223048746035,6.528597131008343,1561,312
1763086461173,1763086461285,112,2036.9223048746035,6.528597131008343,1562,312
1763086461205,1763086461316,111,2036.9223048746035,6.528597131008343,1563,312
1763086461235,1763086461347,112,2036.9223048746035,6.528597131008343,1564,312
1763086461267,1763086461377,110,2036.9223048746035,6.528597131008343,1565,312
1763086461298,1763086461409,111,2003.7729215948082,6.422349107675666,1566,312
1763086461330,1763086461439,109,2003.7729215948082,6.422349107675666,1567,312
1763086461360,1763086461471,111,2003.7729215948082,6.422349107675666,1568,312
1763086461391,1763086461501,110,2003.7729215948082,6.422349107675666,1569,312
1763086461422,1763086461534,112,2003.7729215948082,6.422349107675666,1570,312
1763086461453,1763086461564,111,2003.7729215948082,6.422349107675666,1571,312
1763086461484,1763086461594,110,2003.7729215948082,6.422349107675666,1572,312
1763086461516,1763086461626,110,2040.178791432657,6.539034587925181,1573,312
1763086461546,1763086461657,111,2040.178791432657,6.539034587925181,1574,312
1763086461577,1763086461689,112,2040.178791432657,6.539034587925181,1575,312
1763086461608,1763086461719,111,2040.178791432657,6.539034587925181,1576,312
1763086461640,1763086461751,111,2040.178791432657,6.539034587925181,1577,312
1763086461671,1763086461782,111,2040.178791432657,6.539034587925181,1578,312
1763086461702,1763086461814,112,2005.7021391889623,6.42853249740052,1579,312
1763086461733,1763086461846,113,2005.7021391889623,6.42853249740052,1580,312
1763086461764,1763086461878,114,2005.7021391889623,6.42853249740052,1581,312
1763086461796,1763086461910,114,2005.7021391889623,6.42853249740052,1582,312
1763086461828,1763086461942,114,2005.7021391889623,6.42853249740052,1583,312
1763086461860,1763086461974,114,2005.7021391889623,6.42853249740052,1584,312
1763086461892,1763086462006,114,2005.7021391889623,6.42853249740052,1585,312
1763086461924,1763086462038,114,2042.7880942376582,6.547397737941211,1586,312
1763086461956,1763086462070,114,2042.7880942376582,6.547397737941211,1587,312
1763086461988,1763086462102,114,2042.7880942376582,6.547397737941211,1588,312
1763086462021,1763086462134,113,2042.7880942376582,6.547397737941211,1589,312
1763086462052,1763086462166,114,2042.7880942376582,6.547397737941211,1590,312
1763086462085,1763086462198,113,2042.7880942376582,6.547397737941211,1591,312
1763086462116,1763086462231,115,2007.2641706362253,6.433539008449439,1592,312
1763086462148,1763086462262,114,2007.2641706362253,6.433539008449439,1593,312
1763086462180,1763086462294,114,2007.2641706362253,6.433539008449439,1594,312
1763086462212,1763086462326,114,2007.2641706362253,6.433539008449439,1595,312
1763086462245,1763086462358,113,2007.2641706362253,6.433539008449439,1596,312
1763086462276,1763086462390,114,2007.2641706362253,6.433539008449439,1597,312
1763086462309,1763086462422,113,2007.2641706362253,6.433539008449439,1598,312
1763086462340,1763086462454,114,2044.0252231438906,6.551362894691955,1599,312
1763086462372,1763086462486,114,2044.0252231438906,6.551362894691955,1600,312
1763086462404,1763086462516,112,2044.0252231438906,6.551362894691955,1601,312
1763086462436,1763086462548,112,2044.0252231438906,6.551362894691955,1602,312
1763086462468,1763086462579,111,2044.0252231438906,6.551362894691955,1603,312
1763086462499,1763086462610,111,2044.0252231438906,6.551362894691955,1604,312
1763086462530,1763086462642,112,2008.9320776225368,6.438884864174796,1605,312
1763086462561,1763086462674,113,2008.9320776225368,6.438884864174796,1606,312
1763086462593,1763086462705,112,2008.9320776225368,6.438884864174796,1607,312
1763086462624,1763086462737,113,2008.9320776225368,6.438884864174796,1608,312
1763086462656,1763086462768,112,2008.9320776225368,6.438884864174796,1609,312
1763086462687,1763086462800,113,2008.9320776225368,6.438884864174796,1610,312
1763086462719,1763086462830,111,2008.9320776225368,6.438884864174796,1611,312
1763086462751,1763086462861,110,2044.4708658651618,6.5527912367473125,1612,312
1763086462782,1763086462892,110,2044.4708658651618,6.5527912367473125,1613,312
1763086462812,1763086462924,112,2044.4708658651618,6.5527912367473125,1614,312
1763086462844,1763086462955,111,2044.4708658651618,6.5527912367473125,1615,312
1763086462875,1763086462987,112,2044.4708658651618,6.5527912367473125,1616,312
1763086462907,1763086463018,111,2044.4708658651618,6.5527912367473125,1617,312
1763086462938,1763086463049,111,2009.459280094534,6.440574615687608,1618,312
1763086462970,1763086463079,109,2009.459280094534,6.440574615687608,1619,312
1763086463000,1763086463111,111,2009.459280094534,6.440574615687608,1620,312
1763086463031,1763086463142,111,2009.459280094534,6.440574615687608,1621,312
1763086463062,1763086463174,112,2009.459280094534,6.440574615687608,1622,312
1763086463093,1763086463206,113,2009.459280094534,6.440574615687608,1623,312
1763086463125,1763086463236,111,2009.459280094534,6.440574615687608,1624,312
1763086463157,1763086463267,110,2044.8910462353435,6.5541379687030235,1625,312
1763086463188,1763086463298,110,2044.8910462353435,6.5541379687030235,1626,312
1763086463219,1763086463330,111,2044.8910462353435,6.5541379687030235,1627,312
1763086463249,1763086463360,111,2044.8910462353435,6.5541379687030235,1628,312
1763086463281,1763086463392,111,2044.8910462353435,6.5541379687030235,1629,312
1763086463312,1763086463423,111,2044.8910462353435,6.5541379687030235,1630,312
1763086463342,1763086463454,112,2009.7941638495688,6.44164796105631,1631,312
1763086463374,1763086463486,112,2009.7941638495688,6.44164796105631,1632,312
1763086463406,1763086463518,112,2009.7941638495688,6.44164796105631,1633,312
1763086463437,1763086463550,113,2009.7941638495688,6.44164796105631,1634,312
1763086463468,1763086463582,114,2009.7941638495688,6.44164796105631,1635,312
1763086463500,1763086463614,114,2009.7941638495688,6.44164796105631,1636,312
1763086463532,1763086463646,114,2009.7941638495688,6.44164796105631,1637,312
1763086463564,1763086463676,112,2045.6805660965576,6.55666848107871,1638,312
1763086463596,1763086463709,113,2045.6805660965576,6.55666848107871,1639,312
1763086463627,1763086463741,114,2045.6805660965576,6.55666848107871,1640,312
1763086463659,1763086463772,113,2045.6805660965576,6.55666848107871,1641,312
1763086463691,1763086463804,113,2045.6805660965576,6.55666848107871,1642,312
1763086463723,1763086463836,113,2045.6805660965576,6.55666848107871,1643,312
1763086463755,1763086463868,113,2009.5550083484736,6.440881437014339,1644,312
1763086463787,1763086463900,113,2009.5550083484736,6.440881437014339,1645,312
1763086463819,1763086463932,113,2009.5550083484736,6.440881437014339,1646,312
1763086463851,1763086463964,113,2009.5550083484736,6.440881437014339,1647,312
1763086463883,1763086463996,113,2009.5550083484736,6.440881437014339,1648,312
1763086463915,1763086464029,114,2009.5550083484736,6.440881437014339,1649,312
1763086463947,1763086464060,113,2009.5550083484736,6.440881437014339,1650,312
1763086463979,1763086464092,113,2045.8395666119911,6.557178098115356,1651,312
1763086464011,1763086464124,113,2045.8395666119911,6.557178098115356,1652,312
1763086464043,1763086464156,113,2045.8395666119911,6.557178098115356,1653,312
1763086464075,1763086464188,113,2045.8395666119911,6.557178098115356,1654,312
1763086464107,1763086464220,113,2045.8395666119911,6.557178098115356,1655,312
1763086464139,1763086464251,112,2045.8395666119911,6.557178098115356,1656,312
1763086464171,1763086464283,112,2010.028615889921,6.442399409903593,1657,312
1763086464202,1763086464314,112,2010.028615889921,6.442399409903593,1658,312
1763086464234,1763086464344,110,2010.028615889921,6.442399409903593,1659,312
1763086464265,1763086464375,110,2010.028615889921,6.442399409903593,1660,312
1763086464296,1763086464405,109,2010.028615889921,6.442399409903593,1661,312
1763086464326,1763086464437,111,2010.028615889921,6.442399409903593,1662,312
1763086464357,1763086464468,111,2010.028615889921,6.442399409903593,1663,312
1763086464388,1763086464498,110,2047.606434857698,6.562841137364416,1664,312
1763086464419,1763086464530,111,2047.606434857698,6.562841137364416,1665,312
1763086464450,1763086464561,111,2047.606434857698,6.562841137364416,1666,312
1763086464481,1763086464593,112,2047.606434857698,6.562841137364416,1667,312
1763086464513,1763086464624,111,2047.606434857698,6.562841137364416,1668,312
1763086464544,1763086464656,112,2047.606434857698,6.562841137364416,1669,312
1763086464575,1763086464688,113,2047.606434857698,6.562841137364416,1670,312
1763086464607,1763086464720,113,2075.7035092770125,6.6528958630673465,1671,312
1763086464639,1763086464752,113,2075.7035092770125,6.6528958630673465,1672,312
1763086464671,1763086464783,112,2075.7035092770125,6.6528958630673465,1673,312
1763086464703,1763086464815,112,2075.7035092770125,6.6528958630673465,1674,312
1763086464734,1763086464847,113,2075.7035092770125,6.6528958630673465,1675,312
1763086464766,1763086464878,112,2075.7035092770125,6.6528958630673465,1676,312
1763086464798,1763086464909,111,2033.944289875225,6.519052211138541,1677,312
1763086464829,1763086464941,112,2033.944289875225,6.519052211138541,1678,312
1763086464860,1763086464973,113,2033.944289875225,6.519052211138541,1679,312
1763086464892,1763086465004,112,2033.944289875225,6.519052211138541,1680,312
1763086464924,1763086465035,111,2033.944289875225,6.519052211138541,1681,312
1763086464955,1763086465066,111,2033.944289875225,6.519052211138541,1682,312
1763086464986,1763086465098,112,2033.944289875225,6.519052211138541,1683,312
1763086465018,1763086465130,112,2064.705710450804,6.61764650785514,1684,312
1763086465049,1763086465161,112,2064.705710450804,6.61764650785514,1685,312
1763086465080,1763086465192,112,2064.705710450804,6.61764650785514,1686,312
1763086465112,1763086465224,112,2064.705710450804,6.61764650785514,1687,312
1763086465144,1763086465255,111,2064.705710450804,6.61764650785514,1688,312
1763086465175,1763086465287,112,2064.705710450804,6.61764650785514,1689,312
1763086465206,1763086465319,113,2025.39374551884,6.491646620252691,1690,312
1763086465238,1763086465349,111,2025.39374551884,6.491646620252691,1691,312
1763086465269,1763086465381,112,2025.39374551884,6.491646620252691,1692,312
1763086465301,1763086465413,112,2025.39374551884,6.491646620252691,1693,312
1763086465332,1763086465445,113,2025.39374551884,6.491646620252691,1694,312
1763086465363,1763086465476,113,2025.39374551884,6.491646620252691,1695,312
1763086465396,1763086465509,113,2025.39374551884,6.491646620252691,1696,312
1763086465427,1763086465539,112,2057.908027687478,6.59585906310089,1697,312
1763086465459,1763086465572,113,2057.908027687478,6.59585906310089,1698,312
1763086465491,1763086465603,112,2057.908027687478,6.59585906310089,1699,312
1763086465522,1763086465635,113,2057.908027687478,6.59585906310089,1700,312
1763086465554,1763086465667,113,2057.908027687478,6.59585906310089,1701,312
1763086465586,1763086465699,113,2057.908027687478,6.59585906310089,1702,312
1763086465618,1763086465730,112,2019.6109739838575,6.473112096102106,1703,312
1763086465650,1763086465762,112,2019.6109739838575,6.473112096102106,1704,312
1763086465682,1763086465793,111,2019.6109739838575,6.473112096102106,1705,312
1763086465713,1763086465824,111,2019.6109739838575,6.473112096102106,1706,312
1763086465744,1763086465856,112,2019.6109739838575,6.473112096102106,1707,312
1763086465775,1763086465888,113,2019.6109739838575,6.473112096102106,1708,312
1763086465807,1763086465920,113,2019.6109739838575,6.473112096102106,1709,312
1763086465839,1763086465953,114,2053.639502369199,6.58217789220897,1710,312
1763086465871,1763086465984,113,2053.639502369199,6.58217789220897,1711,312
1763086465903,1763086466016,113,2053.639502369199,6.58217789220897,1712,312
1763086465935,1763086466048,113,2053.639502369199,6.58217789220897,1713,312
1763086465967,1763086466080,113,2053.639502369199,6.58217789220897,1714,312
1763086465999,1763086466112,113,2053.639502369199,6.58217789220897,1715,312
1763086466031,1763086466144,113,2015.8584858764054,6.461084890629505,1716,312
1763086466063,1763086466176,113,2015.8584858764054,6.461084890629505,1717,312
1763086466095,1763086466208,113,2015.8584858764054,6.461084890629505,1718,312
1763086466127,1763086466238,111,2015.8584858764054,6.461084890629505,1719,312
1763086466159,1763086466269,110,2015.8584858764054,6.461084890629505,1720,312
1763086466190,1763086466301,111,2015.8584858764054,6.461084890629505,1721,312
1763086466221,1763086466333,112,2015.8584858764054,6.461084890629505,1722,312
1763086466252,1763086466363,111,2049.991213243495,6.570484657831716,1723,312
1763086466284,1763086466394,110,2049.991213243495,6.570484657831716,1724,312
1763086466315,1763086466426,111,2049.991213243495,6.570484657831716,1725,312
1763086466345,1763086466458,113,2049.991213243495,6.570484657831716,1726,312
1763086466377,1763086466488,111,2049.991213243495,6.570484657831716,1727,312
1763086466409,1763086466520,111,2049.991213243495,6.570484657831716,1728,312
1763086466440,1763086466552,112,2013.5030145285787,6.453535302976214,1729,312
1763086466470,1763086466583,113,2013.5030145285787,6.453535302976214,1730,312
1763086466503,1763086466614,111,2013.5030145285787,6.453535302976214,1731,312
1763086466534,1763086466646,112,2013.5030145285787,6.453535302976214,1732,312
1763086466566,1763086466677,111,2013.5030145285787,6.453535302976214,1733,312
1763086466597,1763086466708,111,2013.5030145285787,6.453535302976214,1734,312
1763086466629,1763086466743,114,2013.5030145285787,6.453535302976214,1735,312
1763086466660,1763086466775,115,2048.1139025792772,6.564467636472043,1736,312
1763086466691,1763086466803,112,2048.1139025792772,6.564467636472043,1737,312
1763086466724,1763086466833,109,2048.1139025792772,6.564467636472043,1738,312
1763086466755,1763086466866,111,2048.1139025792772,6.564467636472043,1739,312
1763086466785,1763086466898,113,2048.1139025792772,6.564467636472043,1740,312
1763086466816,1763086466929,113,2048.1139025792772,6.564467636472043,1741,312
1763086466848,1763086466960,112,2012.0105525505255,6.4487517709952735,1742,312
1763086466880,1763086466992,112,2012.0105525505255,6.4487517709952735,1743,312
1763086466911,1763086467023,112,2012.0105525505255,6.4487517709952735,1744,312
1763086466943,1763086467055,112,2012.0105525505255,6.4487517709952735,1745,312
1763086466974,1763086467086,112,2012.0105525505255,6.4487517709952735,1746,312
1763086467006,1763086467118,112,2012.0105525505255,6.4487517709952735,1747,312
1763086467037,1763086467150,113,2012.0105525505255,6.4487517709952735,1748,312
1763086467069,1763086467182,113,2047.268389277668,6.561757657941243,1749,312
1763086467100,1763086467214,114,2047.268389277668,6.561757657941243,1750,312
1763086467132,1763086467246,114,2047.268389277668,6.561757657941243,1751,312
1763086467164,1763086467278,114,2047.268389277668,6.561757657941243,1752,312
1763086467196,1763086467310,114,2047.268389277668,6.561757657941243,1753,312
1763086467228,1763086467342,114,2047.268389277668,6.561757657941243,1754,312
1763086467260,1763086467373,113,2010.9878326971907,6.445473822747406,1755,312
1763086467292,1763086467405,113,2010.9878326971907,6.445473822747406,1756,312
1763086467324,1763086467437,113,2010.9878326971907,6.445473822747406,1757,312
1763086467355,1763086467469,114,2010.9878326971907,6.445473822747406,1758,312
1763086467387,1763086467501,114,2010.9878326971907,6.445473822747406,1759,312
1763086467419,1763086467533,114,2010.9878326971907,6.445473822747406,1760,312
1763086467451,1763086467564,113,2010.9878326971907,6.445473822747406,1761,312
1763086467483,1763086467595,112,2046.8013513288722,6.560260741438693,1762,312
1763086467515,1763086467626,111,2046.8013513288722,6.560260741438693,1763,312
1763086467546,1763086467658,112,2046.8013513288722,6.560260741438693,1764,312
1763086467577,1763086467689,112,2046.8013513288722,6.560260741438693,1765,312
1763086467609,1763086467720,111,2046.8013513288722,6.560260741438693,1766,312
1763086467640,1763086467752,112,2046.8013513288722,6.560260741438693,1767,312
1763086467671,1763086467783,112,2011.1418756577823,6.4459675501852,1768,312
1763086467703,1763086467815,112,2011.1418756577823,6.4459675501852,1769,312
1763086467734,1763086467847,113,2011.1418756577823,6.4459675501852,1770,312
1763086467765,1763086467879,114,2011.1418756577823,6.4459675501852,1771,312
1763086467797,1763086467910,113,2011.1418756577823,6.4459675501852,1772,312
1763086467829,1763086467941,112,2011.1418756577823,6.4459675501852,1773,312
1763086467861,1763086467973,112,2011.1418756577823,6.4459675501852,1774,312
1763086467892,1763086468004,112,2046.577791147937,6.559544202397234,1775,312
1763086467924,1763086468035,111,2046.577791147937,6.559544202397234,1776,312
1763086467955,1763086468067,112,2046.577791147937,6.559544202397234,1777,312
1763086467986,1763086468098,112,2046.577791147937,6.559544202397234,1778,312
1763086468018,1763086468129,111,2046.577791147937,6.559544202397234,1779,312
1763086468049,1763086468161,112,2046.577791147937,6.559544202397234,1780,312
1763086468080,1763086468193,113,2010.7893439626098,6.444837640905801,1781,312
1763086468112,1763086468225,113,2010.7893439626098,6.444837640905801,1782,312
1763086468143,1763086468256,113,2010.7893439626098,6.444837640905801,1783,312
1763086468175,1763086468288,113,2010.7893439626098,6.444837640905801,1784,312
1763086468207,1763086468319,112,2010.7893439626098,6.444837640905801,1785,312
1763086468239,1763086468350,111,2010.7893439626098,6.444837640905801,1786,312
1763086468270,1763086468381,111,2010.7893439626098,6.444837640905801,1787,312
1763086468301,1763086468413,112,2046.1243177942374,6.558090762161018,1788,312
1763086468332,1763086468444,112,2046.1243177942374,6.558090762161018,1789,312
1763086468364,1763086468475,111,2046.1243177942374,6.558090762161018,1790,312
1763086468395,1763086468507,112,2046.1243177942374,6.558090762161018,1791,312
1763086468427,1763086468538,111,2046.1243177942374,6.558090762161018,1792,312
1763086468458,1763086468569,111,2046.1243177942374,6.558090762161018,1793,312
1763086468489,1763086468599,110,2010.9512055998014,6.445356428204493,1794,312
1763086468520,1763086468630,110,2010.9512055998014,6.445356428204493,1795,312
1763086468552,1763086468662,110,2010.9512055998014,6.445356428204493,1796,312
1763086468582,1763086468693,111,2010.9512055998014,6.445356428204493,1797,312
1763086468613,1763086468723,110,2010.9512055998014,6.445356428204493,1798,312
1763086468644,1763086468755,111,2010.9512055998014,6.445356428204493,1799,312
1763086468676,1763086468786,110,2010.9512055998014,6.445356428204493,1800,312
1763086468706,1763086468817,111,2045.7340132742413,6.55683978613539,1801,312
1763086468737,1763086468849,112,2045.7340132742413,6.55683978613539,1802,312
1763086468768,1763086468881,113,2045.7340132742413,6.55683978613539,1803,312
1763086468799,1763086468912,113,2045.7340132742413,6.55683978613539,1804,312
1763086468831,1763086468943,112,2045.7340132742413,6.55683978613539,1805,312
1763086468863,1763086468974,111,2045.7340132742413,6.55683978613539,1806,312
1763086468894,1763086469006,112,2009.9448065397476,6.4421307901914995,1807,312
1763086468926,1763086469038,112,2009.9448065397476,6.4421307901914995,1808,312
1763086468957,1763086469069,112,2009.9448065397476,6.4421307901914995,1809,312
1763086468988,1763086469100,112,2009.9448065397476,6.4421307901914995,1810,312
1763086469020,1763086469133,113,2009.9448065397476,6.4421307901914995,1811,312
1763086469051,1763086469164,113,2009.9448065397476,6.4421307901914995,1812,312
1763086469083,1763086469197,114,2009.9448065397476,6.4421307901914995,1813,312
1763086469115,1763086469228,113,2045.8001763925595,6.55705184741205,1814,312
1763086469147,1763086469261,114,2045.8001763925595,6.55705184741205,1815,312
1763086469179,1763086469293,114,2045.8001763925595,6.55705184741205,1816,312
1763086469211,1763086469324,113,2045.8001763925595,6.55705184741205,1817,312
1763086469243,1763086469355,112,2045.8001763925595,6.55705184741205,1818,312
1763086469275,1763086469387,112,2045.8001763925595,6.55705184741205,1819,312
1763086469306,1763086469419,113,2009.9973400556921,6.442299166845168,1820,312
1763086469337,1763086469450,113,2009.9973400556921,6.442299166845168,1821,312
1763086469369,1763086469481,112,2009.9973400556921,6.442299166845168,1822,312
1763086469401,1763086469514,113,2009.9973400556921,6.442299166845168,1823,312
1763086469432,1763086469545,113,2009.9973400556921,6.442299166845168,1824,312
1763086469464,1763086469575,111,2009.9973400556921,6.442299166845168,1825,312
1763086469496,1763086469608,112,2009.9973400556921,6.442299166845168,1826,312
1763086469528,1763086469639,111,2045.6678853442752,6.5566278376419085,1827,312
1763086469558,1763086469672,114,2045.6678853442752,6.5566278376419085,1828,312
1763086469590,1763086469703,113,2045.6678853442752,6.5566278376419085,1829,312
1763086469622,1763086469736,114,2045.6678853442752,6.5566278376419085,1830,312
1763086469654,1763086469767,113,2045.6678853442752,6.5566278376419085,1831,312
1763086469686,1763086469799,113,2045.6678853442752,6.5566278376419085,1832,312
1763086469718,1763086469831,113,2009.7186330780103,6.441405875250034,1833,312
1763086469750,1763086469861,111,2009.7186330780103,6.441405875250034,1834,312
1763086469781,1763086469894,113,2009.7186330780103,6.441405875250034,1835,312
1763086469813,1763086469925,112,2009.7186330780103,6.441405875250034,1836,312
1763086469844,1763086469956,112,2009.7186330780103,6.441405875250034,1837,312
1763086469876,1763086469987,111,2009.7186330780103,6.441405875250034,1838,312
1763086469907,1763086470018,111,2009.7186330780103,6.441405875250034,1839,312
1763086469939,1763086470050,111,2045.272031930096,6.555359076699027,1840,312
1763086469970,1763086470082,112,2045.272031930096,6.555359076699027,1841,312
1763086470001,1763086470113,112,2045.272031930096,6.555359076699027,1842,312
1763086470033,1763086470144,111,2045.272031930096,6.555359076699027,1843,312
1763086470064,1763086470176,112,2045.272031930096,6.555359076699027,1844,312
1763086470096,1763086470207,111,2045.272031930096,6.555359076699027,1845,312
1763086470127,1763086470239,112,2010.0978094482866,6.442621184129124,1846,312
1763086470158,1763086470270,112,2010.0978094482866,6.442621184129124,1847,312
1763086470190,1763086470301,111,2010.0978094482866,6.442621184129124,1848,312
1763086470221,1763086470333,112,2010.0978094482866,6.442621184129124,1849,312
1763086470252,1763086470363,111,2010.0978094482866,6.442621184129124,1850,312
1763086470284,1763086470394,110,2010.0978094482866,6.442621184129124,1851,312
1763086470315,1763086470425,110,2010.0978094482866,6.442621184129124,1852,312
1763086470346,1763086470457,111,2045.573856320836,6.5563264625667825,1853,312
1763086470377,1763086470489,112,2045.573856320836,6.5563264625667825,1854,312
1763086470407,1763086470521,114,2045.573856320836,6.5563264625667825,1855,312
1763086470439,1763086470551,112,2045.573856320836,6.5563264625667825,1856,312
1763086470472,1763086470582,110,2045.573856320836,6.5563264625667825,1857,312
1763086470503,1763086470615,112,2045.573856320836,6.5563264625667825,1858,312
1763086470533,1763086470646,113,2009.9912157750646,6.442279537740592,1859,312
1763086470565,1763086470678,113,2009.9912157750646,6.442279537740592,1860,312
1763086470597,1763086470710,113,2009.9912157750646,6.442279537740592,1861,312
1763086470629,1763086470742,113,2009.9912157750646,6.442279537740592,1862,312
1763086470661,1763086470773,112,2009.9912157750646,6.442279537740592,1863,312
1763086470693,1763086470805,112,2009.9912157750646,6.442279537740592,1864,312
1763086470725,1763086470838,113,2009.9912157750646,6.442279537740592,1865,312
1763086470756,1763086470868,112,2045.6630165411764,6.55661223250377,1866,312
1763086470787,1763086470899,112,2045.6630165411764,6.55661223250377,1867,312
1763086470818,1763086470930,112,2045.6630165411764,6.55661223250377,1868,312
1763086470850,1763086470962,112,2045.6630165411764,6.55661223250377,1869,312
1763086470881,1763086470994,113,2045.6630165411764,6.55661223250377,1870,312
1763086470913,1763086471025,112,2045.6630165411764,6.55661223250377,1871,312
1763086470944,1763086471057,113,2010.0620981502352,6.442506724840498,1872,312
1763086470976,1763086471088,112,2010.0620981502352,6.442506724840498,1873,312
1763086471007,1763086471120,113,2010.0620981502352,6.442506724840498,1874,312
1763086471039,1763086471151,112,2010.0620981502352,6.442506724840498,1875,312
1763086471070,1763086471182,112,2010.0620981502352,6.442506724840498,1876,312
1763086471102,1763086471214,112,2010.0620981502352,6.442506724840498,1877,312
1763086471134,1763086471246,112,2010.0620981502352,6.442506724840498,1878,312
1763086471165,1763086471277,112,2045.719368029437,6.556792846248196,1879,312
1763086471196,1763086471309,113,2045.719368029437,6.556792846248196,1880,312
1763086471228,1763086471340,112,2045.719368029437,6.556792846248196,1881,312
1763086471260,1763086471371,111,2045.719368029437,6.556792846248196,1882,312
1763086471292,1763086471403,111,2045.719368029437,6.556792846248196,1883,312
1763086471322,1763086471434,112,2045.719368029437,6.556792846248196,1884,312
1763086471353,1763086471465,112,2010.4543363194612,6.443763898459812,1885,312
1763086471385,1763086471497,112,2010.4543363194612,6.443763898459812,1886,312
1763086471417,1763086471529,112,2010.4543363194612,6.443763898459812,1887,312
1763086471448,1763086471560,112,2010.4543363194612,6.443763898459812,1888,312
1763086471479,1763086471592,113,2010.4543363194612,6.443763898459812,1889,312
1763086471511,1763086471623,112,2010.4543363194612,6.443763898459812,1890,312
1763086471543,1763086471655,112,2010.4543363194612,6.443763898459812,1891,312
1763086471574,1763086471686,112,2046.2047430376522,6.558348535377091,1892,312
1763086471606,1763086471718,112,2046.2047430376522,6.558348535377091,1893,312
1763086471638,1763086471750,112,2046.2047430376522,6.558348535377091,1894,312
1763086471669,1763086471781,112,2046.2047430376522,6.558348535377091,1895,312
1763086471700,1763086471812,112,2046.2047430376522,6.558348535377091,1896,312
1763086471732,1763086471844,112,2046.2047430376522,6.558348535377091,1897,312
1763086471763,1763086471875,112,2010.4927707149334,6.443887085624787,1898,312
1763086471795,1763086471906,111,2010.4927707149334,6.443887085624787,1899,312
1763086471826,1763086471938,112,2010.4927707149334,6.443887085624787,1900,312
1763086471858,1763086471969,111,2010.4927707149334,6.443887085624787,1901,312
1763086471889,1763086472000,111,2010.4927707149334,6.443887085624787,1902,312
1763086471921,1763086472033,112,2010.4927707149334,6.443887085624787,1903,312
1763086471952,1763086472065,113,2010.4927707149334,6.443887085624787,1904,312
1763086471983,1763086472098,115,2046.2352599476571,6.558446345986082,1905,312
1763086472015,1763086472128,113,2046.2352599476571,6.558446345986082,1906,312
1763086472047,1763086472160,113,2046.2352599476571,6.558446345986082,1907,312
1763086472079,1763086472191,112,2046.2352599476571,6.558446345986082,1908,312
1763086472110,1763086472222,112,2046.2352599476571,6.558446345986082,1909,312
1763086472142,1763086472252,110,2046.2352599476571,6.558446345986082,1910,312
1763086472173,1763086472284,111,2010.8655021782827,6.445081737750907,1911,312
1763086472204,1763086472316,112,2010.8655021782827,6.445081737750907,1912,312
1763086472235,1763086472349,114,2010.8655021782827,6.445081737750907,1913,312
1763086472267,1763086472380,113,2010.8655021782827,6.445081737750907,1914,312
1763086472299,1763086472411,112,2010.8655021782827,6.445081737750907,1915,312
1763086472331,1763086472442,111,2010.8655021782827,6.445081737750907,1916,312
1763086472363,1763086472474,111,2010.8655021782827,6.445081737750907,1917,312
1763086472393,1763086472504,111,2046.184939733913,6.558285063249722,1918,312
1763086472424,1763086472537,113,2046.184939733913,6.558285063249722,1919,312
1763086472457,1763086472569,112,2046.184939733913,6.558285063249722,1920,312
1763086472487,1763086472599,112,2046.184939733913,6.558285063249722,1921,312
1763086472519,1763086472630,111,2046.184939733913,6.558285063249722,1922,312
1763086472551,1763086472660,109,2046.184939733913,6.558285063249722,1923,312
1763086472581,1763086472692,111,2010.8253969679288,6.4449531954100285,1924,312
1763086472612,1763086472723,111,2010.8253969679288,6.4449531954100285,1925,312
1763086472642,1763086472755,113,2010.8253969679288,6.4449531954100285,1926,312
1763086472675,1763086472787,112,2010.8253969679288,6.4449531954100285,1927,312
1763086472706,1763086472819,113,2010.8253969679288,6.4449531954100285,1928,312
1763086472737,1763086472851,114,2010.8253969679288,6.4449531954100285,1929,312
1763086472770,1763086472883,113,2010.8253969679288,6.4449531954100285,1930,312
1763086472802,1763086472914,112,2046.6725397955674,6.559847883960153,1931,312
1763086472834,1763086472946,112,2046.6725397955674,6.559847883960153,1932,312
1763086472865,1763086472978,113,2046.6725397955674,6.559847883960153,1933,312
1763086472897,1763086473010,113,2046.6725397955674,6.559847883960153,1934,312
1763086472929,1763086473042,113,2046.6725397955674,6.559847883960153,1935,312
1763086472960,1763086473074,114,2046.6725397955674,6.559847883960153,1936,312
1763086472993,1763086473106,113,2010.515324057885,6.443959371980401,1937,312
1763086473025,1763086473138,113,2010.515324057885,6.443959371980401,1938,312
1763086473056,1763086473170,114,2010.515324057885,6.443959371980401,1939,312
1763086473088,1763086473202,114,2010.515324057885,6.443959371980401,1940,312
1763086473120,1763086473232,112,2010.515324057885,6.443959371980401,1941,312
1763086473152,1763086473264,112,2010.515324057885,6.443959371980401,1942,312
1763086473184,1763086473296,112,2010.515324057885,6.443959371980401,1943,312
1763086473215,1763086473328,113,2046.4266519779028,6.559059781980458,1944,312
1763086473247,1763086473361,114,2046.4266519779028,6.559059781980458,1945,312
1763086473279,1763086473392,113,2046.4266519779028,6.559059781980458,1946,312
1763086473311,1763086473422,111,2046.4266519779028,6.559059781980458,1947,312
1763086473344,1763086473455,111,2046.4266519779028,6.559059781980458,1948,312
1763086473374,1763086473487,113,2046.4266519779028,6.559059781980458,1949,312
1763086473405,1763086473519,114,2010.4947616704549,6.443893466892483,1950,312
1763086473437,1763086473551,114,2010.4947616704549,6.443893466892483,1951,312
1763086473469,1763086473583,114,2010.4947616704549,6.443893466892483,1952,312
1763086473501,1763086473615,114,2010.4947616704549,6.443893466892483,1953,312
1763086473533,1763086473647,114,2010.4947616704549,6.443893466892483,1954,312
1763086473565,1763086473679,114,2010.4947616704549,6.443893466892483,1955,312
1763086473597,1763086473711,114,2010.4947616704549,6.443893466892483,1956,312
1763086473629,1763086473743,114,2046.5838512430003,6.559563625778846,1957,312
1763086473662,1763086473774,112,2046.5838512430003,6.559563625778846,1958,312
1763086473693,1763086473807,114,2046.5838512430003,6.559563625778846,1959,312
1763086473725,1763086473838,113,2046.5838512430003,6.559563625778846,1960,312
1763086473757,1763086473869,112,2046.5838512430003,6.559563625778846,1961,312
1763086473789,1763086473900,111,2046.5838512430003,6.559563625778846,1962,312
1763086473821,1763086473931,110,2010.9687455894282,6.445412646119962,1963,312
1763086473851,1763086473963,112,2010.9687455894282,6.445412646119962,1964,312
1763086473883,1763086473994,111,2010.9687455894282,6.445412646119962,1965,312
1763086473913,1763086474025,112,2010.9687455894282,6.445412646119962,1966,312
1763086473945,1763086474057,112,2010.9687455894282,6.445412646119962,1967,312
1763086473977,1763086474088,111,2010.9687455894282,6.445412646119962,1968,312
1763086474007,1763086474120,113,2010.9687455894282,6.445412646119962,1969,312
1763086474039,1763086474151,112,2046.2671214891848,6.55854846631149,1970,312
1763086474070,1763086474182,112,2046.2671214891848,6.55854846631149,1971,312
1763086474102,1763086474214,112,2046.2671214891848,6.55854846631149,1972,312
1763086474133,1763086474246,113,2046.2671214891848,6.55854846631149,1973,312
1763086474164,1763086474278,114,2046.2671214891848,6.55854846631149,1974,312
1763086474196,1763086474309,113,2046.2671214891848,6.55854846631149,1975,312
1763086474228,1763086474341,113,2010.3680944624127,6.443487482251323,1976,312
1763086474260,1763086474372,112,2010.3680944624127,6.443487482251323,1977,312
1763086474292,1763086474402,110,2010.3680944624127,6.443487482251323,1978,312
1763086474323,1763086474433,110,2010.3680944624127,6.443487482251323,1979,312
1763086474354,1763086474465,111,2010.3680944624127,6.443487482251323,1980,312
1763086474384,1763086474497,113,2010.3680944624127,6.443487482251323,1981,312
1763086474416,1763086474528,112,2010.3680944624127,6.443487482251323,1982,312
1763086474448,1763086474560,112,2045.7890031920806,6.557016035872053,1983,312
1763086474479,1763086474591,112,2045.7890031920806,6.557016035872053,1984,312
1763086474510,1763086474622,112,2045.7890031920806,6.557016035872053,1985,312
1763086474542,1763086474654,112,2045.7890031920806,6.557016035872053,1986,312
1763086474573,1763086474686,113,2045.7890031920806,6.557016035872053,1987,312
1763086474604,1763086474717,113,2045.7890031920806,6.557016035872053,1988,312
1763086474637,1763086474748,111,2010.3360465408962,6.443384764554154,1989,312
1763086474668,1763086474779,111,2010.3360465408962,6.443384764554154,1990,312
1763086474699,1763086474811,112,2010.3360465408962,6.443384764554154,1991,312
1763086474730,1763086474842,112,2010.3360465408962,6.443384764554154,1992,312
1763086474762,1763086474874,112,2010.3360465408962,6.443384764554154,1993,312
1763086474793,1763086474906,113,2010.3360465408962,6.443384764554154,1994,312
1763086474825,1763086474937,112,2010.3360465408962,6.443384764554154,1995,312
1763086474856,1763086474969,113,2045.9371570000123,6.557490887820553,1996,312
1763086474888,1763086475000,112,2045.9371570000123,6.557490887820553,1997,312
1763086474920,1763086475032,112,2045.9371570000123,6.557490887820553,1998,312
1763086474951,1763086475063,112,2045.9371570000123,6.557490887820553,1999,312
1763086474983,1763086475094,111,2045.9371570000123,6.557490887820553,2000,312
1763086475014,1763086475125,111,2045.9371570000123,6.557490887820553,2001,312
1763086475046,1763086475156,110,2010.62791412901,6.44432023759298,2002,312
1763086475077,1763086475188,111,2010.62791412901,6.44432023759298,2003,312
1763086475108,1763086475219,111,2010.62791412901,6.44432023759298,2004,312
1763086475139,1763086475259,120,2010.62791412901,6.44432023759298,2005,312
1763086475170,1763086475282,112,2010.62791412901,6.44432023759298,2006,312
1763086475202,1763086475314,112,2010.62791412901,6.44432023759298,2007,312
1763086475242,1763086475346,104,2010.62791412901,6.44432023759298,2008,312
1763086475264,1763086475378,114,2046.169191732563,6.558234588886419,2009,312
1763086475296,1763086475410,114,2046.169191732563,6.558234588886419,2010,312
1763086475328,1763086475441,113,2046.169191732563,6.558234588886419,2011,312
1763086475360,1763086475474,114,2046.169191732563,6.558234588886419,2012,312
1763086475392,1763086475505,113,2046.169191732563,6.558234588886419,2013,312
1763086475424,1763086475537,113,2046.169191732563,6.558234588886419,2014,312
1763086475456,1763086475570,114,2009.9419998521898,6.442121794398044,2015,312
1763086475488,1763086475601,113,2009.9419998521898,6.442121794398044,2016,312
1763086475520,1763086475632,112,2009.9419998521898,6.442121794398044,2017,312
1763086475552,1763086475664,112,2009.9419998521898,6.442121794398044,2018,312
1763086475583,1763086475695,112,2009.9419998521898,6.442121794398044,2019,312
1763086475614,1763086475727,113,2009.9419998521898,6.442121794398044,2020,312
1763086475646,1763086475758,112,2009.9419998521898,6.442121794398044,2021,312
1763086475677,1763086475790,113,2045.449831882343,6.555928948340843,2022,312
1763086475709,1763086475821,112,2045.449831882343,6.555928948340843,2023,312
1763086475741,1763086475852,111,2045.449831882343,6.555928948340843,2024,312
1763086475772,1763086475884,112,2045.449831882343,6.555928948340843,2025,312
1763086475803,1763086475916,113,2045.449831882343,6.555928948340843,2026,312
1763086475835,1763086475947,112,2045.449831882343,6.555928948340843,2027,312
1763086475866,1763086475979,113,2009.8926163464628,6.44196351393097,2028,312
1763086475898,1763086476010,112,2009.8926163464628,6.44196351393097,2029,312
1763086475930,1763086476042,112,2009.8926163464628,6.44196351393097,2030,312
1763086475961,1763086476073,112,2009.8926163464628,6.44196351393097,2031,312
1763086475993,1763086476106,113,2009.8926163464628,6.44196351393097,2032,312
1763086476024,1763086476136,112,2009.8926163464628,6.44196351393097,2033,312
1763086476056,1763086476167,111,2009.8926163464628,6.44196351393097,2034,312
1763086476087,1763086476198,111,2045.4105226117845,6.555802957089052,2035,312
1763086476118,1763086476230,112,2045.4105226117845,6.555802957089052,2036,312
1763086476150,1763086476262,112,2045.4105226117845,6.555802957089052,2037,312
1763086476181,1763086476293,112,2045.4105226117845,6.555802957089052,2038,312
1763086476213,1763086476325,112,2045.4105226117845,6.555802957089052,2039,312
1763086476245,1763086476357,112,2045.4105226117845,6.555802957089052,2040,312
1763086476275,1763086476389,114,2009.6879549537568,6.441307547928708,2041,312
1763086476307,1763086476420,113,2009.6879549537568,6.441307547928708,2042,312
1763086476339,1763086476454,115,2009.6879549537568,6.441307547928708,2043,312
1763086476371,1763086476484,113,2009.6879549537568,6.441307547928708,2044,312
1763086476403,1763086476516,113,2009.6879549537568,6.441307547928708,2045,312
1763086476435,1763086476548,113,2009.6879549537568,6.441307547928708,2046,312
1763086476467,1763086476580,113,2009.6879549537568,6.441307547928708,2047,312
1763086476499,1763086476612,113,2045.9448603233755,6.557515577959537,2048,312
1763086476531,1763086476644,113,2045.9448603233755,6.557515577959537,2049,312
1763086476563,1763086476677,114,2045.9448603233755,6.557515577959537,2050,312
1763086476595,1763086476708,113,2045.9448603233755,6.557515577959537,2051,312
1763086476627,1763086476740,113,2045.9448603233755,6.557515577959537,2052,312
1763086476659,1763086476771,112,2045.9448603233755,6.557515577959537,2053,312
1763086476691,1763086476803,112,2010.11221909676,6.442667368899872,2054,312
1763086476722,1763086476834,112,2010.11221909676,6.442667368899872,2055,312
1763086476753,1763086476865,112,2010.11221909676,6.442667368899872,2056,312
1763086476785,1763086476898,113,2010.11221909676,6.442667368899872,2057,312
1763086476816,1763086476929,113,2010.11221909676,6.442667368899872,2058,312
1763086476848,1763086476961,113,2010.11221909676,6.442667368899872,2059,312
1763086476881,1763086476993,112,2010.11221909676,6.442667368899872,2060,312
1763086476912,1763086477025,113,2046.1069897437308,6.5580352235375985,2061,312
1763086476944,1763086477057,113,2046.1069897437308,6.5580352235375985,2062,312
1763086476976,1763086477089,113,2046.1069897437308,6.5580352235375985,2063,312
1763086477008,1763086477120,112,2046.1069897437308,6.5580352235375985,2064,312
1763086477040,1763086477151,111,2046.1069897437308,6.5580352235375985,2065,312
1763086477071,1763086477183,112,2046.1069897437308,6.5580352235375985,2066,312
1763086477103,1763086477214,111,2010.415056846266,6.443638002712391,2067,312
1763086477134,1763086477246,112,2010.415056846266,6.443638002712391,2068,312
1763086477165,1763086477277,112,2010.415056846266,6.443638002712391,2069,312
1763086477197,1763086477308,111,2010.415056846266,6.443638002712391,2070,312
1763086477228,1763086477340,112,2010.415056846266,6.443638002712391,2071,312
1763086477259,1763086477371,112,2010.415056846266,6.443638002712391,2072,312
1763086477291,1763086477403,112,2010.415056846266,6.443638002712391,2073,312
1763086477322,1763086477434,112,2045.8263852496277,6.557135850159064,2074,312
1763086477353,1763086477466,113,2045.8263852496277,6.557135850159064,2075,312
1763086477385,1763086477498,113,2045.8263852496277,6.557135850159064,2076,312
1763086477417,1763086477529,112,2045.8263852496277,6.557135850159064,2077,312
1763086477449,1763086477561,112,2045.8263852496277,6.557135850159064,2078,312
1763086477480,1763086477592,112,2045.8263852496277,6.557135850159064,2079,312
1763086477512,1763086477623,111,2010.191976273454,6.442923000876456,2080,312
1763086477544,1763086477655,111,2010.191976273454,6.442923000876456,2081,312
1763086477574,1763086477688,114,2010.191976273454,6.442923000876456,2082,312
1763086477605,1763086477718,113,2010.191976273454,6.442923000876456,2083,312
1763086477637,1763086477750,113,2010.191976273454,6.442923000876456,2084,312
1763086477670,1763086477781,111,2010.191976273454,6.442923000876456,2085,312
1763086477701,1763086477812,111,2010.191976273454,6.442923000876456,2086,312
1763086477732,1763086477844,112,2045.6488131136693,6.556566708697659,2087,312
1763086477764,1763086477876,112,2045.6488131136693,6.556566708697659,2088,312
1763086477794,1763086477907,113,2045.6488131136693,6.556566708697659,2089,312
1763086477826,1763086477939,113,2045.6488131136693,6.556566708697659,2090,312
1763086477858,1763086477970,112,2045.6488131136693,6.556566708697659,2091,312
1763086477889,1763086478001,112,2045.6488131136693,6.556566708697659,2092,312
1763086477921,1763086478033,112,2009.8771576122535,6.4419139667059415,2093,312
1763086477952,1763086478065,113,2009.8771576122535,6.4419139667059415,2094,312
1763086477984,1763086478097,113,2009.8771576122535,6.4419139667059415,2095,312
1763086478015,1763086478127,112,2009.8771576122535,6.4419139667059415,2096,312
1763086478047,1763086478159,112,2009.8771576122535,6.4419139667059415,2097,312
1763086478079,1763086478191,112,2009.8771576122535,6.4419139667059415,2098,312
1763086478110,1763086478223,113,2009.8771576122535,6.4419139667059415,2099,312
1763086478141,1763086478254,113,2045.5723403017416,6.556321603531224,2100,312
1763086478173,1763086478285,112,2045.5723403017416,6.556321603531224,2101,312
1763086478205,1763086478317,112,2045.5723403017416,6.556321603531224,2102,312
1763086478236,1763086478348,112,2045.5723403017416,6.556321603531224,2103,312
1763086478268,1763086478379,111,2045.5723403017416,6.556321603531224,2104,312
1763086478299,1763086478410,111,2045.5723403017416,6.556321603531224,2105,312
1763086478330,1763086478442,112,2010.1635828801864,6.442831996410854,2106,312
1763086478361,1763086478473,112,2010.1635828801864,6.442831996410854,2107,312
1763086478393,1763086478505,112,2010.1635828801864,6.442831996410854,2108,312
1763086478424,1763086478536,112,2010.1635828801864,6.442831996410854,2109,312
1763086478456,1763086478568,112,2010.1635828801864,6.442831996410854,2110,312
1763086478487,1763086478600,113,2010.1635828801864,6.442831996410854,2111,312
1763086478518,1763086478631,113,2010.1635828801864,6.442831996410854,2112,312
1763086478551,1763086478663,112,2045.800048389748,6.5570514371466295,2113,312
1763086478582,1763086478694,112,2045.800048389748,6.5570514371466295,2114,312
1763086478614,1763086478725,111,2045.800048389748,6.5570514371466295,2115,312
1763086478645,1763086478757,112,2045.800048389748,6.5570514371466295,2116,312
1763086478676,1763086478788,112,2045.800048389748,6.5570514371466295,2117,312
1763086478708,1763086478819,111,2045.800048389748,6.5570514371466295,2118,312
1763086478739,1763086478851,112,2010.3448385182394,6.443412943968717,2119,312
1763086478770,1763086478883,113,2010.3448385182394,6.443412943968717,2120,312
1763086478802,1763086478914,112,2010.3448385182394,6.443412943968717,2121,312
1763086478834,1763086478945,111,2010.3448385182394,6.443412943968717,2122,312
1763086478865,1763086478976,111,2010.3448385182394,6.443412943968717,2123,312
1763086478896,1763086479007,111,2010.3448385182394,6.443412943968717,2124,312
1763086478928,1763086479038,110,2010.3448385182394,6.443412943968717,2125,312
1763086478959,1763086479069,110,2045.423181137555,6.555843529287036,2126,312
1763086478989,1763086479101,112,2045.423181137555,6.555843529287036,2127,312
1763086479020,1763086479132,112,2045.423181137555,6.555843529287036,2128,312
1763086479052,1763086479163,111,2045.423181137555,6.555843529287036,2129,312
1763086479083,1763086479195,112,2045.423181137555,6.555843529287036,2130,312
1763086479114,1763086479225,111,2045.423181137555,6.555843529287036,2131,312
1763086479146,1763086479257,111,2010.2182753666314,6.443007292841767,2132,312
1763086479177,1763086479289,112,2010.2182753666314,6.443007292841767,2133,312
1763086479208,1763086479320,112,2010.2182753666314,6.443007292841767,2134,312
1763086479239,1763086479351,112,2010.2182753666314,6.443007292841767,2135,312
1763086479271,1763086479383,112,2010.2182753666314,6.443007292841767,2136,312
1763086479302,1763086479415,113,2010.2182753666314,6.443007292841767,2137,312
1763086479334,1763086479446,112,2010.2182753666314,6.443007292841767,2138,312
1763086479366,1763086479477,111,2045.843528916472,6.557190797809205,2139,312
1763086479397,1763086479509,112,2045.843528916472,6.557190797809205,2140,312
1763086479428,1763086479541,113,2045.843528916472,6.557190797809205,2141,312
1763086479459,1763086479572,113,2045.843528916472,6.557190797809205,2142,312
1763086479491,1763086479603,112,2045.843528916472,6.557190797809205,2143,312
1763086479523,1763086479634,111,2045.843528916472,6.557190797809205,2144,312
1763086479554,1763086479666,112,2010.2056054885952,6.442966684258318,2145,312
1763086479586,1763086479698,112,2010.2056054885952,6.442966684258318,2146,312
1763086479617,1763086479728,111,2010.2056054885952,6.442966684258318,2147,312
1763086479648,1763086479760,112,2010.2056054885952,6.442966684258318,2148,312
1763086479680,1763086479792,112,2010.2056054885952,6.442966684258318,2149,312
1763086479711,1763086479824,113,2010.2056054885952,6.442966684258318,2150,312
1763086479743,1763086479855,112,2010.2056054885952,6.442966684258318,2151,312
1763086479775,1763086479887,112,2045.8334563634332,6.557158513985363,2152,312
1763086479805,1763086479919,114,2045.8334563634332,6.557158513985363,2153,312
1763086479838,1763086479950,112,2045.8334563634332,6.557158513985363,2154,312
1763086479870,1763086479981,111,2045.8334563634332,6.557158513985363,2155,312
1763086479901,1763086480013,112,2045.8334563634332,6.557158513985363,2156,312
1763086479933,1763086480046,113,2045.8334563634332,6.557158513985363,2157,312
1763086479963,1763086480077,114,2010.023764352566,6.442383860104378,2158,312
1763086479996,1763086480109,113,2010.023764352566,6.442383860104378,2159,312
1763086480029,1763086480141,112,2010.023764352566,6.442383860104378,2160,312
1763086480060,1763086480173,113,2010.023764352566,6.442383860104378,2161,312
1763086480092,1763086480205,113,2010.023764352566,6.442383860104378,2162,312
1763086480124,1763086480237,113,2010.023764352566,6.442383860104378,2163,312
1763086480156,1763086480269,113,2010.023764352566,6.442383860104378,2164,312
1763086480187,1763086480301,114,2046.2108213672323,6.5583680172026675,2165,312
1763086480220,1763086480333,113,2046.2108213672323,6.5583680172026675,2166,312
1763086480252,1763086480365,113,2046.2108213672323,6.5583680172026675,2167,312
1763086480284,1763086480397,113,2046.2108213672323,6.5583680172026675,2168,312
1763086480316,1763086480430,114,2046.2108213672323,6.5583680172026675,2169,312
1763086480348,1763086480461,113,2046.2108213672323,6.5583680172026675,2170,312
1763086480379,1763086480493,114,2009.974970522848,6.4422274696245125,2171,312
1763086480412,1763086480525,113,2009.974970522848,6.4422274696245125,2172,312
1763086480444,1763086480556,112,2009.974970522848,6.4422274696245125,2173,312
1763086480476,1763086480588,112,2009.974970522848,6.4422274696245125,2174,312
1763086480507,1763086480620,113,2009.974970522848,6.4422274696245125,2175,312
1763086480538,1763086480652,114,2009.974970522848,6.4422274696245125,2176,312
1763086480571,1763086480683,112,2009.974970522848,6.4422274696245125,2177,312
1763086480602,1763086480715,113,2045.8241265951413,6.557128610881863,2178,312
1763086480634,1763086480747,113,2045.8241265951413,6.557128610881863,2179,312
1763086480666,1763086480778,112,2045.8241265951413,6.557128610881863,2180,312
1763086480697,1763086480810,113,2045.8241265951413,6.557128610881863,2181,312
1763086480729,1763086480842,113,2045.8241265951413,6.557128610881863,2182,312
1763086480761,1763086480874,113,2045.8241265951413,6.557128610881863,2183,312
1763086480793,1763086480904,111,2010.3640047697324,6.443474374261963,2184,312
1763086480825,1763086480935,110,2010.3640047697324,6.443474374261963,2185,312
1763086480856,1763086480965,109,2010.3640047697324,6.443474374261963,2186,312
1763086480886,1763086480996,110,2010.3640047697324,6.443474374261963,2187,312
1763086480917,1763086481028,111,2010.3640047697324,6.443474374261963,2188,312
1763086480948,1763086481060,112,2010.3640047697324,6.443474374261963,2189,312
1763086480979,1763086481092,113,2010.3640047697324,6.443474374261963,2190,312
1763086481011,1763086481124,113,2045.9593837919374,6.557562127538261,2191,312
1763086481043,1763086481156,113,2045.9593837919374,6.557562127538261,2192,312
1763086481074,1763086481188,114,2045.9593837919374,6.557562127538261,2193,312
1763086481106,1763086481220,114,2045.9593837919374,6.557562127538261,2194,312
1763086481139,1763086481251,112,2045.9593837919374,6.557562127538261,2195,312
1763086481170,1763086481283,113,2045.9593837919374,6.557562127538261,2196,312
1763086481203,1763086481315,112,2010.2977101145902,6.443261891392917,2197,312
1763086481234,1763086481345,111,2010.2977101145902,6.443261891392917,2198,312
1763086481265,1763086481377,112,2010.2977101145902,6.443261891392917,2199,312
1763086481297,1763086481409,112,2010.2977101145902,6.443261891392917,2200,312
1763086481328,1763086481441,113,2010.2977101145902,6.443261891392917,2201,312
1763086481360,1763086481472,112,2010.2977101145902,6.443261891392917,2202,312
1763086481391,1763086481503,112,2010.2977101145902,6.443261891392917,2203,312
1763086481423,1763086481534,111,2045.9066795410993,6.557393203657369,2204,312
1763086481455,1763086481566,111,2045.9066795410993,6.557393203657369,2205,312
1763086481485,1763086481597,112,2045.9066795410993,6.557393203657369,2206,312
1763086481516,1763086481628,112,2045.9066795410993,6.557393203657369,2207,312
1763086481548,1763086481661,113,2045.9066795410993,6.557393203657369,2208,312
1763086481579,1763086481693,114,2045.9066795410993,6.557393203657369,2209,312
1763086481611,1763086481725,114,2010.0819035556328,6.442570203703951,2210,312
1763086481643,1763086481757,114,2010.0819035556328,6.442570203703951,2211,312
1763086481675,1763086481789,114,2010.0819035556328,6.442570203703951,2212,312
1763086481707,1763086481821,114,2010.0819035556328,6.442570203703951,2213,312
1763086481739,1763086481853,114,2010.0819035556328,6.442570203703951,2214,312
1763086481771,1763086481885,114,2010.0819035556328,6.442570203703951,2215,312
1763086481803,1763086481917,114,2010.0819035556328,6.442570203703951,2216,312
1763086481835,1763086481949,114,2046.2568676160613,6.5585156013335295,2217,312
1763086481867,1763086481980,113,2046.2568676160613,6.5585156013335295,2218,312
1763086481899,1763086482012,113,2046.2568676160613,6.5585156013335295,2219,312
1763086481931,1763086482043,112,2046.2568676160613,6.5585156013335295,2220,312
1763086481963,1763086482074,111,2046.2568676160613,6.5585156013335295,2221,312
1763086481994,1763086482105,111,2046.2568676160613,6.5585156013335295,2222,312
1763086482025,1763086482137,112,2010.7084666223848,6.444578418661489,2223,312
1763086482057,1763086482168,111,2010.7084666223848,6.444578418661489,2224,312
1763086482088,1763086482199,111,2010.7084666223848,6.444578418661489,2225,312
1763086482119,1763086482231,112,2010.7084666223848,6.444578418661489,2226,312
1763086482150,1763086482262,112,2010.7084666223848,6.444578418661489,2227,312
1763086482181,1763086482294,113,2010.7084666223848,6.444578418661489,2228,312
1763086482213,1763086482325,112,2010.7084666223848,6.444578418661489,2229,312
1763086482244,1763086482357,113,2046.233230964796,6.558439842835884,2230,312
1763086482276,1763086482388,112,2046.233230964796,6.558439842835884,2231,312
1763086482308,1763086482420,112,2046.233230964796,6.558439842835884,2232,312
1763086482340,1763086482451,111,2046.233230964796,6.558439842835884,2233,312
1763086482371,1763086482482,111,2046.233230964796,6.558439842835884,2234,312
1763086482402,1763086482514,112,2046.233230964796,6.558439842835884,2235,312
1763086482434,1763086482545,111,2010.6896518479775,6.444518114897363,2236,312
1763086482465,1763086482577,112,2010.6896518479775,6.444518114897363,2237,312
1763086482496,1763086482608,112,2010.6896518479775,6.444518114897363,2238,312
1763086482528,1763086482640,112,2010.6896518479775,6.444518114897363,2239,312
1763086482559,1763086482672,113,2010.6896518479775,6.444518114897363,2240,312
1763086482591,1763086482703,112,2010.6896518479775,6.444518114897363,2241,312
1763086482622,1763086482735,113,2010.6896518479775,6.444518114897363,2242,312
1763086482654,1763086482766,112,2046.2182732191422,6.558391901343404,2243,312
1763086482686,1763086482798,112,2046.2182732191422,6.558391901343404,2244,312
1763086482717,1763086482830,113,2046.2182732191422,6.558391901343404,2245,312
1763086482749,1763086482861,112,2046.2182732191422,6.558391901343404,2246,312
1763086482781,1763086482893,112,2046.2182732191422,6.558391901343404,2247,312
1763086482812,1763086482925,113,2046.2182732191422,6.558391901343404,2248,312
1763086482843,1763086482957,114,2010.329308935999,6.443363169666663,2249,312
1763086482876,1763086482989,113,2010.329308935999,6.443363169666663,2250,312
1763086482907,1763086483021,114,2010.329308935999,6.443363169666663,2251,312
1763086482939,1763086483051,112,2010.329308935999,6.443363169666663,2252,312
1763086482971,1763086483083,112,2010.329308935999,6.443363169666663,2253,312
1763086483003,1763086483114,111,2010.329308935999,6.443363169666663,2254,312
1763086483034,1763086483145,111,2010.329308935999,6.443363169666663,2255,312
1763086483065,1763086483177,112,2045.7581299130552,6.556917083054664,2256,312
1763086483097,1763086483208,111,2045.7581299130552,6.556917083054664,2257,312
1763086483128,1763086483240,112,2045.7581299130552,6.556917083054664,2258,312
1763086483159,1763086483271,112,2045.7581299130552,6.556917083054664,2259,312
1763086483190,1763086483302,112,2045.7581299130552,6.556917083054664,2260,312
1763086483222,1763086483333,111,2045.7581299130552,6.556917083054664,2261,312
1763086483253,1763086483364,111,2010.311471410792,6.443305998111512,2262,312
1763086483284,1763086483396,112,2010.311471410792,6.443305998111512,2263,312
1763086483316,1763086483427,111,2010.311471410792,6.443305998111512,2264,312
1763086483346,1763086483459,113,2010.311471410792,6.443305998111512,2265,312
1763086483378,1763086483490,112,2010.311471410792,6.443305998111512,2266,312
1763086483410,1763086483522,112,2010.311471410792,6.443305998111512,2267,312
1763086483441,1763086483553,112,2010.311471410792,6.443305998111512,2268,312
1763086483472,1763086483585,113,2045.7439312429904,6.556871574496764,2269,312
1763086483504,1763086483617,113,2045.7439312429904,6.556871574496764,2270,312
1763086483535,1763086483649,114,2045.7439312429904,6.556871574496764,2271,312
1763086483567,1763086483681,114,2045.7439312429904,6.556871574496764,2272,312
1763086483599,1763086483713,114,2045.7439312429904,6.556871574496764,2273,312
1763086483631,1763086483744,113,2045.7439312429904,6.556871574496764,2274,312
1763086483663,1763086483775,112,2009.9526814069343,6.44215603015043,2275,312
1763086483694,1763086483807,113,2009.9526814069343,6.44215603015043,2276,312
1763086483726,1763086483839,113,2009.9526814069343,6.44215603015043,2277,312
1763086483757,1763086483871,114,2009.9526814069343,6.44215603015043,2278,312
1763086483789,1763086483903,114,2009.9526814069343,6.44215603015043,2279,312
1763086483821,1763086483935,114,2009.9526814069343,6.44215603015043,2280,312
1763086483853,1763086483967,114,2009.9526814069343,6.44215603015043,2281,312
1763086483885,1763086483999,114,2046.154523674292,6.558187575879141,2282,312
1763086483917,1763086484031,114,2046.154523674292,6.558187575879141,2283,312
1763086483950,1763086484063,113,2046.154523674292,6.558187575879141,2284,312
1763086483981,1763086484095,114,2046.154523674292,6.558187575879141,2285,312
1763086484013,1763086484127,114,2046.154523674292,6.558187575879141,2286,312
1763086484045,1763086484160,115,2046.154523674292,6.558187575879141,2287,312
1763086484077,1763086484191,114,2009.9303827500394,6.44208456009628,2288,312
1763086484109,1763086484223,114,2009.9303827500394,6.44208456009628,2289,312
1763086484141,1763086484254,113,2009.9303827500394,6.44208456009628,2290,312
1763086484173,1763086484286,113,2009.9303827500394,6.44208456009628,2291,312
1763086484205,1763086484317,112,2009.9303827500394,6.44208456009628,2292,312
1763086484236,1763086484348,112,2009.9303827500394,6.44208456009628,2293,312
1763086484268,1763086484380,112,2009.9303827500394,6.44208456009628,2294,312
1763086484299,1763086484411,112,2045.6146542862814,6.556457225276542,2295,312
1763086484331,1763086484443,112,2045.6146542862814,6.556457225276542,2296,312
1763086484362,1763086484474,112,2045.6146542862814,6.556457225276542,2297,312
1763086484393,1763086484505,112,2045.6146542862814,6.556457225276542,2298,312
1763086484425,1763086484537,112,2045.6146542862814,6.556457225276542,2299,312
1763086484456,1763086484568,112,2045.6146542862814,6.556457225276542,2300,312
1763086484488,1763086484600,112,2010.19726481188,6.4429399513201275,2301,312
1763086484520,1763086484632,112,2010.19726481188,6.4429399513201275,2302,312
1763086484550,1763086484663,113,2010.19726481188,6.4429399513201275,2303,312
1763086484582,1763086484695,113,2010.19726481188,6.4429399513201275,2304,312
1763086484614,1763086484726,112,2010.19726481188,6.4429399513201275,2305,312
1763086484646,1763086484758,112,2010.19726481188,6.4429399513201275,2306,312
1763086484677,1763086484790,113,2010.19726481188,6.4429399513201275,2307,312
1763086484708,1763086484821,113,2046.0006282606325,6.5576943213481815,2308,312
1763086484740,1763086484852,112,2046.0006282606325,6.5576943213481815,2309,312
1763086484772,1763086484884,112,2046.0006282606325,6.5576943213481815,2310,312
1763086484803,1763086484915,112,2046.0006282606325,6.5576943213481815,2311,312
1763086484835,1763086484946,111,2046.0006282606325,6.5576943213481815,2312,312
1763086484866,1763086484977,111,2046.0006282606325,6.5576943213481815,2313,312
1763086484898,1763086485009,111,2010.678500723724,6.444482374114501,2314,312
1763086484928,1763086485040,112,2010.678500723724,6.444482374114501,2315,312
1763086484960,1763086485071,111,2010.678500723724,6.444482374114501,2316,312
1763086484992,1763086485103,111,2010.678500723724,6.444482374114501,2317,312
1763086485022,1763086485133,111,2010.678500723724,6.444482374114501,2318,312
1763086485053,1763086485164,111,2010.678500723724,6.444482374114501,2319,312
1763086485085,1763086485196,111,2010.678500723724,6.444482374114501,2320,312
1763086485116,1763086485227,111,2045.6894435775318,6.556696934543372,2321,312
1763086485146,1763086485258,112,2045.6894435775318,6.556696934543372,2322,312
1763086485178,1763086485291,113,2045.6894435775318,6.556696934543372,2323,312
1763086485209,1763086485323,114,2045.6894435775318,6.556696934543372,2324,312
1763086485241,1763086485353,112,2045.6894435775318,6.556696934543372,2325,312
1763086485273,1763086485384,111,2045.6894435775318,6.556696934543372,2326,312
1763086485305,1763086485416,111,2010.0831076441377,6.442574062961981,2327,312
1763086485335,1763086485447,112,2010.0831076441377,6.442574062961981,2328,312
1763086485367,1763086485479,112,2010.0831076441377,6.442574062961981,2329,312
1763086485398,1763086485510,112,2010.0831076441377,6.442574062961981,2330,312
1763086485429,1763086485542,113,2010.0831076441377,6.442574062961981,2331,312
1763086485461,1763086485574,113,2010.0831076441377,6.442574062961981,2332,312
1763086485492,1763086485606,114,2010.0831076441377,6.442574062961981,2333,312
1763086485525,1763086485637,112,2045.9099874694452,6.557403805991813,2334,312
1763086485556,1763086485667,111,2045.9099874694452,6.557403805991813,2335,312
1763086485588,1763086485700,112,2045.9099874694452,6.557403805991813,2336,312
1763086485620,1763086485732,112,2045.9099874694452,6.557403805991813,2337,312
1763086485650,1763086485763,113,2045.9099874694452,6.557403805991813,2338,312
1763086485682,1763086485794,112,2045.9099874694452,6.557403805991813,2339,312
1763086485714,1763086485825,111,2010.4323500256785,6.443693429569483,2340,312
1763086485745,1763086485856,111,2010.4323500256785,6.443693429569483,2341,312
1763086485776,1763086485888,112,2010.4323500256785,6.443693429569483,2342,312
1763086485807,1763086485919,112,2010.4323500256785,6.443693429569483,2343,312
1763086485839,1763086485951,112,2010.4323500256785,6.443693429569483,2344,312
1763086485870,1763086485982,112,2010.4323500256785,6.443693429569483,2345,312
1763086485902,1763086486013,111,2010.4323500256785,6.443693429569483,2346,312
1763086485933,1763086486045,112,2045.84015062044,6.557179969937308,2347,312
1763086485964,1763086486077,113,2045.84015062044,6.557179969937308,2348,312
1763086485995,1763086486108,113,2045.84015062044,6.557179969937308,2349,312
1763086486027,1763086486140,113,2045.84015062044,6.557179969937308,2350,312
1763086486059,1763086486172,113,2045.84015062044,6.557179969937308,2351,312
1763086486090,1763086486204,114,2045.84015062044,6.557179969937308,2352,312
1763086486122,1763086486236,114,2010.0290795926294,6.442400896130223,2353,312
1763086486154,1763086486268,114,2010.0290795926294,6.442400896130223,2354,312
1763086486186,1763086486300,114,2010.0290795926294,6.442400896130223,2355,312
1763086486218,1763086486331,113,2010.0290795926294,6.442400896130223,2356,312
1763086486250,1763086486363,113,2010.0290795926294,6.442400896130223,2357,312
1763086486282,1763086486394,112,2010.0290795926294,6.442400896130223,2358,312
1763086486314,1763086486426,112,2010.0290795926294,6.442400896130223,2359,312
1763086486345,1763086486457,112,2045.8670891965478,6.557266311527397,2360,312
1763086486377,1763086486490,113,2045.8670891965478,6.557266311527397,2361,312
1763086486408,1763086486522,114,2045.8670891965478,6.557266311527397,2362,312
1763086486440,1763086486553,113,2045.8670891965478,6.557266311527397,2363,312
1763086486472,1763086486584,112,2045.8670891965478,6.557266311527397,2364,312
1763086486504,1763086486615,111,2045.8670891965478,6.557266311527397,2365,312
1763086486535,1763086486647,112,2010.2243359112556,6.443026717664281,2366,312
1763086486566,1763086486678,112,2010.2243359112556,6.443026717664281,2367,312
1763086486598,1763086486710,112,2010.2243359112556,6.443026717664281,2368,312
1763086486629,1763086486742,113,2010.2243359112556,6.443026717664281,2369,312
1763086486661,1763086486773,112,2010.2243359112556,6.443026717664281,2370,312
1763086486693,1763086486805,112,2010.2243359112556,6.443026717664281,2371,312
1763086486724,1763086486836,112,2010.2243359112556,6.443026717664281,2372,312
1763086486755,1763086486867,112,2045.8483470494482,6.557206240543103,2373,312
1763086486787,1763086486898,111,2045.8483470494482,6.557206240543103,2374,312
1763086486818,1763086486929,111,2045.8483470494482,6.557206240543103,2375,312
1763086486849,1763086486961,112,2045.8483470494482,6.557206240543103,2376,312
1763086486881,1763086486994,113,2045.8483470494482,6.557206240543103,2377,312
1763086486912,1763086487025,113,2045.8483470494482,6.557206240543103,2378,312
1763086486944,1763086487056,112,2010.2094359043112,6.442978961231766,2379,312
1763086486976,1763086487088,112,2010.2094359043112,6.442978961231766,2380,312
1763086487008,1763086487119,111,2010.2094359043112,6.442978961231766,2381,312
1763086487039,1763086487151,112,2010.2094359043112,6.442978961231766,2382,312
1763086487070,1763086487183,113,2010.2094359043112,6.442978961231766,2383,312
1763086487101,1763086487214,113,2010.2094359043112,6.442978961231766,2384,312
1763086487133,1763086487246,113,2010.2094359043112,6.442978961231766,2385,312
1763086487165,1763086487278,113,2045.8365015439274,6.557168274179254,2386,312
1763086487196,1763086487308,112,2045.8365015439274,6.557168274179254,2387,312
1763086487228,1763086487339,111,2045.8365015439274,6.557168274179254,2388,312
1763086487260,1763086487370,110,2045.8365015439274,6.557168274179254,2389,312
1763086487290,1763086487401,111,2045.8365015439274,6.557168274179254,2390,312
1763086487321,1763086487432,111,2045.8365015439274,6.557168274179254,2391,312
1763086487352,1763086487463,111,2010.895364733598,6.445177451069224,2392,312
1763086487383,1763086487495,112,2010.895364733598,6.445177451069224,2393,312
1763086487414,1763086487528,114,2010.895364733598,6.445177451069224,2394,312
1763086487445,1763086487559,114,2010.895364733598,6.445177451069224,2395,312
1763086487477,1763086487591,114,2010.895364733598,6.445177451069224,2396,312
1763086487509,1763086487623,114,2010.895364733598,6.445177451069224,2397,312
1763086487541,1763086487655,114,2010.895364733598,6.445177451069224,2398,312
1763086487573,1763086487687,114,2046.9011288690097,6.560580541246825,2399,312
1763086487605,1763086487720,115,2046.9011288690097,6.560580541246825,2400,312
1763086487637,1763086487751,114,2046.9011288690097,6.560580541246825,2401,312
1763086487669,1763086487782,113,2046.9011288690097,6.560580541246825,2402,312
1763086487701,1763086487814,113,2046.9011288690097,6.560580541246825,2403,312
1763086487734,1763086487846,112,2046.9011288690097,6.560580541246825,2404,312
1763086487764,1763086487877,113,2010.8714963219936,6.445100949749979,2405,312
1763086487796,1763086487909,113,2010.8714963219936,6.445100949749979,2406,312
1763086487828,1763086487941,113,2010.8714963219936,6.445100949749979,2407,312
1763086487859,1763086487972,113,2010.8714963219936,6.445100949749979,2408,312
1763086487891,1763086488003,112,2010.8714963219936,6.445100949749979,2409,312
1763086487923,1763086488035,112,2010.8714963219936,6.445100949749979,2410,312
1763086487954,1763086488066,112,2010.8714963219936,6.445100949749979,2411,312
1763086487986,1763086488098,112,2046.535968079663,6.559410154101483,2412,312
1763086488017,1763086488131,114,2046.535968079663,6.559410154101483,2413,312
1763086488049,1763086488162,113,2046.535968079663,6.559410154101483,2414,312
1763086488080,1763086488193,113,2046.535968079663,6.559410154101483,2415,312
1763086488112,1763086488224,112,2046.535968079663,6.559410154101483,2416,312
1763086488144,1763086488256,112,2046.535968079663,6.559410154101483,2417,312
1763086488176,1763086488288,112,2010.756094623332,6.444731072510679,2418,312
1763086488207,1763086488320,113,2010.756094623332,6.444731072510679,2419,312
1763086488238,1763086488351,113,2010.756094623332,6.444731072510679,2420,312
1763086488270,1763086488383,113,2010.756094623332,6.444731072510679,2421,312
1763086488302,1763086488413,111,2010.756094623332,6.444731072510679,2422,312
1763086488333,1763086488444,111,2010.756094623332,6.444731072510679,2423,312
1763086488365,1763086488476,111,2010.756094623332,6.444731072510679,2424,312
1763086488396,1763086488507,111,2046.0978513201724,6.5580059337185,2425,312
1763086488427,1763086488538,111,2046.0978513201724,6.5580059337185,2426,312
1763086488458,1763086488570,112,2046.0978513201724,6.5580059337185,2427,312
1763086488489,1763086488602,113,2046.0978513201724,6.5580059337185,2428,312
1763086488521,1763086488633,112,2046.0978513201724,6.5580059337185,2429,312
1763086488553,1763086488664,111,2046.0978513201724,6.5580059337185,2430,312
1763086488584,1763086488696,112,2010.5818896508572,6.444172723239927,2431,312
1763086488615,1763086488727,112,2010.5818896508572,6.444172723239927,2432,312
1763086488646,1763086488758,112,2010.5818896508572,6.444172723239927,2433,312
1763086488678,1763086488789,111,2010.5818896508572,6.444172723239927,2434,312
1763086488709,1763086488821,112,2010.5818896508572,6.444172723239927,2435,312
1763086488740,1763086488853,113,2010.5818896508572,6.444172723239927,2436,312
1763086488772,1763086488884,112,2010.5818896508572,6.444172723239927,2437,312
1763086488803,1763086488915,112,2045.9591841620822,6.557561487698981,2438,312
1763086488835,1763086488948,113,2045.9591841620822,6.557561487698981,2439,312
1763086488866,1763086488979,113,2045.9591841620822,6.557561487698981,2440,312
1763086488897,1763086489010,113,2045.9591841620822,6.557561487698981,2441,312
1763086488929,1763086489041,112,2045.9591841620822,6.557561487698981,2442,312
1763086488961,1763086489073,112,2045.9591841620822,6.557561487698981,2443,312
1763086488992,1763086489104,112,2010.2975514088553,6.44326138272069,2444,312
1763086489023,1763086489136,113,2010.2975514088553,6.44326138272069,2445,312
1763086489055,1763086489167,112,2010.2975514088553,6.44326138272069,2446,312
1763086489087,1763086489199,112,2010.2975514088553,6.44326138272069,2447,312
1763086489118,1763086489231,113,2010.2975514088553,6.44326138272069,2448,312
1763086489150,1763086489263,113,2010.2975514088553,6.44326138272069,2449,312
1763086489181,1763086489294,113,2010.2975514088553,6.44326138272069,2450,312
1763086489213,1763086489325,112,2045.90655337004,6.557392799262949,2451,312
1763086489245,1763086489357,112,2045.90655337004,6.557392799262949,2452,312
1763086489277,1763086489389,112,2045.90655337004,6.557392799262949,2453,312
1763086489307,1763086489419,112,2045.90655337004,6.557392799262949,2454,312
1763086489340,1763086489450,110,2045.90655337004,6.557392799262949,2455,312
1763086489371,1763086489482,111,2045.90655337004,6.557392799262949,2456,312
1763086489401,1763086489513,112,2010.6035230359219,6.44424206101257,2457,312
1763086489433,1763086489544,111,2010.6035230359219,6.44424206101257,2458,312
1763086489464,1763086489574,110,2010.6035230359219,6.44424206101257,2459,312
1763086489495,1763086489606,111,2010.6035230359219,6.44424206101257,2460,312
1763086489526,1763086489637,111,2010.6035230359219,6.44424206101257,2461,312
1763086489557,1763086489668,111,2010.6035230359219,6.44424206101257,2462,312
1763086489588,1763086489699,111,2010.6035230359219,6.44424206101257,2463,312
1763086489619,1763086489732,113,2045.8030078596298,6.557060922627018,2464,312
1763086489650,1763086489762,112,2045.8030078596298,6.557060922627018,2465,312
1763086489682,1763086489795,113,2045.8030078596298,6.557060922627018,2466,312
1763086489713,1763086489824,111,2045.8030078596298,6.557060922627018,2467,312
1763086489744,1763086489856,112,2045.8030078596298,6.557060922627018,2468,312
1763086489776,1763086489888,112,2045.8030078596298,6.557060922627018,2469,312
1763086489806,1763086489920,114,2010.520997264125,6.443977555333734,2470,312
1763086489838,1763086489950,112,2010.520997264125,6.443977555333734,2471,312
1763086489870,1763086489981,111,2010.520997264125,6.443977555333734,2472,312
1763086489902,1763086490013,111,2010.520997264125,6.443977555333734,2473,312
1763086489932,1763086490043,111,2010.520997264125,6.443977555333734,2474,312
1763086489964,1763086490074,110,2010.520997264125,6.443977555333734,2475,312
1763086489995,1763086490106,111,2010.520997264125,6.443977555333734,2476,312
1763086490025,1763086490138,113,2045.9107138222435,6.557406134045652,2477,312
1763086490056,1763086490170,114,2045.9107138222435,6.557406134045652,2478,312
1763086490088,1763086490201,113,2045.9107138222435,6.557406134045652,2479,312
1763086490121,1763086490232,111,2045.9107138222435,6.557406134045652,2480,312
1763086490152,1763086490264,112,2045.9107138222435,6.557406134045652,2481,312
1763086490184,1763086490296,112,2045.9107138222435,6.557406134045652,2482,312
1763086490215,1763086490326,111,2010.6068389163281,6.444252688834385,2483,312
1763086490246,1763086490357,111,2010.6068389163281,6.444252688834385,2484,312
1763086490278,1763086490388,110,2010.6068389163281,6.444252688834385,2485,312
1763086490309,1763086490420,111,2010.6068389163281,6.444252688834385,2486,312
1763086490339,1763086490451,112,2010.6068389163281,6.444252688834385,2487,312
1763086490370,1763086490481,111,2010.6068389163281,6.444252688834385,2488,312
1763086490402,1763086490513,111,2010.6068389163281,6.444252688834385,2489,312
1763086490433,1763086490543,110,2045.6322574552298,6.556513645689839,2490,312
1763086490463,1763086490575,112,2045.6322574552298,6.556513645689839,2491,312
1763086490495,1763086490606,111,2045.6322574552298,6.556513645689839,2492,312
1763086490526,1763086490637,111,2045.6322574552298,6.556513645689839,2493,312
1763086490557,1763086490668,111,2045.6322574552298,6.556513645689839,2494,312
1763086490588,1763086490699,111,2045.6322574552298,6.556513645689839,2495,312
1763086490619,1763086490730,111,2010.3849091918182,6.443541375614802,2496,312
1763086490650,1763086490762,112,2010.3849091918182,6.443541375614802,2497,312
1763086490681,1763086490792,111,2010.3849091918182,6.443541375614802,2498,312
1763086490712,1763086490823,111,2010.3849091918182,6.443541375614802,2499,312
1763086490744,1763086490855,111,2010.3849091918182,6.443541375614802,2500,312
1763086490774,1763086490886,112,2010.3849091918182,6.443541375614802,2501,312
1763086490805,1763086490929,124,1982.5695424442627,6.3543895591162265,2502,312
1763086490837,1763086490949,112,1982.5695424442627,6.3543895591162265,2503,312
1763086490869,1763086490984,115,1982.5695424442627,6.3543895591162265,2504,312
1763086490911,1763086491029,118,1982.5695424442627,6.3543895591162265,2505,312
1763086490951,1763086491060,109,1982.5695424442627,6.3543895591162265,2506,312
1763086490978,1763086491091,113,1982.5695424442627,6.3543895591162265,2507,312
1763086491011,1763086491123,112,1982.5695424442627,6.3543895591162265,2508,312
1763086491042,1763086491155,113,2024.467077615856,6.488676530820052,2509,312
1763086491073,1763086491187,114,2024.467077615856,6.488676530820052,2510,312
1763086491105,1763086491219,114,2024.467077615856,6.488676530820052,2511,312
1763086491137,1763086491251,114,2024.467077615856,6.488676530820052,2512,312
1763086491169,1763086491283,114,2024.467077615856,6.488676530820052,2513,312
1763086491202,1763086491315,113,2024.467077615856,6.488676530820052,2514,312
1763086491233,1763086491346,113,1993.0588596269897,6.3880091654711215,2515,312
1763086491265,1763086491377,112,1993.0588596269897,6.3880091654711215,2516,312
1763086491297,1763086491410,113,1993.0588596269897,6.3880091654711215,2517,312
1763086491328,1763086491441,113,1993.0588596269897,6.3880091654711215,2518,312
1763086491359,1763086491472,113,1993.0588596269897,6.3880091654711215,2519,312
1763086491392,1763086491504,112,1993.0588596269897,6.3880091654711215,2520,312
1763086491424,1763086491537,113,1993.0588596269897,6.3880091654711215,2521,312
1763086491455,1763086491568,113,2032.583675684203,6.514691268218599,2522,312
1763086491486,1763086491599,113,2032.583675684203,6.514691268218599,2523,312
1763086491519,1763086491631,112,2032.583675684203,6.514691268218599,2524,312
1763086491550,1763086491661,111,2032.583675684203,6.514691268218599,2525,312
1763086491582,1763086491693,111,2032.583675684203,6.514691268218599,2526,312
1763086491613,1763086491725,112,2032.583675684203,6.514691268218599,2527,312
1763086491644,1763086491757,113,1999.8246058446255,6.409694249502005,2528,312
1763086491676,1763086491788,112,1999.8246058446255,6.409694249502005,2529,312
1763086491707,1763086491821,114,1999.8246058446255,6.409694249502005,2530,312
1763086491739,1763086491851,112,1999.8246058446255,6.409694249502005,2531,312
1763086491770,1763086491882,112,1999.8246058446255,6.409694249502005,2532,312
1763086491802,1763086491913,111,1999.8246058446255,6.409694249502005,2533,312
1763086491834,1763086491945,111,1999.8246058446255,6.409694249502005,2534,312
1763086491865,1763086491980,115,2037.5805616464772,6.5307069283540935,2535,312
1763086491896,1763086492009,113,2037.5805616464772,6.5307069283540935,2536,312
1763086491927,1763086492041,114,2037.5805616464772,6.5307069283540935,2537,312
1763086491960,1763086492073,113,2037.5805616464772,6.5307069283540935,2538,312
1763086491992,1763086492105,113,2037.5805616464772,6.5307069283540935,2539,312
1763086492023,1763086492137,114,2037.5805616464772,6.5307069283540935,2540,312
1763086492055,1763086492169,114,2003.13980482401,6.420319887256442,2541,312
1763086492087,1763086492200,113,2003.13980482401,6.420319887256442,2542,312
1763086492119,1763086492231,112,2003.13980482401,6.420319887256442,2543,312
1763086492151,1763086492263,112,2003.13980482401,6.420319887256442,2544,312
1763086492182,1763086492295,113,2003.13980482401,6.420319887256442,2545,312
1763086492214,1763086492327,113,2003.13980482401,6.420319887256442,2546,312
1763086492245,1763086492358,113,2003.13980482401,6.420319887256442,2547,312
1763086492277,1763086492390,113,2040.216144835088,6.539154310368871,2548,312
1763086492310,1763086492422,112,2040.216144835088,6.539154310368871,2549,312
1763086492341,1763086492454,113,2040.216144835088,6.539154310368871,2550,312
1763086492373,1763086492486,113,2040.216144835088,6.539154310368871,2551,312
1763086492404,1763086492518,114,2040.216144835088,6.539154310368871,2552,312
1763086492436,1763086492550,114,2040.216144835088,6.539154310368871,2553,312
1763086492468,1763086492581,113,2005.5636189990598,6.428088522432883,2554,312
1763086492500,1763086492613,113,2005.5636189990598,6.428088522432883,2555,312
1763086492532,1763086492644,112,2005.5636189990598,6.428088522432883,2556,312
1763086492563,1763086492676,113,2005.5636189990598,6.428088522432883,2557,312
1763086492595,1763086492708,113,2005.5636189990598,6.428088522432883,2558,312
1763086492627,1763086492740,113,2005.5636189990598,6.428088522432883,2559,312
1763086492658,1763086492771,113,2005.5636189990598,6.428088522432883,2560,312
1763086492690,1763086492802,112,2042.3215134852535,6.545902286811709,2561,312
1763086492722,1763086492835,113,2042.3215134852535,6.545902286811709,2562,312
1763086492754,1763086492866,112,2042.3215134852535,6.545902286811709,2563,312
1763086492784,1763086492897,113,2042.3215134852535,6.545902286811709,2564,312
1763086492816,1763086492928,112,2042.3215134852535,6.545902286811709,2565,312
1763086492848,1763086492958,110,2042.3215134852535,6.545902286811709,2566,312
1763086492879,1763086492990,111,2007.746246247747,6.435084122588933,2567,312
1763086492910,1763086493022,112,2007.746246247747,6.435084122588933,2568,312
1763086492940,1763086493053,113,2007.746246247747,6.435084122588933,2569,312
1763086492972,1763086493084,112,2007.746246247747,6.435084122588933,2570,312
1763086493003,1763086493115,112,2007.746246247747,6.435084122588933,2571,312
1763086493035,1763086493147,112,2007.746246247747,6.435084122588933,2572,312
1763086493066,1763086493177,111,2007.746246247747,6.435084122588933,2573,312
1763086493098,1763086493209,111,2043.7020120132065,6.55032696158079,2574,312
1763086493129,1763086493241,112,2043.7020120132065,6.55032696158079,2575,312
1763086493160,1763086493272,112,2043.7020120132065,6.55032696158079,2576,312
1763086493192,1763086493304,112,2043.7020120132065,6.55032696158079,2577,312
1763086493223,1763086493337,114,2043.7020120132065,6.55032696158079,2578,312
1763086493254,1763086493367,113,2043.7020120132065,6.55032696158079,2579,312
1763086493287,1763086493399,112,2008.331397538486,6.436959607495147,2580,312
1763086493318,1763086493431,113,2008.331397538486,6.436959607495147,2581,312
1763086493350,1763086493462,112,2008.331397538486,6.436959607495147,2582,312
1763086493381,1763086493493,112,2008.331397538486,6.436959607495147,2583,312
1763086493413,1763086493525,112,2008.331397538486,6.436959607495147,2584,312
1763086493444,1763086493556,112,2008.331397538486,6.436959607495147,2585,312
1763086493476,1763086493588,112,2008.331397538486,6.436959607495147,2586,312
1763086493507,1763086493619,112,2044.167792440635,6.551819847566137,2587,312
1763086493539,1763086493650,111,2044.167792440635,6.551819847566137,2588,312
1763086493570,1763086493682,112,2044.167792440635,6.551819847566137,2589,312
1763086493601,1763086493713,112,2044.167792440635,6.551819847566137,2590,312
1763086493633,1763086493746,113,2044.167792440635,6.551819847566137,2591,312
1763086493664,1763086493776,112,2044.167792440635,6.551819847566137,2592,312
1763086493696,1763086493808,112,2008.8733949903049,6.438696778815079,2593,312
1763086493728,1763086493841,113,2008.8733949903049,6.438696778815079,2594,312
1763086493759,1763086493870,111,2008.8733949903049,6.438696778815079,2595,312
1763086493791,1763086493902,111,2008.8733949903049,6.438696778815079,2596,312
1763086493822,1763086493934,112,2008.8733949903049,6.438696778815079,2597,312
1763086493853,1763086493965,112,2008.8733949903049,6.438696778815079,2598,312
1763086493885,1763086493996,111,2008.8733949903049,6.438696778815079,2599,312
1763086493916,1763086494028,112,2044.5992224122826,6.553202635936803,2600,312
1763086493947,1763086494060,113,2044.5992224122826,6.553202635936803,2601,312
1763086493979,1763086494091,112,2044.5992224122826,6.553202635936803,2602,312
1763086494011,1763086494122,111,2044.5992224122826,6.553202635936803,2603,312
1763086494042,1763086494154,112,2044.5992224122826,6.553202635936803,2604,312
1763086494073,1763086494185,112,2044.5992224122826,6.553202635936803,2605,312
1763086494105,1763086494216,111,2009.388981040177,6.440349298205695,2606,312
1763086494136,1763086494248,112,2009.388981040177,6.440349298205695,2607,312
1763086494168,1763086494280,112,2009.388981040177,6.440349298205695,2608,312
1763086494199,1763086494310,111,2009.388981040177,6.440349298205695,2609,312
1763086494230,1763086494342,112,2009.388981040177,6.440349298205695,2610,312
1763086494262,1763086494374,112,2009.388981040177,6.440349298205695,2611,312
1763086494292,1763086494405,113,2009.388981040177,6.440349298205695,2612,312
1763086494324,1763086494436,112,2045.0096289079809,6.554518041371733,2613,312
1763086494356,1763086494468,112,2045.0096289079809,6.554518041371733,2614,312
1763086494388,1763086494500,112,2045.0096289079809,6.554518041371733,2615,312
1763086494419,1763086494532,113,2045.0096289079809,6.554518041371733,2616,312
1763086494450,1763086494564,114,2045.0096289079809,6.554518041371733,2617,312
1763086494482,1763086494596,114,2045.0096289079809,6.554518041371733,2618,312
1763086494514,1763086494628,114,2009.0236260951208,6.439178288766413,2619,312
1763086494546,1763086494660,114,2009.0236260951208,6.439178288766413,2620,312
1763086494579,1763086494692,113,2009.0236260951208,6.439178288766413,2621,312
1763086494611,1763086494724,113,2009.0236260951208,6.439178288766413,2622,312
1763086494642,1763086494756,114,2009.0236260951208,6.439178288766413,2623,312
1763086494674,1763086494788,114,2009.0236260951208,6.439178288766413,2624,312
1763086494706,1763086494820,114,2009.0236260951208,6.439178288766413,2625,312
1763086494738,1763086494852,114,2045.243735493431,6.555268382991765,2626,312
1763086494770,1763086494883,113,2045.243735493431,6.555268382991765,2627,312
1763086494802,1763086494915,113,2045.243735493431,6.555268382991765,2628,312
1763086494834,1763086494947,113,2045.243735493431,6.555268382991765,2629,312
1763086494866,1763086494979,113,2045.243735493431,6.555268382991765,2630,312
1763086494898,1763086495011,113,2045.243735493431,6.555268382991765,2631,312
1763086494929,1763086495043,114,2009.2090385107972,6.439772559329478,2632,312
1763086494962,1763086495075,113,2009.2090385107972,6.439772559329478,2633,312
1763086494993,1763086495107,114,2009.2090385107972,6.439772559329478,2634,312
1763086495025,1763086495139,114,2009.2090385107972,6.439772559329478,2635,312
1763086495058,1763086495171,113,2009.2090385107972,6.439772559329478,2636,312
1763086495089,1763086495203,114,2009.2090385107972,6.439772559329478,2637,312
1763086495121,1763086495234,113,2009.2090385107972,6.439772559329478,2638,312
1763086495153,1763086495266,113,2045.215976577573,6.555179412107606,2639,312
1763086495185,1763086495297,112,2045.215976577573,6.555179412107606,2640,312
1763086495217,1763086495328,111,2045.215976577573,6.555179412107606,2641,312
1763086495248,1763086495360,112,2045.215976577573,6.555179412107606,2642,312
1763086495279,1763086495390,111,2045.215976577573,6.555179412107606,2643,312
1763086495310,1763086495422,112,2045.215976577573,6.555179412107606,2644,312
1763086495342,1763086495453,111,2009.8799173557481,6.441922812037654,2645,312
1763086495373,1763086495485,112,2009.8799173557481,6.441922812037654,2646,312
1763086495404,1763086495517,113,2009.8799173557481,6.441922812037654,2647,312
1763086495435,1763086495549,114,2009.8799173557481,6.441922812037654,2648,312
1763086495467,1763086495580,113,2009.8799173557481,6.441922812037654,2649,312
1763086495500,1763086495611,111,2009.8799173557481,6.441922812037654,2650,312
1763086495531,1763086495643,112,2009.8799173557481,6.441922812037654,2651,312
1763086495562,1763086495674,112,2045.5745342978198,6.556328635569935,2652,312
1763086495594,1763086495706,112,2045.5745342978198,6.556328635569935,2653,312
1763086495625,1763086495738,113,2045.5745342978198,6.556328635569935,2654,312
1763086495657,1763086495769,112,2045.5745342978198,6.556328635569935,2655,312
1763086495688,1763086495801,113,2045.5745342978198,6.556328635569935,2656,312
1763086495720,1763086495832,112,2045.5745342978198,6.556328635569935,2657,312
1763086495751,1763086495863,112,2010.3389038353623,6.443393922549238,2658,312
1763086495783,1763086495894,111,2010.3389038353623,6.443393922549238,2659,312
1763086495814,1763086495926,112,2010.3389038353623,6.443393922549238,2660,312
1763086495846,1763086495958,112,2010.3389038353623,6.443393922549238,2661,312
1763086495876,1763086495989,113,2010.3389038353623,6.443393922549238,2662,312
1763086495908,1763086496020,112,2010.3389038353623,6.443393922549238,2663,312
1763086495940,1763086496052,112,2010.3389038353623,6.443393922549238,2664,312
1763086495971,1763086496082,111,2045.939428549113,6.557498168426644,2665,312
1763086496002,1763086496114,112,2045.939428549113,6.557498168426644,2666,312
1763086496034,1763086496145,111,2045.939428549113,6.557498168426644,2667,312
1763086496065,1763086496178,113,2045.939428549113,6.557498168426644,2668,312
1763086496096,1763086496209,113,2045.939428549113,6.557498168426644,2669,312
1763086496128,1763086496241,113,2045.939428549113,6.557498168426644,2670,312
1763086496160,1763086496273,113,2009.9339668394466,6.442096047562329,2671,312
1763086496192,1763086496304,112,2009.9339668394466,6.442096047562329,2672,312
1763086496224,1763086496336,112,2009.9339668394466,6.442096047562329,2673,312
1763086496255,1763086496368,113,2009.9339668394466,6.442096047562329,2674,312
1763086496286,1763086496399,113,2009.9339668394466,6.442096047562329,2675,312
1763086496318,1763086496430,112,2009.9339668394466,6.442096047562329,2676,312
1763086496349,1763086496462,113,2009.9339668394466,6.442096047562329,2677,312
1763086496382,1763086496493,111,2045.4434376041995,6.5559084538596135,2678,312
1763086496412,1763086496525,113,2045.4434376041995,6.5559084538596135,2679,312
1763086496444,1763086496557,113,2045.4434376041995,6.5559084538596135,2680,312
1763086496475,1763086496589,114,2045.4434376041995,6.5559084538596135,2681,312
1763086496507,1763086496621,114,2045.4434376041995,6.5559084538596135,2682,312
1763086496539,1763086496652,113,2045.4434376041995,6.5559084538596135,2683,312
1763086496572,1763086496683,111,2009.7140894577344,6.441391312364533,2684,312
1763086496604,1763086496714,110,2009.7140894577344,6.441391312364533,2685,312
1763086496635,1763086496747,112,2009.7140894577344,6.441391312364533,2686,312
1763086496665,1763086496777,112,2009.7140894577344,6.441391312364533,2687,312
1763086496696,1763086496809,113,2009.7140894577344,6.441391312364533,2688,312
1763086496729,1763086496840,111,2009.7140894577344,6.441391312364533,2689,312
1763086496760,1763086496871,111,2009.7140894577344,6.441391312364533,2690,312
1763086496791,1763086496901,110,2044.919843387272,6.554230267266897,2691,312
1763086496823,1763086496932,109,2044.919843387272,6.554230267266897,2692,312
1763086496853,1763086496964,111,2044.919843387272,6.554230267266897,2693,312
1763086496883,1763086496996,113,2044.919843387272,6.554230267266897,2694,312
1763086496914,1763086497027,113,2044.919843387272,6.554230267266897,2695,312
1763086496947,1763086497059,112,2044.919843387272,6.554230267266897,2696,312
1763086496979,1763086497091,112,2009.4712754928812,6.440613062477183,2697,312
1763086497010,1763086497126,116,2009.4712754928812,6.440613062477183,2698,312
1763086497042,1763086497154,112,2009.4712754928812,6.440613062477183,2699,312
1763086497073,1763086497186,113,2009.4712754928812,6.440613062477183,2700,312
1763086497105,1763086497218,113,2009.4712754928812,6.440613062477183,2701,312
1763086497137,1763086497250,113,2009.4712754928812,6.440613062477183,2702,312
1763086497169,1763086497281,112,2009.4712754928812,6.440613062477183,2703,312
1763086497200,1763086497313,113,2045.4241927413477,6.555846771606884,2704,312
1763086497232,1763086497343,111,2045.4241927413477,6.555846771606884,2705,312
1763086497263,1763086497375,112,2045.4241927413477,6.555846771606884,2706,312
1763086497295,1763086497406,111,2045.4241927413477,6.555846771606884,2707,312
1763086497325,1763086497438,113,2045.4241927413477,6.555846771606884,2708,312
1763086497357,1763086497468,111,2045.4241927413477,6.555846771606884,2709,312
1763086497388,1763086497500,112,2010.0456574221128,6.442454030199079,2710,312
1763086497420,1763086497531,111,2010.0456574221128,6.442454030199079,2711,312
1763086497450,1763086497563,113,2010.0456574221128,6.442454030199079,2712,312
1763086497482,1763086497593,111,2010.0456574221128,6.442454030199079,2713,312
1763086497513,1763086497625,112,2010.0456574221128,6.442454030199079,2714,312
1763086497545,1763086497657,112,2010.0456574221128,6.442454030199079,2715,312
1763086497576,1763086497688,112,2010.0456574221128,6.442454030199079,2716,312
1763086497608,1763086497720,112,2045.5323433080018,6.556193408038467,2717,312
1763086497639,1763086497752,113,2045.5323433080018,6.556193408038467,2718,312
1763086497670,1763086497783,113,2045.5323433080018,6.556193408038467,2719,312
1763086497702,1763086497814,112,2045.5323433080018,6.556193408038467,2720,312
1763086497734,1763086497845,111,2045.5323433080018,6.556193408038467,2721,312
1763086497765,1763086497877,112,2045.5323433080018,6.556193408038467,2722,312
1763086497796,1763086497907,111,2010.3052776164775,6.443286146206659,2723,312
1763086497828,1763086497938,110,2010.3052776164775,6.443286146206659,2724,312
1763086497859,1763086497973,114,2010.3052776164775,6.443286146206659,2725,312
1763086497889,1763086498001,112,2010.3052776164775,6.443286146206659,2726,312
1763086497921,1763086498033,112,2010.3052776164775,6.443286146206659,2727,312
1763086497952,1763086498064,112,2010.3052776164775,6.443286146206659,2728,312
1763086497984,1763086498096,112,2010.3052776164775,6.443286146206659,2729,312
1763086498015,1763086498128,113,2045.739000982716,6.5568557723805005,2730,312
1763086498047,1763086498160,113,2045.739000982716,6.5568557723805005,2731,312
1763086498078,1763086498191,113,2045.739000982716,6.5568557723805005,2732,312
1763086498110,1763086498223,113,2045.739000982716,6.5568557723805005,2733,312
1763086498142,1763086498256,114,2045.739000982716,6.5568557723805005,2734,312
1763086498174,1763086498287,113,2045.739000982716,6.5568557723805005,2735,312
1763086498206,1763086498321,115,2009.601288778311,6.441029771725357,2736,312
1763086498238,1763086498352,114,2009.601288778311,6.441029771725357,2737,312
1763086498270,1763086498383,113,2009.601288778311,6.441029771725357,2738,312
1763086498303,1763086498414,111,2009.601288778311,6.441029771725357,2739,312
1763086498334,1763086498447,113,2009.601288778311,6.441029771725357,2740,312
1763086498365,1763086498478,113,2009.601288778311,6.441029771725357,2741,312
1763086498397,1763086498509,112,2009.601288778311,6.441029771725357,2742,312
1763086498429,1763086498542,113,2045.527423289979,6.556177638749934,2743,312
1763086498460,1763086498573,113,2045.527423289979,6.556177638749934,2744,312
1763086498492,1763086498606,114,2045.527423289979,6.556177638749934,2745,312
1763086498524,1763086498637,113,2045.527423289979,6.556177638749934,2746,312
1763086498556,1763086498670,114,2045.527423289979,6.556177638749934,2747,312
1763086498588,1763086498702,114,2045.527423289979,6.556177638749934,2748,312
1763086498620,1763086498733,113,2009.4337192456633,6.440492689889948,2749,312
1763086498652,1763086498766,114,2009.4337192456633,6.440492689889948,2750,312
1763086498684,1763086498797,113,2009.4337192456633,6.440492689889948,2751,312
1763086498716,1763086498829,113,2009.4337192456633,6.440492689889948,2752,312
1763086498748,1763086498861,113,2009.4337192456633,6.440492689889948,2753,312
1763086498780,1763086498895,115,2009.4337192456633,6.440492689889948,2754,312
1763086498812,1763086498924,112,2009.4337192456633,6.440492689889948,2755,312
1763086498844,1763086498957,113,2045.5689393618109,6.556310703082729,2756,312
1763086498876,1763086498987,111,2045.5689393618109,6.556310703082729,2757,312
1763086498907,1763086499019,112,2045.5689393618109,6.556310703082729,2758,312
1763086498939,1763086499050,111,2045.5689393618109,6.556310703082729,2759,312
1763086498970,1763086499081,111,2045.5689393618109,6.556310703082729,2760,312
1763086499001,1763086499113,112,2045.5689393618109,6.556310703082729,2761,312
1763086499032,1763086499144,112,2010.3344446713631,6.443379630356935,2762,312
1763086499064,1763086499175,111,2010.3344446713631,6.443379630356935,2763,312
1763086499095,1763086499207,112,2010.3344446713631,6.443379630356935,2764,312
1763086499127,1763086499238,111,2010.3344446713631,6.443379630356935,2765,312
1763086499157,1763086499270,113,2010.3344446713631,6.443379630356935,2766,312
1763086499189,1763086499300,111,2010.3344446713631,6.443379630356935,2767,312
1763086499220,1763086499332,112,2010.3344446713631,6.443379630356935,2768,312
1763086499252,1763086499363,111,2045.762217958405,6.55693018576412,2769,312
1763086499283,1763086499395,112,2045.762217958405,6.55693018576412,2770,312
1763086499314,1763086499426,112,2045.762217958405,6.55693018576412,2771,312
1763086499345,1763086499457,112,2045.762217958405,6.55693018576412,2772,312
1763086499377,1763086499489,112,2045.762217958405,6.55693018576412,2773,312
1763086499408,1763086499520,112,2045.762217958405,6.55693018576412,2774,312
1763086499440,1763086499552,112,2010.1409632769319,6.442759497682475,2775,312
1763086499471,1763086499583,112,2010.1409632769319,6.442759497682475,2776,312
1763086499503,1763086499615,112,2010.1409632769319,6.442759497682475,2777,312
1763086499534,1763086499646,112,2010.1409632769319,6.442759497682475,2778,312
1763086499566,1763086499677,111,2010.1409632769319,6.442759497682475,2779,312
1763086499597,1763086499707,110,2010.1409632769319,6.442759497682475,2780,312
1763086499628,1763086499738,110,2010.1409632769319,6.442759497682475,2781,312
1763086499660,1763086499770,110,2045.0866296582685,6.554764838648298,2782,312
1763086499690,1763086499801,111,2045.0866296582685,6.554764838648298,2783,312
1763086499721,1763086499834,113,2045.0866296582685,6.554764838648298,2784,312
1763086499752,1763086499864,112,2045.0866296582685,6.554764838648298,2785,312
1763086499784,1763086499897,113,2045.0866296582685,6.554764838648298,2786,312
1763086499816,1763086499928,112,2045.0866296582685,6.554764838648298,2787,312
1763086499847,1763086499961,114,2009.2576973190069,6.4399285170481,2788,312
1763086499878,1763086499992,114,2009.2576973190069,6.4399285170481,2789,312
1763086499910,1763086500025,115,2009.2576973190069,6.4399285170481,2790,312
1763086499943,1763086500057,114,2009.2576973190069,6.4399285170481,2791,312
1763086499975,1763086500087,112,2009.2576973190069,6.4399285170481,2792,312
1763086500006,1763086500118,112,2009.2576973190069,6.4399285170481,2793,312
1763086500039,1763086500151,112,2009.2576973190069,6.4399285170481,2794,312
1763086500069,1763086500182,113,2045.2546116712915,6.5553032425361915,2795,312
1763086500100,1763086500214,114,2045.2546116712915,6.5553032425361915,2796,312
1763086500133,1763086500247,114,2045.2546116712915,6.5553032425361915,2797,312
1763086500165,1763086500278,113,2045.2546116712915,6.5553032425361915,2798,312
1763086500197,1763086500310,113,2045.2546116712915,6.5553032425361915,2799,312
1763086500229,1763086500342,113,2045.2546116712915,6.5553032425361915,2800,312
1763086500261,1763086500374,113,2009.217652443663,6.439800168088664,2801,312
1763086500293,1763086500406,113,2009.217652443663,6.439800168088664,2802,312
1763086500324,1763086500437,113,2009.217652443663,6.439800168088664,2803,312
1763086500357,1763086500468,111,2009.217652443663,6.439800168088664,2804,312
1763086500388,1763086500499,111,2009.217652443663,6.439800168088664,2805,312
1763086500419,1763086500531,112,2009.217652443663,6.439800168088664,2806,312
1763086500450,1763086500562,112,2009.217652443663,6.439800168088664,2807,312
1763086500481,1763086500594,113,2044.8732513451557,6.554080933798576,2808,312
1763086500514,1763086500626,112,2044.8732513451557,6.554080933798576,2809,312
1763086500544,1763086500658,114,2044.8732513451557,6.554080933798576,2810,312
1763086500576,1763086500689,113,2044.8732513451557,6.554080933798576,2811,312
1763086500608,1763086500720,112,2044.8732513451557,6.554080933798576,2812,312
1763086500640,1763086500753,113,2044.8732513451557,6.554080933798576,2813,312
1763086500672,1763086500783,111,2009.4342348193989,6.440494342369868,2814,312
1763086500702,1763086500816,114,2009.4342348193989,6.440494342369868,2815,312
1763086500735,1763086500847,112,2009.4342348193989,6.440494342369868,2816,312
1763086500766,1763086500878,112,2009.4342348193989,6.440494342369868,2817,312
1763086500798,1763086500910,112,2009.4342348193989,6.440494342369868,2818,312
1763086500830,1763086500943,113,2009.4342348193989,6.440494342369868,2819,312
1763086500861,1763086500973,112,2009.4342348193989,6.440494342369868,2820,312
1763086500893,1763086501022,129,2045.220216681422,6.555193002184045,2821,312
1763086500925,1763086501039,114,2045.220216681422,6.555193002184045,2822,312
1763086500956,1763086501066,110,2045.220216681422,6.555193002184045,2823,312
1763086500999,1763086501114,115,2045.220216681422,6.555193002184045,2824,312
1763086501033,1763086501145,112,2045.220216681422,6.555193002184045,2825,312
1763086501065,1763086501177,112,2045.220216681422,6.555193002184045,2826,312
1763086501096,1763086501210,114,2009.7100722617306,6.441378436736316,2827,312
1763086501127,1763086501241,114,2009.7100722617306,6.441378436736316,2828,312
1763086501160,1763086501278,118,2009.7100722617306,6.441378436736316,2829,312
1763086501191,1763086501306,115,2009.7100722617306,6.441378436736316,2830,312
1763086501223,1763086501338,115,2009.7100722617306,6.441378436736316,2831,312
1763086501260,1763086501368,108,2009.7100722617306,6.441378436736316,2832,312
1763086501288,1763086501400,112,1981.2040873035523,6.350013100331898,2833,312
1763086501320,1763086501432,112,1981.2040873035523,6.350013100331898,2834,312
1763086501350,1763086501466,116,1981.2040873035523,6.350013100331898,2835,312
1763086501382,1763086501500,118,1981.2040873035523,6.350013100331898,2836,312
1763086501415,1763086501528,113,1981.2040873035523,6.350013100331898,2837,312
1763086501447,1763086501561,114,1981.2040873035523,6.350013100331898,2838,312
1763086501479,1763086501592,113,1981.2040873035523,6.350013100331898,2839,312
1763086501510,1763086501624,114,2023.3856371444135,6.485210375462863,2840,312
1763086501542,1763086501656,114,2023.3856371444135,6.485210375462863,2841,312
1763086501574,1763086501688,114,2023.3856371444135,6.485210375462863,2842,312
1763086501606,1763086501720,114,2023.3856371444135,6.485210375462863,2843,312
1763086501639,1763086501753,114,2023.3856371444135,6.485210375462863,2844,312
1763086501670,1763086501787,117,2023.3856371444135,6.485210375462863,2845,312
1763086501702,1763086501817,115,1991.8974246183755,6.3842866173665875,2846,312
1763086501735,1763086501849,114,1991.8974246183755,6.3842866173665875,2847,312
1763086501769,1763086501892,123,1991.8974246183755,6.3842866173665875,2848,312
1763086501799,1763086501913,114,1991.8974246183755,6.3842866173665875,2849,312
1763086501831,1763086501947,116,1991.8974246183755,6.3842866173665875,2850,312
1763086501874,1763086501993,119,1991.8974246183755,6.3842866173665875,2851,312
1763086501895,1763086502011,116,1991.8974246183755,6.3842866173665875,2852,312
1763086501929,1763086502040,111,2031.8547602977533,6.512355000954337,2853,312
1763086501959,1763086502072,113,2031.8547602977533,6.512355000954337,2854,312
1763086501993,1763086502103,110,2031.8547602977533,6.512355000954337,2855,312
1763086502023,1763086502135,112,2031.8547602977533,6.512355000954337,2856,312
1763086502054,1763086502167,113,2031.8547602977533,6.512355000954337,2857,312
1763086502085,1763086502198,113,2031.8547602977533,6.512355000954337,2858,312
1763086502117,1763086502230,113,1998.9246796764162,6.406809870757744,2859,312
1763086502149,1763086502262,113,1998.9246796764162,6.406809870757744,2860,312
1763086502180,1763086502293,113,1998.9246796764162,6.406809870757744,2861,312
1763086502212,1763086502327,115,1998.9246796764162,6.406809870757744,2862,312
1763086502245,1763086502357,112,1998.9246796764162,6.406809870757744,2863,312
1763086502275,1763086502389,114,1998.9246796764162,6.406809870757744,2864,312
1763086502309,1763086502421,112,1998.9246796764162,6.406809870757744,2865,312
1763086502340,1763086502455,115,2037.235270983398,6.529600227510891,2866,312
1763086502372,1763086502485,113,2037.235270983398,6.529600227510891,2867,312
1763086502403,1763086502517,114,2037.235270983398,6.529600227510891,2868,312
1763086502436,1763086502549,113,2037.235270983398,6.529600227510891,2869,312
1763086502467,1763086502581,114,2037.235270983398,6.529600227510891,2870,312
1763086502499,1763086502612,113,2037.235270983398,6.529600227510891,2871,312
1763086502532,1763086502643,111,2003.196805160818,6.420502580643648,2872,312
1763086502563,1763086502674,111,2003.196805160818,6.420502580643648,2873,312
1763086502594,1763086502706,112,2003.196805160818,6.420502580643648,2874,312
1763086502625,1763086502737,112,2003.196805160818,6.420502580643648,2875,312
1763086502656,1763086502769,113,2003.196805160818,6.420502580643648,2876,312
1763086502688,1763086502800,112,2003.196805160818,6.420502580643648,2877,312
1763086502719,1763086502831,112,2003.196805160818,6.420502580643648,2878,312
1763086502752,1763086502861,109,2039.7190505183328,6.537561059353631,2879,312
1763086502782,1763086502893,111,2039.7190505183328,6.537561059353631,2880,312
1763086502813,1763086502924,111,2039.7190505183328,6.537561059353631,2881,312
1763086502844,1763086502955,111,2039.7190505183328,6.537561059353631,2882,312
1763086502875,1763086502987,112,2039.7190505183328,6.537561059353631,2883,312
1763086502906,1763086503019,113,2039.7190505183328,6.537561059353631,2884,312
1763086502938,1763086503051,113,2005.1689261115562,6.426823481126783,2885,312
1763086502969,1763086503082,113,2005.1689261115562,6.426823481126783,2886,312
1763086503002,1763086503114,112,2005.1689261115562,6.426823481126783,2887,312
1763086503034,1763086503146,112,2005.1689261115562,6.426823481126783,2888,312
1763086503065,1763086503179,114,2005.1689261115562,6.426823481126783,2889,312
1763086503096,1763086503209,113,2005.1689261115562,6.426823481126783,2890,312
1763086503129,1763086503240,111,2005.1689261115562,6.426823481126783,2891,312
1763086503161,1763086503272,111,2041.8292962586872,6.5443246674957924,2892,312
1763086503192,1763086503305,113,2041.8292962586872,6.5443246674957924,2893,312
1763086503222,1763086503335,113,2041.8292962586872,6.5443246674957924,2894,312
1763086503255,1763086503365,110,2041.8292962586872,6.5443246674957924,2895,312
1763086503287,1763086503395,108,2041.8292962586872,6.5443246674957924,2896,312
1763086503317,1763086503426,109,2041.8292962586872,6.5443246674957924,2897,312
1763086503347,1763086503457,110,2007.8634370069499,6.435459733996634,2898,312
1763086503378,1763086503487,109,2007.8634370069499,6.435459733996634,2899,312
1763086503409,1763086503517,108,2007.8634370069499,6.435459733996634,2900,312
1763086503440,1763086503548,108,2007.8634370069499,6.435459733996634,2901,312
1763086503470,1763086503580,110,2007.8634370069499,6.435459733996634,2902,312
1763086503499,1763086503611,112,2007.8634370069499,6.435459733996634,2903,312
1763086503531,1763086503644,113,2007.8634370069499,6.435459733996634,2904,312
1763086503561,1763086503674,113,2043.443022731546,6.549496867729314,2905,312
1763086503594,1763086503706,112,2043.443022731546,6.549496867729314,2906,312
1763086503626,1763086503738,112,2043.443022731546,6.549496867729314,2907,312
1763086503657,1763086503770,113,2043.443022731546,6.549496867729314,2908,312
1763086503689,1763086503802,113,2043.443022731546,6.549496867729314,2909,312
1763086503720,1763086503832,112,2043.443022731546,6.549496867729314,2910,312
1763086503752,1763086503864,112,2008.1257600488475,6.436300512977075,2911,312
1763086503785,1763086503896,111,2008.1257600488475,6.436300512977075,2912,312
1763086503814,1763086503928,114,2008.1257600488475,6.436300512977075,2913,312
1763086503847,1763086503960,113,2008.1257600488475,6.436300512977075,2914,312
1763086503878,1763086503991,113,2008.1257600488475,6.436300512977075,2915,312
1763086503910,1763086504024,114,2008.1257600488475,6.436300512977075,2916,312
1763086503942,1763086504056,114,2008.1257600488475,6.436300512977075,2917,312
1763086503973,1763086504087,114,2044.3558534787849,6.552422607303797,2918,312
1763086504006,1763086504118,112,2044.3558534787849,6.552422607303797,2919,312
1763086504038,1763086504150,112,2044.3558534787849,6.552422607303797,2920,312
1763086504069,1763086504179,110,2044.3558534787849,6.552422607303797,2921,312
1763086504101,1763086504211,110,2044.3558534787849,6.552422607303797,2922,312
1763086504132,1763086504241,109,2044.3558534787849,6.552422607303797,2923,312
1763086504161,1763086504274,113,2009.3676152225914,6.440280818021127,2924,312
1763086504193,1763086504305,112,2009.3676152225914,6.440280818021127,2925,312
1763086504224,1763086504337,113,2009.3676152225914,6.440280818021127,2926,312
1763086504256,1763086504369,113,2009.3676152225914,6.440280818021127,2927,312
1763086504288,1763086504401,113,2009.3676152225914,6.440280818021127,2928,312
1763086504320,1763086504433,113,2009.3676152225914,6.440280818021127,2929,312
1763086504351,1763086504464,113,2009.3676152225914,6.440280818021127,2930,312
1763086504383,1763086504495,112,2045.3418864867376,6.555582969508775,2931,312
1763086504415,1763086504527,112,2045.3418864867376,6.555582969508775,2932,312
1763086504446,1763086504559,113,2045.3418864867376,6.555582969508775,2933,312
1763086504478,1763086504591,113,2045.3418864867376,6.555582969508775,2934,312
1763086504510,1763086504623,113,2045.3418864867376,6.555582969508775,2935,312
1763086504541,1763086504655,114,2045.3418864867376,6.555582969508775,2936,312
1763086504574,1763086504687,113,2009.4601159839829,6.440577294820458,2937,312
1763086504606,1763086504718,112,2009.4601159839829,6.440577294820458,2938,312
1763086504637,1763086504751,114,2009.4601159839829,6.440577294820458,2939,312
1763086504669,1763086504782,113,2009.4601159839829,6.440577294820458,2940,312
1763086504700,1763086504814,114,2009.4601159839829,6.440577294820458,2941,312
1763086504733,1763086504846,113,2009.4601159839829,6.440577294820458,2942,312
1763086504765,1763086504878,113,2009.4601159839829,6.440577294820458,2943,312
1763086504797,1763086504909,112,2045.5898719752984,6.556377794792623,2944,312
1763086504828,1763086504941,113,2045.5898719752984,6.556377794792623,2945,312
1763086504860,1763086504973,113,2045.5898719752984,6.556377794792623,2946,312
1763086504892,1763086505005,113,2045.5898719752984,6.556377794792623,2947,312
1763086504924,1763086505037,113,2045.5898719752984,6.556377794792623,2948,312
1763086504956,1763086505069,113,2045.5898719752984,6.556377794792623,2949,312
1763086504987,1763086505102,115,2009.4831786044363,6.440651213475758,2950,312
1763086505020,1763086505133,113,2009.4831786044363,6.440651213475758,2951,312
1763086505052,1763086505164,112,2009.4831786044363,6.440651213475758,2952,312
1763086505084,1763086505197,113,2009.4831786044363,6.440651213475758,2953,312
1763086505116,1763086505228,112,2009.4831786044363,6.440651213475758,2954,312
1763086505147,1763086505260,113,2009.4831786044363,6.440651213475758,2955,312
1763086505179,1763086505292,113,2009.4831786044363,6.440651213475758,2956,312
1763086505210,1763086505324,114,2045.608160633318,6.556436412286276,2957,312
1763086505243,1763086505356,113,2045.608160633318,6.556436412286276,2958,312
1763086505275,1763086505389,114,2045.608160633318,6.556436412286276,2959,312
1763086505307,1763086505420,113,2045.608160633318,6.556436412286276,2960,312
1763086505339,1763086505451,112,2045.608160633318,6.556436412286276,2961,312
1763086505371,1763086505483,112,2045.608160633318,6.556436412286276,2962,312
1763086505401,1763086505516,115,2009.8448795428544,6.441810511355303,2963,312
1763086505433,1763086505547,114,2009.8448795428544,6.441810511355303,2964,312
1763086505466,1763086505582,116,2009.8448795428544,6.441810511355303,2965,312
1763086505498,1763086505610,112,2009.8448795428544,6.441810511355303,2966,312
1763086505529,1763086505642,113,2009.8448795428544,6.441810511355303,2967,312
1763086505562,1763086505672,110,2009.8448795428544,6.441810511355303,2968,312
1763086505592,1763086505703,111,2009.8448795428544,6.441810511355303,2969,312
1763086505624,1763086505735,111,2045.5466792365692,6.556239356527466,2970,312
1763086505654,1763086505768,114,2045.5466792365692,6.556239356527466,2971,312
1763086505686,1763086505800,114,2045.5466792365692,6.556239356527466,2972,312
1763086505717,1763086505829,112,2045.5466792365692,6.556239356527466,2973,312
1763086505750,1763086505861,111,2045.5466792365692,6.556239356527466,2974,312
1763086505781,1763086505892,111,2045.5466792365692,6.556239356527466,2975,312
1763086505812,1763086505924,112,2009.9696099930725,6.442210288439336,2976,312
1763086505844,1763086505956,112,2009.9696099930725,6.442210288439336,2977,312
1763086505874,1763086505988,114,2009.9696099930725,6.442210288439336,2978,312
1763086505907,1763086506020,113,2009.9696099930725,6.442210288439336,2979,312
1763086505938,1763086506051,113,2009.9696099930725,6.442210288439336,2980,312
1763086505970,1763086506083,113,2009.9696099930725,6.442210288439336,2981,312
1763086506003,1763086506115,112,2009.9696099930725,6.442210288439336,2982,312
1763086506034,1763086506147,113,2045.9939007245064,6.5576727587323935,2983,312
1763086506066,1763086506179,113,2045.9939007245064,6.5576727587323935,2984,312
1763086506098,1763086506210,112,2045.9939007245064,6.5576727587323935,2985,312
1763086506130,1763086506241,111,2045.9939007245064,6.5576727587323935,2986,312
1763086506162,1763086506273,111,2045.9939007245064,6.5576727587323935,2987,312
1763086506192,1763086506305,113,2045.9939007245064,6.5576727587323935,2988,312
1763086506224,1763086506337,113,2010.151157175258,6.4427921704335205,2989,312
1763086506256,1763086506369,113,2010.151157175258,6.4427921704335205,2990,312
1763086506288,1763086506401,113,2010.151157175258,6.4427921704335205,2991,312
1763086506319,1763086506432,113,2010.151157175258,6.4427921704335205,2992,312
1763086506351,1763086506465,114,2010.151157175258,6.4427921704335205,2993,312
1763086506383,1763086506497,114,2010.151157175258,6.4427921704335205,2994,312
1763086506414,1763086506526,112,2010.151157175258,6.4427921704335205,2995,312
1763086506447,1763086506558,111,2045.7901699543302,6.557019775494648,2996,312
1763086506478,1763086506590,112,2045.7901699543302,6.557019775494648,2997,312
1763086506509,1763086506622,113,2045.7901699543302,6.557019775494648,2998,312
1763086506541,1763086506654,113,2045.7901699543302,6.557019775494648,2999,312
1763086506573,1763086506686,113,2045.7901699543302,6.557019775494648,3000,312
1763086506605,1763086506718,113,2045.7901699543302,6.557019775494648,3001,312
1763086506636,1763086506750,114,2009.815604773784,6.441716681967256,3002,312
1763086506669,1763086506781,112,2009.815604773784,6.441716681967256,3003,312
1763086506701,1763086506813,112,2009.815604773784,6.441716681967256,3004,312
1763086506732,1763086506844,112,2009.815604773784,6.441716681967256,3005,312
1763086506764,1763086506876,112,2009.815604773784,6.441716681967256,3006,312
1763086506796,1763086506907,111,2009.815604773784,6.441716681967256,3007,312
1763086506826,1763086506939,113,2009.815604773784,6.441716681967256,3008,312
1763086506858,1763086506969,111,2045.349221399932,6.555606478845936,3009,312
1763086506890,1763086507000,110,2045.349221399932,6.555606478845936,3010,312
1763086506921,1763086507032,111,2045.349221399932,6.555606478845936,3011,312
1763086506952,1763086507062,110,2045.349221399932,6.555606478845936,3012,312
1763086506982,1763086507094,112,2045.349221399932,6.555606478845936,3013,312
1763086507012,1763086507125,113,2045.349221399932,6.555606478845936,3014,312
1763086507045,1763086507157,112,2009.985980234346,6.442262757161365,3015,312
1763086507076,1763086507190,114,2009.985980234346,6.442262757161365,3016,312
1763086507108,1763086507221,113,2009.985980234346,6.442262757161365,3017,312
1763086507139,1763086507253,114,2009.985980234346,6.442262757161365,3018,312
1763086507172,1763086507285,113,2009.985980234346,6.442262757161365,3019,312
1763086507203,1763086507316,113,2009.985980234346,6.442262757161365,3020,312
1763086507236,1763086507347,111,2009.985980234346,6.442262757161365,3021,312
1763086507267,1763086507378,111,2045.658854286305,6.556598891943286,3022,312
1763086507299,1763086507410,111,2045.658854286305,6.556598891943286,3023,312
1763086507330,1763086507442,112,2045.658854286305,6.556598891943286,3024,312
1763086507361,1763086507474,113,2045.658854286305,6.556598891943286,3025,312
1763086507393,1763086507506,113,2045.658854286305,6.556598891943286,3026,312
1763086507425,1763086507538,113,2045.658854286305,6.556598891943286,3027,312
1763086507457,1763086507570,113,2009.5378125947536,6.440826322419082,3028,312
1763086507489,1763086507603,114,2009.5378125947536,6.440826322419082,3029,312
1763086507521,1763086507633,112,2009.5378125947536,6.440826322419082,3030,312
1763086507553,1763086507665,112,2009.5378125947536,6.440826322419082,3031,312
1763086507585,1763086507697,112,2009.5378125947536,6.440826322419082,3032,312
1763086507616,1763086507728,112,2009.5378125947536,6.440826322419082,3033,312
1763086507648,1763086507760,112,2009.5378125947536,6.440826322419082,3034,312
1763086507679,1763086507792,113,2045.302561012829,6.555456926323171,3035,312
1763086507710,1763086507824,114,2045.302561012829,6.555456926323171,3036,312
1763086507742,1763086507856,114,2045.302561012829,6.555456926323171,3037,312
1763086507774,1763086507888,114,2045.302561012829,6.555456926323171,3038,312
1763086507806,1763086507920,114,2045.302561012829,6.555456926323171,3039,312
1763086507838,1763086507950,112,2045.302561012829,6.555456926323171,3040,312
1763086507870,1763086507982,112,2009.4289308831735,6.440477342574274,3041,312
1763086507902,1763086508014,112,2009.4289308831735,6.440477342574274,3042,312
1763086507932,1763086508044,112,2009.4289308831735,6.440477342574274,3043,312
1763086507964,1763086508077,113,2009.4289308831735,6.440477342574274,3044,312
1763086507996,1763086508107,111,2009.4289308831735,6.440477342574274,3045,312
1763086508027,1763086508139,112,2009.4289308831735,6.440477342574274,3046,312
1763086508059,1763086508171,112,2009.4289308831735,6.440477342574274,3047,312
1763086508089,1763086508202,113,2045.0414289830062,6.554619964689122,3048,312
1763086508121,1763086508234,113,2045.0414289830062,6.554619964689122,3049,312
1763086508153,1763086508265,112,2045.0414289830062,6.554619964689122,3050,312
1763086508184,1763086508297,113,2045.0414289830062,6.554619964689122,3051,312
1763086508216,1763086508328,112,2045.0414289830062,6.554619964689122,3052,312
1763086508248,1763086508359,111,2045.0414289830062,6.554619964689122,3053,312
1763086508279,1763086508391,112,2009.9140188994559,6.44203211185723,3054,312
1763086508310,1763086508422,112,2009.9140188994559,6.44203211185723,3055,312
1763086508342,1763086508453,111,2009.9140188994559,6.44203211185723,3056,312
1763086508373,1763086508485,112,2009.9140188994559,6.44203211185723,3057,312
1763086508404,1763086508516,112,2009.9140188994559,6.44203211185723,3058,312
1763086508436,1763086508547,111,2009.9140188994559,6.44203211185723,3059,312
1763086508467,1763086508578,111,2009.9140188994559,6.44203211185723,3060,312
1763086508499,1763086508609,110,2045.4275590439668,6.555857561038355,3061,312
1763086508529,1763086508639,110,2045.4275590439668,6.555857561038355,3062,312
1763086508561,1763086508670,109,2045.4275590439668,6.555857561038355,3063,312
1763086508591,1763086508701,110,2045.4275590439668,6.555857561038355,3064,312
1763086508622,1763086508732,110,2045.4275590439668,6.555857561038355,3065,312
1763086508653,1763086508763,110,2045.4275590439668,6.555857561038355,3066,312
1763086508683,1763086508795,112,2010.5686196761294,6.444130191269646,3067,312
1763086508715,1763086508826,111,2010.5686196761294,6.444130191269646,3068,312
1763086508745,1763086508858,113,2010.5686196761294,6.444130191269646,3069,312
1763086508777,1763086508889,112,2010.5686196761294,6.444130191269646,3070,312
1763086508809,1763086508921,112,2010.5686196761294,6.444130191269646,3071,312
1763086508840,1763086508953,113,2010.5686196761294,6.444130191269646,3072,312
1763086508871,1763086508984,113,2010.5686196761294,6.444130191269646,3073,312
1763086508903,1763086509015,112,2045.948621262199,6.557527632250638,3074,312
1763086508935,1763086509045,110,2045.948621262199,6.557527632250638,3075,312
1763086508966,1763086509076,110,2045.948621262199,6.557527632250638,3076,312
1763086508996,1763086509106,110,2045.948621262199,6.557527632250638,3077,312
1763086509028,1763086509137,109,2045.948621262199,6.557527632250638,3078,312
1763086509058,1763086509168,110,2045.948621262199,6.557527632250638,3079,312
1763086509088,1763086509200,112,2010.9849483884968,6.445464578168259,3080,312
1763086509119,1763086509232,113,2010.9849483884968,6.445464578168259,3081,312
1763086509151,1763086509264,113,2010.9849483884968,6.445464578168259,3082,312
1763086509182,1763086509296,114,2010.9849483884968,6.445464578168259,3083,312
1763086509214,1763086509328,114,2010.9849483884968,6.445464578168259,3084,312
1763086509246,1763086509360,114,2010.9849483884968,6.445464578168259,3085,312
1763086509278,1763086509392,114,2010.9849483884968,6.445464578168259,3086,312
1763086509310,1763086509423,113,2046.9720791236896,6.560807945909262,3087,312
1763086509342,1763086509457,115,2046.9720791236896,6.560807945909262,3088,312
1763086509374,1763086509488,114,2046.9720791236896,6.560807945909262,3089,312
1763086509406,1763086509521,115,2046.9720791236896,6.560807945909262,3090,312
1763086509438,1763086509551,113,2046.9720791236896,6.560807945909262,3091,312
1763086509470,1763086509582,112,2046.9720791236896,6.560807945909262,3092,312
1763086509501,1763086509616,115,2010.7528587450859,6.444720701106045,3093,312
1763086509533,1763086509647,114,2010.7528587450859,6.444720701106045,3094,312
1763086509565,1763086509679,114,2010.7528587450859,6.444720701106045,3095,312
1763086509598,1763086509711,113,2010.7528587450859,6.444720701106045,3096,312
1763086509629,1763086509741,112,2010.7528587450859,6.444720701106045,3097,312
1763086509661,1763086509774,113,2010.7528587450859,6.444720701106045,3098,312
1763086509693,1763086509805,112,2010.7528587450859,6.444720701106045,3099,312
1763086509724,1763086509837,113,2046.6150169848531,6.5596635159770935,3100,312
1763086509756,1763086509870,114,2046.6150169848531,6.5596635159770935,3101,312
1763086509788,1763086509904,116,2046.6150169848531,6.5596635159770935,3102,312
1763086509820,1763086509932,112,2046.6150169848531,6.5596635159770935,3103,312
1763086509852,1763086509964,112,2046.6150169848531,6.5596635159770935,3104,312
1763086509883,1763086509995,112,2046.6150169848531,6.5596635159770935,3105,312
1763086509914,1763086510027,113,2010.8189385029582,6.4449324952017895,3106,312
1763086509946,1763086510059,113,2010.8189385029582,6.4449324952017895,3107,312
1763086509978,1763086510090,112,2010.8189385029582,6.4449324952017895,3108,312
1763086510009,1763086510120,111,2010.8189385029582,6.4449324952017895,3109,312
1763086510041,1763086510151,110,2010.8189385029582,6.4449324952017895,3110,312
1763086510072,1763086510183,111,2010.8189385029582,6.4449324952017895,3111,312
1763086510102,1763086510213,111,2010.8189385029582,6.4449324952017895,3112,312
1763086510134,1763086510244,110,2045.8015129253606,6.557056131171028,3113,312
1763086510165,1763086510276,111,2045.8015129253606,6.557056131171028,3114,312
1763086510195,1763086510306,111,2045.8015129253606,6.557056131171028,3115,312
1763086510227,1763086510337,110,2045.8015129253606,6.557056131171028,3116,312
1763086510258,1763086510368,110,2045.8015129253606,6.557056131171028,3117,312
1763086510289,1763086510400,111,2045.8015129253606,6.557056131171028,3118,312
1763086510320,1763086510431,111,2010.5198058015123,6.44397373654331,3119,312
1763086510351,1763086510462,111,2010.5198058015123,6.44397373654331,3120,312
1763086510382,1763086510494,112,2010.5198058015123,6.44397373654331,3121,312
1763086510413,1763086510525,112,2010.5198058015123,6.44397373654331,3122,312
1763086510445,1763086510556,111,2010.5198058015123,6.44397373654331,3123,312
1763086510476,1763086510587,111,2010.5198058015123,6.44397373654331,3124,312
1763086510507,1763086510619,112,2010.5198058015123,6.44397373654331,3125,312
1763086510538,1763086510651,113,2045.9097654180039,6.557403094288475,3126,312
1763086510570,1763086510682,112,2045.9097654180039,6.557403094288475,3127,312
1763086510602,1763086510714,112,2045.9097654180039,6.557403094288475,3128,312
1763086510633,1763086510745,112,2045.9097654180039,6.557403094288475,3129,312
1763086510664,1763086510777,113,2045.9097654180039,6.557403094288475,3130,312
1763086510696,1763086510808,112,2045.9097654180039,6.557403094288475,3131,312
1763086510727,1763086510839,112,2010.606083038149,6.444250266147915,3132,312
1763086510759,1763086510870,111,2010.606083038149,6.444250266147915,3133,312
1763086510790,1763086510902,112,2010.606083038149,6.444250266147915,3134,312
1763086510822,1763086510934,112,2010.606083038149,6.444250266147915,3135,312
1763086510852,1763086510963,111,2010.606083038149,6.444250266147915,3136,312
1763086510884,1763086510995,111,2010.606083038149,6.444250266147915,3137,312
1763086510916,1763086511026,110,2010.606083038149,6.444250266147915,3138,312
1763086510946,1763086511058,112,2045.9784420983667,6.55762321185374,3139,312
1763086510978,1763086511089,111,2045.9784420983667,6.55762321185374,3140,312
1763086511009,1763086511120,111,2045.9784420983667,6.55762321185374,3141,312
1763086511041,1763086511152,111,2045.9784420983667,6.55762321185374,3142,312
1763086511071,1763086511184,113,2045.9784420983667,6.55762321185374,3143,312
1763086511103,1763086511216,113,2045.9784420983667,6.55762321185374,3144,312
1763086511134,1763086511247,113,2010.4868399103,6.443868076635577,3145,312
1763086511167,1763086511278,111,2010.4868399103,6.443868076635577,3146,312
1763086511199,1763086511309,110,2010.4868399103,6.443868076635577,3147,312
1763086511230,1763086511341,111,2010.4868399103,6.443868076635577,3148,312
1763086511260,1763086511373,113,2010.4868399103,6.443868076635577,3149,312
1763086511291,1763086511405,114,2010.4868399103,6.443868076635577,3150,312
1763086511323,1763086511437,114,2010.4868399103,6.443868076635577,3151,312
1763086511355,1763086511469,114,2046.2305508887782,6.558431252848648,3152,312
1763086511387,1763086511501,114,2046.2305508887782,6.558431252848648,3153,312
1763086511419,1763086511532,113,2046.2305508887782,6.558431252848648,3154,312
1763086511451,1763086511562,111,2046.2305508887782,6.558431252848648,3155,312
1763086511483,1763086511594,111,2046.2305508887782,6.558431252848648,3156,312
1763086511514,1763086511626,112,2046.2305508887782,6.558431252848648,3157,312
1763086511544,1763086511656,112,2010.6875185074675,6.444511277267524,3158,312
1763086511576,1763086511695,119,2010.6875185074675,6.444511277267524,3159,312
1763086511608,1763086511722,114,2010.6875185074675,6.444511277267524,3160,312
1763086511639,1763086511753,114,2010.6875185074675,6.444511277267524,3161,312
1763086511671,1763086511783,112,2010.6875185074675,6.444511277267524,3162,312
1763086511703,1763086511814,111,2010.6875185074675,6.444511277267524,3163,312
1763086511735,1763086511846,111,2010.6875185074675,6.444511277267524,3164,312
1763086511765,1763086511878,113,2046.3898896949293,6.558941954150414,3165,312
1763086511797,1763086511910,113,2046.3898896949293,6.558941954150414,3166,312
1763086511829,1763086511942,113,2046.3898896949293,6.558941954150414,3167,312
1763086511861,1763086511973,112,2046.3898896949293,6.558941954150414,3168,312
1763086511893,1763086512005,112,2046.3898896949293,6.558941954150414,3169,312
1763086511924,1763086512036,112,2046.3898896949293,6.558941954150414,3170,312
1763086511955,1763086512067,112,2010.8143521971638,6.444917795503729,3171,312
1763086511987,1763086512098,111,2010.8143521971638,6.444917795503729,3172,312
1763086512018,1763086512129,111,2010.8143521971638,6.444917795503729,3173,312
1763086512050,1763086512160,110,2010.8143521971638,6.444917795503729,3174,312
1763086512080,1763086512192,112,2010.8143521971638,6.444917795503729,3175,312
1763086512111,1763086512223,112,2010.8143521971638,6.444917795503729,3176,312
1763086512143,1763086512253,110,2010.8143521971638,6.444917795503729,3177,312
1763086512174,1763086512285,111,2045.9710387011396,6.557599483016472,3178,312
1763086512205,1763086512316,111,2045.9710387011396,6.557599483016472,3179,312
1763086512236,1763086512348,112,2045.9710387011396,6.557599483016472,3180,312
1763086512267,1763086512379,112,2045.9710387011396,6.557599483016472,3181,312
1763086512299,1763086512409,110,2045.9710387011396,6.557599483016472,3182,312
1763086512330,1763086512441,111,2045.9710387011396,6.557599483016472,3183,312
1763086512361,1763086512473,112,2010.8288888835093,6.444964387447144,3184,312
1763086512392,1763086512504,112,2010.8288888835093,6.444964387447144,3185,312
1763086512423,1763086512537,114,2010.8288888835093,6.444964387447144,3186,312
1763086512455,1763086512567,112,2010.8288888835093,6.444964387447144,3187,312
1763086512486,1763086512599,113,2010.8288888835093,6.444964387447144,3188,312
1763086512518,1763086512630,112,2010.8288888835093,6.444964387447144,3189,312
1763086512549,1763086512660,111,2010.8288888835093,6.444964387447144,3190,312
1763086512581,1763086512691,110,2046.1557955512735,6.558191652407927,3191,312
1763086512613,1763086512723,110,2046.1557955512735,6.558191652407927,3192,312
1763086512643,1763086512753,110,2046.1557955512735,6.558191652407927,3193,312
1763086512674,1763086512785,111,2046.1557955512735,6.558191652407927,3194,312
1763086512705,1763086512816,111,2046.1557955512735,6.558191652407927,3195,312
1763086512735,1763086512847,112,2046.1557955512735,6.558191652407927,3196,312
1763086512767,1763086512879,112,2010.6280132588138,6.444320555316709,3197,312
1763086512798,1763086512911,113,2010.6280132588138,6.444320555316709,3198,312
1763086512830,1763086512944,114,2010.6280132588138,6.444320555316709,3199,312
1763086512862,1763086512975,113,2010.6280132588138,6.444320555316709,3200,312
1763086512894,1763086513007,113,2010.6280132588138,6.444320555316709,3201,312
1763086512926,1763086513038,112,2010.6280132588138,6.444320555316709,3202,312
1763086512958,1763086513070,112,2010.6280132588138,6.444320555316709,3203,312
1763086512989,1763086513102,113,2046.3426425274981,6.558790520921467,3204,312
1763086513020,1763086513132,112,2046.3426425274981,6.558790520921467,3205,312
1763086513052,1763086513165,113,2046.3426425274981,6.558790520921467,3206,312
1763086513084,1763086513196,112,2046.3426425274981,6.558790520921467,3207,312
1763086513115,1763086513229,114,2046.3426425274981,6.558790520921467,3208,312
1763086513147,1763086513261,114,2046.3426425274981,6.558790520921467,3209,312
1763086513179,1763086513293,114,2010.253715524306,6.443120883090724,3210,312
1763086513211,1763086513324,113,2010.253715524306,6.443120883090724,3211,312
1763086513243,1763086513356,113,2010.253715524306,6.443120883090724,3212,312
1763086513275,1763086513388,113,2010.253715524306,6.443120883090724,3213,312
1763086513307,1763086513420,113,2010.253715524306,6.443120883090724,3214,312
1763086513339,1763086513452,113,2010.253715524306,6.443120883090724,3215,312
1763086513371,1763086513484,113,2010.253715524306,6.443120883090724,3216,312
1763086513403,1763086513515,112,2046.2191964107747,6.558394860290944,3217,312
1763086513435,1763086513549,114,2046.2191964107747,6.558394860290944,3218,312
1763086513467,1763086513580,113,2046.2191964107747,6.558394860290944,3219,312
1763086513498,1763086513610,112,2046.2191964107747,6.558394860290944,3220,312
1763086513530,1763086513642,112,2046.2191964107747,6.558394860290944,3221,312
1763086513562,1763086513673,111,2046.2191964107747,6.558394860290944,3222,312
1763086513593,1763086513703,110,2010.6784803429766,6.444482308791591,3223,312
1763086513625,1763086513735,110,2010.6784803429766,6.444482308791591,3224,312
1763086513656,1763086513766,110,2010.6784803429766,6.444482308791591,3225,312
1763086513686,1763086513797,111,2010.6784803429766,6.444482308791591,3226,312
1763086513718,1763086513829,111,2010.6784803429766,6.444482308791591,3227,312
1763086513748,1763086513860,112,2010.6784803429766,6.444482308791591,3228,312
1763086513779,1763086513891,112,2010.6784803429766,6.444482308791591,3229,312
1763086513811,1763086513922,111,2045.8627488333523,6.557252400106898,3230,312
1763086513842,1763086513954,112,2045.8627488333523,6.557252400106898,3231,312
1763086513873,1763086513985,112,2045.8627488333523,6.557252400106898,3232,312
1763086513905,1763086514016,111,2045.8627488333523,6.557252400106898,3233,312
1763086513937,1763086514048,111,2045.8627488333523,6.557252400106898,3234,312
1763086513967,1763086514080,113,2045.8627488333523,6.557252400106898,3235,312
1763086513998,1763086514112,114,2010.220885322515,6.443015658084984,3236,312
1763086514030,1763086514143,113,2010.220885322515,6.443015658084984,3237,312
1763086514062,1763086514175,113,2010.220885322515,6.443015658084984,3238,312
1763086514094,1763086514206,112,2010.220885322515,6.443015658084984,3239,312
1763086514126,1763086514238,112,2010.220885322515,6.443015658084984,3240,312
1763086514157,1763086514269,112,2010.220885322515,6.443015658084984,3241,312
1763086514189,1763086514299,110,2010.220885322515,6.443015658084984,3242,312
1763086514220,1763086514331,111,2045.6718247167219,6.556640463835647,3243,312
1763086514252,1763086514362,110,2045.6718247167219,6.556640463835647,3244,312
1763086514282,1763086514394,112,2045.6718247167219,6.556640463835647,3245,312
1763086514314,1763086514425,111,2045.6718247167219,6.556640463835647,3246,312
1763086514345,1763086514456,111,2045.6718247167219,6.556640463835647,3247,312
1763086514376,1763086514488,112,2045.6718247167219,6.556640463835647,3248,312
1763086514408,1763086514518,110,2010.590116123944,6.444199090140846,3249,312
1763086514439,1763086514549,110,2010.590116123944,6.444199090140846,3250,312
1763086514470,1763086514581,111,2010.590116123944,6.444199090140846,3251,312
1763086514501,1763086514613,112,2010.590116123944,6.444199090140846,3252,312
1763086514531,1763086514644,113,2010.590116123944,6.444199090140846,3253,312
1763086514563,1763086514676,113,2010.590116123944,6.444199090140846,3254,312
1763086514595,1763086514707,112,2010.590116123944,6.444199090140846,3255,312
1763086514627,1763086514738,111,2046.1391423185355,6.558138276661973,3256,312
1763086514658,1763086514770,112,2046.1391423185355,6.558138276661973,3257,312
1763086514689,1763086514801,112,2046.1391423185355,6.558138276661973,3258,312
1763086514720,1763086514833,113,2046.1391423185355,6.558138276661973,3259,312
1763086514752,1763086514864,112,2046.1391423185355,6.558138276661973,3260,312
1763086514783,1763086514896,113,2046.1391423185355,6.558138276661973,3261,312
1763086514815,1763086514927,112,2010.4406181432357,6.443719929946268,3262,312
1763086514847,1763086514958,111,2010.4406181432357,6.443719929946268,3263,312
1763086514878,1763086514990,112,2010.4406181432357,6.443719929946268,3264,312
1763086514910,1763086515022,112,2010.4406181432357,6.443719929946268,3265,312
1763086514941,1763086515054,113,2010.4406181432357,6.443719929946268,3266,312
1763086514973,1763086515084,111,2010.4406181432357,6.443719929946268,3267,312
1763086515005,1763086515115,110,2010.4406181432357,6.443719929946268,3268,312
1763086515037,1763086515146,109,2045.6731726601588,6.556644784167176,3269,312
1763086515067,1763086515178,111,2045.6731726601588,6.556644784167176,3270,312
1763086515097,1763086515210,113,2045.6731726601588,6.556644784167176,3271,312
1763086515128,1763086515242,114,2045.6731726601588,6.556644784167176,3272,312
1763086515161,1763086515274,113,2045.6731726601588,6.556644784167176,3273,312
1763086515192,1763086515306,114,2045.6731726601588,6.556644784167176,3274,312
1763086515224,1763086515338,114,2009.5491527468457,6.440862669060404,3275,312
1763086515256,1763086515370,114,2009.5491527468457,6.440862669060404,3276,312
1763086515288,1763086515402,114,2009.5491527468457,6.440862669060404,3277,312
1763086515320,1763086515433,113,2009.5491527468457,6.440862669060404,3278,312
1763086515352,1763086515464,112,2009.5491527468457,6.440862669060404,3279,312
1763086515384,1763086515496,112,2009.5491527468457,6.440862669060404,3280,312
1763086515415,1763086515528,113,2009.5491527468457,6.440862669060404,3281,312
1763086515447,1763086515559,112,2045.3115764337424,6.555485821903021,3282,312
1763086515479,1763086515591,112,2045.3115764337424,6.555485821903021,3283,312
1763086515510,1763086515622,112,2045.3115764337424,6.555485821903021,3284,312
1763086515541,1763086515653,112,2045.3115764337424,6.555485821903021,3285,312
1763086515573,1763086515684,111,2045.3115764337424,6.555485821903021,3286,312
1763086515604,1763086515716,112,2045.3115764337424,6.555485821903021,3287,312
1763086515635,1763086515747,112,2010.1293264176927,6.442722200056708,3288,312
1763086515667,1763086515779,112,2010.1293264176927,6.442722200056708,3289,312
1763086515698,1763086515809,111,2010.1293264176927,6.442722200056708,3290,312
1763086515730,1763086515841,111,2010.1293264176927,6.442722200056708,3291,312
1763086515761,1763086515873,112,2010.1293264176927,6.442722200056708,3292,312
1763086515792,1763086515904,112,2010.1293264176927,6.442722200056708,3293,312
1763086515823,1763086515934,111,2010.1293264176927,6.442722200056708,3294,312
1763086515855,1763086515966,111,2045.5989438284835,6.556406871245139,3295,312
1763086515886,1763086515997,111,2045.5989438284835,6.556406871245139,3296,312
1763086515917,1763086516030,113,2045.5989438284835,6.556406871245139,3297,312
1763086515948,1763086516061,113,2045.5989438284835,6.556406871245139,3298,312
1763086515980,1763086516093,113,2045.5989438284835,6.556406871245139,3299,312
1763086516012,1763086516124,112,2045.5989438284835,6.556406871245139,3300,312
1763086516044,1763086516156,112,2009.837561399816,6.44178705576864,3301,312
1763086516075,1763086516188,113,2009.837561399816,6.44178705576864,3302,312
1763086516107,1763086516219,112,2009.837561399816,6.44178705576864,3303,312
1763086516138,1763086516250,112,2009.837561399816,6.44178705576864,3304,312
1763086516170,1763086516282,112,2009.837561399816,6.44178705576864,3305,312
1763086516201,1763086516314,113,2009.837561399816,6.44178705576864,3306,312
1763086516232,1763086516346,114,2009.837561399816,6.44178705576864,3307,312
1763086516264,1763086516376,112,2045.3666988742534,6.555662496391838,3308,312
1763086516296,1763086516408,112,2045.3666988742534,6.555662496391838,3309,312
1763086516328,1763086516439,111,2045.3666988742534,6.555662496391838,3310,312
1763086516359,1763086516470,111,2045.3666988742534,6.555662496391838,3311,312
1763086516390,1763086516502,112,2045.3666988742534,6.555662496391838,3312,312
1763086516422,1763086516534,112,2045.3666988742534,6.555662496391838,3313,312
1763086516453,1763086516565,112,2009.8265256050315,6.441751684631511,3314,312
1763086516484,1763086516598,114,2009.8265256050315,6.441751684631511,3315,312
1763086516516,1763086516629,113,2009.8265256050315,6.441751684631511,3316,312
1763086516547,1763086516661,114,2009.8265256050315,6.441751684631511,3317,312
1763086516580,1763086516693,113,2009.8265256050315,6.441751684631511,3318,312
1763086516611,1763086516725,114,2009.8265256050315,6.441751684631511,3319,312
1763086516644,1763086516757,113,2009.8265256050315,6.441751684631511,3320,312
1763086516676,1763086516790,114,2046.054608279185,6.557867334228156,3321,312
1763086516707,1763086516821,114,2046.054608279185,6.557867334228156,3322,312
1763086516739,1763086516854,115,2046.054608279185,6.557867334228156,3323,312
1763086516772,1763086516885,113,2046.054608279185,6.557867334228156,3324,312
1763086516803,1763086516917,114,2046.054608279185,6.557867334228156,3325,312
1763086516835,1763086516949,114,2046.054608279185,6.557867334228156,3326,312
1763086516868,1763086516981,113,2009.8512497571146,6.4418309287087,3327,312
1763086516900,1763086517013,113,2009.8512497571146,6.4418309287087,3328,312
1763086516932,1763086517046,114,2009.8512497571146,6.4418309287087,3329,312
1763086516963,1763086517077,114,2009.8512497571146,6.4418309287087,3330,312
1763086516995,1763086517109,114,2009.8512497571146,6.4418309287087,3331,312
1763086517028,1763086517141,113,2009.8512497571146,6.4418309287087,3332,312
1763086517060,1763086517173,113,2009.8512497571146,6.4418309287087,3333,312
1763086517091,1763086517205,114,2046.0741898076349,6.55793009553729,3334,312
1763086517123,1763086517237,114,2046.0741898076349,6.55793009553729,3335,312
1763086517155,1763086517267,112,2046.0741898076349,6.55793009553729,3336,312
1763086517187,1763086517298,111,2046.0741898076349,6.55793009553729,3337,312
1763086517219,1763086517329,110,2046.0741898076349,6.55793009553729,3338,312
1763086517249,1763086517361,112,2046.0741898076349,6.55793009553729,3339,312
1763086517280,1763086517393,113,2010.737129276685,6.44467028614322,3340,312
1763086517312,1763086517424,112,2010.737129276685,6.44467028614322,3341,312
1763086517344,1763086517455,111,2010.737129276685,6.44467028614322,3342,312
1763086517375,1763086517487,112,2010.737129276685,6.44467028614322,3343,312
1763086517406,1763086517517,111,2010.737129276685,6.44467028614322,3344,312
1763086517438,1763086517549,111,2010.737129276685,6.44467028614322,3345,312
1763086517469,1763086517579,110,2010.737129276685,6.44467028614322,3346,312
1763086517500,1763086517611,111,2045.9094920335178,6.557402218056146,3347,312
1763086517531,1763086517644,113,2045.9094920335178,6.557402218056146,3348,312
1763086517561,1763086517675,114,2045.9094920335178,6.557402218056146,3349,312
1763086517593,1763086517707,114,2045.9094920335178,6.557402218056146,3350,312
1763086517625,1763086517738,113,2045.9094920335178,6.557402218056146,3351,312
1763086517657,1763086517769,112,2045.9094920335178,6.557402218056146,3352,312
1763086517689,1763086517801,112,2010.2580461666466,6.443134763354636,3353,312
1763086517720,1763086517831,111,2010.2580461666466,6.443134763354636,3354,312
1763086517751,1763086517864,113,2010.2580461666466,6.443134763354636,3355,312
1763086517783,1763086517894,111,2010.2580461666466,6.443134763354636,3356,312
1763086517814,1763086517925,111,2010.2580461666466,6.443134763354636,3357,312
1763086517846,1763086517956,110,2010.2580461666466,6.443134763354636,3358,312
1763086517877,1763086517988,111,2010.2580461666466,6.443134763354636,3359,312
1763086517907,1763086518020,113,2045.5276627948174,6.556178406393645,3360,312
1763086517939,1763086518050,111,2045.5276627948174,6.556178406393645,3361,312
1763086517971,1763086518083,112,2045.5276627948174,6.556178406393645,3362,312
1763086518002,1763086518114,112,2045.5276627948174,6.556178406393645,3363,312
1763086518033,1763086518146,113,2045.5276627948174,6.556178406393645,3364,312
1763086518065,1763086518178,113,2045.5276627948174,6.556178406393645,3365,312
1763086518097,1763086518209,112,2009.780964259085,6.441605654676554,3366,312
1763086518129,1763086518240,111,2009.780964259085,6.441605654676554,3367,312
1763086518160,1763086518271,111,2009.780964259085,6.441605654676554,3368,312
1763086518191,1763086518303,112,2009.780964259085,6.441605654676554,3369,312
1763086518223,1763086518334,111,2009.780964259085,6.441605654676554,3370,312
1763086518254,1763086518365,111,2009.780964259085,6.441605654676554,3371,312
1763086518285,1763086518397,112,2009.780964259085,6.441605654676554,3372,312
1763086518317,1763086518428,111,2045.147428514491,6.554959706777214,3373,312
1763086518348,1763086518460,112,2045.147428514491,6.554959706777214,3374,312
1763086518380,1763086518491,111,2045.147428514491,6.554959706777214,3375,312
1763086518411,1763086518522,111,2045.147428514491,6.554959706777214,3376,312
1763086518442,1763086518554,112,2045.147428514491,6.554959706777214,3377,312
1763086518473,1763086518585,112,2045.147428514491,6.554959706777214,3378,312
1763086518505,1763086518616,111,2009.8253530975348,6.441747926594662,3379,312
1763086518536,1763086518648,112,2009.8253530975348,6.441747926594662,3380,312
1763086518567,1763086518679,112,2009.8253530975348,6.441747926594662,3381,312
1763086518599,1763086518711,112,2009.8253530975348,6.441747926594662,3382,312
1763086518631,1763086518742,111,2009.8253530975348,6.441747926594662,3383,312
1763086518662,1763086518773,111,2009.8253530975348,6.441747926594662,3384,312
1763086518693,1763086518805,112,2009.8253530975348,6.441747926594662,3385,312
1763086518724,1763086518836,112,2045.3569810656377,6.55563134956935,3386,312
1763086518756,1763086518868,112,2045.3569810656377,6.55563134956935,3387,312
1763086518787,1763086518900,113,2045.3569810656377,6.55563134956935,3388,312
1763086518819,1763086518931,112,2045.3569810656377,6.55563134956935,3389,312
1763086518850,1763086518961,111,2045.3569810656377,6.55563134956935,3390,312
1763086518882,1763086518993,111,2045.3569810656377,6.55563134956935,3391,312
1763086518914,1763086519024,110,2009.9921569282476,6.442282554257202,3392,312
1763086518944,1763086519055,111,2009.9921569282476,6.442282554257202,3393,312
1763086518976,1763086519087,111,2009.9921569282476,6.442282554257202,3394,312
1763086519007,1763086519119,112,2009.9921569282476,6.442282554257202,3395,312
1763086519038,1763086519150,112,2009.9921569282476,6.442282554257202,3396,312
1763086519069,1763086519182,113,2009.9921569282476,6.442282554257202,3397,312
1763086519101,1763086519213,112,2009.9921569282476,6.442282554257202,3398,312
1763086519133,1763086519245,112,2045.6637647579569,6.556614630634476,3399,312
1763086519164,1763086519276,112,2045.6637647579569,6.556614630634476,3400,312
1763086519196,1763086519308,112,2045.6637647579569,6.556614630634476,3401,312
1763086519227,1763086519340,113,2045.6637647579569,6.556614630634476,3402,312
1763086519259,1763086519370,111,2045.6637647579569,6.556614630634476,3403,312
1763086519291,1763086519401,110,2045.6637647579569,6.556614630634476,3404,312
1763086519323,1763086519432,109,2010.4100205120917,6.443621860615678,3405,312
1763086519353,1763086519464,111,2010.4100205120917,6.443621860615678,3406,312
1763086519384,1763086519496,112,2010.4100205120917,6.443621860615678,3407,312
1763086519415,1763086519526,111,2010.4100205120917,6.443621860615678,3408,312
1763086519446,1763086519558,112,2010.4100205120917,6.443621860615678,3409,312
1763086519478,1763086519588,110,2010.4100205120917,6.443621860615678,3410,312
1763086519508,1763086519619,111,2010.4100205120917,6.443621860615678,3411,312
1763086519540,1763086519652,112,2045.648786348137,6.556566622910695,3412,312
1763086519571,1763086519683,112,2045.648786348137,6.556566622910695,3413,312
1763086519602,1763086519715,113,2045.648786348137,6.556566622910695,3414,312
1763086519634,1763086519745,111,2045.648786348137,6.556566622910695,3415,312
1763086519666,1763086519777,111,2045.648786348137,6.556566622910695,3416,312
1763086519697,1763086519808,111,2045.648786348137,6.556566622910695,3417,312
1763086519728,1763086519840,112,2010.224433933117,6.443027031836913,3418,312
1763086519759,1763086519871,112,2010.224433933117,6.443027031836913,3419,312
1763086519790,1763086519902,112,2010.224433933117,6.443027031836913,3420,312
1763086519822,1763086519933,111,2010.224433933117,6.443027031836913,3421,312
1763086519853,1763086519965,112,2010.224433933117,6.443027031836913,3422,312
1763086519885,1763086519997,112,2010.224433933117,6.443027031836913,3423,312
1763086519916,1763086520029,113,2010.224433933117,6.443027031836913,3424,312
1763086519947,1763086520060,113,2045.6746494107613,6.5566495173421835,3425,312
1763086519979,1763086520092,113,2045.6746494107613,6.5566495173421835,3426,312
1763086520011,1763086520123,112,2045.6746494107613,6.5566495173421835,3427,312
1763086520042,1763086520155,113,2045.6746494107613,6.5566495173421835,3428,312
1763086520074,1763086520186,112,2045.6746494107613,6.5566495173421835,3429,312
1763086520105,1763086520218,113,2045.6746494107613,6.5566495173421835,3430,312
1763086520137,1763086520250,113,2009.7239969827338,6.441423067252352,3431,312
1763086520168,1763086520282,114,2009.7239969827338,6.441423067252352,3432,312
1763086520200,1763086520314,114,2009.7239969827338,6.441423067252352,3433,312
1763086520232,1763086520346,114,2009.7239969827338,6.441423067252352,3434,312
1763086520264,1763086520378,114,2009.7239969827338,6.441423067252352,3435,312
1763086520296,1763086520410,114,2009.7239969827338,6.441423067252352,3436,312
1763086520328,1763086520442,114,2009.7239969827338,6.441423067252352,3437,312
1763086520360,1763086520473,113,2045.7991296073078,6.5570484923311145,3438,312
1763086520392,1763086520505,113,2045.7991296073078,6.5570484923311145,3439,312
1763086520424,1763086520537,113,2045.7991296073078,6.5570484923311145,3440,312
1763086520455,1763086520569,114,2045.7991296073078,6.5570484923311145,3441,312
1763086520487,1763086520602,115,2045.7991296073078,6.5570484923311145,3442,312
1763086520519,1763086520633,114,2045.7991296073078,6.5570484923311145,3443,312
1763086520551,1763086520665,114,2009.6489106489878,6.441182405926242,3444,312
1763086520583,1763086520696,113,2009.6489106489878,6.441182405926242,3445,312
1763086520615,1763086520728,113,2009.6489106489878,6.441182405926242,3446,312
1763086520647,1763086520760,113,2009.6489106489878,6.441182405926242,3447,312
1763086520678,1763086520792,114,2009.6489106489878,6.441182405926242,3448,312
1763086520710,1763086520823,113,2009.6489106489878,6.441182405926242,3449,312
1763086520742,1763086520855,113,2009.6489106489878,6.441182405926242,3450,312
1763086520774,1763086520886,112,2045.3908839659452,6.555740012711363,3451,312
1763086520805,1763086520918,113,2045.3908839659452,6.555740012711363,3452,312
1763086520837,1763086520948,111,2045.3908839659452,6.555740012711363,3453,312
1763086520868,1763086520980,112,2045.3908839659452,6.555740012711363,3454,312
1763086520900,1763086521011,111,2045.3908839659452,6.555740012711363,3455,312
1763086520931,1763086521042,111,2045.3908839659452,6.555740012711363,3456,312
1763086520963,1763086521074,111,2010.0191436368925,6.442369050118245,3457,312
1763086520994,1763086521105,111,2010.0191436368925,6.442369050118245,3458,312
1763086521025,1763086521136,111,2010.0191436368925,6.442369050118245,3459,312
1763086521056,1763086521168,112,2010.0191436368925,6.442369050118245,3460,312
1763086521088,1763086521199,111,2010.0191436368925,6.442369050118245,3461,312
1763086521118,1763086521231,113,2010.0191436368925,6.442369050118245,3462,312
1763086521150,1763086521263,113,2010.0191436368925,6.442369050118245,3463,312
1763086521182,1763086521294,112,2045.5112383349665,6.556125763894123,3464,312
1763086521214,1763086521326,112,2045.5112383349665,6.556125763894123,3465,312
1763086521246,1763086521358,112,2045.5112383349665,6.556125763894123,3466,312
1763086521277,1763086521389,112,2045.5112383349665,6.556125763894123,3467,312
1763086521309,1763086521420,111,2045.5112383349665,6.556125763894123,3468,312
1763086521341,1763086521452,111,2045.5112383349665,6.556125763894123,3469,312
1763086521371,1763086521484,113,2009.9414344762984,6.442119982295828,3470,312
1763086521403,1763086521515,112,2009.9414344762984,6.442119982295828,3471,312
1763086521434,1763086521547,113,2009.9414344762984,6.442119982295828,3472,312
1763086521466,1763086521577,111,2009.9414344762984,6.442119982295828,3473,312
1763086521498,1763086521609,111,2009.9414344762984,6.442119982295828,3474,312
1763086521529,1763086521640,111,2009.9414344762984,6.442119982295828,3475,312
1763086521560,1763086521672,112,2009.9414344762984,6.442119982295828,3476,312
1763086521591,1763086521703,112,2045.2753232776097,6.5553696258897745,3477,312
1763086521623,1763086521734,111,2045.2753232776097,6.5553696258897745,3478,312
1763086521654,1763086521765,111,2045.2753232776097,6.5553696258897745,3479,312
1763086521685,1763086521796,111,2045.2753232776097,6.5553696258897745,3480,312
1763086521716,1763086521828,112,2045.2753232776097,6.5553696258897745,3481,312
1763086521748,1763086521860,112,2045.2753232776097,6.5553696258897745,3482,312
1763086521779,1763086521893,114,2009.7538820056998,6.44151885258237,3483,312
1763086521811,1763086521923,112,2009.7538820056998,6.44151885258237,3484,312
1763086521843,1763086521955,112,2009.7538820056998,6.44151885258237,3485,312
1763086521875,1763086521985,110,2009.7538820056998,6.44151885258237,3486,312
1763086521905,1763086522016,111,2009.7538820056998,6.44151885258237,3487,312
1763086521937,1763086522048,111,2009.7538820056998,6.44151885258237,3488,312
1763086521968,1763086522079,111,2009.7538820056998,6.44151885258237,3489,312
1763086521999,1763086522112,113,2045.3000900765371,6.555449006655567,3490,312
1763086522030,1763086522142,112,2045.3000900765371,6.555449006655567,3491,312
1763086522062,1763086522173,111,2045.3000900765371,6.555449006655567,3492,312
1763086522094,1763086522204,110,2045.3000900765371,6.555449006655567,3493,312
1763086522124,1763086522235,111,2045.3000900765371,6.555449006655567,3494,312
1763086522155,1763086522267,112,2045.3000900765371,6.555449006655567,3495,312
1763086522187,1763086522298,111,2010.120171791,6.442692858304487,3496,312
1763086522218,1763086522330,112,2010.120171791,6.442692858304487,3497,312
1763086522249,1763086522361,112,2010.120171791,6.442692858304487,3498,312
1763086522281,1763086522392,111,2010.120171791,6.442692858304487,3499,312
1763086522313,1763086522423,110,2010.120171791,6.442692858304487,3500,312
1763086522343,1763086522454,111,2010.120171791,6.442692858304487,3501,312
1763086522374,1763086522486,112,2010.120171791,6.442692858304487,3502,312
1763086522406,1763086522517,111,2045.417776917427,6.555826208068677,3503,312
1763086522437,1763086522549,112,2045.417776917427,6.555826208068677,3504,312
1763086522469,1763086522580,111,2045.417776917427,6.555826208068677,3505,312
1763086522500,1763086522612,112,2045.417776917427,6.555826208068677,3506,312
1763086522531,1763086522642,111,2045.417776917427,6.555826208068677,3507,312
1763086522563,1763086522673,110,2045.417776917427,6.555826208068677,3508,312
1763086522594,1763086522705,111,2010.2139682031893,6.442993487830735,3509,312
1763086522624,1763086522735,111,2010.2139682031893,6.442993487830735,3510,312
1763086522656,1763086522767,111,2010.2139682031893,6.442993487830735,3511,312
1763086522688,1763086522799,111,2010.2139682031893,6.442993487830735,3512,312
1763086522718,1763086522831,113,2010.2139682031893,6.442993487830735,3513,312
1763086522750,1763086522863,113,2010.2139682031893,6.442993487830735,3514,312
1763086522781,1763086522894,113,2010.2139682031893,6.442993487830735,3515,312
1763086522813,1763086522926,113,2046.0138907533324,6.557736829337604,3516,312
1763086522845,1763086522957,112,2046.0138907533324,6.557736829337604,3517,312
1763086522877,1763086522988,111,2046.0138907533324,6.557736829337604,3518,312
1763086522908,1763086523019,111,2046.0138907533324,6.557736829337604,3519,312
1763086522940,1763086523051,111,2046.0138907533324,6.557736829337604,3520,312
1763086522971,1763086523081,110,2046.0138907533324,6.557736829337604,3521,312
1763086523002,1763086523114,112,2010.8630848211592,6.445073989811408,3522,312
1763086523033,1763086523146,113,2010.8630848211592,6.445073989811408,3523,312
1763086523064,1763086523176,112,2010.8630848211592,6.445073989811408,3524,312
1763086523096,1763086523207,111,2010.8630848211592,6.445073989811408,3525,312
1763086523127,1763086523237,110,2010.8630848211592,6.445073989811408,3526,312
1763086523159,1763086523268,109,2010.8630848211592,6.445073989811408,3527,312
1763086523189,1763086523300,111,2010.8630848211592,6.445073989811408,3528,312
1763086523219,1763086523331,112,2046.009878602464,6.557723969879692,3529,312
1763086523251,1763086523362,111,2046.009878602464,6.557723969879692,3530,312
1763086523282,1763086523394,112,2046.009878602464,6.557723969879692,3531,312
1763086523314,1763086523425,111,2046.009878602464,6.557723969879692,3532,312
1763086523345,1763086523456,111,2046.009878602464,6.557723969879692,3533,312
1763086523376,1763086523488,112,2046.009878602464,6.557723969879692,3534,312
1763086523408,1763086523519,111,2010.5118633675613,6.443948280024235,3535,312
1763086523439,1763086523551,112,2010.5118633675613,6.443948280024235,3536,312
1763086523470,1763086523581,111,2010.5118633675613,6.443948280024235,3537,312
1763086523502,1763086523613,111,2010.5118633675613,6.443948280024235,3538,312
1763086523533,1763086523645,112,2010.5118633675613,6.443948280024235,3539,312
1763086523564,1763086523676,112,2010.5118633675613,6.443948280024235,3540,312
1763086523595,1763086523707,112,2010.5118633675613,6.443948280024235,3541,312
1763086523627,1763086523738,111,2045.7299551039464,6.556826779179315,3542,312
1763086523659,1763086523770,111,2045.7299551039464,6.556826779179315,3543,312
1763086523689,1763086523802,113,2045.7299551039464,6.556826779179315,3544,312
1763086523721,1763086523833,112,2045.7299551039464,6.556826779179315,3545,312
1763086523752,1763086523865,113,2045.7299551039464,6.556826779179315,3546,312
1763086523784,1763086523897,113,2045.7299551039464,6.556826779179315,3547,312
1763086523815,1763086523929,114,2010.1153143076374,6.4426772894475555,3548,312
1763086523847,1763086523960,113,2010.1153143076374,6.4426772894475555,3549,312
1763086523879,1763086523992,113,2010.1153143076374,6.4426772894475555,3550,312
1763086523911,1763086524024,113,2010.1153143076374,6.4426772894475555,3551,312
1763086523942,1763086524056,114,2010.1153143076374,6.4426772894475555,3552,312
1763086523974,1763086524088,114,2010.1153143076374,6.4426772894475555,3553,312
1763086524006,1763086524120,114,2010.1153143076374,6.4426772894475555,3554,312
1763086524038,1763086524151,113,2046.1094442459564,6.558043090531911,3555,312
1763086524070,1763086524183,113,2046.1094442459564,6.558043090531911,3556,312
1763086524102,1763086524214,112,2046.1094442459564,6.558043090531911,3557,312
1763086524133,1763086524246,113,2046.1094442459564,6.558043090531911,3558,312
1763086524165,1763086524278,113,2046.1094442459564,6.558043090531911,3559,312
1763086524196,1763086524310,114,2046.1094442459564,6.558043090531911,3560,312
1763086524228,1763086524342,114,2010.0687892870435,6.442528170791806,3561,312
1763086524260,1763086524374,114,2010.0687892870435,6.442528170791806,3562,312
1763086524292,1763086524406,114,2010.0687892870435,6.442528170791806,3563,312
1763086524324,1763086524437,113,2010.0687892870435,6.442528170791806,3564,312
1763086524356,1763086524469,113,2010.0687892870435,6.442528170791806,3565,312
1763086524388,1763086524502,114,2010.0687892870435,6.442528170791806,3566,312
1763086524420,1763086524534,114,2010.0687892870435,6.442528170791806,3567,312
1763086524452,1763086524565,113,2046.2464811153384,6.5584823112671105,3568,312
1763086524484,1763086524597,113,2046.2464811153384,6.5584823112671105,3569,312
1763086524516,1763086524627,111,2046.2464811153384,6.5584823112671105,3570,312
1763086524548,1763086524659,111,2046.2464811153384,6.5584823112671105,3571,312
1763086524579,1763086524690,111,2046.2464811153384,6.5584823112671105,3572,312
1763086524610,1763086524722,112,2046.2464811153384,6.5584823112671105,3573,312
1763086524641,1763086524754,113,2010.525952486694,6.443993437457353,3574,312
1763086524672,1763086524785,113,2010.525952486694,6.443993437457353,3575,312
1763086524704,1763086524816,112,2010.525952486694,6.443993437457353,3576,312
1763086524736,1763086524847,111,2010.525952486694,6.443993437457353,3577,312
1763086524767,1763086524878,111,2010.525952486694,6.443993437457353,3578,312
1763086524798,1763086524910,112,2010.525952486694,6.443993437457353,3579,312
1763086524829,1763086524941,112,2010.525952486694,6.443993437457353,3580,312
1763086524861,1763086524974,113,2045.7411841318951,6.5568627696535104,3581,312
1763086524893,1763086525005,112,2045.7411841318951,6.5568627696535104,3582,312
1763086524924,1763086525036,112,2045.7411841318951,6.5568627696535104,3583,312
1763086524956,1763086525068,112,2045.7411841318951,6.5568627696535104,3584,312
1763086524988,1763086525100,112,2045.7411841318951,6.5568627696535104,3585,312
1763086525019,1763086525133,114,2045.7411841318951,6.5568627696535104,3586,312
1763086525051,1763086525164,113,2009.776759016593,6.4415921763352335,3587,312
1763086525083,1763086525197,114,2009.776759016593,6.4415921763352335,3588,312
1763086525115,1763086525228,113,2009.776759016593,6.4415921763352335,3589,312
1763086525147,1763086525259,112,2009.776759016593,6.4415921763352335,3590,312
1763086525179,1763086525291,112,2009.776759016593,6.4415921763352335,3591,312
1763086525211,1763086525323,112,2009.776759016593,6.4415921763352335,3592,312
1763086525242,1763086525355,113,2009.776759016593,6.4415921763352335,3593,312
1763086525274,1763086525402,128,2045.8409699001581,6.55718259583384,3594,312
1763086525306,1763086525420,114,2045.8409699001581,6.55718259583384,3595,312
1763086525338,1763086525450,112,2045.8409699001581,6.55718259583384,3596,312
1763086525381,1763086525498,117,2045.8409699001581,6.55718259583384,3597,312
1763086525407,1763086525516,109,2045.8409699001581,6.55718259583384,3598,312
1763086525433,1763086525546,113,2045.8409699001581,6.55718259583384,3599,312