1763058206372,1763058206627,255,0,0,1,10012
1763058206431,1763058206688,257,0,0,2,10012
1763058206495,1763058206752,257,0,0,3,10012
1763058206560,1763058206814,254,6037.236,0.603,4,10012
1763058206623,1763058206878,255,6037.236,0.603,5,10012
1763058206684,1763058206939,255,6037.236,0.603,6,10012
1763058206748,1763058207001,253,10932.983855999999,1.091988,7,10012
1763058206811,1763058207063,252,10932.983855999999,1.091988,8,10012
1763058206873,1763058207126,253,10932.983855999999,1.091988,9,10012
1763058206935,1763058207187,252,10932.983855999999,1.091988,10,10012
1763058206999,1763058207249,250,16930.677181664,1.691038472,11,10012
1763058207063,1763058207311,248,16930.677181664,1.691038472,12,10012
1763058207126,1763058207373,247,16930.677181664,1.691038472,13,10012
1763058207189,1763058207435,246,19617.26835942288,1.95937558524,14,10012
1763058207253,1763058207497,244,19617.26835942288,1.95937558524,15,10012
1763058207317,1763058207559,242,19617.26835942288,1.95937558524,16,10012
1763058207379,1763058207621,242,21753.10834574119,2.1727035902658,17,10012
1763058207442,1763058207683,241,21753.10834574119,2.1727035902658,18,10012
1763058207505,1763058207745,240,21753.10834574119,2.1727035902658,19,10012
1763058207568,1763058207807,239,21753.10834574119,2.1727035902658,20,10012
1763058207631,1763058207869,238,25521.856026518508,2.5491266506710453,21,10012
1763058207694,1763058207931,237,25521.856026518508,2.5491266506710453,22,10012
1763058207757,1763058207994,237,25521.856026518508,2.5491266506710453,23,10012
1763058207821,1763058208056,235,26447.255541082213,2.641555687283481,24,10012
1763058207885,1763058208119,234,26447.255541082213,2.641555687283481,25,10012
1763058207948,1763058208182,234,26447.255541082213,2.641555687283481,26,10012
1763058208010,1763058208246,236,27186.536899619277,2.715395215703084,27,10012
1763058208073,1763058208310,237,27186.536899619277,2.715395215703084,28,10012
1763058208136,1763058208373,237,27186.536899619277,2.715395215703084,29,10012
1763058208201,1763058208437,236,27770.676835197326,2.7737391964839517,30,10012
1763058208264,1763058208500,236,27770.676835197326,2.7737391964839517,31,10012
1763058208327,1763058208562,235,27770.676835197326,2.7737391964839517,32,10012
1763058208391,1763058208625,234,27770.676835197326,2.7737391964839517,33,10012
1763058208454,1763058208687,233,30275.25076081707,3.0238964004012256,34,10012
1763058208515,1763058208749,234,30275.25076081707,3.0238964004012256,35,10012
1763058208579,1763058208812,233,30275.25076081707,3.0238964004012256,36,10012
1763058208641,1763058208875,234,30226.443605610388,3.0190215347193754,37,10012
1763058208703,1763058208938,235,30226.443605610388,3.0190215347193754,38,10012
1763058208766,1763058209002,236,30226.443605610388,3.0190215347193754,39,10012
1763058208829,1763058209065,236,30187.402666460257,3.0151221201019034,40,10012
1763058208892,1763058209128,236,30187.402666460257,3.0151221201019034,41,10012
1763058208956,1763058209192,236,30187.402666460257,3.0151221201019034,42,10012
1763058209019,1763058209255,236,30156.365119835904,3.0120220854810134,43,10012
1763058209082,1763058209319,237,30156.365119835904,3.0120220854810134,44,10012
1763058209146,1763058209381,235,30156.365119835904,3.0120220854810134,45,10012
1763058209209,1763058209444,235,30156.365119835904,3.0120220854810134,46,10012
1763058209273,1763058209506,233,32184.150270269543,3.2145575579574057,47,10012
1763058209335,1763058209568,233,32184.150270269543,3.2145575579574057,48,10012
1763058209398,1763058209632,234,32184.150270269543,3.2145575579574057,49,10012
1763058209460,1763058209696,236,31743.77946486429,3.1705732585761375,50,10012
1763058209522,1763058209760,238,31743.77946486429,3.1705732585761375,51,10012
1763058209586,1763058209821,235,31743.77946486429,3.1705732585761375,52,10012
1763058209650,1763058209884,234,31395.392454031975,3.1357763138266055,53,10012
1763058209713,1763058209947,234,31395.392454031975,3.1357763138266055,54,10012
1763058209775,1763058210011,236,31395.392454031975,3.1357763138266055,55,10012
1763058209838,1763058210072,234,31119.435785863483,3.1082137221198045,56,10012
1763058209901,1763058210134,233,31119.435785863483,3.1082137221198045,57,10012
1763058209964,1763058210196,232,31119.435785863483,3.1082137221198045,58,10012
1763058210026,1763058210258,232,31119.435785863483,3.1082137221198045,59,10012
1763058210087,1763058210320,233,32923.00575711906,3.288354550251604,60,10012
1763058210149,1763058210384,235,32923.00575711906,3.288354550251604,61,10012
1763058210211,1763058210447,236,32923.00575711906,3.288354550251604,62,10012
1763058210275,1763058210510,235,32328.282571152537,3.2289535128997735,63,10012
1763058210338,1763058210573,235,32328.282571152537,3.2289535128997735,64,10012
1763058210401,1763058210636,235,32328.282571152537,3.2289535128997735,65,10012
1763058210464,1763058210700,236,31858.364644066267,3.18201804275532,66,10012
1763058210527,1763058210763,236,31858.364644066267,3.18201804275532,67,10012
1763058210590,1763058210826,236,31858.364644066267,3.18201804275532,68,10012
1763058210654,1763058210888,234,31488.424621320813,3.14506838007599,69,10012
1763058210717,1763058210952,235,31488.424621320813,3.14506838007599,70,10012
1763058210780,1763058211014,234,31488.424621320813,3.14506838007599,71,10012
1763058210842,1763058211079,237,31488.424621320813,3.14506838007599,72,10012
1763058210906,1763058211140,234,33243.13757395004,3.320329362160412,73,10012
1763058210968,1763058211203,235,33243.13757395004,3.320329362160412,74,10012
1763058211032,1763058211266,234,33243.13757395004,3.320329362160412,75,10012
1763058211093,1763058211329,236,32582.467233716336,3.2543415135553673,76,10012
1763058211157,1763058211392,235,32582.467233716336,3.2543415135553673,77,10012
1763058211220,1763058211455,235,32582.467233716336,3.2543415135553673,78,10012
1763058211283,1763058211518,235,32062.987918038205,3.202455844790072,79,10012
1763058211346,1763058211580,234,32062.987918038205,3.202455844790072,80,10012
1763058211410,1763058211643,233,32062.987918038205,3.202455844790072,81,10012
1763058211472,1763058211705,233,31653.536358594487,3.1615597641424777,82,10012
1763058211534,1763058211768,234,31653.536358594487,3.1615597641424777,83,10012
1763058211596,1763058211832,236,31653.536358594487,3.1615597641424777,84,10012
1763058211658,1763058211895,237,31653.536358594487,3.1615597641424777,85,10012
1763058211722,1763058211958,236,33399.584796006835,3.3359553332008423,86,10012
1763058211786,1763058212021,235,33399.584796006835,3.3359553332008423,87,10012
1763058211850,1763058212083,233,33399.584796006835,3.3359553332008423,88,10012
1763058211912,1763058212146,234,32720.140667213454,3.268092355894272,89,10012
1763058211975,1763058212208,233,32720.140667213454,3.268092355894272,90,10012
1763058212037,1763058212271,234,32720.140667213454,3.268092355894272,91,10012
1763058212100,1763058212334,234,32169.891830434695,3.2131334229359463,92,10012
1763058212162,1763058212398,236,32169.891830434695,3.2131334229359463,93,10012
1763058212225,1763058212460,235,32169.891830434695,3.2131334229359463,94,10012
1763058212289,1763058212523,234,31736.711788856453,3.1698673380799494,95,10012
1763058212352,1763058212586,234,31736.711788856453,3.1698673380799494,96,10012
1763058212414,1763058212648,234,31736.711788856453,3.1698673380799494,97,10012
1763058212477,1763058212711,234,31736.711788856453,3.1698673380799494,98,10012
1763058212539,1763058212774,235,33440.52587214088,3.34004453377356,99,10012
1763058212601,1763058212837,236,33440.52587214088,3.34004453377356,100,10012
1763058212665,1763058212900,235,33440.52587214088,3.34004453377356,101,10012
1763058212729,1763058212962,233,32749.407120096283,3.271015493417527,102,10012
1763058212791,1763058213024,233,32749.407120096283,3.271015493417527,103,10012
1763058212855,1763058213087,232,32749.407120096283,3.271015493417527,104,10012
1763058212915,1763058213150,235,32195.87206759664,3.2157283327603516,105,10012
1763058212977,1763058213212,235,32195.87206759664,3.2157283327603516,106,10012
1763058213041,1763058213275,234,32195.87206759664,3.2157283327603516,107,10012
1763058213104,1763058213337,233,31759.57790994212,3.1721512095427604,108,10012
1763058213167,1763058213399,232,31759.57790994212,3.1721512095427604,109,10012
1763058213229,1763058213462,233,31759.57790994212,3.1721512095427604,110,10012
1763058213291,1763058213524,233,31759.57790994212,3.1721512095427604,111,10012
1763058213353,1763058213586,233,33442.12759422387,3.3402045140055803,112,10012
1763058213415,1763058213648,233,33442.12759422387,3.3402045140055803,113,10012
1763058213478,1763058213710,232,33442.12759422387,3.3402045140055803,114,10012
1763058213540,1763058213774,234,32747.2775650022,3.270802793148442,115,10012
1763058213602,1763058213837,235,32747.2775650022,3.270802793148442,116,10012
1763058213667,1763058213899,232,32747.2775650022,3.270802793148442,117,10012
1763058213729,1763058213962,233,32191.46566417675,3.215288220553011,118,10012
1763058213790,1763058214025,235,32191.46566417675,3.215288220553011,119,10012
1763058213852,1763058214088,236,32191.46566417675,3.215288220553011,120,10012
1763058213916,1763058214151,235,31756.061600013047,3.1718000000013027,121,10012
1763058213979,1763058214213,234,31756.061600013047,3.1718000000013027,122,10012
1763058214043,1763058214276,233,31756.061600013047,3.1718000000013027,123,10012
1763058214105,1763058214339,234,31756.061600013047,3.1718000000013027,124,10012
1763058214167,1763058214402,235,33455.90897201037,3.3415810000010358,125,10012
1763058214230,1763058214465,235,33455.90897201037,3.3415810000010358,126,10012
1763058214293,1763058214528,235,33455.90897201037,3.3415810000010358,127,10012
1763058214356,1763058214592,236,32751.407723776236,3.2712153140008224,128,10012
1763058214419,1763058214655,236,32751.407723776236,3.2712153140008224,129,10012
1763058214483,1763058214718,235,32751.407723776236,3.2712153140008224,130,10012
1763058214546,1763058214780,234,32200.17995584966,3.2161586052586553,131,10012
1763058214608,1763058214843,235,32200.17995584966,3.2161586052586553,132,10012
1763058214671,1763058214907,236,32200.17995584966,3.2161586052586553,133,10012
1763058214733,1763058214970,237,31756.52306490048,3.171846091180631,134,10012
1763058214797,1763058215034,237,31756.52306490048,3.171846091180631,135,10012
1763058214861,1763058215097,236,31756.52306490048,3.171846091180631,136,10012
1763058214925,1763058215160,235,31756.52306490048,3.171846091180631,137,10012
1763058214988,1763058215222,234,33456.27583659588,3.3416176424886017,138,10012
1763058215051,1763058215285,234,33456.27583659588,3.3416176424886017,139,10012
1763058215113,1763058215347,234,33456.27583659588,3.3416176424886017,140,10012
1763058215175,1763058215409,234,32761.959841766915,3.2722692610634154,141,10012
1763058215238,1763058215471,233,32761.959841766915,3.2722692610634154,142,10012
1763058215300,1763058215533,233,32761.959841766915,3.2722692610634154,143,10012
1763058215364,1763058215596,232,32205.864034046463,3.2167263318064787,144,10012
1763058215425,1763058215659,234,32205.864034046463,3.2167263318064787,145,10012
1763058215487,1763058215721,234,32205.864034046463,3.2167263318064787,146,10012
1763058215550,1763058215784,234,31767.551499169076,3.17294761278157,147,10012
1763058215613,1763058215846,233,31767.551499169076,3.17294761278157,148,10012
1763058215674,1763058215908,234,31767.551499169076,3.17294761278157,149,10012
1763058215738,1763058215970,232,31767.551499169076,3.17294761278157,150,10012
1763058215800,1763058216033,233,33448.48254483775,3.3408392473869113,151,10012
1763058215861,1763058216096,235,33448.48254483775,3.3408392473869113,152,10012
1763058215924,1763058216159,235,33448.48254483775,3.3408392473869113,153,10012
1763058215987,1763058216222,235,32748.923623146013,3.2709672016725944,154,10012
1763058216050,1763058216284,234,32748.923623146013,3.2709672016725944,155,10012
1763058216112,1763058216346,234,32748.923623146013,3.2709672016725944,156,10012
1763058216176,1763058216409,233,32200.91305127052,3.21623182693473,157,10012
1763058216239,1763058216471,232,32200.91305127052,3.21623182693473,158,10012
1763058216299,1763058216533,234,32200.91305127052,3.21623182693473,159,10012
1763058216363,1763058216595,232,31765.765527965144,3.172769229720849,160,10012
1763058216425,1763058216658,233,31765.765527965144,3.172769229720849,161,10012
1763058216486,1763058216721,235,31765.765527965144,3.172769229720849,162,10012
1763058216549,1763058216785,236,31765.765527965144,3.172769229720849,163,10012
1763058216612,1763058216846,234,33463.62359473229,3.3423515376280752,164,10012
1763058216676,1763058216908,232,33463.62359473229,3.3423515376280752,165,10012
1763058216738,1763058216973,235,33463.62359473229,3.3423515376280752,166,10012
1763058216800,1763058217034,234,32764.388381406905,3.2725118239519477,167,10012
1763058216862,1763058217098,236,32764.388381406905,3.2725118239519477,168,10012
1763058216926,1763058217161,235,32764.388381406905,3.2725118239519477,169,10012
1763058216988,1763058217225,237,32202.340374837084,3.2163743882178464,170,10012
1763058217052,1763058217288,236,32202.340374837084,3.2163743882178464,171,10012
1763058217115,1763058217351,236,32202.340374837084,3.2163743882178464,172,10012
1763058217179,1763058217413,234,31762.573278745156,3.1724503874096235,173,10012
1763058217242,1763058217475,233,31762.573278745156,3.1724503874096235,174,10012
1763058217305,1763058217537,232,31762.573278745156,3.1724503874096235,175,10012
1763058217366,1763058217601,235,31762.573278745156,3.1724503874096235,176,10012
1763058217429,1763058217665,236,33461.0857566024,3.3420980579906505,177,10012
1763058217491,1763058217726,235,33461.0857566024,3.3420980579906505,178,10012
1763058217554,1763058217789,235,33461.0857566024,3.3420980579906505,179,10012
1763058217618,1763058217852,234,32765.79334801211,3.2726521522185483,180,10012
1763058217680,1763058217914,234,32765.79334801211,3.2726521522185483,181,10012
1763058217742,1763058217977,235,32765.79334801211,3.2726521522185483,182,10012
1763058217806,1763058218040,234,32206.185711669626,3.216758461013746,183,10012
1763058217868,1763058218103,235,32206.185711669626,3.216758461013746,184,10012
1763058217931,1763058218166,235,32206.185711669626,3.216758461013746,185,10012
1763058217994,1763058218228,234,31767.808197912364,3.172973251888969,186,10012
1763058218057,1763058218291,234,31767.808197912364,3.172973251888969,187,10012
1763058218120,1763058218354,234,31767.808197912364,3.172973251888969,188,10012
1763058218182,1763058218418,236,31767.808197912364,3.172973251888969,189,10012
1763058218245,1763058218480,235,33473.527709142414,3.3433407619998414,190,10012
1763058218308,1763058218543,235,33473.527709142414,3.3433407619998414,191,10012
1763058218372,1763058218606,234,33473.527709142414,3.3433407619998414,192,10012
1763058218434,1763058218669,235,32772.27205647736,3.2732992465518738,193,10012
1763058218497,1763058218732,235,32772.27205647736,3.2732992465518738,194,10012
1763058218560,1763058218795,235,32772.27205647736,3.2732992465518738,195,10012
1763058218623,1763058218859,236,32211.336284899502,3.2172729010087395,196,10012
1763058218686,1763058218920,234,32211.336284899502,3.2172729010087395,197,10012
1763058218749,1763058218984,235,32211.336284899502,3.2172729010087395,198,10012
1763058218812,1763058219047,235,31767.567682780005,3.1729492292029566,199,10012
1763058218874,1763058219109,235,31767.567682780005,3.1729492292029566,200,10012
1763058218938,1763058219173,235,31767.567682780005,3.1729492292029566,201,10012
1763058219001,1763058219236,235,31767.567682780005,3.1729492292029566,202,10012
1763058219063,1763058219298,235,33465.056307810104,3.3424946372163507,203,10012
1763058219127,1763058219361,234,33465.056307810104,3.3424946372163507,204,10012
1763058219191,1763058219424,233,33465.056307810104,3.3424946372163507,205,10012
1763058219252,1763058219487,235,32765.528821016844,3.272625731224215,206,10012
1763058219315,1763058219549,234,32765.528821016844,3.272625731224215,207,10012
1763058219378,1763058219613,235,32765.528821016844,3.272625731224215,208,10012
1763058219441,1763058219676,235,32203.245883887375,3.216464830592027,209,10012
1763058219503,1763058219740,237,32203.245883887375,3.216464830592027,210,10012
1763058219567,1763058219804,237,32203.245883887375,3.216464830592027,211,10012
1763058219630,1763058219868,238,31756.793231806576,3.1718730754900695,212,10012
1763058219694,1763058219931,237,31756.793231806576,3.1718730754900695,213,10012
1763058219758,1763058219995,237,31756.793231806576,3.1718730754900695,214,10012
1763058219822,1763058220058,236,31756.793231806576,3.1718730754900695,215,10012
1763058219885,1763058220121,236,33473.07303282261,3.343295348863625,216,10012
1763058219949,1763058220184,235,33473.07303282261,3.343295348863625,217,10012
1763058220012,1763058220246,234,33473.07303282261,3.343295348863625,218,10012
1763058220075,1763058220310,235,32768.47306109398,3.272919802346582,219,10012
1763058220138,1763058220374,236,32768.47306109398,3.272919802346582,220,10012
1763058220200,1763058220437,237,32768.47306109398,3.272919802346582,221,10012
1763058220264,1763058220500,236,32208.316083569713,3.2169712428655326,222,10012
1763058220328,1763058220563,235,32208.316083569713,3.2169712428655326,223,10012
1763058220391,1763058220625,234,32208.316083569713,3.2169712428655326,224,10012
1763058220454,1763058220688,234,31769.50823468863,3.173143051806695,225,10012
1763058220516,1763058220751,235,31769.50823468863,3.173143051806695,226,10012
1763058220579,1763058220812,233,31769.50823468863,3.173143051806695,227,10012
1763058220642,1763058220875,233,31769.50823468863,3.173143051806695,228,10012
1763058220703,1763058220937,234,33441.763571281524,3.3401681553417424,229,10012
1763058220766,1763058220999,233,33441.763571281524,3.3401681553417424,230,10012
1763058220828,1763058221062,234,33441.763571281524,3.3401681553417424,231,10012
1763058220889,1763058221125,236,32740.17627559753,3.2700935153413435,232,10012
1763058220952,1763058221189,237,32740.17627559753,3.2700935153413435,233,10012
1763058221015,1763058221251,236,32740.17627559753,3.2700935153413435,234,10012
1763058221080,1763058221313,233,32191.22849165123,3.2152645317270507,235,10012
1763058221142,1763058221376,234,32191.22849165123,3.2152645317270507,236,10012
1763058221204,1763058221438,234,32191.22849165123,3.2152645317270507,237,10012
1763058221267,1763058221501,234,31753.71710784603,3.1715658317864595,238,10012
1763058221330,1763058221563,233,31753.71710784603,3.1715658317864595,239,10012
1763058221393,1763058221625,232,31753.71710784603,3.1715658317864595,240,10012
1763058221455,1763058221689,234,31753.71710784603,3.1715658317864595,241,10012
1763058221517,1763058221752,235,33454.045100737596,3.3413948362702355,242,10012
1763058221579,1763058221815,236,33454.045100737596,3.3413948362702355,243,10012
1763058221643,1763058221879,236,33454.045100737596,3.3413948362702355,244,10012
1763058221706,1763058221942,236,32753.345855086387,3.2714088948348374,245,10012
1763058221770,1763058222004,234,32753.345855086387,3.2714088948348374,246,10012
1763058221833,1763058222067,234,32753.345855086387,3.2714088948348374,247,10012
1763058221896,1763058222130,234,32199.007300648766,3.2160414802885304,248,10012
1763058221958,1763058222192,234,32199.007300648766,3.2160414802885304,249,10012
1763058222021,1763058222254,233,32199.007300648766,3.2160414802885304,250,10012
1763058222084,1763058222316,232,31764.242833218363,3.1726171427505356,251,10012
1763058222146,1763058222379,233,31764.242833218363,3.1726171427505356,252,10012
1763058222207,1763058222442,235,31764.242833218363,3.1726171427505356,253,10012
1763058222269,1763058222505,236,31764.242833218363,3.1726171427505356,254,10012
1763058222332,1763058222568,236,33470.69680957538,3.3430580113439254,255,10012
1763058222395,1763058222631,236,33470.69680957538,3.3430580113439254,256,10012
1763058222459,1763058222694,235,33470.69680957538,3.3430580113439254,257,10012
1763058222522,1763058222757,235,32766.583963612426,3.2727311190184207,258,10012
1763058222585,1763058222820,235,32766.583963612426,3.2727311190184207,259,10012
1763058222648,1763058222882,234,32766.583963612426,3.2727311190184207,260,10012
1763058222711,1763058222945,234,32212.275418999103,3.2173667018576815,261,10012
1763058222774,1763058223012,238,32212.275418999103,3.2173667018576815,262,10012
1763058222836,1763058223074,238,32212.275418999103,3.2173667018576815,263,10012
1763058222899,1763058223136,237,31763.962682685287,3.172589161274999,264,10012
1763058222962,1763058223198,236,31763.962682685287,3.172589161274999,265,10012
1763058223025,1763058223262,237,31763.962682685287,3.172589161274999,266,10012
1763058223089,1763058223323,234,31763.962682685287,3.172589161274999,267,10012
1763058223152,1763058223387,235,33462.190332734805,3.3422083832136242,268,10012
1763058223214,1763058223449,235,33462.190332734805,3.3422083832136242,269,10012
1763058223277,1763058223513,236,33462.190332734805,3.3422083832136242,270,10012
1763058223341,1763058223576,235,32756.395124191436,3.2717134562716175,271,10012
1763058223404,1763058223639,235,32756.395124191436,3.2717134562716175,272,10012
1763058223467,1763058223702,235,32756.395124191436,3.2717134562716175,273,10012
1763058223531,1763058223764,233,32204.154913980576,3.216555624648479,274,10012
1763058223594,1763058223828,234,32204.154913980576,3.216555624648479,275,10012
1763058223656,1763058223890,234,32204.154913980576,3.216555624648479,276,10012
1763058223718,1763058223952,234,31766.1876213565,3.1728113884694866,277,10012
1763058223782,1763058224016,234,31766.1876213565,3.1728113884694866,278,10012
1763058223844,1763058224078,234,31766.1876213565,3.1728113884694866,279,10012
1763058223906,1763058224142,236,31766.1876213565,3.1728113884694866,280,10012
1763058223970,1763058224204,234,33480.52278373571,3.344039431056303,281,10012
1763058224032,1763058224267,235,33480.52278373571,3.344039431056303,282,10012
1763058224096,1763058224331,235,33480.52278373571,3.344039431056303,283,10012
1763058224159,1763058224394,235,32777.84013585362,3.2738553871208174,284,10012
1763058224222,1763058224456,234,32777.84013585362,3.2738553871208174,285,10012
1763058224285,1763058224518,233,32777.84013585362,3.2738553871208174,286,10012
1763058224348,1763058224580,232,32221.246588275335,3.2182627435352913,287,10012
1763058224410,1763058224643,233,32221.246588275335,3.2182627435352913,288,10012
1763058224472,1763058224706,234,32221.246588275335,3.2182627435352913,289,10012
1763058224535,1763058224769,234,31777.641530855442,3.173955406597627,290,10012
1763058224600,1763058224832,232,31777.641530855442,3.173955406597627,291,10012
1763058224661,1763058224897,236,31777.641530855442,3.173955406597627,292,10012
1763058224724,1763058224959,235,31777.641530855442,3.173955406597627,293,10012
1763058224787,1763058225021,234,33473.06501703008,3.3432945482451135,294,10012
1763058224850,1763058225084,234,33473.06501703008,3.3432945482451135,295,10012
1763058224912,1763058225147,235,33473.06501703008,3.3432945482451135,296,10012
1763058224974,1763058225210,236,32765.029623521885,3.27257587130662,297,10012
1763058225038,1763058225273,235,32765.029623521885,3.27257587130662,298,10012
1763058225101,1763058225336,235,32765.029623521885,3.27257587130662,299,10012
1763058225164,1763058225399,235,32211.036609946943,3.217242969431376,300,10012
1763058225227,1763058225461,234,32211.036609946943,3.217242969431376,301,10012
1763058225290,1763058225523,233,32211.036609946943,3.217242969431376,302,10012
1763058225352,1763058225585,233,31771.679214737662,3.173359889606238,303,10012
1763058225414,1763058225650,236,31771.679214737662,3.173359889606238,304,10012
1763058225478,1763058225712,234,31771.679214737662,3.173359889606238,305,10012
1763058225540,1763058225775,235,31771.679214737662,3.173359889606238,306,10012
1763058225604,1763058225838,234,33476.6012965017,3.343647752347353,307,10012
1763058225666,1763058225901,235,33476.6012965017,3.343647752347353,308,10012
1763058225729,1763058225964,235,33476.6012965017,3.343647752347353,309,10012
1763058225791,1763058226026,235,32771.27803071885,3.273199963116146,310,10012
1763058225855,1763058226090,235,32771.27803071885,3.273199963116146,311,10012
1763058225918,1763058226153,235,32771.27803071885,3.273199963116146,312,10012
1763058225981,1763058226216,235,32210.546034421488,3.217193970677336,313,10012
1763058226044,1763058226279,235,32210.546034421488,3.217193970677336,314,10012
1763058226107,1763058226342,235,32210.546034421488,3.217193970677336,315,10012
1763058226170,1763058226405,235,31766.938643399506,3.1728864006591593,316,10012
1763058226233,1763058226467,234,31766.938643399506,3.1728864006591593,317,10012
1763058226296,1763058226529,233,31766.938643399506,3.1728864006591593,318,10012
1763058226359,1763058226591,232,31766.938643399506,3.1728864006591593,319,10012
1763058226420,1763058226654,234,33447.99409878941,3.34079046132535,320,10012
1763058226483,1763058226716,233,33447.99409878941,3.34079046132535,321,10012
1763058226545,1763058226779,234,33447.99409878941,3.34079046132535,322,10012
1763058226607,1763058226841,234,32755.359296735158,3.271609997676304,323,10012
1763058226670,1763058226904,234,32755.359296735158,3.271609997676304,324,10012
1763058226733,1763058226966,233,32755.359296735158,3.271609997676304,325,10012
1763058226795,1763058227028,233,32203.329359497922,3.2164731681480143,326,10012
1763058226858,1763058227090,232,32203.329359497922,3.2164731681480143,327,10012
1763058226920,1763058227153,233,32203.329359497922,3.2164731681480143,328,10012
1763058226982,1763058227217,235,31763.361499519844,3.1725291150139676,329,10012
1763058227045,1763058227280,235,31763.361499519844,3.1725291150139676,330,10012
1763058227108,1763058227343,235,31763.361499519844,3.1725291150139676,331,10012
1763058227171,1763058227405,234,31763.361499519844,3.1725291150139676,332,10012
1763058227235,1763058227468,233,33461.71239211828,3.3421606464361044,333,10012
1763058227296,1763058227531,235,33461.71239211828,3.3421606464361044,334,10012
1763058227359,1763058227594,235,33461.71239211828,3.3421606464361044,335,10012
1763058227421,1763058227657,236,32759.441351734033,3.272017713916703,336,10012
1763058227485,1763058227720,235,32759.441351734033,3.272017713916703,337,10012
1763058227548,1763058227784,236,32759.441351734033,3.272017713916703,338,10012
1763058227611,1763058227846,235,32203.85931598029,3.2165261002776955,339,10012
1763058227675,1763058227908,233,32203.85931598029,3.2165261002776955,340,10012
1763058227737,1763058227970,233,32203.85931598029,3.2165261002776955,341,10012
1763058227799,1763058228033,234,31765.951734152273,3.172787828021601,342,10012
1763058227862,1763058228096,234,31765.951734152273,3.172787828021601,343,10012
1763058227924,1763058228159,235,31765.951734152273,3.172787828021601,344,10012
1763058227988,1763058228221,233,31765.951734152273,3.172787828021601,345,10012
1763058228051,1763058228285,234,33480.335725182755,3.34402074762113,346,10012
1763058228114,1763058228348,234,33480.335725182755,3.34402074762113,347,10012
1763058228176,1763058228412,236,33480.335725182755,3.34402074762113,348,10012
1763058228240,1763058228476,236,32767.358230069924,3.272808452863556,349,10012
1763058228303,1763058228539,236,32767.358230069924,3.272808452863556,350,10012
1763058228366,1763058228602,236,32767.358230069924,3.272808452863556,351,10012
1763058228431,1763058228664,233,32212.89250936573,3.217428336932254,352,10012
1763058228493,1763058228727,234,32212.89250936573,3.217428336932254,353,10012
1763058228557,1763058228791,234,32212.89250936573,3.217428336932254,354,10012
1763058228618,1763058228853,235,31770.98332996449,3.1732903845350067,355,10012
1763058228681,1763058228916,235,31770.98332996449,3.1732903845350067,356,10012
1763058228745,1763058228979,234,31770.98332996449,3.1732903845350067,357,10012
1763058228808,1763058229042,234,31770.98332996449,3.1732903845350067,358,10012
1763058228870,1763058229104,234,33476.04876399181,3.343592565320795,359,10012
1763058228932,1763058229166,234,33476.04876399181,3.343592565320795,360,10012
1763058228997,1763058229229,232,33476.04876399181,3.343592565320795,361,10012
1763058229058,1763058229291,233,32781.15891366546,3.2741868671259944,362,10012
1763058229120,1763058229353,233,32781.15891366546,3.2741868671259944,363,10012
1763058229183,1763058229415,232,32781.15891366546,3.2741868671259944,364,10012
1763058229245,1763058229478,233,32223.89165419137,3.2185269330994175,365,10012
1763058229307,1763058229541,234,32223.89165419137,3.2185269330994175,366,10012
1763058229369,1763058229604,235,32223.89165419137,3.2185269330994175,367,10012
1763058229433,1763058229666,233,31781.937540044713,3.1743844926133353,368,10012
1763058229495,1763058229729,234,31781.937540044713,3.1743844926133353,369,10012
1763058229558,1763058229792,234,31781.937540044713,3.1743844926133353,370,10012
1763058229620,1763058229856,236,31781.937540044713,3.1743844926133353,371,10012
1763058229683,1763058229919,236,33501.27853171541,3.3461125181497615,372,10012
1763058229746,1763058229981,235,33501.27853171541,3.3461125181497615,373,10012
1763058229810,1763058230044,234,33501.27853171541,3.3461125181497615,374,10012
1763058229874,1763058230107,233,32794.36171124547,3.27550556444721,375,10012
1763058229935,1763058230171,236,32794.36171124547,3.27550556444721,376,10012
1763058229997,1763058230234,237,32794.36171124547,3.27550556444721,377,10012
1763058230062,1763058230298,236,32223.380837017656,3.2184759126066376,378,10012
1763058230125,1763058230362,237,32223.380837017656,3.2184759126066376,379,10012
1763058230188,1763058230425,237,32223.380837017656,3.2184759126066376,380,10012
1763058230253,1763058230488,235,31779.342527103072,3.1741253023474902,381,10012
1763058230317,1763058230551,234,31779.342527103072,3.1741253023474902,382,10012
1763058230380,1763058230614,234,31779.342527103072,3.1741253023474902,383,10012
1763058230442,1763058230676,234,31779.342527103072,3.1741253023474902,384,10012
1763058230505,1763058230738,233,33474.41730904694,3.343429615366255,385,10012
1763058230568,1763058230801,233,33474.41730904694,3.343429615366255,386,10012
1763058230630,1763058230864,234,33474.41730904694,3.343429615366255,387,10012
1763058230692,1763058230928,236,32766.10334338327,3.2726831146008064,388,10012
1763058230755,1763058230991,236,32766.10334338327,3.2726831146008064,389,10012
1763058230818,1763058231054,236,32766.10334338327,3.2726831146008064,390,10012
1763058230882,1763058231116,234,32214.62246801985,3.2176011254514436,391,10012
1763058230946,1763058231178,232,32214.62246801985,3.2176011254514436,392,10012
1763058231008,1763058231241,233,32214.62246801985,3.2176011254514436,393,10012
1763058231069,1763058231305,236,31772.36210701182,3.1734280969848006,394,10012
1763058231132,1763058231367,235,31772.36210701182,3.1734280969848006,395,10012
1763058231196,1763058231430,234,31772.36210701182,3.1734280969848006,396,10012
1763058231257,1763058231494,237,31772.36210701182,3.1734280969848006,397,10012
1763058231322,1763058231557,235,33485.419150860376,3.344528480908947,398,10012
1763058231384,1763058231619,235,33485.419150860376,3.344528480908947,399,10012
1763058231447,1763058231682,235,33485.419150860376,3.344528480908947,400,10012
1763058231510,1763058231745,235,32781.73764408486,3.2742446708035216,401,10012
1763058231573,1763058231808,235,32781.73764408486,3.2742446708035216,402,10012
1763058231636,1763058231872,236,32781.73764408486,3.2742446708035216,403,10012
1763058231699,1763058231934,235,32216.115689403377,3.217750268617996,404,10012
1763058231766,1763058231998,232,32216.115689403377,3.217750268617996,405,10012
1763058231826,1763058232061,235,32216.115689403377,3.217750268617996,406,10012
1763058231889,1763058232123,234,31775.732320143896,3.173764714357161,407,10012
1763058231953,1763058232185,232,31775.732320143896,3.173764714357161,408,10012
1763058232015,1763058232249,234,31775.732320143896,3.173764714357161,409,10012
1763058232079,1763058232312,233,31775.732320143896,3.173764714357161,410,10012
1763058232139,1763058232376,237,33496.36399755396,3.345621653770871,411,10012
1763058232203,1763058232439,236,33496.36399755396,3.345621653770871,412,10012
1763058232267,1763058232502,235,33496.36399755396,3.345621653770871,413,10012
1763058232331,1763058232565,234,32790.44974205295,3.2751148364016136,414,10012
1763058232396,1763058232627,231,32790.44974205295,3.2751148364016136,415,10012
1763058232456,1763058232690,234,32790.44974205295,3.2751148364016136,416,10012
1763058232519,1763058232752,233,32231.296444416203,3.219266524612086,417,10012
1763058232581,1763058232815,234,32231.296444416203,3.219266524612086,418,10012
1763058232644,1763058232877,233,32231.296444416203,3.219266524612086,419,10012
1763058232707,1763058232940,233,31787.84656264413,3.1749746866404447,420,10012
1763058232769,1763058233002,233,31787.84656264413,3.1749746866404447,421,10012
1763058232831,1763058233065,234,31787.84656264413,3.1749746866404447,422,10012
1763058232894,1763058233128,234,31787.84656264413,3.1749746866404447,423,10012
1763058232956,1763058233191,235,33489.438170739435,3.344929901192513,424,10012
1763058233019,1763058233254,235,33489.438170739435,3.344929901192513,425,10012
1763058233082,1763058233317,235,33489.438170739435,3.344929901192513,426,10012
1763058233145,1763058233381,236,32778.029907567114,3.2738743415468554,427,10012
1763058233209,1763058233444,235,32778.029907567114,3.2738743415468554,428,10012
1763058233272,1763058233507,235,32778.029907567114,3.2738743415468554,429,10012
1763058233336,1763058233568,232,32221.39783633099,3.2182778502128437,430,10012
1763058233398,1763058233632,234,32221.39783633099,3.2182778502128437,431,10012
1763058233460,1763058233695,235,32221.39783633099,3.2182778502128437,432,10012
1763058233523,1763058233757,234,31779.94747339213,3.1741857244698495,433,10012
1763058233587,1763058233820,233,31779.94747339213,3.1741857244698495,434,10012
1763058233650,1763058233883,233,31779.94747339213,3.1741857244698495,435,10012
1763058233711,1763058233947,236,31779.94747339213,3.1741857244698495,436,10012
1763058233775,1763058234009,234,33491.43434639996,3.3451292795045906,437,10012
1763058233837,1763058234072,235,33491.43434639996,3.3451292795045906,438,10012
1763058233900,1763058234135,235,33491.43434639996,3.3451292795045906,439,10012
1763058233965,1763058234197,232,32786.52573973437,3.2747229064856542,440,10012
1763058234026,1763058234261,235,32786.52573973437,3.2747229064856542,441,10012
1763058234089,1763058234323,234,32786.52573973437,3.2747229064856542,442,10012
1763058234152,1763058234387,235,32219.917437349086,3.2181299877496095,443,10012
1763058234213,1763058234450,237,32219.917437349086,3.2181299877496095,444,10012
1763058234278,1763058234514,236,32219.917437349086,3.2181299877496095,445,10012
1763058234341,1763058234577,236,31776.582197567222,3.173849600236439,446,10012
1763058234405,1763058234640,235,31776.582197567222,3.173849600236439,447,10012
1763058234470,1763058234703,233,31776.582197567222,3.173849600236439,448,10012
1763058234532,1763058234766,234,31776.582197567222,3.173849600236439,449,10012
1763058234595,1763058234828,233,33480.49426486837,3.3440365825877327,450,10012
1763058234657,1763058234891,234,33480.49426486837,3.3440365825877327,451,10012
1763058234719,1763058234954,235,33480.49426486837,3.3440365825877327,452,10012
1763058234783,1763058235017,234,32777.817434835226,3.2738531197398353,453,10012
1763058234846,1763058235080,234,32777.817434835226,3.2738531197398353,454,10012
1763058234908,1763058235143,235,32777.817434835226,3.2738531197398353,455,10012
1763058234971,1763058235206,235,32213.00304325917,3.217439377073429,456,10012
1763058235035,1763058235270,235,32213.00304325917,3.217439377073429,457,10012
1763058235096,1763058235334,238,32213.00304325917,3.217439377073429,458,10012
1763058235160,1763058235397,237,31768.8944224343,3.1730817441504495,459,10012
1763058235225,1763058235459,234,31768.8944224343,3.1730817441504495,460,10012
1763058235289,1763058235522,233,31768.8944224343,3.1730817441504495,461,10012
1763058235351,1763058235584,233,31768.8944224343,3.1730817441504495,462,10012
1763058235414,1763058235646,232,33457.8319602577,3.3417730683437576,463,10012
1763058235477,1763058235708,231,33457.8319602577,3.3417730683437576,464,10012
1763058235537,1763058235771,234,33457.8319602577,3.3417730683437576,465,10012
1763058235601,1763058235834,233,32763.200072325388,3.272393135469975,466,10012
1763058235663,1763058235896,233,32763.200072325388,3.272393135469975,467,10012
1763058235725,1763058235959,234,32763.200072325388,3.272393135469975,468,10012
1763058235787,1763058236022,235,32206.85125757101,3.2168249358341,469,10012
1763058235851,1763058236085,234,32206.85125757101,3.2168249358341,470,10012
1763058235914,1763058236149,235,32206.85125757101,3.2168249358341,471,10012
1763058235977,1763058236211,234,31766.168452284095,3.1728094738597776,472,10012
1763058236039,1763058236275,236,31766.168452284095,3.1728094738597776,473,10012
1763058236102,1763058236338,236,31766.168452284095,3.1728094738597776,474,10012
1763058236166,1763058236401,235,31766.168452284095,3.1728094738597776,475,10012
1763058236232,1763058236463,231,33472.22575111357,3.343210722244663,476,10012
1763058236293,1763058236528,235,33472.22575111357,3.343210722244663,477,10012
1763058236355,1763058236590,235,33472.22575111357,3.343210722244663,478,10012
1763058236417,1763058236653,236,32767.799472135288,3.2728525241845072,479,10012
1763058236481,1763058236716,235,32767.799472135288,3.2728525241845072,480,10012
1763058236544,1763058236780,236,32767.799472135288,3.2728525241845072,481,10012
1763058236607,1763058236844,237,32202.316981403284,3.2163720516783143,482,10012
1763058236671,1763058236906,235,32202.316981403284,3.2163720516783143,483,10012
1763058236735,1763058236969,234,32202.316981403284,3.2163720516783143,484,10012
1763058236797,1763058237032,235,31762.554634178417,3.1724485251876167,485,10012
1763058236860,1763058237095,235,31762.554634178417,3.1724485251876167,486,10012
1763058236923,1763058237158,235,31762.554634178417,3.1724485251876167,487,10012
1763058236986,1763058237222,236,31762.554634178417,3.1724485251876167,488,10012
1763058237049,1763058237285,236,33477.64182490348,3.34375168047378,489,10012
1763058237112,1763058237347,235,33477.64182490348,3.34375168047378,490,10012
1763058237176,1763058237409,233,33477.64182490348,3.34375168047378,491,10012
1763058237239,1763058237472,233,32782.43017627298,3.2743138410180768,492,10012
1763058237299,1763058237534,235,32782.43017627298,3.2743138410180768,493,10012
1763058237362,1763058237596,234,32782.43017627298,3.2743138410180768,494,10012
1763058237426,1763058237658,232,32224.904850489565,3.2186281312914073,495,10012
1763058237488,1763058237722,234,32224.904850489565,3.2186281312914073,496,10012
1763058237550,1763058237785,235,32224.904850489565,3.2186281312914073,497,10012
1763058237612,1763058237848,236,31778.368260989693,3.1740279925079604,498,10012
1763058237676,1763058237911,235,31778.368260989693,3.1740279925079604,499,10012
1763058237739,1763058237974,235,31778.368260989693,3.1740279925079604,500,10012
1763058237802,1763058238037,235,31778.368260989693,3.1740279925079604,501,10012
1763058237865,1763058238100,235,33481.91239922582,3.3441782260513206,502,10012
1763058237928,1763058238164,236,33481.91239922582,3.3441782260513206,503,10012
1763058237991,1763058238226,235,33481.91239922582,3.3441782260513206,504,10012
1763058238055,1763058238289,234,32778.94626978375,3.2739658679368513,505,10012
1763058238118,1763058238352,234,32778.94626978375,3.2739658679368513,506,10012
1763058238180,1763058238415,235,32778.94626978375,3.2739658679368513,507,10012
1763058238243,1763058238478,235,32216.642284478083,3.217802865009797,508,10012
1763058238306,1763058238541,235,32216.642284478083,3.217802865009797,509,10012
1763058238369,1763058238604,235,32216.642284478083,3.217802865009797,510,10012
1763058238432,1763058238665,233,31776.15254301351,3.173806686277818,511,10012
1763058238494,1763058238728,234,31776.15254301351,3.173806686277818,512,10012
1763058238557,1763058238791,234,31776.15254301351,3.173806686277818,513,10012
1763058238618,1763058238853,235,31776.15254301351,3.173806686277818,514,10012
1763058238682,1763058238917,235,33480.153119152725,3.3440025089045875,515,10012
1763058238745,1763058238980,235,33480.153119152725,3.3440025089045875,516,10012
1763058238807,1763058239044,237,33480.153119152725,3.3440025089045875,517,10012
1763058238871,1763058239105,234,32777.54588284557,3.2738259970880517,518,10012
1763058238934,1763058239168,234,32777.54588284557,3.2738259970880517,519,10012
1763058238997,1763058239231,234,32777.54588284557,3.2738259970880517,520,10012
1763058239059,1763058239294,235,32218.27052274507,3.217965493682089,521,10012
1763058239122,1763058239357,235,32218.27052274507,3.217965493682089,522,10012
1763058239185,1763058239420,235,32218.27052274507,3.217965493682089,523,10012
1763058239248,1763058239483,235,31775.269606627822,3.1737184984646247,524,10012
1763058239311,1763058239545,234,31775.269606627822,3.1737184984646247,525,10012
1763058239373,1763058239607,234,31775.269606627822,3.1737184984646247,526,10012
1763058239436,1763058239670,234,31775.269606627822,3.1737184984646247,527,10012
1763058239497,1763058239732,235,33446.361146089,3.3406273617747706,528,10012
1763058239561,1763058239794,233,33446.361146089,3.3406273617747706,529,10012
1763058239625,1763058239857,232,33446.361146089,3.3406273617747706,530,10012
1763058239685,1763058239995,310,32747.237111140756,3.2707987526109426,531,10012
1763058239747,1763058240057,310,32747.237111140756,3.2707987526109426,532,10012
1763058239812,1763058240124,312,30138.9735033569,3.0102850083256993,533,10012
1763058239874,1763058240188,314,30138.9735033569,3.0102850083256993,534,10012
1763058240008,1763058240250,242,30138.9735033569,3.0102850083256993,535,10012
1763058240065,1763058240312,247,30117.966908672093,3.008186866627257,536,10012
1763058240139,1763058240376,237,30117.966908672093,3.008186866627257,537,10012
1763058240203,1763058240440,237,30117.966908672093,3.008186866627257,538,10012
1763058240266,1763058240508,242,30100.917791668297,3.0064839983687874,539,10012
1763058240329,1763058240574,245,30100.917791668297,3.0064839983687874,540,10012
1763058240442,1763058240725,283,28035.149644376295,2.800154778703186,541,10012
1763058240511,1763058240787,276,28035.149644376295,2.800154778703186,542,10012
1763058240572,1763058240849,277,28035.149644376295,2.800154778703186,543,10012
1763058240631,1763058240911,280,28435.319715501035,2.840123822962549,544,10012
1763058240695,1763058240973,278,28435.319715501035,2.840123822962549,545,10012
1763058240759,1763058241035,276,28435.319715501035,2.840123822962549,546,10012
1763058240821,1763058241097,276,28435.319715501035,2.840123822962549,547,10012
1763058240885,1763058241160,275,30850.757214676818,3.0813780677863387,548,10012
1763058240947,1763058241222,275,30850.757214676818,3.0813780677863387,549,10012
1763058241025,1763058241283,258,30850.757214676818,3.0813780677863387,550,10012
1763058241090,1763058241345,255,30681.28771402404,3.0644514296867804,551,10012
1763058241150,1763058241407,257,30681.28771402404,3.0644514296867804,552,10012
1763058241215,1763058241469,254,30681.28771402404,3.0644514296867804,553,10012
1763058241279,1763058241531,252,30549.649020363137,3.051303338030677,554,10012
1763058241342,1763058241593,251,30549.649020363137,3.051303338030677,555,10012
1763058241405,1763058241655,250,30549.649020363137,3.051303338030677,556,10012
1763058241469,1763058241717,248,30549.649020363137,3.051303338030677,557,10012
1763058241532,1763058241779,247,32506.30932216833,3.246734850396358,558,10012
1763058241597,1763058241841,244,32506.30932216833,3.246734850396358,559,10012
1763058241659,1763058241903,244,32506.30932216833,3.246734850396358,560,10012
1763058241721,1763058241965,244,31994.955292479484,3.195660736364312,561,10012
1763058241783,1763058242027,244,31994.955292479484,3.195660736364312,562,10012
1763058241847,1763058242089,242,31994.955292479484,3.195660736364312,563,10012
1763058241911,1763058242151,240,31593.36945752119,3.155550285409628,564,10012
1763058241976,1763058242213,237,31593.36945752119,3.155550285409628,565,10012
1763058242039,1763058242275,236,31593.36945752119,3.155550285409628,566,10012
1763058242101,1763058242337,236,31593.36945752119,3.155550285409628,567,10012
1763058242165,1763058242399,234,33326.568718729344,3.328662476900654,568,10012
1763058242228,1763058242463,235,33326.568718729344,3.328662476900654,569,10012
1763058242291,1763058242527,236,33326.568718729344,3.328662476900654,570,10012
1763058242354,1763058242590,236,32645.42099395237,3.2606293441822185,571,10012
1763058242418,1763058242654,236,32645.42099395237,3.2606293441822185,572,10012
1763058242482,1763058242717,235,32645.42099395237,3.2606293441822185,573,10012
1763058242545,1763058242781,236,32105.27084820423,3.206679069936499,574,10012
1763058242608,1763058242845,237,32105.27084820423,3.206679069936499,575,10012
1763058242671,1763058242907,236,32105.27084820423,3.206679069936499,576,10012
1763058242736,1763058242970,234,31687.278136866975,3.1649298978093263,577,10012
1763058242799,1763058243034,235,31687.278136866975,3.1649298978093263,578,10012
1763058242864,1763058243096,232,31687.278136866975,3.1649298978093263,579,10012
1763058242924,1763058243159,235,31687.278136866975,3.1649298978093263,580,10012
1763058242988,1763058243241,253,33426.30828439864,3.3386244790649866,581,10012
1763058243051,1763058243304,253,33426.30828439864,3.3386244790649866,582,10012
1763058243114,1763058243367,253,33426.30828439864,3.3386244790649866,583,10012
1763058243178,1763058243428,250,32727.90477781252,3.2688678363775994,584,10012
1763058243269,1763058243508,239,32727.90477781252,3.2688678363775994,585,10012
1763058243321,1763058243570,249,32727.90477781252,3.2688678363775994,586,10012
1763058243386,1763058243632,246,32173.37239358314,3.213481062083814,587,10012
1763058243446,1763058243694,248,32173.37239358314,3.213481062083814,588,10012
1763058243510,1763058243756,246,32173.37239358314,3.213481062083814,589,10012
1763058243574,1763058243818,244,31735.211052898598,3.169717444356632,590,10012
1763058243637,1763058243880,243,31735.211052898598,3.169717444356632,591,10012
1763058243700,1763058243942,242,31735.211052898598,3.169717444356632,592,10012
1763058243763,1763058244004,241,31386.872787054384,3.1349253682635223,593,10012
1763058243826,1763058244066,240,31386.872787054384,3.1349253682635223,594,10012
1763058243888,1763058244128,240,31386.872787054384,3.1349253682635223,595,10012
1763058243951,1763058244190,239,31386.872787054384,3.1349253682635223,596,10012
1763058244015,1763058244252,237,33162.403865708235,3.3122656677695,597,10012
1763058244079,1763058244314,235,33162.403865708235,3.3122656677695,598,10012
1763058244143,1763058244378,235,33162.403865708235,3.3122656677695,599,10012
1763058244205,1763058244440,235,32524.617477103755,3.248563471544522,600,10012
1763058244269,1763058244502,233,32524.617477103755,3.248563471544522,601,10012
1763058244332,1763058244565,233,32524.617477103755,3.248563471544522,602,10012
1763058244392,1763058244627,235,32014.450894297486,3.197607959877895,603,10012
1763058244455,1763058244691,236,32014.450894297486,3.197607959877895,604,10012
1763058244519,1763058244754,235,32014.450894297486,3.197607959877895,605,10012
1763058244582,1763058244817,235,31612.825362755095,3.1574935440226826,606,10012
1763058244645,1763058244880,235,31612.825362755095,3.1574935440226826,607,10012
1763058244709,1763058244942,233,31612.825362755095,3.1574935440226826,608,10012
1763058244772,1763058245004,232,31612.825362755095,3.1574935440226826,609,10012
1763058244834,1763058245067,233,33342.0361633903,3.3302073674980326,610,10012
1763058244897,1763058245129,232,33342.0361633903,3.3302073674980326,611,10012
1763058244958,1763058245193,235,33342.0361633903,3.3302073674980326,612,10012
1763058245023,1763058245256,233,32667.60478605868,3.262845064528434,613,10012
1763058245083,1763058245318,235,32667.60478605868,3.262845064528434,614,10012
1763058245148,1763058245381,233,32667.60478605868,3.262845064528434,615,10012
1763058245211,1763058245444,233,32130.75740970271,3.2092246713646335,616,10012
1763058245273,1763058245507,234,32130.75740970271,3.2092246713646335,617,10012
1763058245335,1763058245571,236,32130.75740970271,3.2092246713646335,618,10012
1763058245399,1763058245633,234,31705.52165553306,3.1667520630776127,619,10012
1763058245461,1763058245695,234,31705.52165553306,3.1667520630776127,620,10012
1763058245525,1763058245758,233,31705.52165553306,3.1667520630776127,621,10012
1763058245588,1763058245821,233,31705.52165553306,3.1667520630776127,622,10012
1763058245649,1763058245884,235,33407.387237804316,3.33673464220978,623,10012
1763058245712,1763058245945,233,33407.387237804316,3.33673464220978,624,10012
1763058245775,1763058246009,234,33407.387237804316,3.33673464220978,625,10012
1763058245836,1763058246073,237,32712.881466816627,3.2673673059145654,626,10012
1763058245899,1763058246136,237,32712.881466816627,3.2673673059145654,627,10012
1763058245964,1763058246200,236,32712.881466816627,3.2673673059145654,628,10012
1763058246027,1763058246263,236,32158.767003185585,3.21202227359025,629,10012
1763058246090,1763058246326,236,32158.767003185585,3.21202227359025,630,10012
1763058246154,1763058246389,235,32158.767003185585,3.21202227359025,631,10012
1763058246218,1763058246452,234,31729.968068542097,3.1691937743250196,632,10012
1763058246280,1763058246515,235,31729.968068542097,3.1691937743250196,633,10012
1763058246343,1763058246579,236,31729.968068542097,3.1691937743250196,634,10012
1763058246405,1763058246642,237,31729.968068542097,3.1691937743250196,635,10012
1763058246469,1763058246705,236,33443.482646422424,3.3403398568140656,636,10012
1763058246534,1763058246767,233,33443.482646422424,3.3403398568140656,637,10012
1763058246596,1763058246830,234,33443.482646422424,3.3403398568140656,638,10012
1763058246659,1763058246892,233,32751.763669198674,3.2712508658808104,639,10012
1763058246720,1763058246954,234,32751.763669198674,3.2712508658808104,640,10012
1763058246784,1763058247017,233,32751.763669198674,3.2712508658808104,641,10012
1763058246846,1763058247082,236,32192.316353343747,3.2153731875093636,642,10012
1763058246909,1763058247145,236,32192.316353343747,3.2153731875093636,643,10012
1763058246971,1763058247209,238,32192.316353343747,3.2153731875093636,644,10012
1763058247035,1763058247272,237,31752.42781726162,3.1714370572574535,645,10012
1763058247100,1763058247333,233,31752.42781726162,3.1714370572574535,646,10012
1763058247162,1763058247396,234,31752.42781726162,3.1714370572574535,647,10012
1763058247224,1763058247459,235,31752.42781726162,3.1714370572574535,648,10012
1763058247288,1763058247523,235,33461.31568690573,3.342121023462418,649,10012
1763058247350,1763058247586,236,33461.31568690573,3.342121023462418,650,10012
1763058247413,1763058247649,236,33461.31568690573,3.342121023462418,651,10012
1763058247477,1763058247713,236,32755.700655403147,3.2716440926291597,652,10012
1763058247540,1763058247776,236,32755.700655403147,3.2716440926291597,653,10012
1763058247603,1763058247839,236,32755.700655403147,3.2716440926291597,654,10012
1763058247667,1763058247903,236,32198.1620210455,3.215957053640182,655,10012
1763058247730,1763058247966,236,32198.1620210455,3.215957053640182,656,10012
1763058247793,1763058248029,236,32198.1620210455,3.215957053640182,657,10012
1763058247857,1763058248091,234,31761.40529279431,3.1723337288048654,658,10012
1763058247920,1763058248152,232,31761.40529279431,3.1723337288048654,659,10012
1763058247995,1763058248231,236,31761.40529279431,3.1723337288048654,660,10012
1763058248059,1763058248292,233,31412.873423649857,3.1375223155862826,661,10012
1763058248121,1763058248354,233,31412.873423649857,3.1375223155862826,662,10012
1763058248184,1763058248417,233,31412.873423649857,3.1375223155862826,663,10012
1763058248245,1763058248479,234,31412.873423649857,3.1375223155862826,664,10012
1763058248308,1763058248543,235,33183.07437180164,3.3143302408910946,665,10012
1763058248370,1763058248607,237,33183.07437180164,3.3143302408910946,666,10012
1763058248433,1763058248671,238,33183.07437180164,3.3143302408910946,667,10012
1763058248497,1763058248734,237,32534.7770512105,3.2495782112675293,668,10012
1763058248561,1763058248798,237,32534.7770512105,3.2495782112675293,669,10012
1763058248625,1763058248860,235,32534.7770512105,3.2495782112675293,670,10012
1763058248688,1763058248921,233,32027.52530981477,3.198913834380221,671,10012
1763058248766,1763058248999,233,32027.52530981477,3.198913834380221,672,10012
1763058248828,1763058249062,234,32027.52530981477,3.198913834380221,673,10012
1763058248891,1763058249126,235,31621.254146612555,3.158335412166656,674,10012
1763058248953,1763058249188,235,31621.254146612555,3.158335412166656,675,10012
1763058249016,1763058249249,233,31621.254146612555,3.158335412166656,676,10012
1763058249078,1763058249311,233,31302.618063143433,3.1265099943211583,677,10012
1763058249140,1763058249375,235,31302.618063143433,3.1265099943211583,678,10012
1763058249202,1763058249438,236,31302.618063143433,3.1265099943211583,679,10012
1763058249265,1763058249500,235,31302.618063143433,3.1265099943211583,680,10012
1763058249329,1763058249562,233,33086.675978262174,3.304701955479642,681,10012
1763058249390,1763058249628,238,33086.675978262174,3.304701955479642,682,10012
1763058249452,1763058249691,239,33086.675978262174,3.304701955479642,683,10012
1763058249516,1763058249752,236,32458.236726740164,3.241933352650836,684,10012
1763058249611,1763058249846,235,32458.236726740164,3.241933352650836,685,10012
1763058249676,1763058249913,237,32458.236726740164,3.241933352650836,686,10012
1763058249737,1763058250012,275,31956.83372430495,3.191853148652113,687,10012
1763058249817,1763058250074,257,31956.83372430495,3.191853148652113,688,10012
1763058249883,1763058250136,253,29558.334145719655,2.952290665773038,689,10012
1763058249955,1763058250198,243,29558.334145719655,2.952290665773038,690,10012
1763058250034,1763058250270,236,29558.334145719655,2.952290665773038,691,10012
1763058250099,1763058250345,246,29656.255645847126,2.9620710792895655,692,10012
1763058250166,1763058250407,241,29656.255645847126,2.9620710792895655,693,10012
1763058250223,1763058250469,246,29656.255645847126,2.9620710792895655,694,10012
1763058250286,1763058250531,245,29656.255645847126,2.9620710792895655,695,10012
1763058250356,1763058250593,237,31765.77974974016,3.1727706501937836,696,10012
1763058250426,1763058250664,238,31765.77974974016,3.1727706501937836,697,10012
1763058250492,1763058250725,233,31765.77974974016,3.1727706501937836,698,10012
1763058250554,1763058250788,234,31411.174901043425,3.137352666904058,699,10012
1763058250618,1763058250853,235,31411.174901043425,3.137352666904058,700,10012
1763058250680,1763058250915,235,31411.174901043425,3.137352666904058,701,10012
1763058250743,1763058250978,235,31133.389571032654,3.1096074281894386,702,10012
1763058250814,1763058251040,226,31133.389571032654,3.1096074281894386,703,10012
1763058250868,1763058251102,234,31133.389571032654,3.1096074281894386,704,10012
1763058250932,1763058251164,232,30908.42470897096,3.0871379054106036,705,10012
1763058250994,1763058251228,234,30908.42470897096,3.0871379054106036,706,10012
1763058251067,1763058251306,239,30908.42470897096,3.0871379054106036,707,10012
1763058251118,1763058251367,249,30730.450068340884,3.0693617727068405,708,10012
1763058251183,1763058251429,246,30730.450068340884,3.0693617727068405,709,10012
1763058251249,1763058251491,242,30730.450068340884,3.0693617727068405,710,10012
1763058251305,1763058251553,248,30591.560054672707,3.0554894181654726,711,10012
1763058251369,1763058251615,246,30591.560054672707,3.0554894181654726,712,10012
1763058251433,1763058251677,244,30591.560054672707,3.0554894181654726,713,10012
1763058251497,1763058251739,242,30591.560054672707,3.0554894181654726,714,10012
1763058251559,1763058251801,242,32577.41244319144,3.2538366403507233,715,10012
1763058251622,1763058251864,242,32577.41244319144,3.2538366403507233,716,10012
1763058251686,1763058251926,240,32577.41244319144,3.2538366403507233,717,10012
1763058251748,1763058251988,240,32053.881479894004,3.2015462924384743,718,10012
1763058251810,1763058252050,240,32053.881479894004,3.2015462924384743,719,10012
1763058251874,1763058252112,238,32053.881479894004,3.2015462924384743,720,10012
1763058251937,1763058252174,237,31640.21577651573,3.1602293024885872,721,10012
1763058252003,1763058252236,233,31640.21577651573,3.1602293024885872,722,10012
1763058252064,1763058252299,235,31640.21577651573,3.1602293024885872,723,10012
1763058252128,1763058252363,235,31640.21577651573,3.1602293024885872,724,10012
1763058252191,1763058252426,235,33380.62711077697,3.33406183687345,725,10012
1763058252253,1763058252491,238,33380.62711077697,3.33406183687345,726,10012
1763058252317,1763058252553,236,33380.62711077697,3.33406183687345,727,10012
1763058252381,1763058252617,236,32691.633925956914,3.265245098477519,728,10012
1763058252445,1763058252680,235,32691.633925956914,3.265245098477519,729,10012
1763058252508,1763058252743,235,32691.633925956914,3.265245098477519,730,10012
1763058252572,1763058252807,235,32144.57333720979,3.2106046081911503,731,10012
1763058252635,1763058252870,235,32144.57333720979,3.2106046081911503,732,10012
1763058252697,1763058252932,235,32144.57333720979,3.2106046081911503,733,10012
1763058252762,1763058252996,234,31718.64152309341,3.168062477336538,734,10012
1763058252824,1763058253058,234,31718.64152309341,3.168062477336538,735,10012
1763058252887,1763058253120,233,31718.64152309341,3.168062477336538,736,10012
1763058252950,1763058253182,232,31718.64152309341,3.168062477336538,737,10012
1763058253013,1763058253244,231,33417.830652382356,3.3377777319598843,738,10012
1763058253075,1763058253307,232,33417.830652382356,3.3377777319598843,739,10012
1763058253136,1763058253370,234,33417.830652382356,3.3377777319598843,740,10012
1763058253199,1763058253434,235,32724.555368643974,3.268533296908108,741,10012
1763058253262,1763058253497,235,32724.555368643974,3.268533296908108,742,10012
1763058253325,1763058253560,235,32724.555368643974,3.268533296908108,743,10012
1763058253388,1763058253624,236,32168.024407334673,3.21294690444813,744,10012
1763058253452,1763058253688,236,32168.024407334673,3.21294690444813,745,10012
1763058253515,1763058253750,235,32168.024407334673,3.21294690444813,746,10012
1763058253579,1763058253813,234,31739.487501460404,3.1701445766540557,747,10012
1763058253643,1763058253876,233,31739.487501460404,3.1701445766540557,748,10012
1763058253703,1763058253939,236,31739.487501460404,3.1701445766540557,749,10012
1763058253766,1763058254001,235,31739.487501460404,3.1701445766540557,750,10012
1763058253830,1763058254064,234,33459.3495886581,3.3419246492866663,751,10012
1763058253894,1763058254126,232,33459.3495886581,3.3419246492866663,752,10012
1763058253956,1763058254189,233,33459.3495886581,3.3419246492866663,753,10012
1763058254019,1763058254252,233,32760.98627257185,3.2721720208321865,754,10012
1763058254081,1763058254315,234,32760.98627257185,3.2721720208321865,755,10012
1763058254143,1763058254377,234,32760.98627257185,3.2721720208321865,756,10012
1763058254207,1763058254441,234,32205.089072967192,3.2166489285824205,757,10012
1763058254270,1763058254504,234,32205.089072967192,3.2166489285824205,758,10012
1763058254332,1763058254567,235,32205.089072967192,3.2166489285824205,759,10012
1763058254396,1763058254631,235,31762.594902081884,3.1724525471516065,760,10012
1763058254459,1763058254693,234,31762.594902081884,3.1724525471516065,761,10012
1763058254523,1763058254757,234,31762.594902081884,3.1724525471516065,762,10012
1763058254585,1763058254820,235,31762.594902081884,3.1724525471516065,763,10012
1763058254648,1763058254882,234,33461.1029471551,3.342099774985527,764,10012
1763058254714,1763058254946,232,33461.1029471551,3.342099774985527,765,10012
1763058254774,1763058255009,235,33461.1029471551,3.342099774985527,766,10012
1763058254836,1763058255071,235,32762.38194593546,3.2723114208884794,767,10012
1763058254899,1763058255133,234,32762.38194593546,3.2723114208884794,768,10012
1763058254962,1763058255195,233,32762.38194593546,3.2723114208884794,769,10012
1763058255024,1763058255258,234,32206.200028964628,3.2167598910272295,770,10012
1763058255086,1763058255321,235,32206.200028964628,3.2167598910272295,771,10012
1763058255149,1763058255385,236,32206.200028964628,3.2167598910272295,772,10012
1763058255213,1763058255448,235,31763.479223055845,3.1725408732576748,773,10012
1763058255276,1763058255511,235,31763.479223055845,3.1725408732576748,774,10012
1763058255340,1763058255574,234,31763.479223055845,3.1725408732576748,775,10012
1763058255402,1763058255637,235,31763.479223055845,3.1725408732576748,776,10012
1763058255466,1763058255699,233,33470.09050310634,3.3429974533665936,777,10012
1763058255529,1763058255763,234,33470.09050310634,3.3429974533665936,778,10012
1763058255592,1763058255825,233,33470.09050310634,3.3429974533665936,779,10012
1763058255653,1763058255887,234,32769.536040472645,3.2730259728798083,780,10012
1763058255717,1763058255951,234,32769.536040472645,3.2730259728798083,781,10012
1763058255779,1763058256014,235,32769.536040472645,3.2730259728798083,782,10012
1763058255842,1763058256077,235,32209.16115217575,3.2170556484394477,783,10012
1763058255906,1763058256139,233,32209.16115217575,3.2170556484394477,784,10012
1763058255969,1763058256202,233,32209.16115217575,3.2170556484394477,785,10012
1763058256032,1763058256266,234,31768.009438284073,3.1729933518062396,786,10012
1763058256094,1763058256329,235,31768.009438284073,3.1729933518062396,787,10012
1763058256157,1763058256393,236,31768.009438284073,3.1729933518062396,788,10012
1763058256221,1763058256456,235,31768.009438284073,3.1729933518062396,789,10012
1763058256284,1763058256519,235,33490.24747512099,3.345010734630542,790,10012
1763058256348,1763058256582,234,33490.24747512099,3.345010734630542,791,10012
1763058256411,1763058256646,235,33490.24747512099,3.345010734630542,792,10012
1763058256474,1763058256708,234,32782.126742721186,3.274283534031281,793,10012
1763058256537,1763058256771,234,32782.126742721186,3.274283534031281,794,10012
1763058256601,1763058256834,233,32782.126742721186,3.274283534031281,795,10012
1763058256663,1763058256897,234,32221.916887206065,3.2183296930889,796,10012
1763058256726,1763058256960,234,32221.916887206065,3.2183296930889,797,10012
1763058256789,1763058257022,233,32221.916887206065,3.2183296930889,798,10012
1763058256852,1763058257085,233,31780.36167599044,3.1742270950849423,799,10012
1763058256915,1763058257148,233,31780.36167599044,3.1742270950849423,800,10012
1763058256977,1763058257210,233,31780.36167599044,3.1742270950849423,801,10012
1763058257040,1763058257272,232,31780.36167599044,3.1742270950849423,802,10012
1763058257103,1763058257334,231,33466.95989408839,3.342684767687614,803,10012
1763058257164,1763058257397,233,33466.95989408839,3.342684767687614,804,10012
1763058257226,1763058257461,235,33466.95989408839,3.342684767687614,805,10012
1763058257289,1763058257524,235,32763.613115800268,3.2724343903116533,806,10012
1763058257352,1763058257586,234,32763.613115800268,3.2724343903116533,807,10012
1763058257415,1763058257649,234,32763.613115800268,3.2724343903116533,808,10012
1763058257479,1763058257712,233,32204.452427061213,3.2165853402977644,809,10012
1763058257541,1763058257776,235,32204.452427061213,3.2165853402977644,810,10012
1763058257604,1763058257840,236,32204.452427061213,3.2165853402977644,811,10012
1763058257667,1763058257903,236,31762.088131940727,3.1724019308770206,812,10012
1763058257731,1763058257966,235,31762.088131940727,3.1724019308770206,813,10012
1763058257795,1763058258030,235,31762.088131940727,3.1724019308770206,814,10012
1763058257857,1763058258094,237,31762.088131940727,3.1724019308770206,815,10012
1763058257921,1763058258158,237,33493.84371236512,3.3453699273237234,816,10012
1763058257985,1763058258220,235,33493.84371236512,3.3453699273237234,817,10012
1763058258048,1763058258283,235,33493.84371236512,3.3453699273237234,818,10012
1763058258113,1763058258345,232,32791.901438755,3.2752598320770074,819,10012
1763058258175,1763058258408,233,32791.901438755,3.2752598320770074,820,10012
1763058258237,1763058258472,235,32791.901438755,3.2752598320770074,821,10012
1763058258300,1763058258534,234,32226.941643810223,3.218831566501221,822,10012
1763058258363,1763058258597,234,32226.941643810223,3.218831566501221,823,10012
1763058258427,1763058258660,233,32226.941643810223,3.218831566501221,824,10012
1763058258488,1763058258723,235,31782.18049011675,3.174408758501473,825,10012
1763058258552,1763058258785,233,31782.18049011675,3.174408758501473,826,10012
1763058258614,1763058258848,234,31782.18049011675,3.174408758501473,827,10012
1763058258677,1763058258910,233,31782.18049011675,3.174408758501473,828,10012
1763058258739,1763058258973,234,33476.67348964282,3.343654963008671,829,10012
1763058258803,1763058259035,232,33476.67348964282,3.343654963008671,830,10012
1763058258865,1763058259099,234,33476.67348964282,3.343654963008671,831,10012
1763058258927,1763058259161,234,32774.77609775568,3.273549350554902,832,10012
1763058258990,1763058259225,235,32774.77609775568,3.273549350554902,833,10012
1763058259054,1763058259288,234,32774.77609775568,3.273549350554902,834,10012
1763058259116,1763058259351,235,32213.32699771577,3.217471733691147,835,10012
1763058259180,1763058259413,233,32213.32699771577,3.217471733691147,836,10012
1763058259244,1763058259476,232,32213.32699771577,3.217471733691147,837,10012
1763058259306,1763058259540,234,31771.32961717947,3.1733249717518444,838,10012
1763058259368,1763058259604,236,31771.32961717947,3.1733249717518444,839,10012
1763058259431,1763058259666,235,31771.32961717947,3.1733249717518444,840,10012
1763058259494,1763058259728,234,31771.32961717947,3.1733249717518444,841,10012
1763058259557,1763058259791,234,33476.3237160405,3.343620027570964,842,10012
1763058259618,1763058259854,236,33476.3237160405,3.343620027570964,843,10012
1763058259682,1763058259917,235,33476.3237160405,3.343620027570964,844,10012
1763058259745,1763058259979,234,32774.49767796823,3.2735215419464874,845,10012
1763058259812,1763058260044,232,32774.49767796823,3.2735215419464874,846,10012
1763058259873,1763058260107,234,32774.49767796823,3.2735215419464874,847,10012
1763058259934,1763058260170,236,32210.367156306776,3.217176104305511,848,10012
1763058259998,1763058260233,235,32210.367156306776,3.217176104305511,849,10012
1763058260062,1763058260296,234,32210.367156306776,3.217176104305511,850,10012
1763058260124,1763058260358,234,31771.144990732806,3.1733065312357978,851,10012
1763058260188,1763058260421,233,31771.144990732806,3.1733065312357978,852,10012
1763058260250,1763058260484,234,31771.144990732806,3.1733065312357978,853,10012
1763058260313,1763058260547,234,31771.144990732806,3.1733065312357978,854,10012
1763058260376,1763058260611,235,33484.453977651116,3.3444320792699878,855,10012
1763058260439,1763058260673,234,33484.453977651116,3.3444320792699878,856,10012
1763058260501,1763058260737,236,33484.453977651116,3.3444320792699878,857,10012
1763058260565,1763058260799,234,32777.520912232634,3.2738235030196403,858,10012
1763058260628,1763058260868,240,32777.520912232634,3.2738235030196403,859,10012
1763058260691,1763058260933,242,32777.520912232634,3.2738235030196403,860,10012
1763058260754,1763058260995,241,32212.76760431271,3.2174158613975945,861,10012
1763058260845,1763058261085,240,32212.76760431271,3.2174158613975945,862,10012
1763058260920,1763058261148,228,32212.76760431271,3.2174158613975945,863,10012
1763058260981,1763058261212,231,31762.17671021998,3.1724107780882926,864,10012
1763058261040,1763058261275,235,31762.17671021998,3.1724107780882926,865,10012
1763058261103,1763058261337,234,31762.17671021998,3.1724107780882926,866,10012
1763058261167,1763058261400,233,31411.762838045324,3.137411390136369,867,10012
1763058261229,1763058261463,234,31411.762838045324,3.137411390136369,868,10012
1763058261292,1763058261526,234,31411.762838045324,3.137411390136369,869,10012
1763058261354,1763058261588,234,31133.858744760168,3.1096542893288226,870,10012
1763058261417,1763058261650,233,31133.858744760168,3.1096542893288226,871,10012
1763058261481,1763058261713,232,31133.858744760168,3.1096542893288226,872,10012
1763058261541,1763058261777,236,31133.858744760168,3.1096542893288226,873,10012
1763058261603,1763058261840,237,32970.17184333957,3.293065505727085,874,10012
1763058261667,1763058261903,236,32970.17184333957,3.293065505727085,875,10012
1763058261730,1763058261968,238,32970.17184333957,3.293065505727085,876,10012
1763058261795,1763058262029,234,32365.73244361162,3.2326940115473053,877,10012
1763058261858,1763058262093,235,32365.73244361162,3.2326940115473053,878,10012
1763058261921,1763058262156,235,32365.73244361162,3.2326940115473053,879,10012
1763058261984,1763058262219,235,31888.13729267124,3.184991739180108,880,10012
1763058262046,1763058262282,236,31888.13729267124,3.184991739180108,881,10012
1763058262111,1763058262345,234,31888.13729267124,3.184991739180108,882,10012
1763058262174,1763058262409,235,31510.301284966306,3.1472534243873658,883,10012
1763058262238,1763058262473,235,31510.301284966306,3.1472534243873658,884,10012
1763058262302,1763058262535,233,31510.301284966306,3.1472534243873658,885,10012
1763058262363,1763058262597,234,31510.301284966306,3.1472534243873658,886,10012
1763058262427,1763058262660,233,33260.52952154821,3.322066472387956,887,10012
1763058262489,1763058262723,234,33260.52952154821,3.322066472387956,888,10012
1763058262551,1763058262785,234,33260.52952154821,3.322066472387956,889,10012
1763058262614,1763058262848,234,32602.725499152377,3.2563649120208127,890,10012
1763058262677,1763058262911,234,32602.725499152377,3.2563649120208127,891,10012
1763058262739,1763058262975,236,32602.725499152377,3.2563649120208127,892,10012
1763058262802,1763058263038,236,32071.413320827836,3.2032973752325047,893,10012
1763058262865,1763058263101,236,32071.413320827836,3.2032973752325047,894,10012
1763058262929,1763058263164,235,32071.413320827836,3.2032973752325047,895,10012
1763058262992,1763058263228,236,31658.224416699784,3.162028008060306,896,10012
1763058263055,1763058263291,236,31658.224416699784,3.162028008060306,897,10012
1763058263119,1763058263354,235,31658.224416699784,3.162028008060306,898,10012
1763058263182,1763058263417,235,31658.224416699784,3.162028008060306,899,10012
1763058263245,1763058263480,235,33394.90796244293,3.335488210391823,900,10012
1763058263309,1763058263543,234,33394.90796244293,3.335488210391823,901,10012
1763058263372,1763058263607,235,33394.90796244293,3.335488210391823,902,10012
1763058263434,1763058263671,237,32702.972922179684,3.2663776390511075,903,10012
1763058263498,1763058263734,236,32702.972922179684,3.2663776390511075,904,10012
1763058263561,1763058263797,236,32702.972922179684,3.2663776390511075,905,10012
1763058263626,1763058263859,233,32156.24347313285,3.2117702230456304,906,10012
1763058263689,1763058263922,233,32156.24347313285,3.2117702230456304,907,10012
1763058263752,1763058263985,233,32156.24347313285,3.2117702230456304,908,10012
1763058263814,1763058264048,234,31727.954291560014,3.168992637990413,909,10012
1763058263876,1763058264111,235,31727.954291560014,3.168992637990413,910,10012
1763058263940,1763058264173,233,31727.954291560014,3.168992637990413,911,10012
1763058264003,1763058264237,234,31727.954291560014,3.168992637990413,912,10012
1763058264066,1763058264301,235,33458.52379891553,3.341842169288407,913,10012
1763058264128,1763058264366,238,33458.52379891553,3.341842169288407,914,10012
1763058264192,1763058264428,236,33458.52379891553,3.341842169288407,915,10012
1763058264256,1763058264492,236,32753.48389633893,3.271422682414995,916,10012
1763058264319,1763058264555,236,32753.48389633893,3.271422682414995,917,10012
1763058264383,1763058264619,236,32753.48389633893,3.271422682414995,918,10012
1763058264447,1763058264682,235,32193.68221369311,3.215509609837506,919,10012
1763058264510,1763058264745,235,32193.68221369311,3.215509609837506,920,10012
1763058264574,1763058264809,235,32193.68221369311,3.215509609837506,921,10012
1763058264636,1763058264872,236,31753.515042099716,3.171545649430655,922,10012
1763058264700,1763058264935,235,31753.515042099716,3.171545649430655,923,10012
1763058264764,1763058264999,235,31753.515042099716,3.171545649430655,924,10012
1763058264826,1763058265062,236,31753.515042099716,3.171545649430655,925,10012
1763058264890,1763058265125,235,33478.76791334298,3.343864154349079,926,10012
1763058264954,1763058265189,235,33478.76791334298,3.343864154349079,927,10012
1763058265017,1763058265251,234,33478.76791334298,3.343864154349079,928,10012
1763058265079,1763058265314,235,32776.44325902101,3.273715866861867,929,10012
1763058265143,1763058265377,234,32776.44325902101,3.273715866861867,930,10012
1763058265206,1763058265440,234,32776.44325902101,3.273715866861867,931,10012
1763058265268,1763058265503,235,32211.911947662684,3.2173303982883223,932,10012
1763058265332,1763058265567,235,32211.911947662684,3.2173303982883223,933,10012
1763058265395,1763058265631,236,32211.911947662684,3.2173303982883223,934,10012
1763058265458,1763058265694,236,31768.025910339496,3.1729949970375046,935,10012
1763058265523,1763058265756,233,31768.025910339496,3.1729949970375046,936,10012
1763058265586,1763058265818,232,31768.025910339496,3.1729949970375046,937,10012
1763058265648,1763058265880,232,31768.025910339496,3.1729949970375046,938,10012
1763058265710,1763058265943,233,33457.140624630236,3.3417040176418538,939,10012
1763058265772,1763058266007,235,33457.140624630236,3.3417040176418538,940,10012
1763058265834,1763058266071,237,33457.140624630236,3.3417040176418538,941,10012
1763058265898,1763058266135,237,32745.543374707147,3.270629581972348,942,10012
1763058265962,1763058266198,236,32745.543374707147,3.270629581972348,943,10012
1763058266026,1763058266261,235,32745.543374707147,3.270629581972348,944,10012
1763058266090,1763058266323,233,32195.506069641597,3.2156917768319615,945,10012
1763058266153,1763058266387,234,32195.506069641597,3.2156917768319615,946,10012
1763058266214,1763058266449,235,32195.506069641597,3.2156917768319615,947,10012
1763058266278,1763058266515,237,31757.126337504353,3.1719063461350734,948,10012
1763058266341,1763058266575,234,31757.126337504353,3.1719063461350734,949,10012
1763058266404,1763058266638,234,31757.126337504353,3.1719063461350734,950,10012
1763058266467,1763058266701,234,31757.126337504353,3.1719063461350734,951,10012
1763058266530,1763058266764,234,33465.046311978454,3.342493638831248,952,10012
1763058266593,1763058266827,234,33465.046311978454,3.342493638831248,953,10012
1763058266656,1763058266891,235,33465.046311978454,3.342493638831248,954,10012
1763058266719,1763058266953,234,32762.091818022873,3.2722824428708424,955,10012
1763058266782,1763058267016,234,32762.091818022873,3.2722824428708424,956,10012
1763058266846,1763058267079,233,32762.091818022873,3.2722824428708424,957,10012
1763058266908,1763058267141,233,32208.69517896423,3.2170091069680615,958,10012
1763058266971,1763058267204,233,32208.69517896423,3.2170091069680615,959,10012
1763058267033,1763058267267,234,32208.69517896423,3.2170091069680615,960,10012
1763058267095,1763058267331,236,31763.292667276564,3.172522240039609,961,10012
1763058267159,1763058267394,235,31763.292667276564,3.172522240039609,962,10012
1763058267222,1763058267457,235,31763.292667276564,3.172522240039609,963,10012
1763058267286,1763058267521,235,31763.292667276564,3.172522240039609,964,10012
1763058267349,1763058267585,236,33486.51179248304,3.3446376141113703,965,10012
1763058267412,1763058267648,236,33486.51179248304,3.3446376141113703,966,10012
1763058267476,1763058267711,235,33486.51179248304,3.3446376141113703,967,10012
1763058267540,1763058267774,234,32782.607386816504,3.2743315408326508,968,10012
1763058267603,1763058267836,233,32782.607386816504,3.2743315408326508,969,10012
1763058267666,1763058267900,234,32782.607386816504,3.2743315408326508,970,10012
1763058267729,1763058267964,235,32214.05965774549,3.217544911880292,971,10012
1763058267791,1763058268027,236,32214.05965774549,3.217544911880292,972,10012
1763058267855,1763058268090,235,32214.05965774549,3.217544911880292,973,10012
1763058267919,1763058268154,235,31769.73548756541,3.1731657498567123,974,10012
1763058267982,1763058268216,234,31769.73548756541,3.1731657498567123,975,10012
1763058268045,1763058268280,235,31769.73548756541,3.1731657498567123,976,10012
1763058268109,1763058268344,235,31769.73548756541,3.1731657498567123,977,10012
1763058268171,1763058268408,237,33491.614506151804,3.345147273886516,978,10012
1763058268235,1763058268471,236,33491.614506151804,3.345147273886516,979,10012
1763058268299,1763058268533,234,33491.614506151804,3.345147273886516,980,10012
1763058268362,1763058268596,234,32786.669146896835,3.274737230013667,981,10012
1763058268426,1763058268659,233,32786.669146896835,3.274737230013667,982,10012
1763058268487,1763058268722,235,32786.669146896835,3.274737230013667,983,10012
1763058268551,1763058268785,234,32222.781971782984,3.218416097860865,984,10012
1763058268614,1763058268848,234,32222.781971782984,3.218416097860865,985,10012
1763058268677,1763058268911,234,32222.781971782984,3.218416097860865,986,10012
1763058268740,1763058268975,235,31776.678449539257,3.1738592138972486,987,10012
1763058268803,1763058269039,236,31776.678449539257,3.1738592138972486,988,10012
1763058268866,1763058269101,235,31776.678449539257,3.1738592138972486,989,10012
1763058268930,1763058269165,235,31776.678449539257,3.1738592138972486,990,10012
1763058268996,1763058269229,233,33497.11333203509,3.345696497406621,991,10012
1763058269057,1763058269292,235,33497.11333203509,3.345696497406621,992,10012
1763058269121,1763058269356,235,33497.11333203509,3.345696497406621,993,10012
1763058269184,1763058269420,236,32777.201758971794,3.273791625946044,994,10012
1763058269247,1763058269484,237,32777.201758971794,3.273791625946044,995,10012
1763058269311,1763058269546,235,32777.201758971794,3.273791625946044,996,10012
1763058269375,1763058269610,235,32215.25539838258,3.217664342627105,997,10012
1763058269440,1763058269672,232,32215.25539838258,3.217664342627105,998,10012
1763058269501,1763058269736,235,32215.25539838258,3.217664342627105,999,10012
1763058269564,1763058269798,234,31775.045807909297,3.1736961454164296,1000,10012
1763058269629,1763058269861,232,31775.045807909297,3.1736961454164296,1001,10012
1763058269691,1763058269924,233,31775.045807909297,3.1736961454164296,1002,10012
1763058269753,1763058269987,234,31775.045807909297,3.1736961454164296,1003,10012
1763058269816,1763058270050,234,33487.54732567207,3.3447410433152287,1004,10012
1763058269879,1763058270114,235,33487.54732567207,3.3447410433152287,1005,10012
1763058269942,1763058270177,235,33487.54732567207,3.3447410433152287,1006,10012
1763058270006,1763058270241,235,32773.077029257955,3.2733796473489765,1007,10012
1763058270069,1763058270305,236,32773.077029257955,3.2733796473489765,1008,10012
1763058270132,1763058270370,238,32773.077029257955,3.2733796473489765,1009,10012
1763058270196,1763058270433,237,32203.7650071723,3.2165166807003893,1010,10012
1763058270260,1763058270496,236,32203.7650071723,3.2165166807003893,1011,10012
1763058270325,1763058270559,234,32203.7650071723,3.2165166807003893,1012,10012
1763058270388,1763058270622,234,31765.876475723497,3.1727803111989106,1013,10012
1763058270451,1763058270685,234,31765.876475723497,3.1727803111989106,1014,10012
1763058270514,1763058270748,234,31765.876475723497,3.1727803111989106,1015,10012
1763058270577,1763058270812,235,31765.876475723497,3.1727803111989106,1016,10012
1763058270641,1763058270875,234,33488.55816877301,3.344842006469537,1017,10012
1763058270703,1763058270938,235,33488.55816877301,3.344842006469537,1018,10012
1763058270768,1763058271001,233,33488.55816877301,3.344842006469537,1019,10012
1763058270830,1763058271063,233,32787.68886051209,3.274839079156221,1020,10012
1763058270893,1763058271125,232,32787.68886051209,3.274839079156221,1021,10012
1763058270955,1763058271188,233,32787.68886051209,3.274839079156221,1022,10012
1763058271018,1763058271251,233,32226.344332967623,3.2187719070083523,1023,10012
1763058271080,1763058271314,234,32226.344332967623,3.2187719070083523,1024,10012
1763058271143,1763058271378,235,32226.344332967623,3.2187719070083523,1025,10012
1763058271207,1763058271442,235,31777.32374470926,3.17392366607164,1026,10012
1763058271269,1763058271506,237,31777.32374470926,3.17392366607164,1027,10012
1763058271332,1763058271569,237,31777.32374470926,3.17392366607164,1028,10012
1763058271396,1763058271632,236,31777.32374470926,3.17392366607164,1029,10012
1763058271459,1763058271696,237,33497.624405809736,3.3457475435287387,1030,10012
1763058271523,1763058271758,235,33497.624405809736,3.3457475435287387,1031,10012
1763058271586,1763058271821,235,33497.624405809736,3.3457475435287387,1032,10012
1763058271651,1763058271884,233,32791.45302702455,3.275215044648876,1033,10012
1763058271712,1763058271947,235,32791.45302702455,3.275215044648876,1034,10012
1763058271774,1763058272011,237,32791.45302702455,3.275215044648876,1035,10012
1763058271839,1763058272074,235,32226.585156484518,3.2187959604958563,1036,10012
1763058271901,1763058272137,236,32226.585156484518,3.2187959604958563,1037,10012
1763058271965,1763058272200,235,32226.585156484518,3.2187959604958563,1038,10012
1763058272028,1763058272262,234,31781.89636971816,3.1743803805151973,1039,10012
1763058272096,1763058272325,229,31781.89636971816,3.1743803805151973,1040,10012
1763058272154,1763058272387,233,31781.89636971816,3.1743803805151973,1041,10012
1763058272216,1763058272450,234,31781.89636971816,3.1743803805151973,1042,10012
1763058272279,1763058272513,234,33476.447613925935,3.343632402509582,1043,10012
1763058272341,1763058272577,236,33476.447613925935,3.343632402509582,1044,10012
1763058272405,1763058272640,235,33476.447613925935,3.343632402509582,1045,10012
1763058272467,1763058272704,237,32764.274957843267,3.2725004951900987,1046,10012
1763058272531,1763058272768,237,32764.274957843267,3.2725004951900987,1047,10012
1763058272594,1763058272832,238,32764.274957843267,3.2725004951900987,1048,10012
1763058272659,1763058272895,236,32202.250316527552,3.216365393180938,1049,10012
1763058272722,1763058272958,236,32202.250316527552,3.216365393180938,1050,10012
1763058272785,1763058273022,237,32202.250316527552,3.216365393180938,1051,10012
1763058272850,1763058273085,235,31760.33525195593,3.172226852972027,1052,10012
1763058272913,1763058273147,234,31760.33525195593,3.172226852972027,1053,10012
1763058272977,1763058273209,232,31760.33525195593,3.172226852972027,1054,10012
1763058273051,1763058273285,234,31413.743866312787,3.1376092555246498,1055,10012
1763058273121,1763058273348,227,31413.743866312787,3.1376092555246498,1056,10012
1763058273178,1763058273410,232,31413.743866312787,3.1376092555246498,1057,10012
1763058273239,1763058273473,234,31413.743866312787,3.1376092555246498,1058,10012
1763058273304,1763058273536,232,33183.76637371867,3.3143993581420967,1059,10012
1763058273365,1763058273600,235,33183.76637371867,3.3143993581420967,1060,10012
1763058273428,1763058273663,235,33183.76637371867,3.3143993581420967,1061,10012
1763058273490,1763058273728,238,32535.326500732623,3.2496330903648247,1062,10012
1763058273555,1763058273790,235,32535.326500732623,3.2496330903648247,1063,10012
1763058273617,1763058273853,236,32535.326500732623,3.2496330903648247,1064,10012
1763058273680,1763058273917,237,32020.465241581704,3.198208673749671,1065,10012
1763058273744,1763058273980,236,32020.465241581704,3.198208673749671,1066,10012
1763058273807,1763058274043,236,32020.465241581704,3.198208673749671,1067,10012
1763058273871,1763058274107,236,31613.649867057455,3.1575758956309885,1068,10012
1763058273934,1763058274170,236,31613.649867057455,3.1575758956309885,1069,10012
1763058273998,1763058274234,236,31613.649867057455,3.1575758956309885,1070,10012
1763058274061,1763058274297,236,31613.649867057455,3.1575758956309885,1071,10012
1763058274124,1763058274360,236,33359.56034457656,3.331957685235374,1072,10012
1763058274188,1763058274423,235,33359.56034457656,3.331957685235374,1073,10012
1763058274252,1763058274487,235,33359.56034457656,3.331957685235374,1074,10012
1763058274323,1763058274550,227,32674.90691359379,3.2635744020768866,1075,10012
1763058274378,1763058274612,234,32674.90691359379,3.2635744020768866,1076,10012
1763058274440,1763058274675,235,32674.90691359379,3.2635744020768866,1077,10012
1763058274505,1763058274738,233,32139.20881013425,3.2100687984552785,1078,10012
1763058274566,1763058274801,235,32139.20881013425,3.2100687984552785,1079,10012
1763058274629,1763058274864,235,32139.20881013425,3.2100687984552785,1080,10012
1763058274692,1763058274927,235,31710.154212866863,3.1672147635704015,1081,10012
1763058274755,1763058274990,235,31710.154212866863,3.1672147635704015,1082,10012
1763058274818,1763058275052,234,31710.154212866863,3.1672147635704015,1083,10012
1763058274881,1763058275116,235,31710.154212866863,3.1672147635704015,1084,10012
1763058274944,1763058275178,234,33419.41259922916,3.3379357370384692,1085,10012
1763058275007,1763058275241,234,33419.41259922916,3.3379357370384692,1086,10012
1763058275071,1763058275305,234,33419.41259922916,3.3379357370384692,1087,10012
1763058275132,1763058275369,237,32719.046191188725,3.267983039471506,1088,10012
1763058275196,1763058275432,236,32719.046191188725,3.267983039471506,1089,10012
1763058275260,1763058275495,235,32719.046191188725,3.267983039471506,1090,10012
1763058275324,1763058275559,235,32166.338675803847,3.212778533340376,1091,10012
1763058275386,1763058275623,237,32166.338675803847,3.212778533340376,1092,10012
1763058275449,1763058275685,236,32166.338675803847,3.212778533340376,1093,10012
1763058275513,1763058275747,234,31736.01026329147,3.16979726960562,1094,10012
1763058275577,1763058275810,233,31736.01026329147,3.16979726960562,1095,10012
1763058275639,1763058275874,235,31736.01026329147,3.16979726960562,1096,10012
1763058275701,1763058275937,236,31736.01026329147,3.16979726960562,1097,10012
1763058275764,1763058276000,236,33456.59213879014,3.3416492347972566,1098,10012
1763058275827,1763058276063,236,33456.59213879014,3.3416492347972566,1099,10012
1763058275891,1763058276127,236,33456.59213879014,3.3416492347972566,1100,10012
1763058275954,1763058276191,237,32751.95015819937,3.2712694924290218,1101,10012
1763058276017,1763058276254,237,32751.95015819937,3.2712694924290218,1102,10012
1763058276082,1763058276316,234,32751.95015819937,3.2712694924290218,1103,10012
1763058276145,1763058276379,234,32195.1803757685,3.2156592464810725,1104,10012
1763058276208,1763058276442,234,32195.1803757685,3.2156592464810725,1105,10012
1763058276270,1763058276504,234,32195.1803757685,3.2156592464810725,1106,10012
1763058276334,1763058276567,233,31759.025939863262,3.172096078691896,1107,10012
1763058276397,1763058276631,234,31759.025939863262,3.172096078691896,1108,10012
1763058276459,1763058276694,235,31759.025939863262,3.172096078691896,1109,10012
1763058276523,1763058276757,234,31759.025939863262,3.172096078691896,1110,10012
1763058276586,1763058276819,233,33458.26562219129,3.341816382560057,1111,10012
1763058276649,1763058276882,233,33458.26562219129,3.341816382560057,1112,10012
1763058276711,1763058276945,234,33458.26562219129,3.341816382560057,1113,10012
1763058276773,1763058277007,234,32756.701169642078,3.2717440241352453,1114,10012
1763058276836,1763058277070,234,32756.701169642078,3.2717440241352453,1115,10012
1763058276900,1763058277133,233,32756.701169642078,3.2717440241352453,1116,10012
1763058276963,1763058277197,234,32198.95742986545,3.21603649918752,1117,10012
1763058277025,1763058277259,234,32198.95742986545,3.21603649918752,1118,10012
1763058277097,1763058277323,226,32198.95742986545,3.21603649918752,1119,10012
1763058277152,1763058277386,234,31757.7141141729,3.171965053353266,1120,10012
1763058277214,1763058277450,236,31757.7141141729,3.171965053353266,1121,10012
1763058277278,1763058277513,235,31757.7141141729,3.171965053353266,1122,10012
1763058277341,1763058277576,235,31757.7141141729,3.171965053353266,1123,10012
1763058277405,1763058277639,234,33473.80329253911,3.34336828730914,1124,10012
1763058277468,1763058277702,234,33473.80329253911,3.34336828730914,1125,10012
1763058277531,1763058277764,233,33473.80329253911,3.34336828730914,1126,10012
1763058277594,1763058277826,232,32775.92922415367,3.2736645249853846,1127,10012
1763058277656,1763058277888,232,32775.92922415367,3.2736645249853846,1128,10012
1763058277718,1763058277952,234,32775.92922415367,3.2736645249853846,1129,10012
1763058277781,1763058278018,237,32211.503803978012,3.2172896328383955,1130,10012
1763058277843,1763058278081,238,32211.503803978012,3.2172896328383955,1131,10012
1763058277907,1763058278143,236,32211.503803978012,3.2172896328383955,1132,10012
1763058277970,1763058278206,236,31769.876531770475,3.173179837372201,1133,10012
1763058278034,1763058278267,233,31769.876531770475,3.173179837372201,1134,10012
1763058278106,1763058278331,225,31769.876531770475,3.173179837372201,1135,10012
1763058278162,1763058278395,233,31769.876531770475,3.173179837372201,1136,10012
1763058278224,1763058278457,233,33475.16996622576,3.343504790873528,1137,10012
1763058278287,1763058278521,234,33475.16996622576,3.343504790873528,1138,10012
1763058278350,1763058278584,234,33475.16996622576,3.343504790873528,1139,10012
1763058278412,1763058278650,238,32770.14012314948,3.2730863087444546,1140,10012
1763058278476,1763058278712,236,32770.14012314948,3.2730863087444546,1141,10012
1763058278539,1763058278774,235,32770.14012314948,3.2730863087444546,1142,10012
1763058278601,1763058278836,235,32209.641397903837,3.2171036154518413,1143,10012
1763058278664,1763058278898,234,32209.641397903837,3.2171036154518413,1144,10012
1763058278727,1763058278962,235,32209.641397903837,3.2171036154518413,1145,10012
1763058278790,1763058279025,235,31766.218552731454,3.172814477899666,1146,10012
1763058278853,1763058279087,234,31766.218552731454,3.172814477899666,1147,10012
1763058278917,1763058279151,234,31766.218552731454,3.172814477899666,1148,10012
1763058278979,1763058279214,235,31766.218552731454,3.172814477899666,1149,10012
1763058279041,1763058279278,237,33480.54731231604,3.344041880974435,1150,10012
1763058279106,1763058279340,234,33480.54731231604,3.344041880974435,1151,10012
1763058279169,1763058279403,234,33480.54731231604,3.344041880974435,1152,10012
1763058279233,1763058279467,234,32774.41511329125,3.2735132953746757,1153,10012
1763058279295,1763058279530,235,32774.41511329125,3.2735132953746757,1154,10012
1763058279358,1763058279592,234,32774.41511329125,3.2735132953746757,1155,10012
1763058279422,1763058279655,233,32218.51684529313,3.2179900964136166,1156,10012
1763058279485,1763058279718,233,32218.51684529313,3.2179900964136166,1157,10012
1763058279547,1763058279782,235,32218.51684529313,3.2179900964136166,1158,10012
1763058279610,1763058279844,234,31775.465925698623,3.1737381068416526,1159,10012
1763058279673,1763058279906,233,31775.465925698623,3.1737381068416526,1160,10012
1763058279736,1763058279969,233,31775.465925698623,3.1737381068416526,1161,10012
1763058279797,1763058280032,235,31775.465925698623,3.1737381068416526,1162,10012
1763058279860,1763058280095,235,33479.607945004704,3.3439480568322724,1163,10012
1763058279924,1763058280158,234,33479.607945004704,3.3439480568322724,1164,10012
1763058279987,1763058280221,234,33479.607945004704,3.3439480568322724,1165,10012
1763058280050,1763058280284,234,32773.66831627874,3.2734387051816567,1166,10012
1763058280113,1763058280348,235,32773.66831627874,3.2734387051816567,1167,10012
1763058280176,1763058280411,235,32773.66831627874,3.2734387051816567,1168,10012
1763058280239,1763058280474,235,32212.446311441596,3.217383770619417,1169,10012
1763058280303,1763058280538,235,32212.446311441596,3.217383770619417,1170,10012
1763058280366,1763058280605,239,32212.446311441596,3.217383770619417,1171,10012
1763058280431,1763058280671,240,31761.921924973187,3.1723853301011977,1172,10012
1763058280491,1763058280735,244,31761.921924973187,3.1723853301011977,1173,10012
1763058280593,1763058280824,231,31761.921924973187,3.1723853301011977,1174,10012
1763058280698,1763058280943,245,31406.38200842871,3.136873952100351,1175,10012
1763058280769,1763058281006,237,31406.38200842871,3.136873952100351,1176,10012
1763058280826,1763058281068,242,31406.38200842871,3.136873952100351,1177,10012
1763058280888,1763058281130,242,31129.56484272611,3.10922541377608,1178,10012
1763058280975,1763058281214,239,31129.56484272611,3.10922541377608,1179,10012
1763058281028,1763058281276,248,28886.240744495437,2.8851618801933117,1180,10012
1763058281090,1763058281338,248,28886.240744495437,2.8851618801933117,1181,10012
1763058281153,1763058281400,247,28886.240744495437,2.8851618801933117,1182,10012
1763058281217,1763058281462,245,28886.240744495437,2.8851618801933117,1183,10012
1763058281280,1763058281524,244,31163.239632618366,3.112588856633876,1184,10012
1763058281342,1763058281586,244,31163.239632618366,3.112588856633876,1185,10012
1763058281405,1763058281648,243,31163.239632618366,3.112588856633876,1186,10012
1763058281466,1763058281710,244,30933.28274756422,3.0896207298805654,1187,10012
1763058281528,1763058281772,244,30933.28274756422,3.0896207298805654,1188,10012
1763058281590,1763058281834,244,30933.28274756422,3.0896207298805654,1189,10012
1763058281652,1763058281896,244,30751.134349808683,3.0714277217148105,1190,10012
1763058281715,1763058281958,243,30751.134349808683,3.0714277217148105,1191,10012
1763058281777,1763058282020,243,30751.134349808683,3.0714277217148105,1192,10012
1763058281841,1763058282082,241,30751.134349808683,3.0714277217148105,1193,10012
1763058281902,1763058282144,242,32656.991808097904,3.2617850387632745,1194,10012
1763058281967,1763058282206,239,32656.991808097904,3.2617850387632745,1195,10012
1763058282030,1763058282268,238,32656.991808097904,3.2617850387632745,1196,10012
1763058282093,1763058282330,237,32119.688487437834,3.2081191058168033,1197,10012
1763058282156,1763058282392,236,32119.688487437834,3.2081191058168033,1198,10012
1763058282218,1763058282455,237,32119.688487437834,3.2081191058168033,1199,10012
1763058282281,1763058282519,238,31688.3649705382,3.165038450912725,1200,10012
1763058282346,1763058282582,236,31688.3649705382,3.165038450912725,1201,10012
1763058282410,1763058282646,236,31688.3649705382,3.165038450912725,1202,10012
1763058282474,1763058282710,236,31347.97778660733,3.1310405300247037,1203,10012
1763058282537,1763058282774,237,31347.97778660733,3.1310405300247037,1204,10012
1763058282601,1763058282838,237,31347.97778660733,3.1310405300247037,1205,10012
1763058282665,1763058282901,236,31347.97778660733,3.1310405300247037,1206,10012
1763058282729,1763058282964,235,33148.882384779616,3.31091514030959,1207,10012
1763058282792,1763058283026,234,33148.882384779616,3.31091514030959,1208,10012
1763058282856,1763058283088,232,33148.882384779616,3.31091514030959,1209,10012
1763058282917,1763058283150,233,32513.854378284574,3.2474884516864337,1210,10012
1763058282981,1763058283215,234,32513.854378284574,3.2474884516864337,1211,10012
1763058283043,1763058283277,234,32513.854378284574,3.2474884516864337,1212,10012
1763058283106,1763058283340,234,32010.849939492804,3.1972482959940876,1213,10012
1763058283169,1763058283402,233,32010.849939492804,3.1972482959940876,1214,10012
1763058283231,1763058283465,234,32010.849939492804,3.1972482959940876,1215,10012
1763058283294,1763058283529,235,31606.00570189678,3.1568123953152996,1216,10012
1763058283356,1763058283593,237,31606.00570189678,3.1568123953152996,1217,10012
1763058283420,1763058283656,236,31606.00570189678,3.1568123953152996,1218,10012
1763058283484,1763058283718,234,31606.00570189678,3.1568123953152996,1219,10012
1763058283559,1763058283797,238,33345.05652730604,3.330509041880348,1220,10012
1763058283611,1763058283859,248,33345.05652730604,3.330509041880348,1221,10012
1763058283673,1763058283921,248,33345.05652730604,3.330509041880348,1222,10012
1763058283736,1763058283983,247,32676.62710879022,3.2637462154205177,1223,10012
1763058283798,1763058284045,247,32676.62710879022,3.2637462154205177,1224,10012
1763058283861,1763058284107,246,32676.62710879022,3.2637462154205177,1225,10012
1763058283921,1763058284169,248,32143.220432814596,3.2104694799055733,1226,10012
1763058283985,1763058284231,246,32143.220432814596,3.2104694799055733,1227,10012
1763058284047,1763058284293,246,32143.220432814596,3.2104694799055733,1228,10012
1763058284113,1763058284355,242,31717.561905386046,3.1679546449646474,1229,10012
1763058284171,1763058284417,246,31717.561905386046,3.1679546449646474,1230,10012
1763058284237,1763058284479,242,31717.561905386046,3.1679546449646474,1231,10012
1763058284294,1763058284541,247,31381.249524308838,3.134363715971718,1232,10012
1763058284358,1763058284603,245,31381.249524308838,3.134363715971718,1233,10012
1763058284426,1763058284666,240,31381.249524308838,3.134363715971718,1234,10012
1763058284483,1763058284728,245,31381.249524308838,3.134363715971718,1235,10012
1763058284546,1763058284790,244,33209.93387467967,3.3170129719016854,1236,10012
1763058284608,1763058284857,249,33209.93387467967,3.3170129719016854,1237,10012
1763058284686,1763058284923,237,33209.93387467967,3.3170129719016854,1238,10012
1763058284762,1763058285017,255,32562.45136424502,3.252342325633742,1239,10012
1763058284834,1763058285090,256,32562.45136424502,3.252342325633742,1240,10012
1763058284901,1763058285151,250,32562.45136424502,3.252342325633742,1241,10012
1763058284961,1763058285214,253,32057.161091396014,3.2018738605069936,1242,10012
1763058285089,1763058285321,232,32057.161091396014,3.2018738605069936,1243,10012
1763058285151,1763058285384,233,29482.064617837266,2.944672854358497,1244,10012
1763058285216,1763058285447,231,29482.064617837266,2.944672854358497,1245,10012
1763058285297,1763058285527,230,29482.064617837266,2.944672854358497,1246,10012
1763058285358,1763058285589,231,29597.837112709276,2.956236227797571,1247,10012
1763058285423,1763058285651,228,29597.837112709276,2.956236227797571,1248,10012
1763058285480,1763058285715,235,29597.837112709276,2.956236227797571,1249,10012
1763058285589,1763058285827,238,29686.784178829294,2.965120273554664,1250,10012
1763058285654,1763058285890,236,29686.784178829294,2.965120273554664,1251,10012
1763058285719,1763058285954,235,29686.784178829294,2.965120273554664,1252,10012
1763058285783,1763058286015,232,29757.674990526946,2.972200858023067,1253,10012
1763058285845,1763058286093,248,29757.674990526946,2.972200858023067,1254,10012
1763058285907,1763058286155,248,29757.674990526946,2.972200858023067,1255,10012
1763058285969,1763058286217,248,29815.009942478395,2.9779274812703154,1256,10012
1763058286032,1763058286279,247,29815.009942478395,2.9779274812703154,1257,10012
1763058286096,1763058286341,245,29815.009942478395,2.9779274812703154,1258,10012
1763058286159,1763058286403,244,29860.533894327844,2.9824744201286304,1259,10012
1763058286224,1763058286465,241,29860.533894327844,2.9824744201286304,1260,10012
1763058286287,1763058286527,240,29860.533894327844,2.9824744201286304,1261,10012
1763058286349,1763058286589,240,29860.533894327844,2.9824744201286304,1262,10012
1763058286413,1763058286651,238,31959.15191209631,3.1920846895821327,1263,10012
1763058286478,1763058286713,235,31959.15191209631,3.1920846895821327,1264,10012
1763058286540,1763058286775,235,31959.15191209631,3.1920846895821327,1265,10012
1763058286605,1763058286842,237,31568.75207394076,3.15309149759696,1266,10012
1763058286667,1763058286903,236,31568.75207394076,3.15309149759696,1267,10012
1763058286737,1763058286975,238,31568.75207394076,3.15309149759696,1268,10012
1763058286791,1763058287037,246,31251.47239463502,3.1214015575943894,1269,10012
1763058286887,1763058287121,234,31251.47239463502,3.1214015575943894,1270,10012
1763058286957,1763058287199,242,31251.47239463502,3.1214015575943894,1271,10012
1763058287019,1763058287261,242,31005.946970918747,3.096878442960323,1272,10012
1763058287076,1763058287323,247,31005.946970918747,3.096878442960323,1273,10012
1763058287140,1763058287385,245,31005.946970918747,3.096878442960323,1274,10012
1763058287202,1763058287452,250,30798.378319142135,3.0761464561668137,1275,10012
1763058287265,1763058287517,252,30798.378319142135,3.0761464561668137,1276,10012
1763058287338,1763058287579,241,30798.378319142135,3.0761464561668137,1277,10012
1763058287392,1763058287641,249,30638.278872122286,3.0601557003717827,1278,10012
1763058287456,1763058287703,247,30638.278872122286,3.0601557003717827,1279,10012
1763058287526,1763058287765,239,30638.278872122286,3.0601557003717827,1280,10012
1763058287578,1763058287827,249,30638.278872122286,3.0601557003717827,1281,10012
1763058287655,1763058287889,234,32529.632818825707,3.2490644045970543,1282,10012
1763058287737,1763058287962,225,32529.632818825707,3.2490644045970543,1283,10012
1763058287795,1763058288026,231,32529.632818825707,3.2490644045970543,1284,10012
1763058287856,1763058288089,233,32023.42535660409,3.198504330463852,1285,10012
1763058287918,1763058288152,234,32023.42535660409,3.198504330463852,1286,10012
1763058287983,1763058288215,232,32023.42535660409,3.198504330463852,1287,10012
1763058288044,1763058288277,233,31619.97800921346,3.15820795137969,1288,10012
1763058288108,1763058288339,231,31619.97800921346,3.15820795137969,1289,10012
1763058288170,1763058288402,232,31619.97800921346,3.15820795137969,1290,10012
1763058288231,1763058288465,234,31296.846495333913,3.1259335292982335,1291,10012
1763058288293,1763058288527,234,31296.846495333913,3.1259335292982335,1292,10012
1763058288358,1763058288591,233,31296.846495333913,3.1259335292982335,1293,10012
1763058288420,1763058288654,234,31039.633810285795,3.1002430893213937,1294,10012
1763058288482,1763058288716,234,31039.633810285795,3.1002430893213937,1295,10012
1763058288551,1763058288780,229,31039.633810285795,3.1002430893213937,1296,10012
1763058288608,1763058288842,234,31039.633810285795,3.1002430893213937,1297,10012
1763058288672,1763058288904,232,32877.340512987495,3.283793499099829,1298,10012
1763058288741,1763058288967,226,32877.340512987495,3.283793499099829,1299,10012
1763058288802,1763058289031,229,32877.340512987495,3.283793499099829,1300,10012
1763058288859,1763058289093,234,32292.02436731207,3.2253320382852646,1301,10012
1763058288922,1763058289157,235,32292.02436731207,3.2253320382852646,1302,10012
1763058288985,1763058289221,236,32292.02436731207,3.2253320382852646,1303,10012
1763058289048,1763058289285,237,31827.283347645785,3.1789136383985,1304,10012
1763058289113,1763058289347,234,31827.283347645785,3.1789136383985,1305,10012
1763058289176,1763058289410,234,31827.283347645785,3.1789136383985,1306,10012
1763058289239,1763058289473,234,31463.65282807369,3.1425941698036044,1307,10012
1763058289302,1763058289537,235,31463.65282807369,3.1425941698036044,1308,10012
1763058289365,1763058289601,236,31463.65282807369,3.1425941698036044,1309,10012
1763058289427,1763058289663,236,31463.65282807369,3.1425941698036044,1310,10012
1763058289492,1763058289728,236,33257.78138700629,3.321791988314651,1311,10012
1763058289556,1763058289790,234,33257.78138700629,3.321791988314651,1312,10012
1763058289618,1763058289854,236,33257.78138700629,3.321791988314651,1313,10012
1763058289682,1763058289916,234,32600.537984057006,3.256146422698462,1314,10012
1763058289745,1763058289979,234,32600.537984057006,3.256146422698462,1315,10012
1763058289808,1763058290042,234,32600.537984057006,3.256146422698462,1316,10012
1763058289870,1763058290106,236,32074.80769732532,3.2036364060452773,1317,10012
1763058289935,1763058290169,234,32074.80769732532,3.2036364060452773,1318,10012
1763058289997,1763058290233,236,32074.80769732532,3.2036364060452773,1319,10012
1763058290060,1763058290296,236,31656.85211937363,3.1618909428059956,1320,10012
1763058290124,1763058290358,234,31656.85211937363,3.1618909428059956,1321,10012
1763058290187,1763058290421,234,31656.85211937363,3.1618909428059956,1322,10012
1763058290250,1763058290486,236,31656.85211937363,3.1618909428059956,1323,10012
1763058290313,1763058290549,236,33393.81973066329,3.3353795176451544,1324,10012
1763058290376,1763058290612,236,33393.81973066329,3.3353795176451544,1325,10012
1763058290441,1763058290676,235,33393.81973066329,3.3353795176451544,1326,10012
1763058290503,1763058290738,235,32705.466685877313,3.266626716527898,1327,10012
1763058290567,1763058290800,233,32705.466685877313,3.266626716527898,1328,10012
1763058290630,1763058290864,234,32705.466685877313,3.266626716527898,1329,10012
1763058290694,1763058290926,232,32158.226015272463,3.211968239639679,1330,10012
1763058290755,1763058290991,236,32158.226015272463,3.211968239639679,1331,10012
1763058290818,1763058291053,235,32158.226015272463,3.211968239639679,1332,10012
1763058290882,1763058291117,235,31725.29190815688,3.1687267187531845,1333,10012
1763058290945,1763058291179,234,31725.29190815688,3.1687267187531845,1334,10012
1763058291008,1763058291243,235,31725.29190815688,3.1687267187531845,1335,10012
1763058291071,1763058291307,236,31725.29190815688,3.1687267187531845,1336,10012
1763058291134,1763058291369,235,33439.769775076566,3.3399690146900283,1337,10012
1763058291198,1763058291432,234,33439.769775076566,3.3399690146900283,1338,10012
1763058291260,1763058291496,236,33439.769775076566,3.3399690146900283,1339,10012
1763058291324,1763058291558,234,32741.99697118587,3.2702753666785727,1340,10012
1763058291386,1763058291621,235,32741.99697118587,3.2702753666785727,1341,10012
1763058291450,1763058291691,241,32741.99697118587,3.2702753666785727,1342,10012
1763058291513,1763058291810,297,32171.03161026565,3.213247264309394,1343,10012
1763058291576,1763058291873,297,32171.03161026565,3.213247264309394,1344,10012
1763058291642,1763058291934,292,32171.03161026565,3.213247264309394,1345,10012
1763058291741,1763058291997,256,31744.02528821252,3.1705978114475153,1346,10012
1763058291843,1763058292079,236,31744.02528821252,3.1705978114475153,1347,10012
1763058291909,1763058292143,234,29353.140129417166,2.9317958579122223,1348,10012
1763058291971,1763058292208,237,29353.140129417166,2.9317958579122223,1349,10012
1763058292035,1763058292271,236,29353.140129417166,2.9317958579122223,1350,10012
1763058292099,1763058292335,236,29353.140129417166,2.9317958579122223,1351,10012
1763058292163,1763058292400,237,31609.755562110146,3.1571869318927432,1352,10012
1763058292228,1763058292463,235,31609.755562110146,3.1571869318927432,1353,10012
1763058292291,1763058292525,234,31609.755562110146,3.1571869318927432,1354,10012
1763058292358,1763058292589,231,31287.135671877564,3.124963610854731,1355,10012
1763058292419,1763058292653,234,31287.135671877564,3.124963610854731,1356,10012
1763058292482,1763058292716,234,31287.135671877564,3.124963610854731,1357,10012
1763058292544,1763058292781,237,31026.899452127032,3.098971179796947,1358,10012
1763058292608,1763058292845,237,31026.899452127032,3.098971179796947,1359,10012
1763058292672,1763058292934,262,31026.899452127032,3.098971179796947,1360,10012
1763058292736,1763058292998,262,30822.774164988863,3.0785831167587756,1361,10012
1763058292799,1763058293059,260,30822.774164988863,3.0785831167587756,1362,10012
1763058292864,1763058293121,257,30822.774164988863,3.0785831167587756,1363,10012
1763058292977,1763058293211,234,30659.12513867118,3.0622378284729503,1364,10012
1763058293038,1763058293274,236,30659.12513867118,3.0622378284729503,1365,10012
1763058293102,1763058293338,236,30659.12513867118,3.0622378284729503,1366,10012
1763058293165,1763058293401,236,30531.38448524359,3.0494790736359954,1367,10012
1763058293230,1763058293463,233,30531.38448524359,3.0494790736359954,1368,10012
1763058293293,1763058293526,233,30531.38448524359,3.0494790736359954,1369,10012
1763058293355,1763058293589,234,30430.82143473914,3.0394348216878884,1370,10012
1763058293418,1763058293653,235,30430.82143473914,3.0394348216878884,1371,10012
1763058293480,1763058293717,237,30430.82143473914,3.0394348216878884,1372,10012
1763058293544,1763058293803,259,30347.514112009183,3.031114074311744,1373,10012
1763058293607,1763058293866,259,30347.514112009183,3.031114074311744,1374,10012
1763058293676,1763058293930,254,30347.514112009183,3.031114074311744,1375,10012
1763058293734,1763058293992,258,30347.514112009183,3.031114074311744,1376,10012
1763058293808,1763058294054,246,32433.11857792721,3.239424548334719,1377,10012
1763058293883,1763058294116,233,32433.11857792721,3.239424548334719,1378,10012
1763058293939,1763058294178,239,32433.11857792721,3.239424548334719,1379,10012
1763058294001,1763058294240,239,31944.106388030057,3.1905819404744364,1380,10012
1763058294062,1763058294302,240,31944.106388030057,3.1905819404744364,1381,10012
1763058294126,1763058294365,239,31944.106388030057,3.1905819404744364,1382,10012
1763058294188,1763058294433,245,31535.771620991625,3.149797405212907,1383,10012
1763058294250,1763058294513,263,31535.771620991625,3.149797405212907,1384,10012
1763058294316,1763058294575,259,31535.771620991625,3.149797405212907,1385,10012
1763058294381,1763058294677,296,31202.822321131483,3.1165423812556416,1386,10012
1763058294453,1763058294739,286,31202.822321131483,3.1165423812556416,1387,10012
1763058294579,1763058294819,240,31202.822321131483,3.1165423812556416,1388,10012
1763058294661,1763058294881,220,30956.62281137274,3.091951938810701,1389,10012
1763058294717,1763058294944,227,30956.62281137274,3.091951938810701,1390,10012
1763058294774,1763058295007,233,30956.62281137274,3.091951938810701,1391,10012
1763058294834,1763058295070,236,30768.815757852703,3.073193743293318,1392,10012
1763058294899,1763058295134,235,30768.815757852703,3.073193743293318,1393,10012
1763058294961,1763058295196,235,30768.815757852703,3.073193743293318,1394,10012
1763058295025,1763058295260,235,30768.815757852703,3.073193743293318,1395,10012
1763058295087,1763058295322,235,32680.327711735044,3.264115832174894,1396,10012
1763058295151,1763058295385,234,32680.327711735044,3.264115832174894,1397,10012
1763058295214,1763058295447,233,32680.327711735044,3.264115832174894,1398,10012
1763058295276,1763058295511,235,32138.24053082936,3.209972086579041,1399,10012
1763058295339,1763058295574,235,32138.24053082936,3.209972086579041,1400,10012
1763058295401,1763058295636,235,32138.24053082936,3.209972086579041,1401,10012
1763058295465,1763058295698,233,31715.690184132658,3.1677676971766537,1402,10012
1763058295528,1763058295761,233,31715.690184132658,3.1677676971766537,1403,10012
1763058295590,1763058295823,233,31715.690184132658,3.1677676971766537,1404,10012
1763058295652,1763058295885,233,31374.713076753727,3.133710854649793,1405,10012
1763058295713,1763058295949,236,31374.713076753727,3.133710854649793,1406,10012
1763058295777,1763058296012,235,31374.713076753727,3.133710854649793,1407,10012
1763058295841,1763058296075,234,31374.713076753727,3.133710854649793,1408,10012
1763058295903,1763058296137,234,33161.41018294246,3.3121664185919357,1409,10012
1763058295966,1763058296200,234,33161.41018294246,3.3121664185919357,1410,10012
1763058296030,1763058296262,232,33161.41018294246,3.3121664185919357,1411,10012
1763058296091,1763058296327,236,32523.8265056222,3.2484844691991808,1412,10012
1763058296154,1763058296389,235,32523.8265056222,3.2484844691991808,1413,10012
1763058296217,1763058296452,235,32523.8265056222,3.2484844691991808,1414,10012
1763058296281,1763058296516,235,32011.334245464026,3.1972966685441495,1415,10012
1763058296343,1763058296578,235,32011.334245464026,3.1972966685441495,1416,10012
1763058296407,1763058296641,234,32011.334245464026,3.1972966685441495,1417,10012
1763058296470,1763058296705,235,31608.366059389366,3.157048148161143,1418,10012
1763058296532,1763058296768,236,31608.366059389366,3.157048148161143,1419,10012
1763058296596,1763058296831,235,31608.366059389366,3.157048148161143,1420,10012
1763058296660,1763058296894,234,31608.366059389366,3.157048148161143,1421,10012
1763058296723,1763058296957,234,33346.930651155155,3.3306962296399476,1422,10012
1763058296785,1763058297020,235,33346.930651155155,3.3306962296399476,1423,10012
1763058296848,1763058297084,236,33346.930651155155,3.3306962296399476,1424,10012
1763058296912,1763058297147,235,32668.18986766835,3.2629035025637583,1425,10012
1763058296974,1763058297211,237,32668.18986766835,3.2629035025637583,1426,10012
1763058297038,1763058297280,242,32668.18986766835,3.2629035025637583,1427,10012
1763058297101,1763058297362,261,32123.326565061,3.2084824775330603,1428,10012
1763058297164,1763058297424,260,32123.326565061,3.2084824775330603,1429,10012
1763058297290,1763058297526,236,29667.163272353617,2.963160534593849,1430,10012
1763058297426,1763058297669,243,29667.163272353617,2.963160534593849,1431,10012
1763058297481,1763058297749,268,27613.169495342296,2.758007340725359,1432,10012
1763058297545,1763058297814,269,27613.169495342296,2.758007340725359,1433,10012
1763058297608,1763058297885,277,27613.169495342296,2.758007340725359,1434,10012
1763058297671,1763058297947,276,28117.118240311098,2.8083418138544842,1435,10012
1763058297816,1763058298047,231,28117.118240311098,2.8083418138544842,1436,10012
1763058297897,1763058298124,227,28117.118240311098,2.8083418138544842,1437,10012
1763058297954,1763058298186,232,28516.245646326388,2.8482067165727516,1438,10012
1763058298017,1763058298290,273,28516.245646326388,2.8482067165727516,1439,10012
1763058298079,1763058298373,294,26681.920586719887,2.6649940657930373,1440,10012
1763058298140,1763058298451,311,26681.920586719887,2.6649940657930373,1441,10012
1763058298232,1763058298514,282,26681.920586719887,2.6649940657930373,1442,10012
1763058298447,1763058298689,242,27386.27726350871,2.7353453119764994,1443,10012
1763058298509,1763058298751,242,27386.27726350871,2.7353453119764994,1444,10012
1763058298566,1763058298813,247,25877.010424489425,2.5845995230213172,1445,10012
1763058298628,1763058298895,267,25877.010424489425,2.5845995230213172,1446,10012
1763058298692,1763058298987,295,24700.55532916705,2.4670950188940326,1447,10012
1763058298756,1763058299053,297,24700.55532916705,2.4670950188940326,1448,10012
1763058298819,1763058299115,296,24700.55532916705,2.4670950188940326,1449,10012
1763058298907,1763058299177,270,24700.55532916705,2.4670950188940326,1450,10012
1763058299016,1763058299242,226,27908.171265371137,2.78747215994518,1451,10012
1763058299072,1763058299305,233,27908.171265371137,2.78747215994518,1452,10012
1763058299133,1763058299369,236,27908.171265371137,2.78747215994518,1453,10012
1763058299197,1763058299432,235,28346.503984704683,2.831252894996473,1454,10012
1763058299260,1763058299496,236,28346.503984704683,2.831252894996473,1455,10012
1763058299323,1763058299559,236,28346.503984704683,2.831252894996473,1456,10012
1763058299388,1763058299623,235,28694.54016385552,2.8660147986271998,1457,10012
1763058299451,1763058299686,235,28694.54016385552,2.8660147986271998,1458,10012
1763058299525,1763058299750,225,28694.54016385552,2.8660147986271998,1459,10012
1763058299601,1763058299828,227,28970.88089010128,2.893615750109997,1460,10012
1763058299672,1763058299907,235,28970.88089010128,2.893615750109997,1461,10012
1763058299736,1763058299971,235,28970.88089010128,2.893615750109997,1462,10012
1763058299804,1763058300036,232,29191.360545850315,2.9156372898372274,1463,10012
1763058299862,1763058300099,237,29191.360545850315,2.9156372898372274,1464,10012
1763058299926,1763058300162,236,29191.360545850315,2.9156372898372274,1465,10012
1763058299990,1763058300224,234,29362.822355042703,2.93276292000027,1466,10012
1763058300059,1763058300287,228,29362.822355042703,2.93276292000027,1467,10012
1763058300117,1763058300349,232,29362.822355042703,2.93276292000027,1468,10012
1763058300179,1763058300413,234,29362.822355042703,2.93276292000027,1469,10012
1763058300242,1763058300476,234,31563.968949903905,3.1526137584802143,1470,10012
1763058300304,1763058300539,235,31563.968949903905,3.1526137584802143,1471,10012
1763058300368,1763058300603,235,31563.968949903905,3.1526137584802143,1472,10012
1763058300431,1763058300667,236,31249.207346223702,3.12117532423329,1473,10012
1763058300494,1763058300730,236,31249.207346223702,3.12117532423329,1474,10012
1763058300558,1763058300793,235,31249.207346223702,3.12117532423329,1475,10012
1763058300622,1763058300856,234,31000.499840247845,3.0963343827654657,1476,10012
1763058300685,1763058300919,234,31000.499840247845,3.0963343827654657,1477,10012
1763058300748,1763058300982,234,31000.499840247845,3.0963343827654657,1478,10012
1763058300811,1763058301044,233,30804.706372677534,3.076778503064076,1479,10012
1763058300873,1763058301107,234,30804.706372677534,3.076778503064076,1480,10012
1763058300937,1763058301170,233,30804.706372677534,3.076778503064076,1481,10012
1763058300999,1763058301233,234,30804.706372677534,3.076778503064076,1482,10012
1763058301062,1763058301296,234,32708.824859905963,3.2669621314328765,1483,10012
1763058301125,1763058301358,233,32708.824859905963,3.2669621314328765,1484,10012
1763058301188,1763058301420,232,32708.824859905963,3.2669621314328765,1485,10012
1763058301251,1763058301483,232,32163.568588485145,3.2125018566205696,1486,10012
1763058301312,1763058301547,235,32163.568588485145,3.2125018566205696,1487,10012
1763058301374,1763058301611,237,32163.568588485145,3.2125018566205696,1488,10012
1763058301438,1763058301674,236,31725.289459257205,3.1687264741567325,1489,10012
1763058301501,1763058301738,237,31725.289459257205,3.1687264741567325,1490,10012
1763058301565,1763058301801,236,31725.289459257205,3.1687264741567325,1491,10012
1763058301628,1763058301864,236,31380.674409568735,3.1343062734287592,1492,10012
1763058301692,1763058301926,234,31380.674409568735,3.1343062734287592,1493,10012
1763058301755,1763058301989,234,31380.674409568735,3.1343062734287592,1494,10012
1763058301818,1763058302052,234,31380.674409568735,3.1343062734287592,1495,10012
1763058301880,1763058302116,236,33166.14348119758,3.3126391811024347,1496,10012
1763058301943,1763058302178,235,33166.14348119758,3.3126391811024347,1497,10012
1763058302006,1763058302243,237,33166.14348119758,3.3126391811024347,1498,10012
1763058302070,1763058302305,235,32521.333924070877,3.2482355097953333,1499,10012
1763058302133,1763058302370,237,32521.333924070877,3.2482355097953333,1500,10012
1763058302197,1763058302432,235,32521.333924070877,3.2482355097953333,1501,10012
1763058302261,1763058302494,233,32014.32580356042,3.197595465797085,1502,10012
1763058302324,1763058302558,234,32014.32580356042,3.197595465797085,1503,10012
1763058302387,1763058302621,234,32014.32580356042,3.197595465797085,1504,10012
1763058302448,1763058302683,235,31612.725665437654,3.157483586240277,1505,10012
1763058302512,1763058302746,234,31612.725665437654,3.157483586240277,1506,10012
1763058302575,1763058302810,235,31612.725665437654,3.157483586240277,1507,10012
1763058302637,1763058302872,235,31612.725665437654,3.157483586240277,1508,10012
1763058302700,1763058302937,237,33358.82745269206,3.3318844838885395,1509,10012
1763058302763,1763058303000,237,33358.82745269206,3.3318844838885395,1510,10012
1763058302826,1763058303067,241,33358.82745269206,3.3318844838885395,1511,10012
1763058303028,1763058303315,287,26003.47275665556,2.59723059894682,1512,10012
1763058303090,1763058303377,287,26003.47275665556,2.59723059894682,1513,10012
1763058303148,1763058303439,291,26003.47275665556,2.59723059894682,1514,10012
1763058303207,1763058303516,309,26862.401059487926,2.6830204813711473,1515,10012
1763058303271,1763058303588,317,26862.401059487926,2.6830204813711473,1516,10012
1763058303334,1763058303650,316,26862.401059487926,2.6830204813711473,1517,10012
1763058303397,1763058303712,315,26862.401059487926,2.6830204813711473,1518,10012
1763058303460,1763058303774,314,29644.56243593597,2.9609031598018354,1519,10012
1763058303587,1763058303836,249,29644.56243593597,2.9609031598018354,1520,10012
1763058303651,1763058303898,247,29644.56243593597,2.9609031598018354,1521,10012
1763058303710,1763058303960,250,29724.415699005032,2.9688789152022608,1522,10012
1763058303773,1763058304022,249,29724.415699005032,2.9688789152022608,1523,10012
1763058303835,1763058304084,249,29724.415699005032,2.9688789152022608,1524,10012
1763058303899,1763058304146,247,29788.290480709,2.9752587375857975,1525,10012
1763058303961,1763058304208,247,29788.290480709,2.9752587375857975,1526,10012
1763058304025,1763058304270,245,29788.290480709,2.9752587375857975,1527,10012
1763058304088,1763058304332,244,29788.290480709,2.9752587375857975,1528,10012
1763058304151,1763058304394,243,31871.011513125075,3.1832812138558806,1529,10012
1763058304212,1763058304456,244,31871.011513125075,3.1832812138558806,1530,10012
1763058304275,1763058304518,243,31871.011513125075,3.1832812138558806,1531,10012
1763058304338,1763058304580,242,31496.66916444756,3.145891846229281,1532,10012
1763058304400,1763058304642,242,31496.66916444756,3.145891846229281,1533,10012
1763058304464,1763058304704,240,31496.66916444756,3.145891846229281,1534,10012
1763058304527,1763058304766,239,31195.771316571365,3.1158381259060492,1535,10012
1763058304589,1763058304828,239,31195.771316571365,3.1158381259060492,1536,10012
1763058304653,1763058304890,237,31195.771316571365,3.1158381259060492,1537,10012
1763058304716,1763058304952,236,30962.65728194052,3.0925546625989333,1538,10012
1763058304781,1763058305014,233,30962.65728194052,3.0925546625989333,1539,10012
1763058304841,1763058305076,235,30962.65728194052,3.0925546625989333,1540,10012
1763058304903,1763058305138,235,30962.65728194052,3.0925546625989333,1541,10012
1763058304965,1763058305201,236,32843.32322457883,3.2803958474409542,1542,10012
1763058305028,1763058305265,237,32843.32322457883,3.2803958474409542,1543,10012
1763058305092,1763058305327,235,32843.32322457883,3.2803958474409542,1544,10012
1763058305156,1763058305390,234,32273.436609989327,3.2234754904104403,1545,10012
1763058305219,1763058305453,234,32273.436609989327,3.2234754904104403,1546,10012
1763058305282,1763058305515,233,32273.436609989327,3.2234754904104403,1547,10012
1763058305345,1763058305577,232,31816.999541551504,3.1778864903667103,1548,10012
1763058305407,1763058305640,233,31816.999541551504,3.1778864903667103,1549,10012
1763058305470,1763058305703,233,31816.999541551504,3.1778864903667103,1550,10012
1763058305533,1763058305765,232,31457.2376341581,3.141953419312635,1551,10012
1763058305595,1763058305827,232,31457.2376341581,3.141953419312635,1552,10012
1763058305660,1763058305889,229,31457.2376341581,3.141953419312635,1553,10012
1763058305719,1763058305953,234,31457.2376341581,3.141953419312635,1554,10012
1763058305781,1763058306016,235,33218.34391915569,3.3178529683535447,1555,10012
1763058305844,1763058306079,235,33218.34391915569,3.3178529683535447,1556,10012
1763058305908,1763058306141,233,33218.34391915569,3.3178529683535447,1557,10012
1763058305971,1763058306204,233,32565.963415728773,3.252693109841068,1558,10012
1763058306034,1763058306267,233,32565.963415728773,3.252693109841068,1559,10012
1763058306096,1763058306331,235,32565.963415728773,3.252693109841068,1560,10012
1763058306159,1763058306393,234,32049.850878920104,3.2011437154334903,1561,10012
1763058306222,1763058306457,235,32049.850878920104,3.2011437154334903,1562,10012
1763058306285,1763058306521,236,32049.850878920104,3.2011437154334903,1563,10012
1763058306348,1763058306583,235,31639.025299620404,3.160110397485058,1564,10012
1763058306411,1763058306647,236,31639.025299620404,3.160110397485058,1565,10012
1763058306475,1763058306709,234,31639.025299620404,3.160110397485058,1566,10012
1763058306538,1763058306772,234,31639.025299620404,3.160110397485058,1567,10012
1763058306601,1763058306836,235,33379.68306259898,3.333967545205651,1568,10012
1763058306664,1763058306898,234,33379.68306259898,3.333967545205651,1569,10012
1763058306727,1763058306963,236,33379.68306259898,3.333967545205651,1570,10012
1763058306791,1763058307026,235,32694.22803476619,3.2655041984384927,1571,10012
1763058306853,1763058307088,235,32694.22803476619,3.2655041984384927,1572,10012
1763058306918,1763058307151,233,32694.22803476619,3.2655041984384927,1573,10012
1763058306980,1763058307213,233,32154.607743708653,3.2116068461554788,1574,10012
1763058307043,1763058307276,233,32154.607743708653,3.2116068461554788,1575,10012
1763058307105,1763058307338,233,32154.607743708653,3.2116068461554788,1576,10012
1763058307167,1763058307401,234,31724.530371735797,3.1686506563859167,1577,10012
1763058307230,1763058307463,233,31724.530371735797,3.1686506563859167,1578,10012
1763058307293,1763058307525,232,31724.530371735797,3.1686506563859167,1579,10012
1763058307356,1763058307587,231,31724.530371735797,3.1686506563859167,1580,10012
1763058307417,1763058307652,235,33430.84164552996,3.339077271826804,1581,10012
1763058307479,1763058307714,235,33430.84164552996,3.339077271826804,1582,10012
1763058307542,1763058307777,235,33430.84164552996,3.339077271826804,1583,10012
1763058307607,1763058307841,234,32731.504266550786,3.269227353830482,1584,10012
1763058307668,1763058307905,237,32731.504266550786,3.269227353830482,1585,10012
1763058307732,1763058307968,236,32731.504266550786,3.269227353830482,1586,10012
1763058307796,1763058308032,236,32176.230387641324,3.213766518941403,1587,10012
1763058307860,1763058308096,236,32176.230387641324,3.213766518941403,1588,10012
1763058307923,1763058308160,237,32176.230387641324,3.213766518941403,1589,10012
1763058307987,1763058308224,237,31735.342927787213,3.169730616039474,1590,10012
1763058308051,1763058308287,236,31735.342927787213,3.169730616039474,1591,10012
1763058308115,1763058308350,235,31735.342927787213,3.169730616039474,1592,10012
1763058308179,1763058308412,233,31735.342927787213,3.169730616039474,1593,10012
1763058308242,1763058308475,233,33439.437627590836,3.339935839751382,1594,10012
1763058308305,1763058308539,234,33439.437627590836,3.339935839751382,1595,10012
1763058308367,1763058308602,235,33439.437627590836,3.339935839751382,1596,10012
1763058308430,1763058308664,234,32745.136351562305,3.2705889284421,1597,10012
1763058308494,1763058308727,233,32745.136351562305,3.2705889284421,1598,10012
1763058308557,1763058308790,233,32745.136351562305,3.2705889284421,1599,10012
1763058308618,1763058308852,234,32192.472535843594,3.215388787039912,1600,10012
1763058308681,1763058308915,234,32192.472535843594,3.215388787039912,1601,10012
1763058308745,1763058308977,232,32192.472535843594,3.215388787039912,1602,10012
1763058308806,1763058309041,235,31752.5521385315,3.17144947448377,1603,10012
1763058308870,1763058309104,234,31752.5521385315,3.17144947448377,1604,10012
1763058308932,1763058309166,234,31752.5521385315,3.17144947448377,1605,10012
1763058308996,1763058309230,234,31752.5521385315,3.17144947448377,1606,10012
1763058309059,1763058309293,234,33469.70984585548,3.3429594332656296,1607,10012
1763058309121,1763058309358,237,33469.70984585548,3.3429594332656296,1608,10012
1763058309227,1763058309468,241,30713.33932745511,3.0676527494461756,1609,10012
1763058309283,1763058309593,310,30713.33932745511,3.0676527494461756,1610,10012
1763058309344,1763058309654,310,28564.782122636632,2.853054546807494,1611,10012
1763058309412,1763058309716,304,28564.782122636632,2.853054546807494,1612,10012
1763058309475,1763058309778,303,28564.782122636632,2.853054546807494,1613,10012
1763058309597,1763058309852,255,28564.782122636632,2.853054546807494,1614,10012
1763058309659,1763058309913,254,30918.841787496123,3.0881783647119576,1615,10012
1763058309720,1763058309975,255,30918.841787496123,3.0881783647119576,1616,10012
1763058309783,1763058310037,254,30918.841787496123,3.0881783647119576,1617,10012
1763058309872,1763058310110,238,30737.859221059418,3.0701017999460065,1618,10012
1763058309923,1763058310173,250,30737.859221059418,3.0701017999460065,1619,10012
1763058309986,1763058310235,249,30737.859221059418,3.0701017999460065,1620,10012
1763058310049,1763058310297,248,30593.978080742236,3.055730930957075,1621,10012
1763058310114,1763058310359,245,30593.978080742236,3.055730930957075,1622,10012
1763058310177,1763058310421,244,30593.978080742236,3.055730930957075,1623,10012
1763058310239,1763058310483,244,30480.708530351563,3.044417551972789,1624,10012
1763058310302,1763058310545,243,30480.708530351563,3.044417551972789,1625,10012
1763058310364,1763058310607,243,30480.708530351563,3.044417551972789,1626,10012
1763058310427,1763058310669,242,30480.708530351563,3.044417551972789,1627,10012
1763058310490,1763058310731,241,32451.57057309914,3.2412675362663945,1628,10012
1763058310553,1763058310793,240,32451.57057309914,3.2412675362663945,1629,10012
1763058310615,1763058310855,240,32451.57057309914,3.2412675362663945,1630,10012
1763058310679,1763058310917,238,31956.378605613816,3.1918076913317837,1631,10012
1763058310741,1763058310979,238,31956.378605613816,3.1918076913317837,1632,10012
1763058310806,1763058311041,235,31956.378605613816,3.1918076913317837,1633,10012
1763058310868,1763058311103,235,31562.700991462985,3.152487114608768,1634,10012
1763058310932,1763058311166,234,31562.700991462985,3.152487114608768,1635,10012
1763058310994,1763058311229,235,31562.700991462985,3.152487114608768,1636,10012
1763058311058,1763058311291,233,31252.780690196,3.1215322303431883,1637,10012
1763058311122,1763058311355,233,31252.780690196,3.1215322303431883,1638,10012
1763058311184,1763058311417,233,31252.780690196,3.1215322303431883,1639,10012
1763058311246,1763058311481,235,31252.780690196,3.1215322303431883,1640,10012
1763058311310,1763058311544,234,33082.18630663523,3.304253526431805,1641,10012
1763058311372,1763058311606,234,33082.18630663523,3.304253526431805,1642,10012
1763058311437,1763058311670,233,33082.18630663523,3.304253526431805,1643,10012
1763058311499,1763058311733,234,32457.71811377501,3.2418815535132848,1644,10012
1763058311561,1763058311796,235,32457.71811377501,3.2418815535132848,1645,10012
1763058311625,1763058311860,235,32457.71811377501,3.2418815535132848,1646,10012
1763058311688,1763058311923,235,31958.844182337358,3.1920539534895482,1647,10012
1763058311751,1763058311987,236,31958.844182337358,3.1920539534895482,1648,10012
1763058311814,1763058312050,236,31958.844182337358,3.1920539534895482,1649,10012
1763058311878,1763058312113,235,31568.506813322874,3.15306700093117,1650,10012
1763058311942,1763058312176,234,31568.506813322874,3.15306700093117,1651,10012
1763058312005,1763058312238,233,31568.506813322874,3.15306700093117,1652,10012
1763058312068,1763058312301,233,31568.506813322874,3.15306700093117,1653,10012
1763058312131,1763058312365,234,33323.76190296504,3.328382131738418,1654,10012
1763058312193,1763058312429,236,33323.76190296504,3.328382131738418,1655,10012
1763058312256,1763058312492,236,33323.76190296504,3.328382131738418,1656,10012
1763058312321,1763058312555,234,32653.05847476017,3.261392176863781,1657,10012
1763058312384,1763058312617,233,32653.05847476017,3.261392176863781,1658,10012
1763058312447,1763058312680,233,32653.05847476017,3.261392176863781,1659,10012
1763058312509,1763058312743,234,32113.944428959578,3.207545388429842,1660,10012
1763058312572,1763058312807,235,32113.944428959578,3.207545388429842,1661,10012
1763058312635,1763058312871,236,32113.944428959578,3.207545388429842,1662,10012
1763058312698,1763058312934,236,31690.043765451825,3.1652061291901545,1663,10012
1763058312762,1763058312998,236,31690.043765451825,3.1652061291901545,1664,10012
1763058312826,1763058313062,236,31690.043765451825,3.1652061291901545,1665,10012
1763058312889,1763058313125,236,31690.043765451825,3.1652061291901545,1666,10012
1763058312953,1763058313187,234,33420.140706003294,3.3380084604477926,1667,10012
1763058313017,1763058313249,232,33420.140706003294,3.3380084604477926,1668,10012
1763058313079,1763058313313,234,33420.140706003294,3.3380084604477926,1669,10012
1763058313141,1763058313376,235,32726.39186127262,3.2687167260559953,1670,10012
1763058313205,1763058313439,234,32726.39186127262,3.2687167260559953,1671,10012
1763058313269,1763058313501,232,32726.39186127262,3.2687167260559953,1672,10012
1763058313330,1763058313563,233,32182.93270529555,3.2144359473926842,1673,10012
1763058313394,1763058313625,231,32182.93270529555,3.2144359473926842,1674,10012
1763058313456,1763058313687,231,32182.93270529555,3.2144359473926842,1675,10012
1763058313518,1763058313749,231,31751.399231531144,3.171334321966755,1676,10012
1763058313587,1763058313827,240,31751.399231531144,3.171334321966755,1677,10012
1763058313642,1763058313889,247,31751.399231531144,3.171334321966755,1678,10012
1763058313704,1763058313951,247,31404.888586761852,3.1367247889294703,1679,10012
1763058313766,1763058314013,247,31404.888586761852,3.1367247889294703,1680,10012
1763058313830,1763058314075,245,31404.888586761852,3.1367247889294703,1681,10012
1763058313894,1763058314137,243,31404.888586761852,3.1367247889294703,1682,10012
1763058313956,1763058314199,243,33202.65576071539,3.3162860328321404,1683,10012
1763058314018,1763058314261,243,33202.65576071539,3.3162860328321404,1684,10012
1763058314079,1763058314323,244,33202.65576071539,3.3162860328321404,1685,10012
1763058314143,1763058314385,242,32562.99129705088,3.252396254200048,1686,10012
1763058314207,1763058314447,240,32562.99129705088,3.252396254200048,1687,10012
1763058314269,1763058314509,240,32562.99129705088,3.252396254200048,1688,10012
1763058314331,1763058314571,240,32042.4310898584,3.200402625834838,1689,10012
1763058314393,1763058314633,240,32042.4310898584,3.200402625834838,1690,10012
1763058314457,1763058314695,238,32042.4310898584,3.200402625834838,1691,10012
1763058314520,1763058314757,237,32042.4310898584,3.200402625834838,1692,10012
1763058314588,1763058314819,231,33675.56714752729,3.363520490164531,1693,10012
1763058314647,1763058314885,238,33675.56714752729,3.363520490164531,1694,10012
1763058314709,1763058314948,239,33675.56714752729,3.363520490164531,1695,10012
1763058314773,1763058315009,236,32922.17674798914,3.288271748700473,1696,10012
1763058314835,1763058315071,236,32922.17674798914,3.288271748700473,1697,10012
1763058314899,1763058315133,234,32922.17674798914,3.288271748700473,1698,10012
1763058314962,1763058315196,234,32333.396691399357,3.2294643119655766,1699,10012
1763058315026,1763058315259,233,32333.396691399357,3.2294643119655766,1700,10012
1763058315088,1763058315322,234,32333.396691399357,3.2294643119655766,1701,10012
1763058315151,1763058315385,234,31867.025163045288,3.1828830566365647,1702,10012
1763058315215,1763058315448,233,31867.025163045288,3.1828830566365647,1703,10012
1763058315277,1763058315512,235,31867.025163045288,3.1828830566365647,1704,10012
1763058315340,1763058315576,236,31867.025163045288,3.1828830566365647,1705,10012
1763058315403,1763058315640,237,33585.02987880578,3.354477614742886,1706,10012
1763058315467,1763058315703,236,33585.02987880578,3.354477614742886,1707,10012
1763058315531,1763058315766,235,33585.02987880578,3.354477614742886,1708,10012
1763058315596,1763058315829,233,32857.47875365059,3.2818097037205947,1709,10012
1763058315658,1763058315893,235,32857.47875365059,3.2818097037205947,1710,10012
1763058315721,1763058315957,236,32857.47875365059,3.2818097037205947,1711,10012
1763058315784,1763058316020,236,32276.254130398567,3.2237569047541523,1712,10012
1763058315848,1763058316083,235,32276.254130398567,3.2237569047541523,1713,10012
1763058315911,1763058316147,236,32276.254130398567,3.2237569047541523,1714,10012
1763058315974,1763058316211,237,31817.00203366686,3.177886739279551,1715,10012
1763058316038,1763058316274,236,31817.00203366686,3.177886739279551,1716,10012
1763058316103,1763058316338,235,31817.00203366686,3.177886739279551,1717,10012
1763058316166,1763058316401,235,31817.00203366686,3.177886739279551,1718,10012
1763058316229,1763058316463,234,33504.35661676515,3.346419957727243,1719,10012
1763058316294,1763058316526,232,33504.35661676515,3.346419957727243,1720,10012
1763058316355,1763058316588,233,33504.35661676515,3.346419957727243,1721,10012
1763058316417,1763058316650,233,32800.28022356183,3.2760967063086124,1722,10012
1763058316481,1763058316713,232,32800.28022356183,3.2760967063086124,1723,10012
1763058316543,1763058316776,233,32800.28022356183,3.2760967063086124,1724,10012
1763058316605,1763058316839,234,32233.602777731656,3.219496881515347,1725,10012
1763058316668,1763058316902,234,32233.602777731656,3.219496881515347,1726,10012
1763058316731,1763058316967,236,32233.602777731656,3.219496881515347,1727,10012
1763058316794,1763058317033,239,31776.501399963472,3.173841530160155,1728,10012
1763058316857,1763058317098,241,31776.501399963472,3.173841530160155,1729,10012
1763058316921,1763058317161,240,31776.501399963472,3.173841530160155,1730,10012
1763058316989,1763058317222,233,31776.501399963472,3.173841530160155,1731,10012
1763058317050,1763058317284,234,33463.887114370926,3.342377858007483,1732,10012
1763058317116,1763058317346,230,33463.887114370926,3.342377858007483,1733,10012
1763058317181,1763058317408,227,33463.887114370926,3.342377858007483,1734,10012
1763058317237,1763058317470,233,32771.453917268,3.273217530689972,1735,10012
1763058317300,1763058317533,233,32771.453917268,3.273217530689972,1736,10012
1763058317361,1763058317594,233,32771.453917268,3.273217530689972,1737,10012
1763058317423,1763058317657,234,32210.68586422806,3.2172079368985274,1738,10012
1763058317486,1763058317722,236,32210.68586422806,3.2172079368985274,1739,10012
1763058317549,1763058317785,236,32210.68586422806,3.2172079368985274,1740,10012
1763058317612,1763058317849,237,31764.87526206131,3.1726803098343295,1741,10012
1763058317687,1763058317913,226,31764.87526206131,3.1726803098343295,1742,10012
1763058317941,1763058318181,240,29087.95570231133,2.9053091991921023,1743,10012
1763058318093,1763058318333,240,24204.51104251963,2.417550044198924,1744,10012
1763058318356,1763058318587,231,21153.121168377907,2.1127767846961554,1745,10012
1763058318435,1763058318666,231,21153.121168377907,2.1127767846961554,1746,10012
1763058318515,1763058318744,229,21153.121168377907,2.1127767846961554,1747,10012
1763058318576,1763058318806,230,23054.057238345034,2.3026425527711782,1748,10012
1763058318637,1763058318869,232,23054.057238345034,2.3026425527711782,1749,10012
1763058318698,1763058318931,233,23054.057238345034,2.3026425527711782,1750,10012
1763058318761,1763058318995,234,24464.40967619934,2.4435087571114003,1751,10012
1763058318824,1763058319061,237,24464.40967619934,2.4435087571114003,1752,10012
1763058318886,1763058319124,238,24464.40967619934,2.4435087571114003,1753,10012
1763058318947,1763058319186,239,25595.442511930873,2.556476479417786,1754,10012
1763058319011,1763058319248,237,25595.442511930873,2.556476479417786,1755,10012
1763058319076,1763058319322,246,25595.442511930873,2.556476479417786,1756,10012
1763058319142,1763058319406,264,26625.65184916291,2.6593739361928597,1757,10012
1763058319198,1763058319468,270,26625.65184916291,2.6593739361928597,1758,10012
1763058319261,1763058319530,269,26625.65184916291,2.6593739361928597,1759,10012
1763058319430,1763058319671,241,27549.85619803976,2.7516835994845947,1760,10012
1763058319482,1763058319791,309,27549.85619803976,2.7516835994845947,1761,10012
1763058319545,1763058319855,310,27549.85619803976,2.7516835994845947,1762,10012
1763058319730,1763058319969,239,28079.404827857292,2.804574992794376,1763,10012
1763058319804,1763058320034,230,28079.404827857292,2.804574992794376,1764,10012
1763058319865,1763058320110,245,26363.60359952369,2.633200519329174,1765,10012
1763058320061,1763058320298,237,23044.22806882038,2.3016608139053516,1766,10012
1763058320141,1763058320377,236,23044.22806882038,2.3016608139053516,1767,10012
1763058320209,1763058320466,257,23044.22806882038,2.3016608139053516,1768,10012
1763058320270,1763058320551,281,24617.376753335793,2.4587871307766473,1769,10012
1763058320332,1763058320614,282,24617.376753335793,2.4587871307766473,1770,10012
1763058320395,1763058320675,280,24617.376753335793,2.4587871307766473,1771,10012
1763058320554,1763058320787,233,25885.334593055217,2.585430942174912,1772,10012
1763058320613,1763058320851,238,25885.334593055217,2.585430942174912,1773,10012
1763058320673,1763058320913,240,25885.334593055217,2.585430942174912,1774,10012
1763058320763,1763058320985,222,26769.426324734457,2.6737341514916557,1775,10012
1763058320822,1763058321048,226,26769.426324734457,2.6737341514916557,1776,10012
1763058320878,1763058321110,232,26769.426324734457,2.6737341514916557,1777,10012
1763058320940,1763058321172,232,27429.274207138096,2.7396398528903414,1778,10012
1763058321002,1763058321234,232,27429.274207138096,2.7396398528903414,1779,10012
1763058321065,1763058321297,232,27429.274207138096,2.7396398528903414,1780,10012
1763058321127,1763058321360,233,27429.274207138096,2.7396398528903414,1781,10012
1763058321189,1763058321422,233,29990.875543089063,2.995492962753602,1782,10012
1763058321252,1763058321484,232,29990.875543089063,2.995492962753602,1783,10012
1763058321315,1763058321546,231,29990.875543089063,2.995492962753602,1784,10012
1763058321376,1763058321609,233,30000.035807841985,2.996407891314621,1785,10012
1763058321438,1763058321671,233,30000.035807841985,2.996407891314621,1786,10012
1763058321501,1763058321735,234,30000.035807841985,2.996407891314621,1787,10012
1763058321564,1763058321798,234,30007.444431426535,2.997147865703809,1788,10012
1763058321626,1763058321861,235,30007.444431426535,2.997147865703809,1789,10012
1763058321690,1763058321924,234,30007.444431426535,2.997147865703809,1790,10012
1763058321753,1763058321988,235,30013.26976741552,2.997729701100232,1791,10012
1763058321816,1763058322050,234,30013.26976741552,2.997729701100232,1792,10012
1763058321879,1763058322113,234,30013.26976741552,2.997729701100232,1793,10012
1763058321943,1763058322175,232,30013.26976741552,2.997729701100232,1794,10012
1763058322005,1763058322238,233,32060.354734862754,3.202192842075785,1795,10012
1763058322067,1763058322301,234,32060.354734862754,3.202192842075785,1796,10012
1763058322130,1763058322365,235,32060.354734862754,3.202192842075785,1797,10012
1763058322193,1763058322428,235,31645.36201421589,3.160743309450249,1798,10012
1763058322256,1763058322491,235,31645.36201421589,3.160743309450249,1799,10012
1763058322320,1763058322554,234,31645.36201421589,3.160743309450249,1800,10012
1763058322383,1763058322617,234,31307.395991230555,3.126987214465697,1801,10012
1763058322446,1763058322679,233,31307.395991230555,3.126987214465697,1802,10012
1763058322508,1763058322742,234,31307.395991230555,3.126987214465697,1803,10012
1763058322572,1763058322804,232,31307.395991230555,3.126987214465697,1804,10012
1763058322634,1763058322867,233,33169.144645098444,3.3129389377845033,1805,10012
1763058322696,1763058322929,233,33169.144645098444,3.3129389377845033,1806,10012
1763058322759,1763058322992,233,33169.144645098444,3.3129389377845033,1807,10012
1763058322821,1763058323053,232,32533.11628214346,3.249412333414249,1808,10012
1763058322883,1763058323116,233,32533.11628214346,3.249412333414249,1809,10012
1763058322945,1763058323179,234,32533.11628214346,3.249412333414249,1810,10012
1763058323008,1763058323242,234,32021.20744430405,3.198282805064328,1811,10012
1763058323071,1763058323305,234,32021.20744430405,3.198282805064328,1812,10012
1763058323134,1763058323369,235,32021.20744430405,3.198282805064328,1813,10012
1763058323197,1763058323432,235,31616.225125666024,3.157833112831205,1814,10012
1763058323260,1763058323494,234,31616.225125666024,3.157833112831205,1815,10012
1763058323324,1763058323556,232,31616.225125666024,3.157833112831205,1816,10012
1763058323386,1763058323619,233,31616.225125666024,3.157833112831205,1817,10012
1763058323448,1763058323681,233,33327.87542515582,3.32879299092647,1818,10012
1763058323510,1763058323743,233,33327.87542515582,3.32879299092647,1819,10012
1763058323574,1763058323806,232,33327.87542515582,3.32879299092647,1820,10012
1763058323636,1763058323880,244,32606.954707046694,3.256787325913573,1821,10012
1763058323697,1763058323943,246,32606.954707046694,3.256787325913573,1822,10012
1763058323764,1763058324041,277,32606.954707046694,3.256787325913573,1823,10012
1763058323858,1763058324103,245,32072.19612798098,3.20337556212355,1824,10012
1763058323962,1763058324217,255,32072.19612798098,3.20337556212355,1825,10012
1763058324055,1763058324280,225,29626.41231400084,2.959090323012469,1826,10012
1763058324110,1763058324342,232,29626.41231400084,2.959090323012469,1827,10012
1763058324171,1763058324405,234,29626.41231400084,2.959090323012469,1828,10012
1763058324235,1763058324492,257,29718.979131036653,2.968335910011651,1829,10012
1763058324297,1763058324533,236,29718.979131036653,2.968335910011651,1830,10012
1763058324359,1763058324594,235,29718.979131036653,2.968335910011651,1831,10012
1763058324502,1763058324738,236,29782.700325698286,2.9747003920993094,1832,10012
1763058324566,1763058324800,234,29782.700325698286,2.9747003920993094,1833,10012
1763058324629,1763058324865,236,29782.700325698286,2.9747003920993094,1834,10012
1763058324693,1763058324926,233,29834.120159581533,2.9798362125031495,1835,10012
1763058324755,1763058324988,233,29834.120159581533,2.9798362125031495,1836,10012
1763058324819,1763058325051,232,29834.120159581533,2.9798362125031495,1837,10012
1763058324881,1763058325115,234,29875.707406707737,2.9839899527275007,1838,10012
1763058324942,1763058325178,236,29875.707406707737,2.9839899527275007,1839,10012
1763058325006,1763058325242,236,29875.707406707737,2.9839899527275007,1840,10012
1763058325070,1763058325306,236,29908.567388332653,2.987272012418363,1841,10012
1763058325133,1763058325369,236,29908.567388332653,2.987272012418363,1842,10012
1763058325197,1763058325432,235,29908.567388332653,2.987272012418363,1843,10012
1763058325260,1763058325493,233,29908.567388332653,2.987272012418363,1844,10012
1763058325321,1763058325555,234,31966.872208501125,3.1928557938974356,1845,10012
1763058325384,1763058325619,235,31966.872208501125,3.1928557938974356,1846,10012
1763058325450,1763058325681,231,31966.872208501125,3.1928557938974356,1847,10012
1763058325510,1763058325743,233,31576.836022383897,3.1538989235301536,1848,10012
1763058325573,1763058325805,232,31576.836022383897,3.1538989235301536,1849,10012
1763058325636,1763058325869,233,31576.836022383897,3.1538989235301536,1850,10012
1763058325696,1763058325931,235,31264.046309839967,3.1226574420535322,1851,10012
1763058325759,1763058325993,234,31264.046309839967,3.1226574420535322,1852,10012
1763058325821,1763058326055,234,31264.046309839967,3.1226574420535322,1853,10012
1763058325883,1763058326119,236,31012.296816322774,3.097512666432558,1854,10012
1763058325946,1763058326182,236,31012.296816322774,3.097512666432558,1855,10012
1763058326010,1763058326246,236,31012.296816322774,3.097512666432558,1856,10012
1763058326074,1763058326309,235,31012.296816322774,3.097512666432558,1857,10012
1763058326137,1763058326371,234,32855.58026579293,3.281620082480316,1858,10012
1763058326200,1763058326434,234,32855.58026579293,3.281620082480316,1859,10012
1763058326261,1763058326498,237,32855.58026579293,3.281620082480316,1860,10012
1763058326324,1763058326561,237,32271.927150773794,3.223324725406891,1861,10012
1763058326388,1763058326623,235,32271.927150773794,3.223324725406891,1862,10012
1763058326451,1763058326685,234,32271.927150773794,3.223324725406891,1863,10012
1763058326515,1763058326747,232,31818.033939166715,3.177989806149292,1864,10012
1763058326576,1763058326811,235,31818.033939166715,3.177989806149292,1865,10012
1763058326639,1763058326873,234,31818.033939166715,3.177989806149292,1866,10012
1763058326701,1763058326937,236,31454.499015576705,3.1416798856948365,1867,10012
1763058326764,1763058327001,237,31454.499015576705,3.1416798856948365,1868,10012
1763058326827,1763058327065,238,31454.499015576705,3.1416798856948365,1869,10012
1763058326891,1763058327129,238,31454.499015576705,3.1416798856948365,1870,10012
1763058326955,1763058327192,237,33250.54072132117,3.321068789584616,1871,10012
1763058327019,1763058327255,236,33250.54072132117,3.321068789584616,1872,10012
1763058327082,1763058327316,234,33250.54072132117,3.321068789584616,1873,10012
1763058327146,1763058327378,232,32601.203495614296,3.2562128940885233,1874,10012
1763058327208,1763058327443,235,32601.203495614296,3.2562128940885233,1875,10012
1763058327270,1763058327505,235,32601.203495614296,3.2562128940885233,1876,10012
1763058327333,1763058327567,234,32075.336779013367,3.2036892508003763,1877,10012
1763058327399,1763058327630,231,32075.336779013367,3.2036892508003763,1878,10012
1763058327462,1763058327694,232,32075.336779013367,3.2036892508003763,1879,10012
1763058327565,1763058327804,239,31657.272739315627,3.161932954386299,1880,10012
1763058327661,1763058327925,264,31657.272739315627,3.161932954386299,1881,10012
1763058327776,1763058328006,230,29109.586009405506,2.9074696373756996,1882,10012
1763058327924,1763058328164,240,29109.586009405506,2.9074696373756996,1883,10012
1763058328009,1763058328243,234,27265.21204949619,2.7232533009884325,1884,10012
1763058328070,1763058328305,235,27265.21204949619,2.7232533009884325,1885,10012
1763058328134,1763058328368,234,27265.21204949619,2.7232533009884325,1886,10012
1763058328215,1763058328447,232,27833.22357934947,2.7799863742858038,1887,10012
1763058328275,1763058328510,235,27833.22357934947,2.7799863742858038,1888,10012
1763058328337,1763058328572,235,27833.22357934947,2.7799863742858038,1889,10012
1763058328401,1763058328634,233,28273.778863479576,2.823989099428643,1890,10012
1763058328463,1763058328696,233,28273.778863479576,2.823989099428643,1891,10012
1763058328524,1763058328758,234,28273.778863479576,2.823989099428643,1892,10012
1763058328585,1763058328820,235,28633.271975329742,2.8598953231452,1893,10012
1763058328649,1763058328882,233,28633.271975329742,2.8598953231452,1894,10012
1763058328725,1763058328959,234,28633.271975329742,2.8598953231452,1895,10012
1763058328820,1763058329052,232,28922.233948411817,2.888756886577289,1896,10012
1763058328872,1763058329114,242,28922.233948411817,2.888756886577289,1897,10012
1763058328928,1763058329176,248,28922.233948411817,2.888756886577289,1898,10012
1763058329004,1763058329239,235,29159.4661174001,2.9124516697363263,1899,10012
1763058329068,1763058329301,233,29159.4661174001,2.9124516697363263,1900,10012
1763058329131,1763058329402,271,29159.4661174001,2.9124516697363263,1901,10012
1763058329193,1763058329464,271,29337.40249556788,2.9302239807798522,1902,10012
1763058329257,1763058329527,270,29337.40249556788,2.9302239807798522,1903,10012
1763058329334,1763058329589,255,29337.40249556788,2.9302239807798522,1904,10012
1763058329447,1763058329679,232,29482.71077648976,2.944737392777643,1905,10012
1763058329541,1763058329775,234,29482.71077648976,2.944737392777643,1906,10012
1763058329635,1763058329871,236,27534.21635653287,2.7501214898654482,1907,10012
1763058329704,1763058330006,302,27534.21635653287,2.7501214898654482,1908,10012
1763058329837,1763058330073,236,26017.15265251323,2.5985969489126277,1909,10012
1763058330004,1763058330230,226,22768.106664053044,2.2740817682833643,1910,10012
1763058330096,1763058330325,229,22768.106664053044,2.2740817682833643,1911,10012
1763058330400,1763058330628,228,22194.58837126596,2.216798678712141,1912,10012
1763058330523,1763058330755,232,19672.792578413904,1.9649213522187279,1913,10012
1763058330629,1763058330863,234,17730.97327015271,1.7709721604227635,1914,10012
1763058330712,1763058330939,227,17730.97327015271,1.7709721604227635,1915,10012
1763058330774,1763058331002,228,17730.97327015271,1.7709721604227635,1916,10012
1763058330834,1763058331064,230,20216.588669581863,2.0192357840173654,1917,10012
1763058330901,1763058331126,225,20216.588669581863,2.0192357840173654,1918,10012
1763058330961,1763058331212,251,20216.588669581863,2.0192357840173654,1919,10012
1763058331021,1763058331274,253,22219.74858098716,2.2193116840778226,1920,10012
1763058331088,1763058331336,248,22219.74858098716,2.2193116840778226,1921,10012
1763058331173,1763058331410,237,22219.74858098716,2.2193116840778226,1922,10012
1763058331255,1763058331490,235,23829.896373303807,2.3801334771577913,1923,10012
1763058331337,1763058331569,232,23829.896373303807,2.3801334771577913,1924,10012
1763058331400,1763058331636,236,23829.896373303807,2.3801334771577913,1925,10012
1763058331460,1763058331698,238,25102.14761677653,2.5072061143404443,1926,10012
1763058331523,1763058331760,237,25102.14761677653,2.5072061143404443,1927,10012
1763058331586,1763058331822,236,25102.14761677653,2.5072061143404443,1928,10012
1763058331649,1763058331885,236,26118.521207720565,2.608721654786313,1929,10012
1763058331717,1763058331948,231,26118.521207720565,2.608721654786313,1930,10012
1763058331775,1763058332011,236,26118.521207720565,2.608721654786313,1931,10012
1763058331839,1763058332073,234,26913.76940255329,2.688151158864691,1932,10012
1763058331902,1763058332136,234,26913.76940255329,2.688151158864691,1933,10012
1763058331964,1763058332199,235,26913.76940255329,2.688151158864691,1934,10012
1763058332027,1763058332292,265,27560.07113622476,2.7527038689797,1935,10012
1763058332090,1763058332354,264,27560.07113622476,2.7527038689797,1936,10012
1763058332153,1763058332416,263,27560.07113622476,2.7527038689797,1937,10012
1763058332267,1763058332503,236,28070.112482162458,2.8036468719698817,1938,10012
1763058332337,1763058332580,243,28070.112482162458,2.8036468719698817,1939,10012
1763058332393,1763058332642,249,28070.112482162458,2.8036468719698817,1940,10012
1763058332477,1763058332710,233,28467.221760765642,2.8433102038319658,1941,10012
1763058332557,1763058332798,241,28467.221760765642,2.8433102038319658,1942,10012
1763058332610,1763058332860,250,28467.221760765642,2.8433102038319658,1943,10012
1763058332688,1763058332925,237,28790.39007804792,2.8755883018425807,1944,10012
1763058332754,1763058332987,233,28790.39007804792,2.8755883018425807,1945,10012
1763058332814,1763058333050,236,28790.39007804792,2.8755883018425807,1946,10012
1763058332878,1763058333113,235,29045.740112048097,2.9010926999648516,1947,10012
1763058332941,1763058333177,236,29045.740112048097,2.9010926999648516,1948,10012
1763058333004,1763058333241,237,29045.740112048097,2.9010926999648516,1949,10012
1763058333067,1763058333304,237,29248.743389078238,2.921368696472057,1950,10012
1763058333131,1763058333368,237,29248.743389078238,2.921368696472057,1951,10012
1763058333195,1763058333430,235,29248.743389078238,2.921368696472057,1952,10012
1763058333258,1763058333493,235,29248.743389078238,2.921368696472057,1953,10012
1763058333322,1763058333556,234,31462.590994317197,3.1424881136952854,1954,10012
1763058333384,1763058333618,234,31462.590994317197,3.1424881136952854,1955,10012
1763058333447,1763058333681,234,31462.590994317197,3.1424881136952854,1956,10012
1763058333509,1763058333744,235,31171.56643147649,3.113420538501447,1957,10012
1763058333572,1763058333807,235,31171.56643147649,3.113420538501447,1958,10012
1763058333635,1763058333870,235,31171.56643147649,3.113420538501447,1959,10012
1763058333698,1763058333933,235,30937.639746592333,3.090055907570149,1960,10012
1763058333760,1763058333997,237,30937.639746592333,3.090055907570149,1961,10012
1763058333823,1763058334061,238,30937.639746592333,3.090055907570149,1962,10012
1763058333887,1763058334125,238,30751.90195879431,3.071504390610698,1963,10012
1763058333951,1763058334188,237,30751.90195879431,3.071504390610698,1964,10012
1763058334015,1763058334251,236,30751.90195879431,3.071504390610698,1965,10012
1763058334079,1763058334315,236,30751.90195879431,3.071504390610698,1966,10012
1763058334142,1763058334378,236,32676.194253323887,3.2637029817542835,1967,10012
1763058334205,1763058334441,236,32676.194253323887,3.2637029817542835,1968,10012
1763058334269,1763058334504,235,32676.194253323887,3.2637029817542835,1969,10012
1763058334332,1763058334566,234,32140.23481989914,3.210171276458164,1970,10012
1763058334395,1763058334628,233,32140.23481989914,3.210171276458164,1971,10012
1763058334458,1763058334691,233,32140.23481989914,3.210171276458164,1972,10012
1763058334520,1763058334753,233,31713.075151459612,3.1675065073371567,1973,10012
1763058334582,1763058334815,233,31713.075151459612,3.1675065073371567,1974,10012
1763058334645,1763058334877,232,31713.075151459612,3.1675065073371567,1975,10012
1763058334707,1763058334941,234,31372.62889571331,3.133502686347714,1976,10012
1763058334769,1763058335003,234,31372.62889571331,3.133502686347714,1977,10012
1763058334831,1763058335067,236,31372.62889571331,3.133502686347714,1978,10012
1763058334895,1763058335129,234,31372.62889571331,3.133502686347714,1979,10012
1763058334957,1763058335191,234,33142.40460098779,3.31026813833278,1980,10012
1763058335019,1763058335255,236,33142.40460098779,3.31026813833278,1981,10012
1763058335082,1763058335318,236,33142.40460098779,3.31026813833278,1982,10012
1763058335146,1763058335381,235,32505.591657785295,3.24666316997456,1983,10012
1763058335209,1763058335444,235,32505.591657785295,3.24666316997456,1984,10012
1763058335272,1763058335507,235,32505.591657785295,3.24666316997456,1985,10012
1763058335335,1763058335571,236,31994.386184623738,3.1956038937898263,1986,10012
1763058335398,1763058335634,236,31994.386184623738,3.1956038937898263,1987,10012
1763058335462,1763058335697,235,31994.386184623738,3.1956038937898263,1988,10012
1763058335525,1763058335760,235,31596.83378914512,3.1558963033504916,1989,10012
1763058335588,1763058335822,234,31596.83378914512,3.1558963033504916,1990,10012
1763058335650,1763058335885,235,31596.83378914512,3.1558963033504916,1991,10012
1763058335713,1763058335948,235,31596.83378914512,3.1558963033504916,1992,10012
1763058335776,1763058336011,235,33329.32286237037,3.3289375611636407,1993,10012
1763058335839,1763058336075,236,33329.32286237037,3.3289375611636407,1994,10012
1763058335902,1763058336138,236,33329.32286237037,3.3289375611636407,1995,10012
1763058335965,1763058336202,237,32647.605029859704,3.260847486002767,1996,10012
1763058336029,1763058336265,236,32647.605029859704,3.260847486002767,1997,10012
1763058336092,1763058336328,236,32647.605029859704,3.260847486002767,1998,10012
1763058336156,1763058336392,236,32112.225998738464,3.2073737513721996,1999,10012
1763058336219,1763058336455,236,32112.225998738464,3.2073737513721996,2000,10012
1763058336282,1763058336518,236,32112.225998738464,3.2073737513721996,2001,10012
1763058336346,1763058336581,235,31688.675894995817,3.1650695060922707,2002,10012
1763058336409,1763058336644,235,31688.675894995817,3.1650695060922707,2003,10012
1763058336472,1763058336707,235,31688.675894995817,3.1650695060922707,2004,10012
1763058336535,1763058336770,235,31688.675894995817,3.1650695060922707,2005,10012
1763058336598,1763058336832,234,33393.97801241667,3.3353953268494476,2006,10012
1763058336661,1763058336895,234,33393.97801241667,3.3353953268494476,2007,10012
1763058336723,1763058336957,234,33393.97801241667,3.3353953268494476,2008,10012
1763058336785,1763058337021,236,32705.592519871254,3.266639284845311,2009,10012
1763058336849,1763058337084,235,32705.592519871254,3.266639284845311,2010,10012
1763058336911,1763058337147,236,32705.592519871254,3.266639284845311,2011,10012
1763058336974,1763058337210,236,32158.326053297646,3.211978231452022,2012,10012
1763058337038,1763058337273,235,32158.326053297646,3.211978231452022,2013,10012
1763058337101,1763058337336,235,32158.326053297646,3.211978231452022,2014,10012
1763058337164,1763058337399,235,31725.371538424926,3.16873467223581,2015,10012
1763058337227,1763058337463,236,31725.371538424926,3.16873467223581,2016,10012
1763058337290,1763058337526,236,31725.371538424926,3.16873467223581,2017,10012
1763058337353,1763058337589,236,31725.371538424926,3.16873467223581,2018,10012
1763058337417,1763058337653,236,33456.478258432544,3.3416378604107613,2019,10012
1763058337480,1763058337716,236,33456.478258432544,3.3416378604107613,2020,10012
1763058337543,1763058337780,237,33456.478258432544,3.3416378604107613,2021,10012
1763058337607,1763058337843,236,32751.85973719544,3.2712604611661447,2022,10012
1763058337670,1763058337907,237,32751.85973719544,3.2712604611661447,2023,10012
1763058337734,1763058337970,236,32751.85973719544,3.2712604611661447,2024,10012
1763058337797,1763058338033,236,32195.108491070372,3.215652066627085,2025,10012
1763058337861,1763058338095,234,32195.108491070372,3.215652066627085,2026,10012
1763058337924,1763058338159,235,32195.108491070372,3.215652066627085,2027,10012
1763058337987,1763058338223,236,31752.491250400944,3.171443392968533,2028,10012
1763058338049,1763058338286,237,31752.491250400944,3.171443392968533,2029,10012
1763058338113,1763058338349,236,31752.491250400944,3.171443392968533,2030,10012
1763058338177,1763058338412,235,31752.491250400944,3.171443392968533,2031,10012
1763058338240,1763058338476,236,33461.366052818346,3.3421260540170152,2032,10012
1763058338303,1763058338539,236,33461.366052818346,3.3421260540170152,2033,10012
1763058338366,1763058338602,236,33461.366052818346,3.3421260540170152,2034,10012
1763058338429,1763058338665,236,32755.740645937767,3.27164808688951,2035,10012
1763058338499,1763058338729,230,32755.740645937767,3.27164808688951,2036,10012
1763058338556,1763058338791,235,32755.740645937767,3.27164808688951,2037,10012
1763058338619,1763058338854,235,32200.913554166462,3.21623187716405,2038,10012
1763058338683,1763058338916,233,32200.913554166462,3.21623187716405,2039,10012
1763058338745,1763058338979,234,32200.913554166462,3.21623187716405,2040,10012
1763058338808,1763058339042,234,31761.43610267067,3.172336806099748,2041,10012
1763058338869,1763058339104,235,31761.43610267067,3.172336806099748,2042,10012
1763058338933,1763058339168,235,31761.43610267067,3.172336806099748,2043,10012
1763058338996,1763058339231,235,31761.43610267067,3.172336806099748,2044,10012
1763058339058,1763058339294,236,33468.46826552051,3.3428354240431997,2045,10012
1763058339122,1763058339357,235,33468.46826552051,3.3428354240431997,2046,10012
1763058339185,1763058339421,236,33468.46826552051,3.3428354240431997,2047,10012
1763058339248,1763058339483,235,32768.244739354326,3.272896997538387,2048,10012
1763058339312,1763058339546,234,32768.244739354326,3.272896997538387,2049,10012
1763058339375,1763058339609,234,32768.244739354326,3.272896997538387,2050,10012
1763058339436,1763058339671,235,32208.13456778669,3.2169531130430173,2051,10012
1763058339500,1763058339734,234,32208.13456778669,3.2169531130430173,2052,10012
1763058339563,1763058339797,234,32208.13456778669,3.2169531130430173,2053,10012
1763058339625,1763058339859,234,31769.363385093777,3.1731285842083277,2054,10012
1763058339688,1763058339922,234,31769.363385093777,3.1731285842083277,2055,10012
1763058339751,1763058339986,235,31769.363385093777,3.1731285842083277,2056,10012
1763058339812,1763058340048,236,31769.363385093777,3.1731285842083277,2057,10012
1763058339876,1763058340111,235,33474.76252776446,3.343464095861412,2058,10012
1763058339940,1763058340173,233,33474.76252776446,3.343464095861412,2059,10012
1763058340002,1763058340235,233,33474.76252776446,3.343464095861412,2060,10012
1763058340065,1763058340299,234,32773.25497210051,3.273397420305684,2061,10012
1763058340127,1763058340363,236,32773.25497210051,3.273397420305684,2062,10012
1763058340189,1763058340426,237,32773.25497210051,3.273397420305684,2063,10012
1763058340253,1763058340490,237,32209.380447847805,3.217077551722713,2064,10012
1763058340317,1763058340553,236,32209.380447847805,3.217077551722713,2065,10012
1763058340380,1763058340617,237,32209.380447847805,3.217077551722713,2066,10012
1763058340444,1763058340681,237,31761.664075591158,3.172359576067834,2067,10012
1763058340507,1763058340745,238,31761.664075591158,3.172359576067834,2068,10012
1763058340571,1763058340808,237,31761.664075591158,3.172359576067834,2069,10012
1763058340635,1763058340872,237,31761.664075591158,3.172359576067834,2070,10012
1763058340699,1763058340935,236,33485.221947868195,3.3445087842457246,2071,10012
1763058340762,1763058340999,237,33485.221947868195,3.3445087842457246,2072,10012
1763058340826,1763058341061,235,33485.221947868195,3.3445087842457246,2073,10012
1763058340889,1763058341123,234,32781.580670503085,3.2742289922595966,2074,10012
1763058340953,1763058341186,233,32781.580670503085,3.2742289922595966,2075,10012
1763058341015,1763058341248,233,32781.580670503085,3.2742289922595966,2076,10012
1763058341077,1763058341311,234,32221.482213720454,3.2182862778386387,2077,10012
1763058341140,1763058341375,235,32221.482213720454,3.2182862778386387,2078,10012
1763058341202,1763058341438,236,32221.482213720454,3.2182862778386387,2079,10012
1763058341265,1763058341501,236,31775.64384212148,3.1737558771595564,2080,10012
1763058341329,1763058341563,234,31775.64384212148,3.1737558771595564,2081,10012
1763058341392,1763058341627,235,31775.64384212148,3.1737558771595564,2082,10012
1763058341455,1763058341690,235,31775.64384212148,3.1737558771595564,2083,10012
1763058341517,1763058341754,237,33488.02156680234,3.3447884105875283,2084,10012
1763058341581,1763058341818,237,33488.02156680234,3.3447884105875283,2085,10012
1763058341644,1763058341882,238,33488.02156680234,3.3447884105875283,2086,10012
1763058341710,1763058341945,235,32773.453102474254,3.2734172095959098,2087,10012
1763058341772,1763058342008,236,32773.453102474254,3.2734172095959098,2088,10012
1763058341836,1763058342072,236,32773.453102474254,3.2734172095959098,2089,10012
1763058341899,1763058342135,236,32209.53776336456,3.2170932644191526,2090,10012
1763058341962,1763058342199,237,32209.53776336456,3.2170932644191526,2091,10012
1763058342025,1763058342263,238,32209.53776336456,3.2170932644191526,2092,10012
1763058342089,1763058342326,237,31763.962521874822,3.172589145213226,2093,10012
1763058342154,1763058342389,235,31763.962521874822,3.172589145213226,2094,10012
1763058342217,1763058342451,234,31763.962521874822,3.172589145213226,2095,10012
1763058342279,1763058342514,235,31763.962521874822,3.172589145213226,2096,10012
1763058342342,1763058342577,235,33462.19020489048,3.342208370444515,2097,10012
1763058342405,1763058342639,234,33462.19020489048,3.342208370444515,2098,10012
1763058342467,1763058342702,235,33462.19020489048,3.342208370444515,2099,10012
1763058342531,1763058342765,234,32766.673593297714,3.2727400712442782,2100,10012
1763058342593,1763058342827,234,32766.673593297714,3.2727400712442782,2101,10012
1763058342656,1763058342889,233,32766.673593297714,3.2727400712442782,2102,10012
1763058342718,1763058342951,233,32179.578770738706,3.2141009559267584,2103,10012
1763058342780,1763058343013,233,32179.578770738706,3.2141009559267584,2104,10012
1763058342842,1763058343075,233,32179.578770738706,3.2141009559267584,2105,10012
1763058342904,1763058343137,233,32179.578770738706,3.2141009559267584,2106,10012
1763058342965,1763058343200,235,33792.60512273727,3.375210259961773,2107,10012
1763058343027,1763058343264,237,33792.60512273727,3.375210259961773,2108,10012
1763058343090,1763058343327,237,33792.60512273727,3.375210259961773,2109,10012
1763058343154,1763058343391,237,33018.7444674534,3.297916946409648,2110,10012
1763058343218,1763058343454,236,33018.7444674534,3.297916946409648,2111,10012
1763058343281,1763058343517,236,33018.7444674534,3.297916946409648,2112,10012
1763058343345,1763058343581,236,32401.316362690544,3.2362481385028508,2113,10012
1763058343408,1763058343645,237,32401.316362690544,3.2362481385028508,2114,10012
1763058343471,1763058343709,238,32401.316362690544,3.2362481385028508,2115,10012
1763058343535,1763058343772,237,31916.426508338984,3.1878172701097665,2116,10012
1763058343599,1763058343834,235,31916.426508338984,3.1878172701097665,2117,10012
1763058343663,1763058343897,234,31916.426508338984,3.1878172701097665,2118,10012
1763058343726,1763058343961,235,31916.426508338984,3.1878172701097665,2119,10012
1763058343788,1763058344025,237,33599.66222111281,3.3559390951970447,2120,10012
1763058343851,1763058344087,236,33599.66222111281,3.3559390951970447,2121,10012
1763058343915,1763058344150,235,33599.66222111281,3.3559390951970447,2122,10012
1763058343979,1763058344212,233,32876.23879022691,3.2836834588720447,2123,10012
1763058344041,1763058344276,235,32876.23879022691,3.2836834588720447,2124,10012
1763058344104,1763058344339,235,32876.23879022691,3.2836834588720447,2125,10012
1763058344166,1763058344403,237,32293.989838230395,3.2255283498032754,2126,10012
1763058344230,1763058344465,235,32293.989838230395,3.2255283498032754,2127,10012
1763058344293,1763058344529,236,32293.989838230395,3.2255283498032754,2128,10012
1763058344357,1763058344593,236,31828.843931554933,3.1790695097438006,2129,10012
1763058344419,1763058344657,238,31828.843931554933,3.1790695097438006,2130,10012
1763058344483,1763058344720,237,31828.843931554933,3.1790695097438006,2131,10012
1763058344547,1763058344782,235,31828.843931554933,3.1790695097438006,2132,10012
1763058344611,1763058344844,233,33513.77092558617,3.3473602602463215,2133,10012
1763058344674,1763058344907,233,33513.77092558617,3.3473602602463215,2134,10012
1763058344736,1763058344970,234,33513.77092558617,3.3473602602463215,2135,10012
1763058344798,1763058345033,235,32804.30565676659,3.276498767156072,2136,10012
1763058344861,1763058345095,234,32804.30565676659,3.276498767156072,2137,10012
1763058344924,1763058345159,235,32804.30565676659,3.276498767156072,2138,10012
1763058344987,1763058345222,235,32236.80299712944,3.2198165198890774,2139,10012
1763058345049,1763058345284,235,32236.80299712944,3.2198165198890774,2140,10012
1763058345112,1763058345347,235,32236.80299712944,3.2198165198890774,2141,10012
1763058345176,1763058345410,234,31790.039988712164,3.175193766351595,2142,10012
1763058345238,1763058345473,235,31790.039988712164,3.175193766351595,2143,10012
1763058345301,1763058345536,235,31790.039988712164,3.175193766351595,2144,10012
1763058345364,1763058345599,235,31790.039988712164,3.175193766351595,2145,10012
1763058345427,1763058345662,235,33482.92179102617,3.344279044249518,2146,10012
1763058345490,1763058345724,234,33482.92179102617,3.344279044249518,2147,10012
1763058345553,1763058345788,235,33482.92179102617,3.344279044249518,2148,10012
1763058345615,1763058345851,236,32776.30282386581,3.273701840178367,2149,10012
1763058345678,1763058345914,236,32776.30282386581,3.273701840178367,2150,10012
1763058345742,1763058345977,235,32776.30282386581,3.273701840178367,2151,10012
1763058345805,1763058346040,235,32211.80044214945,3.2173192611016233,2152,10012
1763058345867,1763058346104,237,32211.80044214945,3.2173192611016233,2153,10012
1763058345931,1763058346167,236,32211.80044214945,3.2173192611016233,2154,10012
1763058345997,1763058346230,233,31767.937151950962,3.172986131836892,2155,10012
1763058346058,1763058346292,234,31767.937151950962,3.172986131836892,2156,10012
1763058346121,1763058346356,235,31767.937151950962,3.172986131836892,2157,10012
1763058346184,1763058346419,235,31767.937151950962,3.172986131836892,2158,10012
1763058346246,1763058346487,241,33465.35003580101,3.3425239748103293,2159,10012
1763058346311,1763058346554,243,33465.35003580101,3.3425239748103293,2160,10012
1763058346395,1763058346624,229,33465.35003580101,3.3425239748103293,2161,10012
1763058346496,1763058346734,238,32762.333278461807,3.272306559974212,2162,10012
1763058346625,1763058346861,236,28075.764623098676,2.804211408619524,2163,10012
1763058346689,1763058346923,234,28075.764623098676,2.804211408619524,2164,10012
1763058346752,1763058346987,235,28075.764623098676,2.804211408619524,2165,10012
1763058346815,1763058347050,235,28475.652639986547,2.8441522812611413,2166,10012
1763058346877,1763058347113,236,28475.652639986547,2.8441522812611413,2167,10012
1763058346941,1763058347176,235,28475.652639986547,2.8441522812611413,2168,10012
1763058347004,1763058347238,234,28475.652639986547,2.8441522812611413,2169,10012
1763058347067,1763058347301,234,30847.983848789307,3.0811010636026075,2170,10012
1763058347129,1763058347365,236,30847.983848789307,3.0811010636026075,2171,10012
1763058347192,1763058347428,236,30847.983848789307,3.0811010636026075,2172,10012
1763058347255,1763058347502,247,30678.279224392343,3.0641509413096624,2173,10012
1763058347319,1763058347572,253,30678.279224392343,3.0641509413096624,2174,10012
1763058347384,1763058347633,249,30678.279224392343,3.0641509413096624,2175,10012
1763058347529,1763058347755,226,30540.83147037238,3.0504226398693945,2176,10012
1763058347591,1763058347817,226,30540.83147037238,3.0504226398693945,2177,10012
1763058347647,1763058347881,234,28405.91468188679,2.8371868439759074,2178,10012
1763058347795,1763058348038,243,28405.91468188679,2.8371868439759074,2179,10012
1763058347849,1763058348100,251,26679.24025741811,2.6647263541168704,2180,10012
1763058347913,1763058348162,249,26679.24025741811,2.6647263541168704,2181,10012
1763058347976,1763058348224,248,26679.24025741811,2.6647263541168704,2182,10012
1763058348039,1763058348286,247,26679.24025741811,2.6647263541168704,2183,10012
1763058348103,1763058348348,245,29406.467244904816,2.9371221778770287,2184,10012
1763058348166,1763058348410,244,29406.467244904816,2.9371221778770287,2185,10012
1763058348228,1763058348472,244,29406.467244904816,2.9371221778770287,2186,10012
1763058348291,1763058348534,243,29536.150992454423,2.950075009234361,2187,10012
1763058348354,1763058348596,242,29536.150992454423,2.950075009234361,2188,10012
1763058348418,1763058348658,240,29536.150992454423,2.950075009234361,2189,10012
1763058348481,1763058348720,239,29639.119888008812,2.9603595573320827,2190,10012
1763058348544,1763058348782,238,29639.119888008812,2.9603595573320827,2191,10012
1763058348608,1763058348844,236,29639.119888008812,2.9603595573320827,2192,10012
1763058348671,1763058348906,235,29719.686550743023,2.9684065671936697,2193,10012
1763058348734,1763058348969,235,29719.686550743023,2.9684065671936697,2194,10012
1763058348796,1763058349031,235,29719.686550743023,2.9684065671936697,2195,10012
1763058348859,1763058349094,235,29719.686550743023,2.9684065671936697,2196,10012
1763058348923,1763058349158,235,31847.319121289962,3.1809148143517736,2197,10012
1763058348985,1763058349222,237,31847.319121289962,3.1809148143517736,2198,10012
1763058349048,1763058349286,238,31847.319121289962,3.1809148143517736,2199,10012
1763058349112,1763058349349,237,31474.18738230423,3.1436463625953084,2200,10012
1763058349176,1763058349412,236,31474.18738230423,3.1436463625953084,2201,10012
1763058349240,1763058349475,235,31474.18738230423,3.1436463625953084,2202,10012
1763058349303,1763058349538,235,31179.35896893186,3.1141988582632703,2203,10012
1763058349366,1763058349601,235,31179.35896893186,3.1141988582632703,2204,10012
1763058349428,1763058349663,235,31179.35896893186,3.1141988582632703,2205,10012
1763058349492,1763058349725,233,30948.400457207626,3.0911306888940895,2206,10012
1763058349555,1763058349788,233,30948.400457207626,3.0911306888940895,2207,10012
1763058349616,1763058349851,235,30948.400457207626,3.0911306888940895,2208,10012
1763058349679,1763058349913,234,30948.400457207626,3.0911306888940895,2209,10012
1763058349742,1763058349975,233,32804.71876393727,3.2765400283596953,2210,10012
1763058349804,1763058350037,233,32804.71876393727,3.2765400283596953,2211,10012
1763058349866,1763058350099,233,32804.71876393727,3.2765400283596953,2212,10012
1763058349929,1763058350162,233,32242.668854858006,3.220402402602677,2213,10012
1763058349990,1763058350224,234,32242.668854858006,3.220402402602677,2214,10012
1763058350052,1763058350288,236,32242.668854858006,3.220402402602677,2215,10012
1763058350116,1763058350351,235,31792.508408466972,3.1754403124717308,2216,10012
1763058350178,1763058350414,236,31792.508408466972,3.1754403124717308,2217,10012
1763058350242,1763058350476,234,31792.508408466972,3.1754403124717308,2218,10012
1763058350306,1763058350540,234,31434.18069313971,3.1396504887274976,2219,10012
1763058350367,1763058350603,236,31434.18069313971,3.1396504887274976,2220,10012
1763058350430,1763058350666,236,31434.18069313971,3.1396504887274976,2221,10012
1763058350494,1763058350729,235,31434.18069313971,3.1396504887274976,2222,10012
1763058350557,1763058350791,234,33200.01365104607,3.3160221385383606,2223,10012
1763058350620,1763058350854,234,33200.01365104607,3.3160221385383606,2224,10012
1763058350683,1763058350917,234,33200.01365104607,3.3160221385383606,2225,10012
1763058350745,1763058350979,234,32557.71887988372,3.2518696444150734,2226,10012
1763058350808,1763058351042,234,32557.71887988372,3.2518696444150734,2227,10012
1763058350871,1763058351105,234,32557.71887988372,3.2518696444150734,2228,10012
1763058350932,1763058351168,236,32038.244790627672,3.1999844976655685,2229,10012
1763058350996,1763058351232,236,32038.244790627672,3.1999844976655685,2230,10012
1763058351059,1763058351295,236,32038.244790627672,3.1999844976655685,2231,10012
1763058351122,1763058351357,235,31631.789098130255,3.159387644639458,2232,10012
1763058351186,1763058351420,234,31631.789098130255,3.159387644639458,2233,10012
1763058351249,1763058351484,235,31631.789098130255,3.159387644639458,2234,10012
1763058351310,1763058351547,237,31631.789098130255,3.159387644639458,2235,10012
1763058351374,1763058351611,237,33382.36096571916,3.3342350145544506,2236,10012
1763058351438,1763058351674,236,33382.36096571916,3.3342350145544506,2237,10012
1763058351501,1763058351738,237,33382.36096571916,3.3342350145544506,2238,10012
1763058351565,1763058351801,236,32693.010606781016,3.265382601556234,2239,10012
1763058351628,1763058351865,237,32693.010606781016,3.265382601556234,2240,10012
1763058351692,1763058351929,237,32693.010606781016,3.265382601556234,2241,10012
1763058351755,1763058351993,238,32143.009411177347,3.2104484030340936,2242,10012
1763058351819,1763058352056,237,32143.009411177347,3.2104484030340936,2243,10012
1763058351883,1763058352120,237,32143.009411177347,3.2104484030340936,2244,10012
1763058351947,1763058352182,235,31713.179491297167,3.1675169288151386,2245,10012
1763058352010,1763058352246,236,31713.179491297167,3.1675169288151386,2246,10012
1763058352074,1763058352309,235,31713.179491297167,3.1675169288151386,2247,10012
1763058352136,1763058352373,237,31713.179491297167,3.1675169288151386,2248,10012
1763058352201,1763058352435,234,33438.48733659866,3.339840924550405,2249,10012
1763058352263,1763058352497,234,33438.48733659866,3.339840924550405,2250,10012
1763058352326,1763058352560,234,33438.48733659866,3.339840924550405,2251,10012
1763058352389,1763058352624,235,32740.977432595933,3.270173535017572,2252,10012
1763058352451,1763058352688,237,32740.977432595933,3.270173535017572,2253,10012
1763058352514,1763058352750,236,32740.977432595933,3.270173535017572,2254,10012
1763058352578,1763058352813,235,32189.162036346363,3.215058133873987,2255,10012
1763058352642,1763058352876,234,32189.162036346363,3.215058133873987,2256,10012
1763058352704,1763058352939,235,32189.162036346363,3.215058133873987,2257,10012
1763058352767,1763058353002,235,31749.916980931706,3.1711862745636936,2258,10012
1763058352833,1763058353065,232,31749.916980931706,3.1711862745636936,2259,10012
1763058352896,1763058353127,231,31749.916980931706,3.1711862745636936,2260,10012
1763058352956,1763058353190,234,31749.916980931706,3.1711862745636936,2261,10012
1763058353018,1763058353254,236,33451.023999840705,3.3410930882781367,2262,10012
1763058353081,1763058353317,236,33451.023999840705,3.3410930882781367,2263,10012
1763058353144,1763058353379,235,33451.023999840705,3.3410930882781367,2264,10012
1763058353207,1763058353442,235,32754.3591038732,3.2715100982693968,2265,10012
1763058353271,1763058353504,233,32754.3591038732,3.2715100982693968,2266,10012
1763058353333,1763058353567,234,32754.3591038732,3.2715100982693968,2267,10012
1763058353396,1763058353631,235,32194.37712847532,3.215579018025901,2268,10012
1763058353458,1763058353695,237,32194.37712847532,3.215579018025901,2269,10012
1763058353522,1763058353757,235,32194.37712847532,3.215579018025901,2270,10012
1763058353585,1763058353820,235,31756.22657139483,3.1718164773666433,2271,10012
1763058353649,1763058353888,239,31756.22657139483,3.1718164773666433,2272,10012
1763058353711,1763058353951,240,31756.22657139483,3.1718164773666433,2273,10012
1763058353774,1763058354015,241,31756.22657139483,3.1718164773666433,2274,10012
1763058353838,1763058354077,239,33464.331897687494,3.342422283029115,2275,10012
1763058353918,1763058354151,233,33464.331897687494,3.342422283029115,2276,10012
1763058353980,1763058354215,235,33464.331897687494,3.342422283029115,2277,10012
1763058354051,1763058354297,246,32754.667194866182,3.271540870442088,2278,10012
1763058354106,1763058354379,273,32754.667194866182,3.271540870442088,2279,10012
1763058354170,1763058354441,271,30132.149752723748,3.009603451131018,2280,10012
1763058354343,1763058354579,236,30132.149752723748,3.009603451131018,2281,10012
1763058354426,1763058354659,233,28059.97905341538,2.8026347436491594,2282,10012
1763058354487,1763058354723,236,28059.97905341538,2.8026347436491594,2283,10012
1763058354549,1763058354785,236,28059.97905341538,2.8026347436491594,2284,10012
1763058354612,1763058354849,237,28463.087326518642,2.842897255944731,2285,10012
1763058354676,1763058354911,235,28463.087326518642,2.842897255944731,2286,10012
1763058354739,1763058354973,234,28463.087326518642,2.842897255944731,2287,10012
1763058354805,1763058355035,230,28463.087326518642,2.842897255944731,2288,10012
1763058354864,1763058355097,233,30803.239686561876,3.0766320102438955,2289,10012
1763058354926,1763058355159,233,30803.239686561876,3.0766320102438955,2290,10012
1763058354989,1763058355222,233,30803.239686561876,3.0766320102438955,2291,10012
1763058355054,1763058355284,230,30646.722790503252,3.060999080154141,2292,10012
1763058355112,1763058355347,235,30646.722790503252,3.060999080154141,2293,10012
1763058355176,1763058355409,233,30646.722790503252,3.060999080154141,2294,10012
1763058355241,1763058355471,230,30523.356786821594,3.0486772659630046,2295,10012
1763058355310,1763058355549,239,30523.356786821594,3.0486772659630046,2296,10012
1763058355362,1763058355611,249,30523.356786821594,3.0486772659630046,2297,10012
1763058355424,1763058355673,249,30423.448645523167,3.0386984264405887,2298,10012
1763058355487,1763058355735,248,30423.448645523167,3.0386984264405887,2299,10012
1763058355550,1763058355797,247,30423.448645523167,3.0386984264405887,2300,10012
1763058355613,1763058355859,246,30423.448645523167,3.0386984264405887,2301,10012
1763058355677,1763058355921,244,32386.85712183644,3.2348039474467085,2302,10012
1763058355739,1763058355983,244,32386.85712183644,3.2348039474467085,2303,10012
1763058355803,1763058356045,242,32386.85712183644,3.2348039474467085,2304,10012
1763058355865,1763058356107,242,31909.633126103643,3.1871387461150267,2305,10012
1763058355927,1763058356169,242,31909.633126103643,3.1871387461150267,2306,10012
1763058355990,1763058356231,241,31909.633126103643,3.1871387461150267,2307,10012
1763058356053,1763058356293,240,31523.664702126294,3.1485881644153313,2308,10012
1763058356116,1763058356355,239,31523.664702126294,3.1485881644153313,2309,10012
1763058356179,1763058356417,238,31523.664702126294,3.1485881644153313,2310,10012
1763058356242,1763058356479,237,31218.693438190403,3.118127590710188,2311,10012
1763058356305,1763058356543,238,31218.693438190403,3.118127590710188,2312,10012
1763058356369,1763058356605,236,31218.693438190403,3.118127590710188,2313,10012
1763058356434,1763058356669,235,31218.693438190403,3.118127590710188,2314,10012
1763058356497,1763058356732,235,33046.35989648499,3.3006751794331795,2315,10012
1763058356559,1763058356795,236,33046.35989648499,3.3006751794331795,2316,10012
1763058356623,1763058356858,235,33046.35989648499,3.3006751794331795,2317,10012
1763058356686,1763058356921,235,32429.236117705565,3.239036767649378,2318,10012
1763058356750,1763058356984,234,32429.236117705565,3.239036767649378,2319,10012
1763058356812,1763058357047,235,32429.236117705565,3.239036767649378,2320,10012
1763058356875,1763058357109,234,31943.409185811335,3.190512303816554,2321,10012
1763058356938,1763058357171,233,31943.409185811335,3.190512303816554,2322,10012
1763058357001,1763058357234,233,31943.409185811335,3.190512303816554,2323,10012
1763058357063,1763058357298,235,31554.297711905823,3.151647793837977,2324,10012
1763058357125,1763058357361,236,31554.297711905823,3.151647793837977,2325,10012
1763058357189,1763058357424,235,31554.297711905823,3.151647793837977,2326,10012
1763058357251,1763058357488,237,31554.297711905823,3.151647793837977,2327,10012
1763058357315,1763058357552,237,33320.987787829414,3.328105052719678,2328,10012
1763058357378,1763058357615,237,33320.987787829414,3.328105052719678,2329,10012
1763058357446,1763058357679,233,33320.987787829414,3.328105052719678,2330,10012
1763058357506,1763058357743,237,32644.280303536554,3.260515411859424,2331,10012
1763058357569,1763058357805,236,32644.280303536554,3.260515411859424,2332,10012
1763058357633,1763058357869,236,32644.280303536554,3.260515411859424,2333,10012
1763058357697,1763058357932,235,32106.974561008024,3.2068492370163826,2334,10012
1763058357759,1763058357995,236,32106.974561008024,3.2068492370163826,2335,10012
1763058357823,1763058358058,235,32106.974561008024,3.2068492370163826,2336,10012
1763058357886,1763058358121,235,31686.566725123397,3.164858841902057,2337,10012
1763058357949,1763058358183,234,31686.566725123397,3.164858841902057,2338,10012
1763058358012,1763058358245,233,31686.566725123397,3.164858841902057,2339,10012
1763058358075,1763058358308,233,31686.566725123397,3.164858841902057,2340,10012
1763058358137,1763058358372,235,33400.660546473104,3.3360627793121354,2341,10012
1763058358199,1763058358435,236,33400.660546473104,3.3360627793121354,2342,10012
1763058358262,1763058358499,237,33400.660546473104,3.3360627793121354,2343,10012
1763058358326,1763058358562,236,32707.540473899644,3.2668338467738356,2344,10012
1763058358389,1763058358625,236,32707.540473899644,3.2668338467738356,2345,10012
1763058358453,1763058358689,236,32707.540473899644,3.2668338467738356,2346,10012
1763058358516,1763058358753,237,32159.874676750216,3.2121329081851995,2347,10012
1763058358579,1763058358815,236,32159.874676750216,3.2121329081851995,2348,10012
1763058358646,1763058358877,231,32159.874676750216,3.2121329081851995,2349,10012
1763058358706,1763058358940,234,31728.728117369923,3.169069927823604,2350,10012
1763058358768,1763058359003,235,31728.728117369923,3.169069927823604,2351,10012
1763058358831,1763058359066,235,31728.728117369923,3.169069927823604,2352,10012
1763058358894,1763058359128,234,31728.728117369923,3.169069927823604,2353,10012
1763058358956,1763058359192,236,33442.49812519172,3.3402415226919415,2354,10012
1763058359019,1763058359255,236,33442.49812519172,3.3402415226919415,2355,10012
1763058359082,1763058359318,236,33442.49812519172,3.3402415226919415,2356,10012
1763058359146,1763058359380,234,32747.57250765261,3.2708322520627853,2357,10012
1763058359209,1763058359442,233,32747.57250765261,3.2708322520627853,2358,10012
1763058359272,1763058359505,233,32747.57250765261,3.2708322520627853,2359,10012
1763058359334,1763058359568,234,32194.41171609148,3.215582472641977,2360,10012
1763058359396,1763058359632,236,32194.41171609148,3.215582472641977,2361,10012
1763058359459,1763058359695,236,32194.41171609148,3.215582472641977,2362,10012
1763058359522,1763058359759,237,31751.937314292725,3.1713880657503717,2363,10012
1763058359586,1763058359821,235,31751.937314292725,3.1713880657503717,2364,10012
1763058359649,1763058359884,235,31751.937314292725,3.1713880657503717,2365,10012
1763058359713,1763058359947,234,31751.937314292725,3.1713880657503717,2366,10012
1763058359775,1763058360010,235,33452.63016486272,3.3412535122715457,2367,10012
1763058359838,1763058360073,235,33452.63016486272,3.3412535122715457,2368,10012
1763058359901,1763058360139,238,33452.63016486272,3.3412535122715457,2369,10012
1763058359964,1763058360203,239,32755.637611230726,3.27163779576815,2370,10012
1763058360073,1763058360310,237,32755.637611230726,3.27163779576815,2371,10012
1763058360172,1763058360404,232,30132.920263317195,3.0096804098399113,2372,10012
1763058360232,1763058360468,236,30132.920263317195,3.0096804098399113,2373,10012
1763058360294,1763058360531,237,30132.920263317195,3.0096804098399113,2374,10012
1763058360358,1763058360595,237,30112.954689073853,3.0076862454128896,2375,10012
1763058360422,1763058360658,236,30112.954689073853,3.0076862454128896,2376,10012
1763058360485,1763058360721,236,30112.954689073853,3.0076862454128896,2377,10012
1763058360548,1763058360785,237,30097.178977813714,3.0061105651032474,2378,10012
1763058360611,1763058360848,237,30097.178977813714,3.0061105651032474,2379,10012
1763058360675,1763058360910,235,30097.178977813714,3.0061105651032474,2380,10012
1763058360738,1763058360972,234,30097.178977813714,3.0061105651032474,2381,10012
1763058360803,1763058361034,231,32097.294003273157,3.2058823415174946,2382,10012
1763058360862,1763058361096,234,32097.294003273157,3.2058823415174946,2383,10012
1763058360924,1763058361159,235,32097.294003273157,3.2058823415174946,2384,10012
1763058360986,1763058361223,237,31672.667438598888,3.163470579164891,2385,10012
1763058361049,1763058361285,236,31672.667438598888,3.163470579164891,2386,10012
1763058361113,1763058361349,236,31672.667438598888,3.163470579164891,2387,10012
1763058361177,1763058361411,234,31338.787281124714,3.1301225810152533,2388,10012
1763058361264,1763058361505,241,31338.787281124714,3.1301225810152533,2389,10012
1763058361324,1763058361567,243,31338.787281124714,3.1301225810152533,2390,10012
1763058361380,1763058361629,249,31073.01867577527,3.1035775744881415,2391,10012
1763058361443,1763058361691,248,31073.01867577527,3.1035775744881415,2392,10012
1763058361505,1763058361753,248,31073.01867577527,3.1035775744881415,2393,10012
1763058361568,1763058361815,247,30859.392828565564,3.082240594143584,2394,10012
1763058361632,1763058361877,245,30859.392828565564,3.082240594143584,2395,10012
1763058361695,1763058361939,244,30859.392828565564,3.082240594143584,2396,10012
1763058361758,1763058362001,243,30859.392828565564,3.082240594143584,2397,10012
1763058361822,1763058362063,241,32752.245905881056,3.2712990317500057,2398,10012
1763058361886,1763058362125,239,32752.245905881056,3.2712990317500057,2399,10012
1763058361949,1763058362187,238,32752.245905881056,3.2712990317500057,2400,10012