Application,Configuration,Time (sec),Throughput (msg/s)
AAL,Baseline,210,0
AAL,Baseline,438,4164
AAL,Baseline,641,9442
AAL,Baseline,814,13623
AAL,Baseline,1002,16971
AAL,Baseline,1206,21678
AAL,Baseline,1443,23375
AAL,Baseline,1646,24754
AAL,Baseline,1817,25821
AAL,Baseline,2005,28709
AAL,Baseline,2196,28981
AAL,Baseline,2446,29196
AAL,Baseline,2633,29366
AAL,Baseline,2819,31535
AAL,Baseline,3008,31230
AAL,Baseline,3195,30987
AAL,Baseline,3444,30794
AAL,Baseline,3646,32654
AAL,Baseline,3817,32123
AAL,Baseline,4004,31701
AAL,Baseline,4192,31363
AAL,Baseline,4441,33135
AAL,Baseline,4630,32509
AAL,Baseline,4816,32007
AAL,Baseline,5003,31608
AAL,Baseline,5193,33347
AAL,Baseline,5442,32678
AAL,Baseline,5632,32134
AAL,Baseline,5821,31706
AAL,Baseline,6011,33424
AAL,Baseline,6201,32726
AAL,Baseline,6466,32177
AAL,Baseline,6640,31742
AAL,Baseline,6830,33445
AAL,Baseline,7018,32746
AAL,Baseline,7207,32190
AAL,Baseline,7393,31755
AAL,Baseline,7645,33447
AAL,Baseline,7833,32751
AAL,Baseline,8021,32197
AAL,Baseline,8211,31752
AAL,Baseline,8400,31752
AAL,Baseline,8652,32745
AAL,Baseline,8840,32195
AAL,Baseline,9030,31752
AAL,Baseline,9218,31752
AAL,Baseline,9406,33453
AAL,Baseline,9594,32759
AAL,Baseline,9847,31757
AAL,Baseline,10035,31757
AAL,Baseline,10222,33448
AAL,Baseline,10411,32752
AAL,Baseline,10612,32201
AAL,Baseline,10847,31763
AAL,Baseline,11034,33445
AAL,Baseline,11222,32753
AAL,Baseline,11408,32204
AAL,Baseline,11596,31764
AAL,Baseline,11850,33454
AAL,Baseline,12039,32753
AAL,Baseline,12231,32188
AAL,Baseline,12419,31744
AAL,Baseline,12608,33438
AAL,Baseline,12797,32737
AAL,Baseline,13049,32189
AAL,Baseline,13238,31743
AAL,Baseline,13427,33429
AAL,Baseline,13616,32733
AAL,Baseline,13806,32180
AAL,Baseline,13994,31743
AAL,Baseline,14245,33453
AAL,Baseline,14434,32756
AAL,Baseline,14621,32207
AAL,Baseline,14812,31757
AAL,Baseline,15001,33457
AAL,Baseline,15254,32759
AAL,Baseline,15441,32203
AAL,Baseline,15631,31759
AAL,Baseline,15820,33450
AAL,Baseline,16007,32753
AAL,Baseline,16195,32199
AAL,Baseline,16445,31760
AAL,Baseline,16633,33442
AAL,Baseline,16823,32740
AAL,Baseline,17014,32183
AAL,Baseline,17203,31741
AAL,Baseline,17394,31741
AAL,Baseline,17644,30746
AAL,Baseline,17817,30600
AAL,Baseline,18006,30600
AAL,Baseline,18198,32537
AAL,Baseline,18453,31607
AAL,Baseline,18644,31281
AAL,Baseline,18834,31281
AAL,Baseline,19024,33078
AAL,Baseline,19212,32455
AAL,Baseline,19403,31956
AAL,Baseline,19593,31563
AAL,Baseline,19844,33310
AAL,Baseline,20032,32646
AAL,Baseline,20221,32111
AAL,Baseline,20411,31677
AAL,Baseline,20599,33477
AAL,Baseline,20854,32764
AAL,Baseline,21043,32202
AAL,Baseline,21232,33818
AAL,Baseline,21420,33050
AAL,Baseline,21608,32435
AAL,Baseline,21799,31941
AAL,Baseline,22051,33603
AAL,Baseline,22241,32868
AAL,Baseline,22430,32287
AAL,Baseline,22619,31828
AAL,Baseline,22809,33521
AAL,Baseline,22997,32810
AAL,Baseline,23250,32239
AAL,Baseline,23440,31789
AAL,Baseline,23644,33482
AAL,Baseline,23818,32772
AAL,Baseline,24009,32208
AAL,Baseline,24211,31767
AAL,Baseline,24400,31414
AAL,Baseline,24651,33184
AAL,Baseline,24840,32542
AAL,Baseline,25028,32030
AAL,Baseline,25219,31617
AAL,Baseline,25406,31617
AAL,Baseline,25596,33329
AAL,Baseline,25847,32122
AAL,Baseline,26035,31696
AAL,Baseline,26224,31696
AAL,Baseline,26415,33417
AAL,Baseline,26590,32717
AAL,Baseline,26842,30089
AAL,Baseline,27033,32111
AAL,Baseline,27257,31681
AAL,Baseline,27459,31344
AAL,Baseline,27648,31076
AAL,Baseline,27836,30861
AAL,Baseline,28043,30693
AAL,Baseline,28232,30557
AAL,Baseline,28420,30451
AAL,Baseline,28610,32418
AAL,Baseline,28798,31932
AAL,Baseline,29048,31545
AAL,Baseline,29236,31237
AAL,Baseline,29439,33017
AAL,Baseline,29613,32406
AAL,Baseline,29799,31925
AAL,Baseline,30048,31547
AAL,Baseline,30239,33298
AAL,Baseline,30440,32632
AAL,Baseline,30625,32113
AAL,Baseline,30798,31689
AAL,Baseline,31049,31353
AAL,Baseline,31239,33144
AAL,Baseline,31426,32510
AAL,Baseline,31615,32005
AAL,Baseline,31805,33654
AAL,Baseline,31993,32916
AAL,Baseline,32244,32331
AAL,Baseline,32432,31863
AAL,Baseline,32620,33532
AAL,Baseline,32808,32819
AAL,Baseline,32996,32251
AAL,Baseline,33247,31801
AAL,Baseline,33438,33508
AAL,Baseline,33626,32800
AAL,Baseline,33819,32175
AAL,Baseline,34036,31717
AAL,Baseline,34191,31717
AAL,Baseline,34442,32727
AAL,Baseline,34646,32178
AAL,Baseline,34835,32178
AAL,Baseline,35024,31741
AAL,Baseline,35214,31390
AAL,Baseline,35403,31112
AAL,Baseline,35593,30892
AAL,Baseline,35844,32778
AAL,Baseline,36034,32222
AAL,Baseline,36222,31769
AAL,Baseline,36412,31414
AAL,Baseline,36602,33175
AAL,Baseline,36794,32522
AAL,Baseline,37046,32007
AAL,Baseline,37249,31605
AAL,Baseline,37424,33319
AAL,Baseline,37613,32639
AAL,Baseline,37802,32108
AAL,Baseline,38051,31685
AAL,Baseline,38251,31355
AAL,Baseline,38422,33111
AAL,Baseline,38611,32487
AAL,Baseline,38799,31987
AAL,Baseline,39050,33639
AAL,Baseline,39238,32908
AAL,Baseline,39428,32322
AAL,Baseline,39614,31855
AAL,Baseline,39802,33518
AAL,Baseline,39992,32804
AAL,Baseline,40242,32242
AAL,Baseline,40430,31790
AAL,Baseline,40619,33466
AAL,Baseline,40807,32766
AAL,Baseline,41011,32209
AAL,Baseline,41247,31764
AAL,Baseline,41435,33445
AAL,Baseline,41622,32753
AAL,Baseline,41809,32201
AAL,Baseline,41996,31764
AAL,Baseline,42247,33454
AAL,Baseline,42435,32756
AAL,Baseline,42624,32199
AAL,Baseline,42814,31755
AAL,Baseline,43001,31755
AAL,Baseline,43252,32754
AAL,Baseline,43440,32202
AAL,Baseline,43627,31763
AAL,Baseline,43814,31763
AAL,Baseline,44003,33453
AAL,Baseline,44189,32759
AAL,Baseline,44440,31765
AAL,Baseline,44629,31765
AAL,Baseline,44816,33463
AAL,Baseline,45017,32767
AAL,Baseline,45253,31771
AAL,Baseline,45441,31771
AAL,Baseline,45632,33459
AAL,Baseline,45820,32751
AAL,Baseline,46009,32202
AAL,Baseline,46197,31758
AAL,Baseline,46446,33432
AAL,Baseline,46634,32743
AAL,Baseline,46823,32191
AAL,Baseline,47010,31751
AAL,Baseline,47199,33435
AAL,Baseline,47450,32735
AAL,Baseline,47637,32190
AAL,Baseline,47825,31750
AAL,Baseline,48012,33443
AAL,Baseline,48200,32751
AAL,Baseline,48452,32197
AAL,Baseline,48639,31756
AAL,Baseline,48827,33439
AAL,Baseline,49015,32752
AAL,Baseline,49201,32200
AAL,Baseline,49452,31759
AAL,Baseline,49641,33450
AAL,Baseline,49827,32757
AAL,Baseline,50013,32207
AAL,Baseline,50202,31766
AAL,Baseline,50453,33456
AAL,Baseline,50639,32761
AAL,Baseline,50826,32208
AAL,Baseline,51028,31771
AAL,Baseline,51200,33460
AAL,Baseline,51450,32765
AAL,Baseline,51636,32213
AAL,Baseline,51824,31771
AAL,Baseline,52027,33443
AAL,Baseline,52199,32748
AAL,Baseline,52450,32195
AAL,Baseline,52639,31752
AAL,Baseline,52828,33444
AAL,Baseline,53017,32745
AAL,Baseline,53205,32195
AAL,Baseline,53394,31750
AAL,Baseline,53644,33426
AAL,Baseline,53831,32738
AAL,Baseline,54022,32179
AAL,Baseline,54212,31737
AAL,Baseline,54401,31737
AAL,Baseline,54666,32756
AAL,Baseline,54837,32204
AAL,Baseline,55025,31762
AAL,Baseline,55213,31762
AAL,Baseline,55400,33444
AAL,Baseline,55650,32200
AAL,Baseline,55838,31763
AAL,Baseline,56025,31763
AAL,Baseline,56215,33461
AAL,Baseline,56405,32759
AAL,Baseline,56593,32201
AAL,Baseline,56847,31755
AAL,Baseline,57036,33455
AAL,Baseline,57226,32754
AAL,Baseline,57413,32199
AAL,Baseline,57601,31756
AAL,Baseline,57853,33439
AAL,Baseline,58042,32738
AAL,Baseline,58229,32189
AAL,Baseline,58419,31750
AAL,Baseline,58621,33443
AAL,Baseline,58808,32758
AAL,Baseline,59044,32205
AAL,Baseline,59231,31758
AAL,Baseline,59421,33449
AAL,Baseline,59609,32753
AAL,Baseline,59800,32193
AAL,Baseline,60053,31749
AAL,Baseline,60243,33458
AAL,Baseline,60434,32750
AAL,Baseline,60623,32196
AAL,Baseline,60808,31757
AAL,Baseline,60999,33449
AAL,Baseline,61252,32745
AAL,Baseline,61440,32190
AAL,Baseline,61629,31748
AAL,Baseline,61817,33450
AAL,Baseline,62005,32757
AAL,Baseline,62191,32207
AAL,Baseline,62441,31768
AAL,Baseline,62632,33474
AAL,Baseline,62820,32769
AAL,Baseline,63007,32214
AAL,Baseline,63195,31770
AAL,Baseline,63450,33475
AAL,Baseline,63639,32770
AAL,Baseline,63826,32215
AAL,Baseline,64013,31772
AAL,Baseline,64202,31772
AAL,Baseline,64390,33469
AAL,Baseline,64639,32216
AAL,Baseline,64828,31774
AAL,Baseline,65030,31423
AAL,Baseline,65202,31423
AAL,Baseline,65454,32540
AAL,Baseline,65640,32029
AAL,Baseline,65830,32029
AAL,Baseline,66020,33673
AAL,Baseline,66208,32924
AAL,Baseline,66395,32337
AAL,Baseline,66647,31868
AAL,Baseline,66836,33545
AAL,Baseline,67026,32832
AAL,Baseline,67213,32256
AAL,Baseline,67401,31805
AAL,Baseline,67650,33470
AAL,Baseline,67838,32776
AAL,Baseline,68029,32215
AAL,Baseline,68220,31761
AAL,Baseline,68421,33452
AAL,Baseline,68594,32762
AAL,Baseline,68843,32205
AAL,Baseline,69033,31765
AAL,Baseline,69221,33463
AAL,Baseline,69411,32764
AAL,Baseline,69598,32204
AAL,Baseline,69849,31760
AAL,Baseline,70037,33434
AAL,Baseline,70225,32741
AAL,Baseline,70416,32186
AAL,Baseline,70603,31745
AAL,Baseline,70792,33439
AAL,Baseline,71045,32741
AAL,Baseline,71232,32189
AAL,Baseline,71420,31752
AAL,Baseline,71608,33436
AAL,Baseline,71796,32742
AAL,Baseline,72047,32187
AAL,Baseline,72237,31748
AAL,Baseline,72425,33450
AAL,Baseline,72613,32753
AAL,Baseline,72803,32193
AAL,Baseline,72989,31760
AAL,Baseline,73240,33442
AAL,Baseline,73441,32751
AAL,Baseline,73628,32202
AAL,Baseline,73800,31762
AAL,Baseline,74051,33444
AAL,Baseline,74252,32759
AAL,Baseline,74425,32201
AAL,Baseline,74613,31763
AAL,Baseline,74800,31763
AAL,Baseline,75048,32763
AAL,Baseline,75238,32201
AAL,Baseline,75442,31761
AAL,Baseline,75613,31761
AAL,Baseline,75802,33444
AAL,Baseline,76051,32200
AAL,Baseline,76238,31761
AAL,Baseline,76425,31761
AAL,Baseline,76613,33435
AAL,Baseline,76800,32745
AAL,Baseline,77052,31750
AAL,Baseline,77239,31750
AAL,Baseline,77428,33434
AAL,Baseline,77616,32738
AAL,Baseline,77806,32184
AAL,Baseline,77995,31745
AAL,Baseline,78260,33439
AAL,Baseline,78432,32758
AAL,Baseline,78620,32197
AAL,Baseline,78809,31754
AAL,Baseline,78998,33438
AAL,Baseline,79250,32740
AAL,Baseline,79441,32183
AAL,Baseline,79640,31739
AAL,Baseline,79837,33450
AAL,Baseline,80027,32747
AAL,Baseline,80214,32196
AAL,Baseline,80404,31753
AAL,Baseline,80592,31403
AAL,Baseline,80842,33166
AAL,Baseline,81031,32525
AAL,Baseline,81221,32017
AAL,Baseline,81409,31611
AAL,Baseline,81598,33332
AAL,Baseline,81851,32653
AAL,Baseline,82040,32121
AAL,Baseline,82242,31698
AAL,Baseline,82414,33401
AAL,Baseline,82602,32715
AAL,Baseline,82853,32171
AAL,Baseline,83039,31737
AAL,Baseline,83242,33416
AAL,Baseline,83416,32720
AAL,Baseline,83604,32172
AAL,Baseline,83792,31736
AAL,Baseline,84044,33432
AAL,Baseline,84233,32739
AAL,Baseline,84422,32187
AAL,Baseline,84611,31744
AAL,Baseline,84803,31744
AAL,Baseline,84992,33471
AAL,Baseline,85243,32215
AAL,Baseline,85431,31768
AAL,Baseline,85618,31768
AAL,Baseline,85807,33441
AAL,Baseline,85995,32736
AAL,Baseline,86249,31744
AAL,Baseline,86451,31397
AAL,Baseline,86638,31397
AAL,Baseline,86812,33136
AAL,Baseline,87015,32504
AAL,Baseline,87250,31998
AAL,Baseline,87438,33632
AAL,Baseline,87624,32898
AAL,Baseline,87814,32317
AAL,Baseline,88002,31852
AAL,Baseline,88253,33524
AAL,Baseline,88444,32808
AAL,Baseline,88632,32234
AAL,Baseline,88822,31786
AAL,Baseline,89024,33463
AAL,Baseline,89198,32764
AAL,Baseline,89447,32207
AAL,Baseline,89635,31764
AAL,Baseline,89823,33437
AAL,Baseline,90026,32747
AAL,Baseline,90202,32188
AAL,Baseline,90451,31749
AAL,Baseline,90638,33425
AAL,Baseline,90825,32734
AAL,Baseline,91028,32191
AAL,Baseline,91200,31752
AAL,Baseline,91450,33436
AAL,Baseline,91652,32745
AAL,Baseline,91824,32198
AAL,Baseline,92013,31755
AAL,Baseline,92202,33455
AAL,Baseline,92389,32761
AAL,Baseline,92641,32207
AAL,Baseline,92828,31764
AAL,Baseline,93015,33446
AAL,Baseline,93202,32754
AAL,Baseline,93390,32199
AAL,Baseline,93643,31756
AAL,Baseline,93845,33439
AAL,Baseline,94019,32741
AAL,Baseline,94206,32195
AAL,Baseline,94394,31754
AAL,Baseline,94646,33454
AAL,Baseline,94833,32760
AAL,Baseline,95024,32202
AAL,Baseline,95212,31758
AAL,Baseline,95398,31758
AAL,Baseline,95649,32739
AAL,Baseline,95838,32188
AAL,Baseline,96025,31749
AAL,Baseline,96213,31749
AAL,Baseline,96402,33433
AAL,Baseline,96655,32180
AAL,Baseline,96843,31745
AAL,Baseline,97031,31745
AAL,Baseline,97219,33430
AAL,Baseline,97410,32734
AAL,Baseline,97598,32178
AAL,Baseline,97850,31739
AAL,Baseline,98038,33426
AAL,Baseline,98227,32731
AAL,Baseline,98415,32178
AAL,Baseline,98605,31739
AAL,Baseline,98794,33434
AAL,Baseline,99045,32737
AAL,Baseline,99235,32186
AAL,Baseline,99423,31745
AAL,Baseline,99610,33422
AAL,Baseline,99798,32731
AAL,Baseline,100049,32184
AAL,Baseline,100236,31744
AAL,Baseline,100424,31397
AAL,Baseline,100626,33144
AAL,Baseline,100798,32513
AAL,Baseline,101047,32013
AAL,Baseline,101235,31611
AAL,Baseline,101422,33324
AAL,Baseline,101610,32656
AAL,Baseline,101809,32130
AAL,Baseline,102044,33729
AAL,Baseline,102234,32972
AAL,Baseline,102421,32376
AAL,Baseline,102610,31898
AAL,Baseline,102798,33569
AAL,Baseline,103063,32852
AAL,Baseline,103235,32277
AAL,Baseline,103422,31824
AAL,Baseline,103610,33485
AAL,Baseline,103795,32789
AAL,Baseline,104047,32224
AAL,Baseline,104237,31775
AAL,Baseline,104426,33471
AAL,Baseline,104614,32770
AAL,Baseline,104803,32212
AAL,Baseline,104990,31768
AAL,Baseline,105242,33466
AAL,Baseline,105432,32766
AAL,Baseline,105619,32212
AAL,Baseline,105809,31765
AAL,Baseline,106009,31418
AAL,Baseline,106244,33178
AAL,Baseline,106432,32540
AAL,Baseline,106619,32032
AAL,Baseline,106807,32032
AAL,Baseline,107008,33659
AAL,Baseline,107245,32331
AAL,Baseline,107432,31868
AAL,Baseline,107619,31868
AAL,Baseline,107822,33536
AAL,Baseline,107994,32829
AAL,Baseline,108244,31808
AAL,Baseline,108447,31450
AAL,Baseline,108621,31450
AAL,Baseline,108809,33212
AAL,Baseline,108997,32564
AAL,Baseline,109245,32053
AAL,Baseline,109434,33684
AAL,Baseline,109623,32940
AAL,Baseline,109813,32344
AAL,Baseline,110000,31873
AAL,Baseline,110252,33549
AAL,Baseline,110440,32829
AAL,Baseline,110628,32262
AAL,Baseline,110831,31810
AAL,Baseline,111017,33474
AAL,Baseline,111255,32776
AAL,Baseline,111443,32211
AAL,Baseline,111647,31770
AAL,Baseline,111819,33458
AAL,Baseline,112009,32757
AAL,Baseline,112198,32202
AAL,Baseline,112448,31758
AAL,Baseline,112635,33432
AAL,Baseline,112822,32739
AAL,Baseline,113011,32190
AAL,Baseline,113199,31749
AAL,Baseline,113449,31403
AAL,Baseline,113638,33218
AAL,Baseline,113823,32546
AAL,Baseline,114012,34069
AAL,Baseline,114198,33250
AAL,Baseline,114451,32591
AAL,Baseline,114651,32072
AAL,Baseline,114824,33691
AAL,Baseline,115026,32953
AAL,Baseline,115198,32364
AAL,Baseline,115448,31886
AAL,Baseline,115635,31511
AAL,Baseline,115839,33227
AAL,Baseline,116011,32572
AAL,Baseline,116213,32060
AAL,Baseline,116450,33697
AAL,Baseline,116653,32954
AAL,Baseline,116824,32362
AAL,Baseline,117012,31889
AAL,Baseline,117199,31889
AAL,Baseline,117450,32829
AAL,Baseline,117637,32259
AAL,Baseline,117827,31806
AAL,Baseline,118015,31806
AAL,Baseline,118202,33479
AAL,Baseline,118453,32217
AAL,Baseline,118642,31772
AAL,Baseline,118829,31772
AAL,Baseline,119016,33452
AAL,Baseline,119205,32755
AAL,Baseline,119395,32200
AAL,Baseline,119645,31757
AAL,Baseline,119833,33440
AAL,Baseline,120021,32745
AAL,Baseline,120209,32198
AAL,Baseline,120396,31757
AAL,Baseline,120644,33440
AAL,Baseline,120848,32752
AAL,Baseline,121021,32201
AAL,Baseline,121208,31757
AAL,Baseline,121394,31409
AAL,Baseline,121645,33154
AAL,Baseline,121832,32515
AAL,Baseline,122019,32014
AAL,Baseline,122208,31612
AAL,Baseline,122396,33342
AAL,Baseline,122647,32670
AAL,Baseline,122833,32136
AAL,Baseline,123021,31713
AAL,Baseline,123207,33414
AAL,Baseline,123394,32728
AAL,Baseline,123646,32181
AAL,Baseline,123835,33786
AAL,Baseline,124022,33017
AAL,Baseline,124211,32409
AAL,Baseline,124398,31925
AAL,Baseline,124648,33566
AAL,Baseline,124837,32842
AAL,Baseline,125041,32272
AAL,Baseline,125214,31816
AAL,Baseline,125402,33503
AAL,Baseline,125591,32799
AAL,Baseline,125842,32233
AAL,Baseline,126031,31785
AAL,Baseline,126219,33478
AAL,Baseline,126407,32783
AAL,Baseline,126594,32220
AAL,Baseline,126842,31781
AAL,Baseline,127045,33451
AAL,Baseline,127219,32751
AAL,Baseline,127408,32194
AAL,Baseline,127595,31756
AAL,Baseline,127851,33472
AAL,Baseline,128039,32768
AAL,Baseline,128228,32208
AAL,Baseline,128416,31764
AAL,Baseline,128607,31764
AAL,Baseline,128794,33471
AAL,Baseline,129045,32215
AAL,Baseline,129234,31768
AAL,Baseline,129420,31768
AAL,Baseline,129609,33441
AAL,Baseline,129800,32746
AAL,Baseline,130049,31751
AAL,Baseline,130238,31751
AAL,Baseline,130424,33435
AAL,Baseline,130612,32741
AAL,Baseline,130802,32187
AAL,Baseline,131052,31750
AAL,Baseline,131241,33443
AAL,Baseline,131428,32751
AAL,Baseline,131616,32197
AAL,Baseline,131804,31758
AAL,Baseline,131993,33458
AAL,Baseline,132243,32763
AAL,Baseline,132432,32204
AAL,Baseline,132619,31764
AAL,Baseline,132807,33445
AAL,Baseline,132995,32753
AAL,Baseline,133260,32199
AAL,Baseline,133434,31757
AAL,Baseline,133624,33449
AAL,Baseline,133812,32749
AAL,Baseline,133997,32201
AAL,Baseline,134249,31757
AAL,Baseline,134440,33448
AAL,Baseline,134629,32742
AAL,Baseline,134816,32195
AAL,Baseline,135004,31757
AAL,Baseline,135191,33448
AAL,Baseline,135441,32755
AAL,Baseline,135629,32200
AAL,Baseline,135819,31757
AAL,Baseline,136008,33448
AAL,Baseline,136197,32752
AAL,Baseline,136448,32192
AAL,Baseline,136637,31754
AAL,Baseline,136822,31407
AAL,Baseline,137011,33178
AAL,Baseline,137200,32537
AAL,Baseline,137450,32029
AAL,Baseline,137638,33657
AAL,Baseline,137824,32922
AAL,Baseline,138014,32330
AAL,Baseline,138202,31862
AAL,Baseline,138455,33532
AAL,Baseline,138643,32819
AAL,Baseline,138830,32254
AAL,Baseline,139018,31799
AAL,Baseline,139206,31799
AAL,Baseline,139394,33473
AAL,Baseline,139645,32211
AAL,Baseline,139832,31772
AAL,Baseline,140020,31772
AAL,Baseline,140207,33435
AAL,Baseline,140394,32738
AAL,Baseline,140656,31759
AAL,Baseline,140843,31412
AAL,Baseline,141016,31412
AAL,Baseline,141205,33174
AAL,Baseline,141396,32527
AAL,Baseline,141647,32012
AAL,Baseline,141835,33651
AAL,Baseline,142038,32913
AAL,Baseline,142210,32335
AAL,Baseline,142398,31864
AAL,Baseline,142651,33525
AAL,Baseline,142838,32806
AAL,Baseline,143025,32244
AAL,Baseline,143213,31795
AAL,Baseline,143401,31440
AAL,Baseline,143667,33213
AAL,Baseline,143852,32533
AAL,Baseline,144026,34074
AAL,Baseline,144214,33250
AAL,Baseline,144404,32594
AAL,Baseline,144592,32067
AAL,Baseline,144847,33719
AAL,Baseline,145037,32960
AAL,Baseline,145226,32361
AAL,Baseline,145413,31889
AAL,Baseline,145598,33529
AAL,Baseline,145851,32816
AAL,Baseline,146039,32243
AAL,Baseline,146227,31793
AAL,Baseline,146419,33493
AAL,Baseline,146607,32788
AAL,Baseline,146796,32221
AAL,Baseline,147048,31773
AAL,Baseline,147236,33444
AAL,Baseline,147426,32739
AAL,Baseline,147629,32193
AAL,Baseline,147802,31753
AAL,Baseline,148051,33445
AAL,Baseline,148240,32749
AAL,Baseline,148430,32193
AAL,Baseline,148622,31746
AAL,Baseline,148811,31746
AAL,Baseline,149000,33448
AAL,Baseline,149251,32195
AAL,Baseline,149441,31748
AAL,Baseline,149632,31748
AAL,Baseline,149819,33425
AAL,Baseline,150007,32730
AAL,Baseline,150193,32186
AAL,Baseline,150443,31743
AAL,Baseline,150646,33420
AAL,Baseline,150819,32736
AAL,Baseline,151005,32188
FD,Baseline,199,0
FD,Baseline,295,82
FD,Baseline,487,233
FD,Baseline,708,333
FD,Baseline,895,389
FD,Baseline,1084,457
FD,Baseline,1302,508
FD,Baseline,1493,530
FD,Baseline,1685,546
FD,Baseline,1906,581
FD,Baseline,2094,581
FD,Baseline,2280,608
FD,Baseline,2500,609
FD,Baseline,2691,609
FD,Baseline,2883,631
FD,Baseline,3111,627
FD,Baseline,3282,624
FD,Baseline,3518,621
FD,Baseline,3702,619
FD,Baseline,3906,618
FD,Baseline,4083,616
FD,Baseline,4301,615
FD,Baseline,4493,636
FD,Baseline,4680,631
FD,Baseline,4901,648
FD,Baseline,5092,641
FD,Baseline,5284,656
FD,Baseline,5506,647
FD,Baseline,5695,661
FD,Baseline,5881,651
FD,Baseline,6099,664
FD,Baseline,6290,674
FD,Baseline,6479,661
FD,Baseline,6697,651
FD,Baseline,6887,664
FD,Baseline,7106,653
FD,Baseline,7292,666
FD,Baseline,7478,675
FD,Baseline,7695,662
FD,Baseline,7883,673
FD,Baseline,8101,660
FD,Baseline,8290,650
FD,Baseline,8477,664
FD,Baseline,8700,653
FD,Baseline,8891,666
FD,Baseline,9085,655
FD,Baseline,9302,667
FD,Baseline,9491,656
FD,Baseline,9677,668
FD,Baseline,9898,656
FD,Baseline,10085,668
FD,Baseline,10274,657
FD,Baseline,10496,669
FD,Baseline,10687,657
FD,Baseline,10906,669
FD,Baseline,11095,657
FD,Baseline,11281,657
FD,Baseline,11498,657
FD,Baseline,11686,657
FD,Baseline,11904,669
FD,Baseline,12091,678
FD,Baseline,12280,664
FD,Baseline,12503,654
FD,Baseline,12693,666
FD,Baseline,12880,655
FD,Baseline,13100,667
FD,Baseline,13287,656
FD,Baseline,13506,668
FD,Baseline,13692,657
FD,Baseline,13881,668
FD,Baseline,14099,677
FD,Baseline,14285,664
FD,Baseline,14504,654
FD,Baseline,14696,666
FD,Baseline,14882,655
FD,Baseline,15102,667
FD,Baseline,15291,656
FD,Baseline,15479,668
FD,Baseline,15702,656
FD,Baseline,15890,668
FD,Baseline,16079,657
FD,Baseline,16303,669
FD,Baseline,16492,657
FD,Baseline,16697,669
FD,Baseline,16901,657
FD,Baseline,17089,669
FD,Baseline,17277,657
FD,Baseline,17494,669
FD,Baseline,17678,678
FD,Baseline,17895,685
FD,Baseline,18081,670
FD,Baseline,18302,679
FD,Baseline,18490,665
FD,Baseline,18677,655
FD,Baseline,18893,667
FD,Baseline,19081,656
FD,Baseline,19301,668
FD,Baseline,19491,656
FD,Baseline,19681,668
FD,Baseline,19901,657
FD,Baseline,20090,668
FD,Baseline,20278,657
FD,Baseline,20494,669
FD,Baseline,20681,669
FD,Baseline,20899,935
FD,Baseline,21088,870
FD,Baseline,21303,838
FD,Baseline,21491,838
FD,Baseline,21679,813
FD,Baseline,21897,740
FD,Baseline,22084,740
FD,Baseline,22305,710
FD,Baseline,22493,710
FD,Baseline,22682,710
FD,Baseline,22903,690
FD,Baseline,23093,695
FD,Baseline,23285,678
FD,Baseline,23505,686
FD,Baseline,23695,671
FD,Baseline,23886,680
FD,Baseline,24076,666
FD,Baseline,24300,676
FD,Baseline,24491,663
FD,Baseline,24683,674
FD,Baseline,24907,661
FD,Baseline,25098,672
FD,Baseline,25289,660
FD,Baseline,25478,671
FD,Baseline,25695,680
FD,Baseline,25882,666
FD,Baseline,26102,675
FD,Baseline,26294,662
FD,Baseline,26485,652
FD,Baseline,26677,665
FD,Baseline,26900,654
FD,Baseline,27088,666
FD,Baseline,27276,655
FD,Baseline,27492,667
FD,Baseline,27680,677
FD,Baseline,27898,664
FD,Baseline,28084,664
FD,Baseline,28306,933
FD,Baseline,28495,868
FD,Baseline,28680,836
FD,Baseline,28899,791
FD,Baseline,29086,775
FD,Baseline,29305,763
FD,Baseline,29491,732
FD,Baseline,29679,732
FD,Baseline,29897,704
FD,Baseline,30086,686
FD,Baseline,30306,691
FD,Baseline,30498,675
FD,Baseline,30687,675
FD,Baseline,30903,683
FD,Baseline,31090,689
FD,Baseline,31277,673
FD,Baseline,31494,661
FD,Baseline,31680,672
FD,Baseline,31899,680
FD,Baseline,32086,666
FD,Baseline,32304,655
FD,Baseline,32493,667
FD,Baseline,32694,677
FD,Baseline,32883,684
FD,Baseline,33103,669
FD,Baseline,33286,658
FD,Baseline,33505,669
FD,Baseline,33695,678
FD,Baseline,33886,664
FD,Baseline,34077,654
FD,Baseline,34296,666
FD,Baseline,34484,676
FD,Baseline,34701,663
FD,Baseline,34888,653
FD,Baseline,35109,665
FD,Baseline,35295,654
FD,Baseline,35483,667
FD,Baseline,35700,676
FD,Baseline,35887,663
FD,Baseline,36106,673
FD,Baseline,36291,661
FD,Baseline,36480,651
FD,Baseline,36698,664
FD,Baseline,36885,653
FD,Baseline,37106,666
FD,Baseline,37296,655
FD,Baseline,37488,667
FD,Baseline,37679,656
FD,Baseline,37900,668
FD,Baseline,38085,677
FD,Baseline,38303,664
FD,Baseline,38489,653
FD,Baseline,38676,666
FD,Baseline,38895,655
FD,Baseline,39085,667
FD,Baseline,39276,656
FD,Baseline,39496,668
FD,Baseline,39681,677
FD,Baseline,39902,664
FD,Baseline,40087,674
FD,Baseline,40307,661
FD,Baseline,40493,672
FD,Baseline,40680,660
FD,Baseline,40901,650
FD,Baseline,41091,663
FD,Baseline,41280,653
FD,Baseline,41502,665
FD,Baseline,41689,655
FD,Baseline,41877,655
FD,Baseline,42097,656
FD,Baseline,42284,656
FD,Baseline,42501,668
FD,Baseline,42696,677
FD,Baseline,42877,664
FD,Baseline,43098,653
FD,Baseline,43287,666
FD,Baseline,43484,655
FD,Baseline,43701,667
FD,Baseline,43890,656
FD,Baseline,44076,668
FD,Baseline,44294,677
FD,Baseline,44485,664
FD,Baseline,44708,653
FD,Baseline,44896,666
FD,Baseline,45086,655
FD,Baseline,45306,667
FD,Baseline,45491,676
FD,Baseline,45677,663
FD,Baseline,45896,653
FD,Baseline,46083,665
FD,Baseline,46304,654
FD,Baseline,46492,667
FD,Baseline,46677,676
FD,Baseline,46894,663
FD,Baseline,47080,673
FD,Baseline,47302,661
FD,Baseline,47490,651
FD,Baseline,47677,664
FD,Baseline,47898,653
FD,Baseline,48089,666
FD,Baseline,48280,655
FD,Baseline,48502,667
FD,Baseline,48687,656
FD,Baseline,48905,667
FD,Baseline,49094,656
FD,Baseline,49280,668
FD,Baseline,49499,677
FD,Baseline,49686,664
FD,Baseline,49905,674
FD,Baseline,50092,661
FD,Baseline,50281,651
FD,Baseline,50497,664
FD,Baseline,50684,674
FD,Baseline,50902,661
FD,Baseline,51089,651
FD,Baseline,51276,664
FD,Baseline,51497,653
FD,Baseline,51688,666
FD,Baseline,51881,655
FD,Baseline,52100,667
FD,Baseline,52289,656
FD,Baseline,52506,668
FD,Baseline,52695,656
FD,Baseline,52882,656
FD,Baseline,53105,657
FD,Baseline,53290,657
FD,Baseline,53477,668
FD,Baseline,53696,657
FD,Baseline,53882,668
FD,Baseline,54104,677
FD,Baseline,54290,664
FD,Baseline,54478,653
FD,Baseline,54695,666
FD,Baseline,54883,655
FD,Baseline,55104,667
FD,Baseline,55296,656
FD,Baseline,55488,668
FD,Baseline,55676,656
FD,Baseline,55895,668
FD,Baseline,56083,677
FD,Baseline,56301,664
FD,Baseline,56488,654
FD,Baseline,56701,666
FD,Baseline,56888,675
FD,Baseline,57105,662
FD,Baseline,57293,673
FD,Baseline,57480,660
FD,Baseline,57695,671
FD,Baseline,57884,659
FD,Baseline,58104,650
FD,Baseline,58292,663
FD,Baseline,58479,673
FD,Baseline,58700,661
FD,Baseline,58891,651
FD,Baseline,59083,664
FD,Baseline,59304,653
FD,Baseline,59488,666
FD,Baseline,59677,675
FD,Baseline,59897,662
FD,Baseline,60088,652
FD,Baseline,60280,665
FD,Baseline,60499,654
FD,Baseline,60687,666
FD,Baseline,60876,655
FD,Baseline,61095,667
FD,Baseline,61285,656
FD,Baseline,61503,668
FD,Baseline,61693,657
FD,Baseline,61882,668
FD,Baseline,62103,657
FD,Baseline,62294,669
FD,Baseline,62484,657
FD,Baseline,62675,657
FD,Baseline,62896,658
FD,Baseline,63085,658
FD,Baseline,63303,669
FD,Baseline,63489,678
FD,Baseline,63677,665
FD,Baseline,63881,665
FD,Baseline,64104,890
FD,Baseline,64289,853
FD,Baseline,64475,825
FD,Baseline,64695,782
FD,Baseline,64882,782
FD,Baseline,65102,1002
FD,Baseline,65287,923
FD,Baseline,65475,881
FD,Baseline,65694,827
FD,Baseline,65884,803
FD,Baseline,66106,764
FD,Baseline,66297,754
FD,Baseline,66487,725
FD,Baseline,66674,722
FD,Baseline,66893,721
FD,Baseline,67080,698
FD,Baseline,67299,698
FD,Baseline,67487,952
FD,Baseline,67704,904
FD,Baseline,67891,845
FD,Baseline,68078,798
FD,Baseline,68297,781
FD,Baseline,68484,746
FD,Baseline,68702,740
FD,Baseline,68888,714
FD,Baseline,69104,714
FD,Baseline,69290,714
FD,Baseline,69482,693
FD,Baseline,69706,676
FD,Baseline,69896,684
FD,Baseline,70084,670
FD,Baseline,70307,679
FD,Baseline,70492,686
FD,Baseline,70679,671
FD,Baseline,70898,679
FD,Baseline,71084,666
FD,Baseline,71303,675
FD,Baseline,71487,662
FD,Baseline,71704,673
FD,Baseline,71892,660
FD,Baseline,72080,650
FD,Baseline,72298,663
FD,Baseline,72483,673
FD,Baseline,72703,661
FD,Baseline,72891,651
FD,Baseline,73080,664
FD,Baseline,73303,653
FD,Baseline,73491,666
FD,Baseline,73677,666
FD,Baseline,73897,934
FD,Baseline,74086,869
FD,Baseline,74305,837
FD,Baseline,74497,791
FD,Baseline,74682,791
FD,Baseline,74899,775
FD,Baseline,75086,763
FD,Baseline,75305,708
FD,Baseline,75491,708
FD,Baseline,75678,709
FD,Baseline,75896,710
FD,Baseline,76082,690
FD,Baseline,76303,695
FD,Baseline,76493,678
FD,Baseline,76682,664
FD,Baseline,76906,675
FD,Baseline,77097,662
FD,Baseline,77282,673
FD,Baseline,77499,681
FD,Baseline,77686,667
FD,Baseline,77904,676
FD,Baseline,78092,663
FD,Baseline,78278,673
FD,Baseline,78495,661
FD,Baseline,78682,671
FD,Baseline,78900,659
FD,Baseline,79091,650
FD,Baseline,79277,663
FD,Baseline,79497,673
FD,Baseline,79684,660
FD,Baseline,79902,660
FD,Baseline,80090,930
FD,Baseline,80281,865
FD,Baseline,80504,833
FD,Baseline,80695,788
FD,Baseline,80881,773
FD,Baseline,81099,761
FD,Baseline,81291,731
FD,Baseline,81506,707
FD,Baseline,81694,708
FD,Baseline,81879,689
FD,Baseline,82096,694
FD,Baseline,82283,698
FD,Baseline,82502,680
FD,Baseline,82688,666
FD,Baseline,82877,676
FD,Baseline,83094,676
FD,Baseline,83281,938
FD,Baseline,83500,873
FD,Baseline,83686,840
FD,Baseline,83876,840
FD,Baseline,84099,1039
FD,Baseline,84288,953
FD,Baseline,84478,902
FD,Baseline,84696,864
FD,Baseline,84886,812
FD,Baseline,85101,793
FD,Baseline,85292,755
FD,Baseline,85484,726
FD,Baseline,85706,723
FD,Baseline,85894,701
FD,Baseline,86082,701
FD,Baseline,86300,685
FD,Baseline,86489,685
FD,Baseline,86675,691
FD,Baseline,86896,695
FD,Baseline,87086,678
FD,Baseline,87279,665
FD,Baseline,87498,675
FD,Baseline,87689,662
FD,Baseline,87877,673
FD,Baseline,88093,681
FD,Baseline,88279,667
FD,Baseline,88499,676
FD,Baseline,88685,663
FD,Baseline,88904,673
FD,Baseline,89089,661
FD,Baseline,89275,671
FD,Baseline,89493,659
FD,Baseline,89682,650
FD,Baseline,89898,663
FD,Baseline,90085,653
FD,Baseline,90301,665
FD,Baseline,90489,675
FD,Baseline,90677,662
FD,Baseline,90898,662
FD,Baseline,91090,934
FD,Baseline,91279,868
FD,Baseline,91501,836
FD,Baseline,91689,791
FD,Baseline,91878,775
FD,Baseline,92096,762
FD,Baseline,92285,732
FD,Baseline,92502,708
FD,Baseline,92690,709
FD,Baseline,92877,710
FD,Baseline,93095,690
FD,Baseline,93285,674
FD,Baseline,93504,682
FD,Baseline,93690,668
FD,Baseline,93878,677
FD,Baseline,94097,685
FD,Baseline,94284,670
FD,Baseline,94507,658
FD,Baseline,94697,670
FD,Baseline,94888,658
FD,Baseline,95075,669
FD,Baseline,95295,658
FD,Baseline,95481,669
FD,Baseline,95700,658
FD,Baseline,95888,669
FD,Baseline,96073,669
FD,Baseline,96293,664
FD,Baseline,96480,654
FD,Baseline,96698,666
FD,Baseline,96884,666
FD,Baseline,97105,662
FD,Baseline,97291,662
FD,Baseline,97478,673
FD,Baseline,97698,651
FD,Baseline,97887,651
FD,Baseline,98076,664
FD,Baseline,98298,653
FD,Baseline,98490,666
FD,Baseline,98678,655
FD,Baseline,98898,667
FD,Baseline,99084,656
FD,Baseline,99303,668
FD,Baseline,99489,677
FD,Baseline,99676,664
FD,Baseline,99894,674
FD,Baseline,100082,661
FD,Baseline,100301,672
FD,Baseline,100491,659
FD,Baseline,100677,650
FD,Baseline,100898,663
FD,Baseline,101090,653
FD,Baseline,101279,666
FD,Baseline,101497,655
FD,Baseline,101687,667
FD,Baseline,101880,656
FD,Baseline,102104,668
FD,Baseline,102294,656
FD,Baseline,102482,668
FD,Baseline,102705,657
FD,Baseline,102893,669
FD,Baseline,103078,657
FD,Baseline,103296,669
FD,Baseline,103483,678
FD,Baseline,103704,664
FD,Baseline,103891,654
FD,Baseline,104080,666
FD,Baseline,104303,655
FD,Baseline,104494,667
FD,Baseline,104682,656
FD,Baseline,104901,668
FD,Baseline,105089,657
FD,Baseline,105280,669
FD,Baseline,105502,657
FD,Baseline,105693,669
FD,Baseline,105883,657
FD,Baseline,106102,669
FD,Baseline,106288,669
FD,Baseline,106505,665
FD,Baseline,106693,654
FD,Baseline,106879,654
FD,Baseline,107097,666
FD,Baseline,107285,676
FD,Baseline,107502,663
FD,Baseline,107693,673
FD,Baseline,107878,661
FD,Baseline,108098,651
FD,Baseline,108285,664
FD,Baseline,108505,674
FD,Baseline,108696,661
FD,Baseline,108886,651
FD,Baseline,109076,664
FD,Baseline,109298,654
FD,Baseline,109484,666
FD,Baseline,109705,676
FD,Baseline,109892,663
FD,Baseline,110078,673
FD,Baseline,110300,661
FD,Baseline,110489,651
FD,Baseline,110675,664
FD,Baseline,110894,674
FD,Baseline,111081,661
FD,Baseline,111299,672
FD,Baseline,111487,659
FD,Baseline,111676,650
FD,Baseline,111892,663
FD,Baseline,112081,653
FD,Baseline,112300,665
FD,Baseline,112494,654
FD,Baseline,112683,667
FD,Baseline,112904,656
SG,Baseline,161,0
SG,Baseline,300,381
SG,Baseline,519,744
SG,Baseline,705,973
SG,Baseline,894,1217
SG,Baseline,1113,1352
SG,Baseline,1300,1520
SG,Baseline,1518,1591
SG,Baseline,1706,1712
SG,Baseline,1893,1744
SG,Baseline,2111,1833
SG,Baseline,2302,1841
SG,Baseline,2492,1847
SG,Baseline,2719,1852
SG,Baseline,2907,1920
SG,Baseline,3097,1910
SG,Baseline,3313,1966
SG,Baseline,3500,1966
SG,Baseline,3687,2010
SG,Baseline,3907,1982
SG,Baseline,4099,2024
SG,Baseline,4321,1968
SG,Baseline,4509,1968
SG,Baseline,4697,2013
SG,Baseline,4915,2047
SG,Baseline,5101,2011
SG,Baseline,5289,2046
SG,Baseline,5505,2011
SG,Baseline,5694,2046
SG,Baseline,5916,2010
SG,Baseline,6106,1982
SG,Baseline,6298,2025
SG,Baseline,6516,1994
SG,Baseline,6705,2033
SG,Baseline,6894,2064
SG,Baseline,7112,2025
SG,Baseline,7300,2057
SG,Baseline,7519,2020
SG,Baseline,7707,1990
SG,Baseline,7895,2031
SG,Baseline,8098,1999
SG,Baseline,8322,1973
SG,Baseline,8512,2018
SG,Baseline,8700,2052
SG,Baseline,8919,2015
SG,Baseline,9107,2049
SG,Baseline,9294,2012
SG,Baseline,9515,2047
SG,Baseline,9705,2011
SG,Baseline,9899,1983
SG,Baseline,10118,2025
SG,Baseline,10309,1995
SG,Baseline,10499,2035
SG,Baseline,10690,2002
SG,Baseline,10912,2041
SG,Baseline,11104,2006
SG,Baseline,11295,2044
SG,Baseline,11519,2009
SG,Baseline,11710,2046
SG,Baseline,11899,2046
SG,Baseline,12120,2033
SG,Baseline,12307,2033
SG,Baseline,12495,2064
SG,Baseline,12718,1994
SG,Baseline,12906,1994
SG,Baseline,13095,2033
SG,Baseline,13317,2001
SG,Baseline,13507,2039
SG,Baseline,13699,2005
SG,Baseline,13919,2043
SG,Baseline,14108,2072
SG,Baseline,14298,2031
SG,Baseline,14519,1999
SG,Baseline,14707,2038
SG,Baseline,14894,2067
SG,Baseline,15114,2028
SG,Baseline,15303,2059
SG,Baseline,15494,2019
SG,Baseline,15710,2052
SG,Baseline,15898,2016
SG,Baseline,16118,2050
SG,Baseline,16305,2014
SG,Baseline,16491,2048
SG,Baseline,16710,2013
SG,Baseline,16901,1984
SG,Baseline,17092,2027
SG,Baseline,17315,1996
SG,Baseline,17503,2035
SG,Baseline,17691,2065
SG,Baseline,17910,2026
SG,Baseline,18097,2058
SG,Baseline,18315,2020
SG,Baseline,18502,2053
SG,Baseline,18720,2017
SG,Baseline,18908,2051
SG,Baseline,19096,2014
SG,Baseline,19315,2049
SG,Baseline,19502,2013
SG,Baseline,19691,2047
SG,Baseline,19908,2012
SG,Baseline,20094,2046
SG,Baseline,20313,2011
SG,Baseline,20504,1983
SG,Baseline,20698,2026
SG,Baseline,20920,1995
SG,Baseline,21109,2034
SG,Baseline,21295,2034
SG,Baseline,21516,2025
SG,Baseline,21704,2025
SG,Baseline,21889,2057
SG,Baseline,22108,2020
SG,Baseline,22296,2053
SG,Baseline,22513,2017
SG,Baseline,22698,2050
SG,Baseline,22918,2014
SG,Baseline,23106,2049
SG,Baseline,23294,2013
SG,Baseline,23512,2013
SG,Baseline,23700,2840
SG,Baseline,23919,2646
SG,Baseline,24111,2550
SG,Baseline,24301,2413
SG,Baseline,24493,2364
SG,Baseline,24713,2265
SG,Baseline,24901,2248
SG,Baseline,25120,2235
SG,Baseline,25306,2161
SG,Baseline,25492,2165
SG,Baseline,25711,2106
SG,Baseline,25899,2122
SG,Baseline,26115,2072
SG,Baseline,26301,2094
SG,Baseline,26489,2049
SG,Baseline,26708,2076
SG,Baseline,26895,2035
SG,Baseline,27114,2065
SG,Baseline,27305,2026
SG,Baseline,27488,2058
SG,Baseline,27710,2020
SG,Baseline,27901,1990
SG,Baseline,28093,2031
SG,Baseline,28314,1999
SG,Baseline,28500,2038
SG,Baseline,28702,2067
SG,Baseline,28914,2027
SG,Baseline,29102,2059
SG,Baseline,29293,2020
SG,Baseline,29515,1990
SG,Baseline,29706,2031
SG,Baseline,29897,1999
SG,Baseline,30120,2038
SG,Baseline,30310,2005
SG,Baseline,30500,2043
SG,Baseline,30721,2043
SG,Baseline,30908,2864
SG,Baseline,31097,2864
SG,Baseline,31317,2550
SG,Baseline,31509,2413
SG,Baseline,31714,2366
SG,Baseline,31906,2366
SG,Baseline,32098,2327
SG,Baseline,32300,2236
SG,Baseline,32505,2291
SG,Baseline,32693,2207
SG,Baseline,32913,2202
SG,Baseline,33099,2202
SG,Baseline,33318,2955
SG,Baseline,33507,2799
SG,Baseline,33693,2609
SG,Baseline,33929,2523
SG,Baseline,34103,2390
SG,Baseline,34292,2286
SG,Baseline,34511,2264
SG,Baseline,34696,2248
SG,Baseline,34916,2171
SG,Baseline,35106,2111
SG,Baseline,35295,2126
SG,Baseline,35518,2075
SG,Baseline,35706,2098
SG,Baseline,35894,2116
SG,Baseline,36112,2066
SG,Baseline,36299,2090
SG,Baseline,36519,2046
SG,Baseline,36707,2011
SG,Baseline,36897,2047
SG,Baseline,37115,2075
SG,Baseline,37302,2033
SG,Baseline,37489,2064
SG,Baseline,37708,2025
SG,Baseline,37893,2056
SG,Baseline,38110,2019
SG,Baseline,38299,2052
SG,Baseline,38513,2016
SG,Baseline,38705,2050
SG,Baseline,38896,2013
SG,Baseline,39120,1985
SG,Baseline,39312,2027
SG,Baseline,39501,1996
SG,Baseline,39689,2035
SG,Baseline,39910,2002
SG,Baseline,40100,2040
SG,Baseline,40292,2006
SG,Baseline,40514,2044
SG,Baseline,40702,2044
SG,Baseline,40889,2072
SG,Baseline,41108,2031
SG,Baseline,41298,2062
SG,Baseline,41513,2023
SG,Baseline,41701,2058
SG,Baseline,41889,2083
SG,Baseline,42108,2040
SG,Baseline,42297,2069
SG,Baseline,42518,2028
SG,Baseline,42709,1997
SG,Baseline,42900,2036
SG,Baseline,43090,2003
SG,Baseline,43312,2041
SG,Baseline,43497,2070
SG,Baseline,43716,2030
SG,Baseline,43904,2061
SG,Baseline,44093,2022
SG,Baseline,44313,2055
SG,Baseline,44503,2017
SG,Baseline,44690,2051
SG,Baseline,44908,2014
SG,Baseline,45096,2049
SG,Baseline,45313,2013
SG,Baseline,45500,2047
SG,Baseline,45717,2012
SG,Baseline,45907,2047
SG,Baseline,46097,2011
SG,Baseline,46321,1983
SG,Baseline,46511,2026
SG,Baseline,46700,2058
SG,Baseline,46917,2020
SG,Baseline,47103,2053
SG,Baseline,47290,2016
SG,Baseline,47510,2050
SG,Baseline,47697,2013
SG,Baseline,47917,2047
SG,Baseline,48103,2012
SG,Baseline,48290,2047
SG,Baseline,48508,2011
SG,Baseline,48695,2046
SG,Baseline,48915,2010
SG,Baseline,49101,2045
SG,Baseline,49289,2010
SG,Baseline,49507,2045
SG,Baseline,49697,2009
SG,Baseline,49921,1982
SG,Baseline,50112,2025
SG,Baseline,50300,2025
SG,Baseline,50518,2019
SG,Baseline,50708,1990
SG,Baseline,50895,1990
SG,Baseline,51112,2030
SG,Baseline,51301,2061
SG,Baseline,51518,2022
SG,Baseline,51704,2055
SG,Baseline,51891,2018
SG,Baseline,52112,2051
SG,Baseline,52300,2014
SG,Baseline,52518,2014
SG,Baseline,52704,2841
SG,Baseline,52893,2708
SG,Baseline,53109,2537
SG,Baseline,53300,2466
SG,Baseline,53491,2343
SG,Baseline,53713,2248
SG,Baseline,53904,2234
SG,Baseline,54091,2224
SG,Baseline,54312,2152
SG,Baseline,54503,2096
SG,Baseline,54693,2114
SG,Baseline,54916,2065
SG,Baseline,55102,2090
SG,Baseline,55291,2109
SG,Baseline,55511,2061
SG,Baseline,55698,2061
SG,Baseline,55917,2873
SG,Baseline,56106,2873
SG,Baseline,56296,3356
SG,Baseline,56515,3116
SG,Baseline,56704,2862
SG,Baseline,56891,2724
SG,Baseline,57111,2550
SG,Baseline,57303,2475
SG,Baseline,57494,2349
SG,Baseline,57713,2315
SG,Baseline,57903,2224
SG,Baseline,58087,2216
SG,Baseline,58306,2146
SG,Baseline,58492,2154
SG,Baseline,58711,2097
SG,Baseline,58899,2114
SG,Baseline,59120,2065
SG,Baseline,59306,2089
SG,Baseline,59491,2045
SG,Baseline,59711,2074
SG,Baseline,59899,2032
SG,Baseline,60119,2063
SG,Baseline,60306,2024
SG,Baseline,60493,2024
SG,Baseline,60715,2018
SG,Baseline,60907,1989
SG,Baseline,61097,1989
SG,Baseline,61287,2030
SG,Baseline,61511,2062
SG,Baseline,61697,2023
SG,Baseline,61913,2055
SG,Baseline,62103,2018
SG,Baseline,62290,2051
SG,Baseline,62508,2014
SG,Baseline,62693,2048
SG,Baseline,62914,2012
SG,Baseline,63104,2047
SG,Baseline,63291,2011
SG,Baseline,63507,2046
SG,Baseline,63694,2010
SG,Baseline,63914,2045
SG,Baseline,64101,2010
SG,Baseline,64290,2046
SG,Baseline,64513,2010
SG,Baseline,64704,1982
SG,Baseline,64892,2025
SG,Baseline,65111,2057
SG,Baseline,65298,2019
SG,Baseline,65517,2052
SG,Baseline,65703,2016
SG,Baseline,65890,2049
SG,Baseline,66109,2013
SG,Baseline,66297,2047
SG,Baseline,66515,2012
SG,Baseline,66701,2047
SG,Baseline,66890,2011
SG,Baseline,67112,1983
SG,Baseline,67300,2025
SG,Baseline,67517,2057
SG,Baseline,67704,2019
SG,Baseline,67893,2053
SG,Baseline,68117,2015
SG,Baseline,68307,1986
SG,Baseline,68498,2028
SG,Baseline,68717,2059
SG,Baseline,68903,2021
SG,Baseline,69092,2054
SG,Baseline,69310,2017
SG,Baseline,69497,2051
SG,Baseline,69712,2015
SG,Baseline,69902,2049
SG,Baseline,70090,2013
SG,Baseline,70307,2048
SG,Baseline,70498,2011
SG,Baseline,70716,2046
SG,Baseline,70902,2011
SG,Baseline,71088,2011
SG,Baseline,71308,2011
SG,Baseline,71496,2011
SG,Baseline,71718,2010
SG,Baseline,71910,1982
SG,Baseline,72099,1982
SG,Baseline,72287,2024
SG,Baseline,72506,2057
SG,Baseline,72691,2020
SG,Baseline,72913,2053
SG,Baseline,73104,2016
SG,Baseline,73294,1987
SG,Baseline,73514,2029
SG,Baseline,73702,2060
SG,Baseline,73887,2022
SG,Baseline,74105,2054
SG,Baseline,74294,2017
SG,Baseline,74511,2051
SG,Baseline,74699,2015
SG,Baseline,74918,2049
SG,Baseline,75105,2013
SG,Baseline,75296,2048
SG,Baseline,75527,2011
SG,Baseline,75708,1983
SG,Baseline,75898,2026
SG,Baseline,76087,2058
SG,Baseline,76306,2020
SG,Baseline,76491,2053
SG,Baseline,76707,2016
SG,Baseline,76895,2050
SG,Baseline,77113,2013
SG,Baseline,77303,2048
SG,Baseline,77495,2011
SG,Baseline,77718,1983
SG,Baseline,77910,2026
SG,Baseline,78099,1995
SG,Baseline,78291,2035
SG,Baseline,78515,2002
SG,Baseline,78706,2040
SG,Baseline,78897,2006
SG,Baseline,79118,2044
SG,Baseline,79309,2009
SG,Baseline,79500,2046
SG,Baseline,79692,2011
SG,Baseline,79915,2048
SG,Baseline,80101,2048
SG,Baseline,80291,2075
SG,Baseline,80507,2034
SG,Baseline,80698,2064
SG,Baseline,80888,2024
SG,Baseline,81108,1994
SG,Baseline,81295,2033
SG,Baseline,81513,2064
SG,Baseline,81701,2025
SG,Baseline,81887,2057
SG,Baseline,82108,2020
SG,Baseline,82294,2053
SG,Baseline,82510,2016
SG,Baseline,82700,2051
SG,Baseline,82889,2014
SG,Baseline,83112,2049
SG,Baseline,83302,2012
SG,Baseline,83492,1984
SG,Baseline,83710,2026
SG,Baseline,83899,2058
SG,Baseline,84115,2020
SG,Baseline,84302,2053
SG,Baseline,84490,2017
SG,Baseline,84710,2050
SG,Baseline,84896,2014
SG,Baseline,85114,2048
SG,Baseline,85303,2012
SG,Baseline,85518,2047
SG,Baseline,85705,2011
SG,Baseline,85896,1983
SG,Baseline,86114,2025
SG,Baseline,86304,2058
SG,Baseline,86494,2019
SG,Baseline,86716,1990
SG,Baseline,86905,2031
SG,Baseline,87093,2062
SG,Baseline,87311,2023
SG,Baseline,87496,2055
SG,Baseline,87716,2018
SG,Baseline,87905,2051
SG,Baseline,88090,2014
SG,Baseline,88310,2048
SG,Baseline,88497,2013
SG,Baseline,88721,1984
SG,Baseline,88912,2026
SG,Baseline,89102,1995
SG,Baseline,89289,2034
SG,Baseline,89509,2064
SG,Baseline,89697,2025
SG,Baseline,89916,2057
SG,Baseline,90107,2019
SG,Baseline,90299,1989
SG,Baseline,90491,1989
SG,Baseline,90709,2031
SG,Baseline,90899,2061
SG,Baseline,91115,2022
SG,Baseline,91302,2055
SG,Baseline,91491,2017
SG,Baseline,91707,2051
SG,Baseline,91894,2015
SG,Baseline,92116,2049
SG,Baseline,92305,2012
SG,Baseline,92496,1984
SG,Baseline,92717,2026
SG,Baseline,92903,2058
SG,Baseline,93091,2020
SG,Baseline,93309,2053
SG,Baseline,93496,2017
SG,Baseline,93718,2051
SG,Baseline,93910,2014
SG,Baseline,94099,1985
SG,Baseline,94290,2027
SG,Baseline,94508,2059
SG,Baseline,94695,2021
SG,Baseline,94914,2054
SG,Baseline,95100,2017
SG,Baseline,95321,2051
SG,Baseline,95506,2014
SG,Baseline,95692,2049
SG,Baseline,95911,2013
SG,Baseline,96099,2047
SG,Baseline,96316,2012
SG,Baseline,96504,2047
SG,Baseline,96696,2011
SG,Baseline,96914,1983
SG,Baseline,97101,2025
SG,Baseline,97290,2057
SG,Baseline,97513,2019
SG,Baseline,97706,1989
SG,Baseline,97895,2030
SG,Baseline,98112,2061
SG,Baseline,98300,2023
SG,Baseline,98489,1993
SG,Baseline,98705,2032
SG,Baseline,98892,2062
SG,Baseline,99110,2024
SG,Baseline,99299,2056
SG,Baseline,99518,2018
SG,Baseline,99704,2052
SG,Baseline,99895,2015
SG,Baseline,100111,2049
SG,Baseline,100297,2013
SG,Baseline,100516,2048
SG,Baseline,100704,2012
SG,Baseline,100894,1984
SG,Baseline,101118,2026
SG,Baseline,101310,1995
SG,Baseline,101496,1995
SG,Baseline,101716,2034
SG,Baseline,101905,2065
SG,Baseline,102093,2026
SG,Baseline,102312,2058
SG,Baseline,102496,2020
SG,Baseline,102713,2055
SG,Baseline,102903,2082
SG,Baseline,103119,2039
SG,Baseline,103306,2068
SG,Baseline,103493,2028
SG,Baseline,103714,2059
SG,Baseline,103901,2021
SG,Baseline,104088,1991
SG,Baseline,104310,2031
SG,Baseline,104498,2062
SG,Baseline,104690,2022
SG,Baseline,104912,1992
SG,Baseline,105104,2033
SG,Baseline,105290,2064
SG,Baseline,105508,2025
SG,Baseline,105694,2057
SG,Baseline,105911,2019
SG,Baseline,106099,2053
SG,Baseline,106319,2016
SG,Baseline,106507,2050
SG,Baseline,106694,2013
SG,Baseline,106912,2048
SG,Baseline,107099,2012
SG,Baseline,107318,2047
SG,Baseline,107506,2011
SG,Baseline,107693,2046
SG,Baseline,107911,2010
SG,Baseline,108103,1982
SG,Baseline,108295,2025
SG,Baseline,108520,1994
SG,Baseline,108708,2034
SG,Baseline,108900,2065
SG,Baseline,109088,2025
SG,Baseline,109307,2057
SG,Baseline,109498,2019
SG,Baseline,109717,2053
SG,Baseline,109905,2016
SG,Baseline,110094,2016
SG,Baseline,110314,2014
SG,Baseline,110500,2014
SG,Baseline,110687,2048
SG,Baseline,110909,1984
SG,Baseline,111095,1984
SG,Baseline,111311,2025
SG,Baseline,111499,2057
SG,Baseline,111718,2020
SG,Baseline,111907,2053
SG,Baseline,112097,2016
SG,Baseline,112320,2016
SG,Baseline,112510,2856
SG,Baseline,112697,2722
SG,Baseline,112915,2545
AAL,L-DIFT,255,0
AAL,L-DIFT,506,6037
AAL,L-DIFT,691,10932
AAL,L-DIFT,877,16930
AAL,L-DIFT,1063,19617
AAL,L-DIFT,1249,21753
AAL,L-DIFT,1497,25521
AAL,L-DIFT,1684,26447
AAL,L-DIFT,1874,27186
AAL,L-DIFT,2065,27770
AAL,L-DIFT,2253,27770
AAL,L-DIFT,2440,30275
AAL,L-DIFT,2693,30187
AAL,L-DIFT,2883,30156
AAL,L-DIFT,3072,30156
AAL,L-DIFT,3260,32184
AAL,L-DIFT,3449,31743
AAL,L-DIFT,3639,31395
AAL,L-DIFT,3886,31119
AAL,L-DIFT,4075,32923
AAL,L-DIFT,4264,32328
AAL,L-DIFT,4454,31858
AAL,L-DIFT,4642,31488
AAL,L-DIFT,4894,33243
AAL,L-DIFT,5083,32582
AAL,L-DIFT,5271,32062
AAL,L-DIFT,5460,31653
AAL,L-DIFT,5649,33399
AAL,L-DIFT,5836,32720
AAL,L-DIFT,6088,32169
AAL,L-DIFT,6276,31736
AAL,L-DIFT,6465,33440
AAL,L-DIFT,6652,32749
AAL,L-DIFT,6840,32195
AAL,L-DIFT,7090,31759
AAL,L-DIFT,7276,33442
AAL,L-DIFT,7465,32747
AAL,L-DIFT,7653,32191
AAL,L-DIFT,7841,31756
AAL,L-DIFT,8093,33455
AAL,L-DIFT,8283,32751
AAL,L-DIFT,8471,32200
AAL,L-DIFT,8662,31756
AAL,L-DIFT,8850,33456
AAL,L-DIFT,9037,32761
AAL,L-DIFT,9287,32205
AAL,L-DIFT,9474,31767
AAL,L-DIFT,9661,33448
AAL,L-DIFT,9850,32748
AAL,L-DIFT,10037,32200
AAL,L-DIFT,10286,31765
AAL,L-DIFT,10474,33463
AAL,L-DIFT,10662,32764
AAL,L-DIFT,10853,32202
AAL,L-DIFT,11041,31762
AAL,L-DIFT,11293,33461
AAL,L-DIFT,11480,32765
AAL,L-DIFT,11668,32206
AAL,L-DIFT,11856,31767
AAL,L-DIFT,12046,31767
AAL,L-DIFT,12234,33473
AAL,L-DIFT,12487,32211
AAL,L-DIFT,12675,31767
AAL,L-DIFT,12864,31767
AAL,L-DIFT,13052,33465
AAL,L-DIFT,13241,32765
AAL,L-DIFT,13496,31756
AAL,L-DIFT,13686,31756
AAL,L-DIFT,13874,33473
AAL,L-DIFT,14065,32768
AAL,L-DIFT,14253,32208
AAL,L-DIFT,14440,31769
AAL,L-DIFT,14690,33441
AAL,L-DIFT,14879,32740
AAL,L-DIFT,15066,32191
AAL,L-DIFT,15253,31753
AAL,L-DIFT,15443,33454
AAL,L-DIFT,15695,32753
AAL,L-DIFT,15882,32199
AAL,L-DIFT,16070,31764
AAL,L-DIFT,16259,33470
AAL,L-DIFT,16448,32766
AAL,L-DIFT,16640,32212
AAL,L-DIFT,16890,31763
AAL,L-DIFT,17077,33462
AAL,L-DIFT,17267,32756
AAL,L-DIFT,17456,32204
AAL,L-DIFT,17644,31766
AAL,L-DIFT,17895,33480
AAL,L-DIFT,18084,32777
AAL,L-DIFT,18271,32221
AAL,L-DIFT,18460,31777
AAL,L-DIFT,18649,33473
AAL,L-DIFT,18838,32765
AAL,L-DIFT,19089,32211
AAL,L-DIFT,19278,31771
AAL,L-DIFT,19466,33476
AAL,L-DIFT,19654,32771
AAL,L-DIFT,19844,32210
AAL,L-DIFT,20095,31766
AAL,L-DIFT,20282,33447
AAL,L-DIFT,20469,32755
AAL,L-DIFT,20656,32203
AAL,L-DIFT,20845,31763
AAL,L-DIFT,21096,33461
AAL,L-DIFT,21285,32759
AAL,L-DIFT,21474,32203
AAL,L-DIFT,21661,31765
AAL,L-DIFT,21849,31765
AAL,L-DIFT,22040,33480
AAL,L-DIFT,22292,32212
AAL,L-DIFT,22481,31770
AAL,L-DIFT,22670,31770
AAL,L-DIFT,22857,33476
AAL,L-DIFT,23043,32781
AAL,L-DIFT,23294,31781
AAL,L-DIFT,23484,31781
AAL,L-DIFT,23672,33501
AAL,L-DIFT,23862,32794
AAL,L-DIFT,24053,32223
AAL,L-DIFT,24242,31779
AAL,L-DIFT,24492,33474
AAL,L-DIFT,24682,32766
AAL,L-DIFT,24869,32214
AAL,L-DIFT,25058,31772
AAL,L-DIFT,25247,33485
AAL,L-DIFT,25436,32781
AAL,L-DIFT,25689,32216
AAL,L-DIFT,25877,31775
AAL,L-DIFT,26067,33496
AAL,L-DIFT,26255,32790
AAL,L-DIFT,26443,32231
AAL,L-DIFT,26693,31787
AAL,L-DIFT,26882,33489
AAL,L-DIFT,27072,32778
AAL,L-DIFT,27260,32221
AAL,L-DIFT,27448,31779
AAL,L-DIFT,27637,33491
AAL,L-DIFT,27889,32786
AAL,L-DIFT,28078,32219
AAL,L-DIFT,28268,31776
AAL,L-DIFT,28456,33480
AAL,L-DIFT,28645,32777
AAL,L-DIFT,28898,32213
AAL,L-DIFT,29087,31768
AAL,L-DIFT,29274,33457
AAL,L-DIFT,29462,32763
AAL,L-DIFT,29650,32206
AAL,L-DIFT,29839,31766
AAL,L-DIFT,30091,33472
AAL,L-DIFT,30281,32767
AAL,L-DIFT,30472,32202
AAL,L-DIFT,30660,31762
AAL,L-DIFT,30850,31762
AAL,L-DIFT,31037,33477
AAL,L-DIFT,31286,32224
AAL,L-DIFT,31476,31778
AAL,L-DIFT,31665,31778
AAL,L-DIFT,31854,33481
AAL,L-DIFT,32043,32778
AAL,L-DIFT,32293,31776
AAL,L-DIFT,32481,31776
AAL,L-DIFT,32672,33480
AAL,L-DIFT,32859,32777
AAL,L-DIFT,33048,32218
AAL,L-DIFT,33235,31775
AAL,L-DIFT,33485,33446
AAL,L-DIFT,33752,30138
AAL,L-DIFT,33878,30138
AAL,L-DIFT,34068,30117
AAL,L-DIFT,34353,28035
AAL,L-DIFT,34477,28035
AAL,L-DIFT,34725,28435
AAL,L-DIFT,34911,30850
AAL,L-DIFT,35097,30681
AAL,L-DIFT,35283,30549
AAL,L-DIFT,35469,32506
AAL,L-DIFT,35655,31994
AAL,L-DIFT,35841,31593
AAL,L-DIFT,36091,33326
AAL,L-DIFT,36282,32645
AAL,L-DIFT,36473,32105
AAL,L-DIFT,36662,31687
AAL,L-DIFT,36869,33426
AAL,L-DIFT,37056,32727
AAL,L-DIFT,37260,32173
AAL,L-DIFT,37446,31735
AAL,L-DIFT,37694,31386
AAL,L-DIFT,37880,33162
AAL,L-DIFT,38068,32524
AAL,L-DIFT,38255,32014
AAL,L-DIFT,38445,31612
AAL,L-DIFT,38632,31612
AAL,L-DIFT,38884,32667
AAL,L-DIFT,39072,32130
AAL,L-DIFT,39261,31705
AAL,L-DIFT,39449,31705
AAL,L-DIFT,39637,33407
AAL,L-DIFT,39891,32158
AAL,L-DIFT,40080,31729
AAL,L-DIFT,40270,31729
AAL,L-DIFT,40458,33443
AAL,L-DIFT,40645,32751
AAL,L-DIFT,40900,31752
AAL,L-DIFT,41087,31752
AAL,L-DIFT,41277,33461
AAL,L-DIFT,41467,32755
AAL,L-DIFT,41657,32198
AAL,L-DIFT,41859,31761
AAL,L-DIFT,42045,31412
AAL,L-DIFT,42299,33183
AAL,L-DIFT,42488,32534
AAL,L-DIFT,42690,32027
AAL,L-DIFT,42877,31621
AAL,L-DIFT,43066,31302
AAL,L-DIFT,43256,33086
AAL,L-DIFT,43474,32458
AAL,L-DIFT,43702,31956
AAL,L-DIFT,43898,29558
AAL,L-DIFT,44097,29656
AAL,L-DIFT,44292,31765
AAL,L-DIFT,44481,31411
AAL,L-DIFT,44668,31133
AAL,L-DIFT,44856,30908
AAL,L-DIFT,45057,30730
AAL,L-DIFT,45305,30591
AAL,L-DIFT,45492,32577
AAL,L-DIFT,45678,32053
AAL,L-DIFT,45864,31640
AAL,L-DIFT,46054,33380
AAL,L-DIFT,46245,32691
AAL,L-DIFT,46435,32144
AAL,L-DIFT,46686,31718
AAL,L-DIFT,46872,33417
AAL,L-DIFT,47062,32724
AAL,L-DIFT,47252,32168
AAL,L-DIFT,47441,31739
AAL,L-DIFT,47692,33459
AAL,L-DIFT,47880,32760
AAL,L-DIFT,48069,32205
AAL,L-DIFT,48259,31762
AAL,L-DIFT,48448,31762
AAL,L-DIFT,48637,33461
AAL,L-DIFT,48886,32206
AAL,L-DIFT,49076,31763
AAL,L-DIFT,49265,31763
AAL,L-DIFT,49453,33470
AAL,L-DIFT,49642,32769
AAL,L-DIFT,49894,31768
AAL,L-DIFT,50084,31768
AAL,L-DIFT,50274,33490
AAL,L-DIFT,50462,32782
AAL,L-DIFT,50650,32221
AAL,L-DIFT,50838,31780
AAL,L-DIFT,51089,33466
AAL,L-DIFT,51277,32763
AAL,L-DIFT,51468,32204
AAL,L-DIFT,51658,31762
AAL,L-DIFT,51848,33493
AAL,L-DIFT,52036,32791
AAL,L-DIFT,52288,32226
AAL,L-DIFT,52476,31782
AAL,L-DIFT,52663,33476
AAL,L-DIFT,52853,32774
AAL,L-DIFT,53041,32213
AAL,L-DIFT,53294,31771
AAL,L-DIFT,53482,33476
AAL,L-DIFT,53672,32774
AAL,L-DIFT,53861,32210
AAL,L-DIFT,54049,31771
AAL,L-DIFT,54239,33484
AAL,L-DIFT,54496,32777
AAL,L-DIFT,54713,32212
AAL,L-DIFT,54840,31762
AAL,L-DIFT,55091,31411
AAL,L-DIFT,55278,31133
AAL,L-DIFT,55468,32970
AAL,L-DIFT,55657,32365
AAL,L-DIFT,55847,31888
AAL,L-DIFT,56037,31510
AAL,L-DIFT,56288,33260
AAL,L-DIFT,56476,32602
AAL,L-DIFT,56666,32071
AAL,L-DIFT,56856,31658
AAL,L-DIFT,57045,31658
AAL,L-DIFT,57235,33394
AAL,L-DIFT,57487,32156
AAL,L-DIFT,57676,31727
AAL,L-DIFT,57865,31727
AAL,L-DIFT,58056,33458
AAL,L-DIFT,58247,32753
AAL,L-DIFT,58437,32193
AAL,L-DIFT,58690,31753
AAL,L-DIFT,58879,33478
AAL,L-DIFT,59068,32776
AAL,L-DIFT,59259,32211
AAL,L-DIFT,59446,31768
AAL,L-DIFT,59635,33457
AAL,L-DIFT,59889,32745
AAL,L-DIFT,60077,32195
AAL,L-DIFT,60266,31757
AAL,L-DIFT,60455,33465
AAL,L-DIFT,60644,32762
AAL,L-DIFT,60895,32208
AAL,L-DIFT,61085,31763
AAL,L-DIFT,61276,33486
AAL,L-DIFT,61464,32782
AAL,L-DIFT,61655,32214
AAL,L-DIFT,61844,31769
AAL,L-DIFT,62099,33491
AAL,L-DIFT,62287,32786
AAL,L-DIFT,62476,32222
AAL,L-DIFT,62667,31776
AAL,L-DIFT,62857,33497
AAL,L-DIFT,63048,32777
AAL,L-DIFT,63238,32215
AAL,L-DIFT,63489,31775
AAL,L-DIFT,63678,33487
AAL,L-DIFT,63869,32773
AAL,L-DIFT,64061,32203
AAL,L-DIFT,64250,31765
AAL,L-DIFT,64440,31765
AAL,L-DIFT,64691,32787
AAL,L-DIFT,64879,32226
AAL,L-DIFT,65070,31777
AAL,L-DIFT,65260,31777
AAL,L-DIFT,65449,33497
AAL,L-DIFT,65639,32791
AAL,L-DIFT,65890,31781
AAL,L-DIFT,66078,31781
AAL,L-DIFT,66268,33476
AAL,L-DIFT,66460,32764
AAL,L-DIFT,66650,32202
AAL,L-DIFT,66837,31760
AAL,L-DIFT,67038,31413
AAL,L-DIFT,67291,33183
AAL,L-DIFT,67481,32535
AAL,L-DIFT,67671,32020
AAL,L-DIFT,67862,31613
AAL,L-DIFT,68051,33359
AAL,L-DIFT,68240,32674
AAL,L-DIFT,68492,32139
AAL,L-DIFT,68680,31710
AAL,L-DIFT,68869,33419
AAL,L-DIFT,69060,32719
AAL,L-DIFT,69251,32166
AAL,L-DIFT,69438,31736
AAL,L-DIFT,69691,33456
AAL,L-DIFT,69882,32751
AAL,L-DIFT,70070,32195
AAL,L-DIFT,70259,31759
AAL,L-DIFT,70447,33458
AAL,L-DIFT,70635,32756
AAL,L-DIFT,70887,32198
AAL,L-DIFT,71078,31757
AAL,L-DIFT,71267,33473
AAL,L-DIFT,71454,32775
AAL,L-DIFT,71646,32211
AAL,L-DIFT,71895,31769
AAL,L-DIFT,72085,33475
AAL,L-DIFT,72278,32770
AAL,L-DIFT,72464,32209
AAL,L-DIFT,72653,31766
AAL,L-DIFT,72842,31766
AAL,L-DIFT,73095,32774
AAL,L-DIFT,73283,32218
AAL,L-DIFT,73472,31775
AAL,L-DIFT,73660,31775
AAL,L-DIFT,73849,33479
AAL,L-DIFT,74039,32773
AAL,L-DIFT,74299,31761
AAL,L-DIFT,74452,31761
AAL,L-DIFT,74696,31406
AAL,L-DIFT,74842,31129
AAL,L-DIFT,75090,28886
AAL,L-DIFT,75276,31163
AAL,L-DIFT,75462,30933
AAL,L-DIFT,75648,30751
AAL,L-DIFT,75896,32656
AAL,L-DIFT,76083,32119
AAL,L-DIFT,76274,31688
AAL,L-DIFT,76466,31347
AAL,L-DIFT,76654,33148
AAL,L-DIFT,76843,32513
AAL,L-DIFT,77093,32010
AAL,L-DIFT,77284,31606
AAL,L-DIFT,77487,33345
AAL,L-DIFT,77673,32676
AAL,L-DIFT,77859,32143
AAL,L-DIFT,78107,31717
AAL,L-DIFT,78294,31381
AAL,L-DIFT,78485,33209
AAL,L-DIFT,78718,32562
AAL,L-DIFT,78949,32057
AAL,L-DIFT,79075,29482
AAL,L-DIFT,79279,29597
AAL,L-DIFT,79455,29686
AAL,L-DIFT,79643,29757
AAL,L-DIFT,79907,29815
AAL,L-DIFT,80093,29860
AAL,L-DIFT,80279,31959
AAL,L-DIFT,80470,31568
AAL,L-DIFT,80665,31251
AAL,L-DIFT,80889,31005
AAL,L-DIFT,81080,30798
AAL,L-DIFT,81269,30638
AAL,L-DIFT,81455,30638
AAL,L-DIFT,81654,32529
AAL,L-DIFT,81843,32023
AAL,L-DIFT,82093,31296
AAL,L-DIFT,82282,31039
AAL,L-DIFT,82470,31039
AAL,L-DIFT,82659,32877
AAL,L-DIFT,82849,32292
AAL,L-DIFT,83038,31827
AAL,L-DIFT,83291,31463
AAL,L-DIFT,83482,33257
AAL,L-DIFT,83670,32600
AAL,L-DIFT,83861,32074
AAL,L-DIFT,84049,31656
AAL,L-DIFT,84240,33393
AAL,L-DIFT,84492,32705
AAL,L-DIFT,84681,32158
AAL,L-DIFT,84871,31725
AAL,L-DIFT,85060,33439
AAL,L-DIFT,85249,32741
AAL,L-DIFT,85501,32171
AAL,L-DIFT,85707,31744
AAL,L-DIFT,85899,29353
AAL,L-DIFT,86091,31609
AAL,L-DIFT,86281,31287
AAL,L-DIFT,86473,31026
AAL,L-DIFT,86687,30822
AAL,L-DIFT,86839,30659
AAL,L-DIFT,87091,30531
AAL,L-DIFT,87281,30430
AAL,L-DIFT,87494,30347
AAL,L-DIFT,87682,32433
AAL,L-DIFT,87868,31944
AAL,L-DIFT,88061,31535
AAL,L-DIFT,88305,31202
AAL,L-DIFT,88447,31202
AAL,L-DIFT,88635,30956
AAL,L-DIFT,88888,30768
AAL,L-DIFT,89075,32680
AAL,L-DIFT,89264,32138
AAL,L-DIFT,89451,31715
AAL,L-DIFT,89640,31374
AAL,L-DIFT,89890,33161
AAL,L-DIFT,90080,32523
AAL,L-DIFT,90269,32011
AAL,L-DIFT,90459,31608
AAL,L-DIFT,90648,33346
AAL,L-DIFT,90839,32668
AAL,L-DIFT,91154,29667
AAL,L-DIFT,91297,29667
AAL,L-DIFT,91513,27613
AAL,L-DIFT,91675,28117
AAL,L-DIFT,91918,28516
AAL,L-DIFT,92142,26681
AAL,L-DIFT,92317,27386
AAL,L-DIFT,92523,25877
AAL,L-DIFT,92743,24700
AAL,L-DIFT,92870,27908
AAL,L-DIFT,93060,28346
AAL,L-DIFT,93251,28694
AAL,L-DIFT,93456,28970
AAL,L-DIFT,93664,29191
AAL,L-DIFT,93852,29362
AAL,L-DIFT,94041,29362
AAL,L-DIFT,94295,31249
AAL,L-DIFT,94484,31000
AAL,L-DIFT,94672,30804
AAL,L-DIFT,94861,30804
AAL,L-DIFT,95048,32708
AAL,L-DIFT,95239,32163
AAL,L-DIFT,95492,31380
AAL,L-DIFT,95680,31380
AAL,L-DIFT,95871,33166
AAL,L-DIFT,96060,32521
AAL,L-DIFT,96249,32014
AAL,L-DIFT,96438,31612
AAL,L-DIFT,96695,33358
AAL,L-DIFT,96943,26003
AAL,L-DIFT,97144,26862
AAL,L-DIFT,97340,26862
AAL,L-DIFT,97464,29644
AAL,L-DIFT,97650,29724
AAL,L-DIFT,97898,29788
AAL,L-DIFT,98084,31871
AAL,L-DIFT,98270,31496
AAL,L-DIFT,98456,31195
AAL,L-DIFT,98642,30962
AAL,L-DIFT,98893,32843
AAL,L-DIFT,99081,32273
AAL,L-DIFT,99268,31816
AAL,L-DIFT,99455,31457
AAL,L-DIFT,99644,33218
AAL,L-DIFT,99895,32565
AAL,L-DIFT,100085,32049
AAL,L-DIFT,100275,31639
AAL,L-DIFT,100464,33379
AAL,L-DIFT,100654,32694
AAL,L-DIFT,100841,32154
AAL,L-DIFT,101091,31724
AAL,L-DIFT,101280,33430
AAL,L-DIFT,101469,32731
AAL,L-DIFT,101660,32176
AAL,L-DIFT,101852,31735
AAL,L-DIFT,102040,31735
AAL,L-DIFT,102292,32745
AAL,L-DIFT,102480,32192
AAL,L-DIFT,102669,31752
AAL,L-DIFT,102858,31752
AAL,L-DIFT,103096,30713
AAL,L-DIFT,103344,28564
AAL,L-DIFT,103480,28564
AAL,L-DIFT,103665,30918
AAL,L-DIFT,103863,30737
AAL,L-DIFT,104049,30593
AAL,L-DIFT,104297,30480
AAL,L-DIFT,104483,32451
AAL,L-DIFT,104669,31956
AAL,L-DIFT,104857,31562
AAL,L-DIFT,105045,31252
AAL,L-DIFT,105234,33082
AAL,L-DIFT,105488,32457
AAL,L-DIFT,105678,31958
AAL,L-DIFT,105866,31568
AAL,L-DIFT,106057,33323
AAL,L-DIFT,106245,32653
AAL,L-DIFT,106435,32113
AAL,L-DIFT,106690,31690
AAL,L-DIFT,106877,33420
AAL,L-DIFT,107067,32726
AAL,L-DIFT,107253,32182
AAL,L-DIFT,107455,31751
AAL,L-DIFT,107703,31404
AAL,L-DIFT,107889,33202
AAL,L-DIFT,108075,32562
AAL,L-DIFT,108261,32042
AAL,L-DIFT,108447,33675
AAL,L-DIFT,108637,32922
AAL,L-DIFT,108887,32333
AAL,L-DIFT,109076,31867
AAL,L-DIFT,109268,33585
AAL,L-DIFT,109457,32857
AAL,L-DIFT,109648,32276
AAL,L-DIFT,109839,31817
AAL,L-DIFT,110091,33504
AAL,L-DIFT,110278,32800
AAL,L-DIFT,110467,32233
AAL,L-DIFT,110661,31776
AAL,L-DIFT,110850,31776
AAL,L-DIFT,111036,33463
AAL,L-DIFT,111285,32210
AAL,L-DIFT,111477,31764
AAL,L-DIFT,111809,29087
AAL,L-DIFT,111961,24204
AAL,L-DIFT,112215,21153
AAL,L-DIFT,112294,21153
AAL,L-DIFT,112434,23054
AAL,L-DIFT,112689,24464
AAL,L-DIFT,112876,25595
AAL,L-DIFT,113096,26625
AAL,L-DIFT,113299,27549
AAL,L-DIFT,113597,28079
AAL,L-DIFT,113662,28079
AAL,L-DIFT,113926,23044
AAL,L-DIFT,114094,23044
AAL,L-DIFT,114303,24617
AAL,L-DIFT,114479,25885
AAL,L-DIFT,114676,26769
AAL,L-DIFT,114862,27429
AAL,L-DIFT,115050,29990
AAL,L-DIFT,115237,30000
AAL,L-DIFT,115489,30007
AAL,L-DIFT,115678,30013
AAL,L-DIFT,115866,32060
AAL,L-DIFT,116056,31645
AAL,L-DIFT,116245,31307
AAL,L-DIFT,116432,31307
AAL,L-DIFT,116681,32533
AAL,L-DIFT,116870,32021
AAL,L-DIFT,117060,31616
AAL,L-DIFT,117247,31616
AAL,L-DIFT,117434,33327
AAL,L-DIFT,117731,32072
AAL,L-DIFT,117908,29626
AAL,L-DIFT,118120,29718
AAL,L-DIFT,118366,29782
AAL,L-DIFT,118493,29782
AAL,L-DIFT,118679,29834
AAL,L-DIFT,118870,29875
AAL,L-DIFT,119060,29908
AAL,L-DIFT,119247,31966
AAL,L-DIFT,119433,31576
AAL,L-DIFT,119683,31264
AAL,L-DIFT,119874,31012
AAL,L-DIFT,120062,32855
AAL,L-DIFT,120251,32271
AAL,L-DIFT,120439,31818
AAL,L-DIFT,120693,31454
AAL,L-DIFT,120883,33250
AAL,L-DIFT,121071,32601
AAL,L-DIFT,121258,32075
AAL,L-DIFT,121553,31657
AAL,L-DIFT,121634,29109
AAL,L-DIFT,121871,27265
AAL,L-DIFT,122075,27833
AAL,L-DIFT,122262,28273
AAL,L-DIFT,122448,28633
AAL,L-DIFT,122680,28922
AAL,L-DIFT,122867,29159
AAL,L-DIFT,123092,29337
AAL,L-DIFT,123307,29482
AAL,L-DIFT,123499,27534
AAL,L-DIFT,123701,26017
AAL,L-DIFT,123858,22768
AAL,L-DIFT,124256,22194
AAL,L-DIFT,124383,19672
AAL,L-DIFT,124491,17730
AAL,L-DIFT,124630,17730
AAL,L-DIFT,124902,22219
AAL,L-DIFT,125038,22219
AAL,L-DIFT,125264,23829
AAL,L-DIFT,125450,25102
AAL,L-DIFT,125639,26118
AAL,L-DIFT,125920,27560
AAL,L-DIFT,126131,28070
AAL,L-DIFT,126270,28070
AAL,L-DIFT,126488,28467
AAL,L-DIFT,126678,28790
AAL,L-DIFT,126869,29045
AAL,L-DIFT,127058,29248
AAL,L-DIFT,127246,31462
AAL,L-DIFT,127435,31171
AAL,L-DIFT,127689,30937
AAL,L-DIFT,127879,30751
AAL,L-DIFT,128069,32676
AAL,L-DIFT,128256,32140
AAL,L-DIFT,128443,31713
AAL,L-DIFT,128695,31372
AAL,L-DIFT,128883,33142
AAL,L-DIFT,129072,32505
AAL,L-DIFT,129262,31994
AAL,L-DIFT,129450,31596
AAL,L-DIFT,129639,33329
AAL,L-DIFT,129893,32647
AAL,L-DIFT,130083,32112
AAL,L-DIFT,130272,31688
AAL,L-DIFT,130460,33393
AAL,L-DIFT,130649,32705
AAL,L-DIFT,130838,32158
AAL,L-DIFT,131091,31725
AAL,L-DIFT,131281,33456
AAL,L-DIFT,131471,32751
AAL,L-DIFT,131661,32195
AAL,L-DIFT,131851,31752
AAL,L-DIFT,132040,31752
AAL,L-DIFT,132293,32755
AAL,L-DIFT,132482,32200
AAL,L-DIFT,132670,31761
AAL,L-DIFT,132859,31761
AAL,L-DIFT,133049,33468
AAL,L-DIFT,133237,32768
AAL,L-DIFT,133487,31769
AAL,L-DIFT,133676,31769
AAL,L-DIFT,133863,33474
AAL,L-DIFT,134054,32773
AAL,L-DIFT,134245,32209
AAL,L-DIFT,134500,31761
AAL,L-DIFT,134689,33485
AAL,L-DIFT,134876,32781
AAL,L-DIFT,135066,32221
AAL,L-DIFT,135255,31775
AAL,L-DIFT,135446,33488
AAL,L-DIFT,135636,32773
AAL,L-DIFT,135891,32209
AAL,L-DIFT,136079,31763
AAL,L-DIFT,136267,33462
AAL,L-DIFT,136455,32766
AAL,L-DIFT,136641,32179
AAL,L-DIFT,136892,33792
AAL,L-DIFT,137082,33018
AAL,L-DIFT,137273,32401
AAL,L-DIFT,137462,31916
AAL,L-DIFT,137653,33599
AAL,L-DIFT,137840,32876
AAL,L-DIFT,138093,32293
AAL,L-DIFT,138285,31828
AAL,L-DIFT,138472,33513
AAL,L-DIFT,138661,32804
AAL,L-DIFT,138850,32236
AAL,L-DIFT,139038,31790
AAL,L-DIFT,139290,33482
AAL,L-DIFT,139479,32776
AAL,L-DIFT,139668,32211
AAL,L-DIFT,139858,31767
AAL,L-DIFT,140047,31767
AAL,L-DIFT,140252,33465
AAL,L-DIFT,140489,28075
AAL,L-DIFT,140678,28475
AAL,L-DIFT,140866,28475
AAL,L-DIFT,141056,30847
AAL,L-DIFT,141261,30678
AAL,L-DIFT,141445,30540
AAL,L-DIFT,141666,28405
AAL,L-DIFT,141852,26679
AAL,L-DIFT,142100,29406
AAL,L-DIFT,142286,29536
AAL,L-DIFT,142472,29639
AAL,L-DIFT,142659,29719
AAL,L-DIFT,142850,31847
AAL,L-DIFT,143040,31474
AAL,L-DIFT,143291,31179
AAL,L-DIFT,143479,30948
AAL,L-DIFT,143665,32804
AAL,L-DIFT,143852,32242
AAL,L-DIFT,144042,31792
AAL,L-DIFT,144294,31434
AAL,L-DIFT,144482,33200
AAL,L-DIFT,144670,32557
AAL,L-DIFT,144860,32038
AAL,L-DIFT,145048,31631
AAL,L-DIFT,145239,33382
AAL,L-DIFT,145493,32693
AAL,L-DIFT,145684,32143
AAL,L-DIFT,145874,31713
AAL,L-DIFT,146063,33438
AAL,L-DIFT,146252,32740
AAL,L-DIFT,146441,32189
AAL,L-DIFT,146693,31749
AAL,L-DIFT,146882,33451
AAL,L-DIFT,147070,32754
AAL,L-DIFT,147259,32194
AAL,L-DIFT,147448,31756
AAL,L-DIFT,147643,31756
AAL,L-DIFT,147843,33464
AAL,L-DIFT,148207,30132
AAL,L-DIFT,148287,28059
AAL,L-DIFT,148477,28463
AAL,L-DIFT,148663,28463
AAL,L-DIFT,148850,30803
AAL,L-DIFT,149037,30646
AAL,L-DIFT,149301,30423
AAL,L-DIFT,149487,30423
AAL,L-DIFT,149673,32386
AAL,L-DIFT,149859,31909
AAL,L-DIFT,150045,31523
AAL,L-DIFT,150297,31218
AAL,L-DIFT,150486,33046
AAL,L-DIFT,150675,32429
AAL,L-DIFT,150862,31943
AAL,L-DIFT,151052,31554
AAL,L-DIFT,151243,33320
AAL,L-DIFT,151497,32644
AAL,L-DIFT,151686,32106
AAL,L-DIFT,151873,31686
AAL,L-DIFT,152063,33400
AAL,L-DIFT,152253,32707
AAL,L-DIFT,152443,32159
AAL,L-DIFT,152694,31728
AAL,L-DIFT,152883,33442
AAL,L-DIFT,153070,32747
AAL,L-DIFT,153260,32194
AAL,L-DIFT,153449,31751
AAL,L-DIFT,153638,33452
AAL,L-DIFT,153938,32755
AAL,L-DIFT,154032,30132
AAL,L-DIFT,154286,30112
AAL,L-DIFT,154476,30097
AAL,L-DIFT,154662,32097
AAL,L-DIFT,154851,31672
AAL,L-DIFT,155039,31338
AAL,L-DIFT,155257,31073
AAL,L-DIFT,155505,30859
AAL,L-DIFT,155691,32752
FD,L-DIFT,114,0
FD,L-DIFT,319,82
FD,L-DIFT,505,210
FD,L-DIFT,723,291
FD,L-DIFT,910,377
FD,L-DIFT,1127,424
FD,L-DIFT,1316,483
FD,L-DIFT,1503,509
FD,L-DIFT,1721,551
FD,L-DIFT,1912,563
FD,L-DIFT,2101,594
FD,L-DIFT,2322,597
FD,L-DIFT,2510,621
FD,L-DIFT,2728,619
FD,L-DIFT,2916,638
FD,L-DIFT,3106,633
FD,L-DIFT,3325,649
FD,L-DIFT,3513,642
FD,L-DIFT,3700,656
FD,L-DIFT,3920,647
FD,L-DIFT,4106,660
FD,L-DIFT,4326,650
FD,L-DIFT,4513,663
FD,L-DIFT,4700,653
FD,L-DIFT,4919,665
FD,L-DIFT,5107,654
FD,L-DIFT,5326,666
FD,L-DIFT,5517,655
FD,L-DIFT,5704,655
FD,L-DIFT,5923,656
FD,L-DIFT,6111,656
FD,L-DIFT,6329,656
FD,L-DIFT,6519,656
FD,L-DIFT,6705,668
FD,L-DIFT,6926,656
FD,L-DIFT,7115,668
FD,L-DIFT,7302,656
FD,L-DIFT,7520,668
FD,L-DIFT,7708,657
FD,L-DIFT,7927,668
FD,L-DIFT,8115,657
FD,L-DIFT,8302,668
FD,L-DIFT,8519,657
FD,L-DIFT,8708,668
FD,L-DIFT,8926,656
FD,L-DIFT,9114,668
FD,L-DIFT,9302,656
FD,L-DIFT,9521,668
FD,L-DIFT,9707,657
FD,L-DIFT,9926,668
FD,L-DIFT,10113,657
FD,L-DIFT,10300,668
FD,L-DIFT,10519,657
FD,L-DIFT,10706,668
FD,L-DIFT,10925,657
FD,L-DIFT,11114,668
FD,L-DIFT,11301,657
FD,L-DIFT,11522,668
FD,L-DIFT,11709,656
FD,L-DIFT,11929,668
FD,L-DIFT,12116,656
FD,L-DIFT,12304,668
FD,L-DIFT,12523,657
FD,L-DIFT,12712,668
FD,L-DIFT,12930,657
FD,L-DIFT,13119,668
FD,L-DIFT,13307,657
FD,L-DIFT,13525,668
FD,L-DIFT,13717,657
FD,L-DIFT,13904,668
FD,L-DIFT,14124,657
FD,L-DIFT,14313,668
FD,L-DIFT,14502,657
FD,L-DIFT,14722,668
FD,L-DIFT,14912,657
FD,L-DIFT,15100,668
FD,L-DIFT,15319,657
FD,L-DIFT,15509,668
FD,L-DIFT,15727,657
FD,L-DIFT,15914,668
FD,L-DIFT,16101,657
FD,L-DIFT,16319,668
FD,L-DIFT,16506,657
FD,L-DIFT,16729,668
FD,L-DIFT,16915,657
FD,L-DIFT,17101,657
FD,L-DIFT,17319,657
FD,L-DIFT,17507,657
FD,L-DIFT,17727,657
FD,L-DIFT,17913,657
FD,L-DIFT,18101,668
FD,L-DIFT,18319,657
FD,L-DIFT,18506,668
FD,L-DIFT,18724,657
FD,L-DIFT,18912,668
FD,L-DIFT,19128,657
FD,L-DIFT,19315,668
FD,L-DIFT,19502,657
FD,L-DIFT,19721,668
FD,L-DIFT,19909,657
FD,L-DIFT,20130,668
FD,L-DIFT,20317,657
FD,L-DIFT,20503,668
FD,L-DIFT,20724,657
FD,L-DIFT,20912,668
FD,L-DIFT,21102,656
FD,L-DIFT,21322,668
FD,L-DIFT,21508,657
FD,L-DIFT,21724,668
FD,L-DIFT,21909,657
FD,L-DIFT,22129,668
FD,L-DIFT,22317,657
FD,L-DIFT,22504,668
FD,L-DIFT,22722,657
FD,L-DIFT,22911,668
FD,L-DIFT,23128,657
FD,L-DIFT,23317,668
FD,L-DIFT,23504,657
FD,L-DIFT,23725,668
FD,L-DIFT,23912,657
FD,L-DIFT,24102,668
FD,L-DIFT,24322,657
FD,L-DIFT,24510,668
FD,L-DIFT,24730,657
FD,L-DIFT,24917,668
FD,L-DIFT,25107,657
FD,L-DIFT,25325,668
FD,L-DIFT,25512,657
FD,L-DIFT,25731,668
FD,L-DIFT,25920,657
FD,L-DIFT,26107,668
FD,L-DIFT,26326,657
FD,L-DIFT,26514,668
FD,L-DIFT,26701,657
FD,L-DIFT,26918,668
FD,L-DIFT,27107,657
FD,L-DIFT,27325,668
FD,L-DIFT,27512,657
FD,L-DIFT,27730,668
FD,L-DIFT,27918,657
FD,L-DIFT,28107,668
FD,L-DIFT,28327,657
FD,L-DIFT,28511,668
FD,L-DIFT,28700,657
FD,L-DIFT,28918,668
FD,L-DIFT,29105,657
FD,L-DIFT,29326,668
FD,L-DIFT,29514,657
FD,L-DIFT,29701,657
FD,L-DIFT,29920,657
FD,L-DIFT,30108,657
FD,L-DIFT,30328,657
FD,L-DIFT,30516,657
FD,L-DIFT,30703,668
FD,L-DIFT,30920,657
FD,L-DIFT,31105,668
FD,L-DIFT,31323,657
FD,L-DIFT,31510,668
FD,L-DIFT,31733,657
FD,L-DIFT,31922,668
FD,L-DIFT,32110,657
FD,L-DIFT,32329,668
FD,L-DIFT,32502,657
FD,L-DIFT,32722,668
FD,L-DIFT,32911,678
FD,L-DIFT,33098,664
FD,L-DIFT,33317,674
FD,L-DIFT,33506,661
FD,L-DIFT,33727,672
FD,L-DIFT,33915,660
FD,L-DIFT,34102,670
FD,L-DIFT,34323,658
FD,L-DIFT,34511,670
FD,L-DIFT,34730,658
FD,L-DIFT,34919,669
FD,L-DIFT,35108,658
FD,L-DIFT,35327,669
FD,L-DIFT,35515,657
FD,L-DIFT,35703,669
FD,L-DIFT,35923,657
FD,L-DIFT,36110,668
FD,L-DIFT,36328,657
FD,L-DIFT,36517,668
FD,L-DIFT,36706,657
FD,L-DIFT,36926,668
FD,L-DIFT,37115,657
FD,L-DIFT,37304,668
FD,L-DIFT,37526,657
FD,L-DIFT,37714,668
FD,L-DIFT,37900,657
FD,L-DIFT,38119,669
FD,L-DIFT,38307,657
FD,L-DIFT,38524,668
FD,L-DIFT,38713,657
FD,L-DIFT,38900,668
FD,L-DIFT,39121,657
FD,L-DIFT,39311,668
FD,L-DIFT,39531,657
FD,L-DIFT,39717,668
FD,L-DIFT,39908,656
FD,L-DIFT,40127,668
FD,L-DIFT,40315,656
FD,L-DIFT,40504,656
FD,L-DIFT,40725,657
FD,L-DIFT,40913,657
FD,L-DIFT,41103,668
FD,L-DIFT,41321,657
FD,L-DIFT,41508,668
FD,L-DIFT,41726,656
FD,L-DIFT,41912,668
FD,L-DIFT,42101,657
FD,L-DIFT,42320,668
FD,L-DIFT,42508,657
FD,L-DIFT,42728,668
FD,L-DIFT,42914,657
FD,L-DIFT,43102,668
FD,L-DIFT,43319,657
FD,L-DIFT,43506,668
FD,L-DIFT,43726,657
FD,L-DIFT,43914,668
FD,L-DIFT,44099,657
FD,L-DIFT,44318,668
FD,L-DIFT,44508,657
FD,L-DIFT,44730,668
FD,L-DIFT,44918,657
FD,L-DIFT,45107,668
FD,L-DIFT,45329,657
FD,L-DIFT,45516,668
FD,L-DIFT,45702,657
FD,L-DIFT,45923,668
FD,L-DIFT,46112,657
FD,L-DIFT,46299,668
FD,L-DIFT,46518,657
FD,L-DIFT,46706,668
FD,L-DIFT,46927,657
FD,L-DIFT,47115,668
FD,L-DIFT,47302,657
FD,L-DIFT,47521,668
FD,L-DIFT,47708,657
FD,L-DIFT,47927,668
FD,L-DIFT,48116,657
FD,L-DIFT,48305,668
FD,L-DIFT,48523,657
FD,L-DIFT,48710,668
FD,L-DIFT,48931,657
FD,L-DIFT,49119,668
FD,L-DIFT,49308,657
FD,L-DIFT,49527,668
FD,L-DIFT,49715,657
FD,L-DIFT,49903,668
FD,L-DIFT,50122,657
FD,L-DIFT,50309,668
FD,L-DIFT,50532,657
FD,L-DIFT,50720,668
FD,L-DIFT,50908,657
FD,L-DIFT,51127,668
FD,L-DIFT,51318,656
FD,L-DIFT,51506,656
FD,L-DIFT,51728,656
FD,L-DIFT,51917,656
FD,L-DIFT,52103,668
FD,L-DIFT,52321,657
FD,L-DIFT,52509,668
FD,L-DIFT,52729,657
FD,L-DIFT,52919,668
FD,L-DIFT,53107,657
FD,L-DIFT,53327,668
FD,L-DIFT,53518,657
FD,L-DIFT,53709,668
FD,L-DIFT,53928,657
FD,L-DIFT,54116,668
FD,L-DIFT,54304,657
FD,L-DIFT,54523,668
FD,L-DIFT,54709,657
FD,L-DIFT,54929,668
FD,L-DIFT,55118,657
FD,L-DIFT,55306,668
FD,L-DIFT,55524,657
FD,L-DIFT,55709,668
FD,L-DIFT,55928,657
FD,L-DIFT,56117,668
FD,L-DIFT,56305,657
FD,L-DIFT,56523,668
FD,L-DIFT,56709,657
FD,L-DIFT,56929,668
FD,L-DIFT,57118,657
FD,L-DIFT,57305,668
FD,L-DIFT,57523,657
FD,L-DIFT,57712,668
FD,L-DIFT,57930,657
FD,L-DIFT,58117,668
FD,L-DIFT,58304,657
FD,L-DIFT,58524,668
FD,L-DIFT,58712,657
FD,L-DIFT,58898,668
FD,L-DIFT,59117,657
FD,L-DIFT,59307,668
FD,L-DIFT,59527,657
FD,L-DIFT,59717,669
FD,L-DIFT,59907,657
FD,L-DIFT,60126,668
FD,L-DIFT,60316,657
FD,L-DIFT,60505,668
FD,L-DIFT,60726,656
FD,L-DIFT,60915,668
FD,L-DIFT,61102,657
FD,L-DIFT,61323,668
FD,L-DIFT,61512,657
FD,L-DIFT,61730,668
FD,L-DIFT,61916,657
FD,L-DIFT,62105,657
FD,L-DIFT,62324,657
FD,L-DIFT,62512,657
FD,L-DIFT,62731,657
FD,L-DIFT,62917,657
FD,L-DIFT,63106,668
FD,L-DIFT,63324,657
FD,L-DIFT,63510,668
FD,L-DIFT,63728,657
FD,L-DIFT,63916,668
FD,L-DIFT,64105,657
FD,L-DIFT,64326,668
FD,L-DIFT,64514,657
FD,L-DIFT,64731,668
FD,L-DIFT,64918,657
FD,L-DIFT,65111,668
FD,L-DIFT,65329,656
FD,L-DIFT,65518,668
FD,L-DIFT,65706,656
FD,L-DIFT,65926,668
FD,L-DIFT,66114,657
FD,L-DIFT,66331,668
FD,L-DIFT,66520,657
FD,L-DIFT,66708,668
FD,L-DIFT,66931,657
FD,L-DIFT,67117,668
FD,L-DIFT,67301,657
FD,L-DIFT,67522,668
FD,L-DIFT,67711,657
FD,L-DIFT,67930,668
FD,L-DIFT,68118,657
FD,L-DIFT,68307,668
FD,L-DIFT,68525,657
FD,L-DIFT,68715,668
FD,L-DIFT,68902,657
FD,L-DIFT,69117,668
FD,L-DIFT,69303,657
FD,L-DIFT,69525,668
FD,L-DIFT,69713,657
FD,L-DIFT,69933,668
FD,L-DIFT,70121,657
FD,L-DIFT,70309,668
FD,L-DIFT,70526,657
FD,L-DIFT,70715,668
FD,L-DIFT,70903,657
FD,L-DIFT,71119,668
FD,L-DIFT,71306,657
FD,L-DIFT,71523,668
FD,L-DIFT,71712,657
FD,L-DIFT,71900,668
FD,L-DIFT,72119,657
FD,L-DIFT,72308,668
FD,L-DIFT,72526,657
FD,L-DIFT,72713,668
FD,L-DIFT,72899,657
FD,L-DIFT,73119,668
FD,L-DIFT,73307,657
FD,L-DIFT,73526,668
FD,L-DIFT,73711,657
FD,L-DIFT,73900,657
FD,L-DIFT,74117,657
FD,L-DIFT,74305,657
FD,L-DIFT,74522,657
FD,L-DIFT,74711,657
FD,L-DIFT,74932,657
FD,L-DIFT,75123,657
FD,L-DIFT,75307,668
FD,L-DIFT,75526,657
FD,L-DIFT,75713,668
FD,L-DIFT,75931,657
FD,L-DIFT,76118,668
FD,L-DIFT,76306,657
FD,L-DIFT,76523,668
FD,L-DIFT,76711,657
FD,L-DIFT,76900,668
FD,L-DIFT,77121,657
FD,L-DIFT,77307,668
FD,L-DIFT,77525,657
FD,L-DIFT,77712,668
FD,L-DIFT,77929,657
FD,L-DIFT,78118,668
FD,L-DIFT,78306,657
FD,L-DIFT,78523,668
FD,L-DIFT,78710,657
FD,L-DIFT,78928,668
FD,L-DIFT,79115,657
FD,L-DIFT,79303,668
FD,L-DIFT,79522,657
FD,L-DIFT,79708,668
FD,L-DIFT,79926,657
FD,L-DIFT,80113,668
FD,L-DIFT,80330,657
FD,L-DIFT,80518,668
FD,L-DIFT,80706,657
FD,L-DIFT,80925,668
FD,L-DIFT,81113,657
FD,L-DIFT,81330,668
FD,L-DIFT,81520,657
FD,L-DIFT,81708,668
FD,L-DIFT,81927,657
FD,L-DIFT,82115,668
FD,L-DIFT,82302,657
FD,L-DIFT,82523,668
FD,L-DIFT,82714,657
FD,L-DIFT,82901,668
FD,L-DIFT,83122,657
FD,L-DIFT,83311,668
FD,L-DIFT,83531,657
FD,L-DIFT,83719,668
FD,L-DIFT,83906,657
FD,L-DIFT,84124,668
FD,L-DIFT,84313,657
FD,L-DIFT,84502,668
FD,L-DIFT,84724,657
FD,L-DIFT,84911,668
FD,L-DIFT,85101,657
FD,L-DIFT,85320,668
FD,L-DIFT,85511,656
FD,L-DIFT,85732,668
FD,L-DIFT,85922,657
FD,L-DIFT,86110,657
FD,L-DIFT,86330,657
FD,L-DIFT,86518,657
FD,L-DIFT,86706,668
FD,L-DIFT,86926,657
FD,L-DIFT,87115,668
FD,L-DIFT,87303,657
FD,L-DIFT,87522,668
FD,L-DIFT,87708,657
FD,L-DIFT,87927,668
FD,L-DIFT,88114,656
FD,L-DIFT,88300,668
FD,L-DIFT,88521,656
FD,L-DIFT,88709,668
FD,L-DIFT,88930,656
FD,L-DIFT,89119,668
FD,L-DIFT,89305,657
FD,L-DIFT,89524,668
FD,L-DIFT,89711,657
FD,L-DIFT,89929,668
FD,L-DIFT,90116,657
FD,L-DIFT,90303,668
FD,L-DIFT,90523,657
FD,L-DIFT,90711,668
FD,L-DIFT,90931,657
FD,L-DIFT,91119,668
FD,L-DIFT,91307,657
FD,L-DIFT,91523,668
FD,L-DIFT,91711,657
FD,L-DIFT,91901,668
FD,L-DIFT,92121,657
FD,L-DIFT,92312,668
FD,L-DIFT,92531,657
FD,L-DIFT,92719,668
FD,L-DIFT,92908,657
FD,L-DIFT,93128,668
FD,L-DIFT,93317,657
FD,L-DIFT,93508,668
FD,L-DIFT,93732,657
FD,L-DIFT,93919,668
FD,L-DIFT,94106,657
FD,L-DIFT,94325,668
FD,L-DIFT,94514,657
FD,L-DIFT,94702,668
FD,L-DIFT,94923,657
FD,L-DIFT,95111,668
FD,L-DIFT,95332,656
FD,L-DIFT,95521,668
FD,L-DIFT,95710,657
FD,L-DIFT,95929,668
FD,L-DIFT,96117,657
FD,L-DIFT,96306,657
FD,L-DIFT,96523,657
FD,L-DIFT,96713,657
FD,L-DIFT,96902,668
FD,L-DIFT,97122,657
FD,L-DIFT,97308,668
FD,L-DIFT,97526,657
FD,L-DIFT,97716,668
FD,L-DIFT,97904,657
FD,L-DIFT,98121,668
FD,L-DIFT,98310,657
FD,L-DIFT,98528,668
FD,L-DIFT,98714,657
FD,L-DIFT,98901,668
FD,L-DIFT,99121,657
FD,L-DIFT,99309,668
FD,L-DIFT,99528,657
FD,L-DIFT,99720,668
FD,L-DIFT,99911,657
FD,L-DIFT,100130,668
FD,L-DIFT,100317,657
FD,L-DIFT,100504,668
FD,L-DIFT,100723,657
FD,L-DIFT,100909,668
FD,L-DIFT,101126,657
FD,L-DIFT,101315,668
FD,L-DIFT,101501,657
FD,L-DIFT,101719,668
FD,L-DIFT,101907,656
FD,L-DIFT,102124,668
FD,L-DIFT,102312,656
FD,L-DIFT,102501,668
FD,L-DIFT,102719,657
FD,L-DIFT,102908,668
FD,L-DIFT,103129,657
FD,L-DIFT,103318,668
FD,L-DIFT,103505,657
FD,L-DIFT,103722,668
FD,L-DIFT,103912,657
FD,L-DIFT,104132,668
FD,L-DIFT,104319,657
FD,L-DIFT,104510,668
FD,L-DIFT,104730,657
FD,L-DIFT,104918,668
FD,L-DIFT,105104,657
FD,L-DIFT,105323,668
FD,L-DIFT,105513,657
FD,L-DIFT,105702,668
FD,L-DIFT,105922,657
FD,L-DIFT,106110,668
FD,L-DIFT,106330,657
FD,L-DIFT,106518,668
FD,L-DIFT,106705,657
FD,L-DIFT,106927,668
FD,L-DIFT,107116,657
FD,L-DIFT,107304,657
FD,L-DIFT,107524,657
FD,L-DIFT,107713,657
FD,L-DIFT,107903,668
FD,L-DIFT,108119,657
FD,L-DIFT,108305,668
FD,L-DIFT,108523,657
FD,L-DIFT,108711,668
FD,L-DIFT,108928,657
FD,L-DIFT,109116,668
FD,L-DIFT,109304,657
FD,L-DIFT,109522,668
FD,L-DIFT,109711,657
FD,L-DIFT,109928,668
FD,L-DIFT,110116,657
FD,L-DIFT,110309,668
FD,L-DIFT,110530,657
FD,L-DIFT,110719,668
FD,L-DIFT,110907,657
FD,L-DIFT,111129,668
FD,L-DIFT,111318,657
FD,L-DIFT,111506,668
FD,L-DIFT,111726,657
FD,L-DIFT,111916,668
FD,L-DIFT,112103,657
FD,L-DIFT,112324,668
FD,L-DIFT,112512,657
FD,L-DIFT,112729,668
SG,L-DIFT,130,0
SG,L-DIFT,332,330
SG,L-DIFT,523,648
SG,L-DIFT,744,963
SG,L-DIFT,933,1150
SG,L-DIFT,1123,1362
SG,L-DIFT,1315,1467
SG,L-DIFT,1535,1614
SG,L-DIFT,1724,1667
SG,L-DIFT,1913,1772
SG,L-DIFT,2135,1793
SG,L-DIFT,2322,1872
SG,L-DIFT,2545,1872
SG,L-DIFT,2738,1937
SG,L-DIFT,2929,1923
SG,L-DIFT,3121,1923
SG,L-DIFT,3340,1956
SG,L-DIFT,3529,1956
SG,L-DIFT,3717,2002
SG,L-DIFT,3935,1976
SG,L-DIFT,4125,2018
SG,L-DIFT,4312,1988
SG,L-DIFT,4533,2028
SG,L-DIFT,4724,1996
SG,L-DIFT,4916,2035
SG,L-DIFT,5135,2001
SG,L-DIFT,5323,2038
SG,L-DIFT,5541,2004
SG,L-DIFT,5729,2041
SG,L-DIFT,5917,2006
SG,L-DIFT,6138,2043
SG,L-DIFT,6329,2008
SG,L-DIFT,6520,2044
SG,L-DIFT,6743,2009
SG,L-DIFT,6934,2045
SG,L-DIFT,7124,2009
SG,L-DIFT,7312,2045
SG,L-DIFT,7529,2010
SG,L-DIFT,7717,2045
SG,L-DIFT,7934,2010
SG,L-DIFT,8122,2045
SG,L-DIFT,8342,2010
SG,L-DIFT,8528,2045
SG,L-DIFT,8717,2009
SG,L-DIFT,8937,2045
SG,L-DIFT,9127,2010
SG,L-DIFT,9314,2045
SG,L-DIFT,9534,2010
SG,L-DIFT,9724,2046
SG,L-DIFT,9916,2009
SG,L-DIFT,10138,2045
SG,L-DIFT,10329,2010
SG,L-DIFT,10518,2045
SG,L-DIFT,10738,2010
SG,L-DIFT,10927,2045
SG,L-DIFT,11115,2009
SG,L-DIFT,11337,2045
SG,L-DIFT,11527,2010
SG,L-DIFT,11717,2010
SG,L-DIFT,11940,2010
SG,L-DIFT,12128,2010
SG,L-DIFT,12316,2045
SG,L-DIFT,12537,2010
SG,L-DIFT,12728,2045
SG,L-DIFT,12918,2010
SG,L-DIFT,13139,2045
SG,L-DIFT,13328,2010
SG,L-DIFT,13519,2046
SG,L-DIFT,13743,2009
SG,L-DIFT,13933,2046
SG,L-DIFT,14122,2010
SG,L-DIFT,14342,2045
SG,L-DIFT,14531,2010
SG,L-DIFT,14722,2046
SG,L-DIFT,14941,2010
SG,L-DIFT,15128,2046
SG,L-DIFT,15317,2010
SG,L-DIFT,15535,2046
SG,L-DIFT,15724,2010
SG,L-DIFT,15941,2045
SG,L-DIFT,16129,2010
SG,L-DIFT,16319,2046
SG,L-DIFT,16541,2010
SG,L-DIFT,16730,2045
SG,L-DIFT,16918,2010
SG,L-DIFT,17141,2045
SG,L-DIFT,17333,2009
SG,L-DIFT,17524,2045
SG,L-DIFT,17713,2010
SG,L-DIFT,17932,2045
SG,L-DIFT,18121,2010
SG,L-DIFT,18343,2045
SG,L-DIFT,18530,2010
SG,L-DIFT,18719,2045
SG,L-DIFT,18937,2010
SG,L-DIFT,19124,2045
SG,L-DIFT,19314,2010
SG,L-DIFT,19532,2045
SG,L-DIFT,19719,2010
SG,L-DIFT,19938,2045
SG,L-DIFT,20124,2010
SG,L-DIFT,20313,2010
SG,L-DIFT,20531,2010
SG,L-DIFT,20719,2010
SG,L-DIFT,20940,2010
SG,L-DIFT,21132,2010
SG,L-DIFT,21324,2046
SG,L-DIFT,21513,2010
SG,L-DIFT,21734,2046
SG,L-DIFT,21921,2010
SG,L-DIFT,22142,2045
SG,L-DIFT,22331,2009
SG,L-DIFT,22520,2045
SG,L-DIFT,22742,2009
SG,L-DIFT,22931,2045
SG,L-DIFT,23119,2009
SG,L-DIFT,23338,2045
SG,L-DIFT,23526,2010
SG,L-DIFT,23717,2045
SG,L-DIFT,23937,2010
SG,L-DIFT,24124,2045
SG,L-DIFT,24313,2010
SG,L-DIFT,24536,2046
SG,L-DIFT,24728,2010
SG,L-DIFT,24916,2045
SG,L-DIFT,25138,2010
SG,L-DIFT,25329,2046
SG,L-DIFT,25519,2010
SG,L-DIFT,25743,2046
SG,L-DIFT,25934,2009
SG,L-DIFT,26125,2046
SG,L-DIFT,26315,2010
SG,L-DIFT,26538,2046
SG,L-DIFT,26727,2010
SG,L-DIFT,26915,2045
SG,L-DIFT,27140,2010
SG,L-DIFT,27326,2046
SG,L-DIFT,27515,2010
SG,L-DIFT,27738,2046
SG,L-DIFT,27929,2010
SG,L-DIFT,28119,2010
SG,L-DIFT,28342,2010
SG,L-DIFT,28534,2010
SG,L-DIFT,28724,2045
SG,L-DIFT,28912,2009
SG,L-DIFT,29135,2045
SG,L-DIFT,29324,2009
SG,L-DIFT,29517,2045
SG,L-DIFT,29737,2009
SG,L-DIFT,29927,2045
SG,L-DIFT,30114,2009
SG,L-DIFT,30334,2045
SG,L-DIFT,30521,2009
SG,L-DIFT,30741,2045
SG,L-DIFT,30929,2010
SG,L-DIFT,31118,2045
SG,L-DIFT,31339,2010
SG,L-DIFT,31527,2045
SG,L-DIFT,31733,2010
SG,L-DIFT,31924,2045
SG,L-DIFT,32116,2074
SG,L-DIFT,32324,2032
SG,L-DIFT,32513,2063
SG,L-DIFT,32732,2087
SG,L-DIFT,32919,2043
SG,L-DIFT,33140,2072
SG,L-DIFT,33331,2031
SG,L-DIFT,33518,2062
SG,L-DIFT,33738,2023
SG,L-DIFT,33925,2056
SG,L-DIFT,34113,2018
SG,L-DIFT,34331,2052
SG,L-DIFT,34522,2014
SG,L-DIFT,34713,2049
SG,L-DIFT,34931,2013
SG,L-DIFT,35118,2048
SG,L-DIFT,35338,2012
SG,L-DIFT,35529,2047
SG,L-DIFT,35721,2011
SG,L-DIFT,35942,2046
SG,L-DIFT,36129,2011
SG,L-DIFT,36319,2011
SG,L-DIFT,36542,2010
SG,L-DIFT,36731,2010
SG,L-DIFT,36920,2046
SG,L-DIFT,37138,2010
SG,L-DIFT,37326,2045
SG,L-DIFT,37515,2010
SG,L-DIFT,37737,2045
SG,L-DIFT,37926,2010
SG,L-DIFT,38116,2046
SG,L-DIFT,38336,2010
SG,L-DIFT,38523,2045
SG,L-DIFT,38742,2010
SG,L-DIFT,38930,2045
SG,L-DIFT,39120,2009
SG,L-DIFT,39344,2045
SG,L-DIFT,39536,2009
SG,L-DIFT,39725,2045
SG,L-DIFT,39913,2010
SG,L-DIFT,40133,2045
SG,L-DIFT,40321,2010
SG,L-DIFT,40541,2045
SG,L-DIFT,40729,2010
SG,L-DIFT,40919,2045
SG,L-DIFT,41137,2010
SG,L-DIFT,41324,2045
SG,L-DIFT,41511,2010
SG,L-DIFT,41730,2045
SG,L-DIFT,41918,2010
SG,L-DIFT,42136,2045
SG,L-DIFT,42323,2010
SG,L-DIFT,42514,2045
SG,L-DIFT,42735,2010
SG,L-DIFT,42926,2046
SG,L-DIFT,43118,2009
SG,L-DIFT,43341,2046
SG,L-DIFT,43532,2010
SG,L-DIFT,43721,2046
SG,L-DIFT,43940,2010
SG,L-DIFT,44127,2045
SG,L-DIFT,44316,2010
SG,L-DIFT,44536,2045
SG,L-DIFT,44725,2009
SG,L-DIFT,44915,2009
SG,L-DIFT,45135,2010
SG,L-DIFT,45322,2010
SG,L-DIFT,45543,2009
SG,L-DIFT,45731,2009
SG,L-DIFT,45920,2044
SG,L-DIFT,46138,2009
SG,L-DIFT,46328,2045
SG,L-DIFT,46520,2009
SG,L-DIFT,46743,2045
SG,L-DIFT,46934,2009
SG,L-DIFT,47121,2045
SG,L-DIFT,47341,2010
SG,L-DIFT,47530,2045
SG,L-DIFT,47725,2010
SG,L-DIFT,47922,2045
SG,L-DIFT,48114,2009
SG,L-DIFT,48336,1981
SG,L-DIFT,48522,2022
SG,L-DIFT,48741,1991
SG,L-DIFT,48930,2031
SG,L-DIFT,49122,1998
SG,L-DIFT,49342,2036
SG,L-DIFT,49527,2003
SG,L-DIFT,49715,2040
SG,L-DIFT,49936,2005
SG,L-DIFT,50128,2042
SG,L-DIFT,50320,2007
SG,L-DIFT,50542,2044
SG,L-DIFT,50731,2008
SG,L-DIFT,50918,2044
SG,L-DIFT,51137,2009
SG,L-DIFT,51324,2044
SG,L-DIFT,51512,2009
SG,L-DIFT,51735,2045
SG,L-DIFT,51926,2009
SG,L-DIFT,52118,2045
SG,L-DIFT,52340,2010
SG,L-DIFT,52524,2047
SG,L-DIFT,52714,2047
SG,L-DIFT,52935,2033
SG,L-DIFT,53124,2033
SG,L-DIFT,53313,2064
SG,L-DIFT,53535,2025
SG,L-DIFT,53725,2057
SG,L-DIFT,53914,2019
SG,L-DIFT,54138,2053
SG,L-DIFT,54327,2015
SG,L-DIFT,54514,2049
SG,L-DIFT,54734,2013
SG,L-DIFT,54924,2048
SG,L-DIFT,55112,2012
SG,L-DIFT,55336,2047
SG,L-DIFT,55527,2010
SG,L-DIFT,55715,2046
SG,L-DIFT,55936,2011
SG,L-DIFT,56124,2046
SG,L-DIFT,56314,2010
SG,L-DIFT,56533,2046
SG,L-DIFT,56719,2010
SG,L-DIFT,56938,2045
SG,L-DIFT,57126,2009
SG,L-DIFT,57319,2045
SG,L-DIFT,57540,2009
SG,L-DIFT,57729,2045
SG,L-DIFT,57920,2009
SG,L-DIFT,58139,2045
SG,L-DIFT,58327,2010
SG,L-DIFT,58515,2045
SG,L-DIFT,58736,2009
SG,L-DIFT,58925,2045
SG,L-DIFT,59114,2010
SG,L-DIFT,59335,2045
SG,L-DIFT,59523,2010
SG,L-DIFT,59712,2046
SG,L-DIFT,59932,2010
SG,L-DIFT,60124,2046
SG,L-DIFT,60342,2010
SG,L-DIFT,60530,2046
SG,L-DIFT,60718,2010
SG,L-DIFT,60940,2046
SG,L-DIFT,61132,2010
SG,L-DIFT,61322,2010
SG,L-DIFT,61513,2046
SG,L-DIFT,61737,2010
SG,L-DIFT,61926,2046
SG,L-DIFT,62114,2010
SG,L-DIFT,62335,2046
SG,L-DIFT,62523,2010
SG,L-DIFT,62743,2045
SG,L-DIFT,62932,2010
SG,L-DIFT,63120,2045
SG,L-DIFT,63340,2010
SG,L-DIFT,63531,2046
SG,L-DIFT,63721,2009
SG,L-DIFT,63942,2045
SG,L-DIFT,64132,2009
SG,L-DIFT,64319,2045
SG,L-DIFT,64542,2009
SG,L-DIFT,64734,2045
SG,L-DIFT,64924,2010
SG,L-DIFT,65115,2046
SG,L-DIFT,65334,2010
SG,L-DIFT,65524,2045
SG,L-DIFT,65714,2010
SG,L-DIFT,65933,2045
SG,L-DIFT,66123,2009
SG,L-DIFT,66343,2045
SG,L-DIFT,66531,2010
SG,L-DIFT,66720,2045
SG,L-DIFT,66940,2010
SG,L-DIFT,67127,2045
SG,L-DIFT,67315,2010
SG,L-DIFT,67535,2045
SG,L-DIFT,67724,2010
SG,L-DIFT,67913,2045
SG,L-DIFT,68135,2010
SG,L-DIFT,68327,2046
SG,L-DIFT,68519,2009
SG,L-DIFT,68741,2045
SG,L-DIFT,68930,2010
SG,L-DIFT,69118,2010
SG,L-DIFT,69341,2010
SG,L-DIFT,69529,2010
SG,L-DIFT,69719,2045
SG,L-DIFT,69943,2010
SG,L-DIFT,70131,2046
SG,L-DIFT,70320,2010
SG,L-DIFT,70540,2046
SG,L-DIFT,70729,2010
SG,L-DIFT,70919,2046
SG,L-DIFT,71140,2010
SG,L-DIFT,71328,2045
SG,L-DIFT,71516,2010
SG,L-DIFT,71739,2045
SG,L-DIFT,71929,2009
SG,L-DIFT,72121,2046
SG,L-DIFT,72343,2009
SG,L-DIFT,72531,2045
SG,L-DIFT,72721,2010
SG,L-DIFT,72941,2046
SG,L-DIFT,73129,2010
SG,L-DIFT,73317,2045
SG,L-DIFT,73536,2010
SG,L-DIFT,73726,2045
SG,L-DIFT,73914,2010
SG,L-DIFT,74134,2045
SG,L-DIFT,74326,2010
SG,L-DIFT,74516,2045
SG,L-DIFT,74736,2010
SG,L-DIFT,74924,2045
SG,L-DIFT,75114,2010
SG,L-DIFT,75334,2045
SG,L-DIFT,75521,2010
SG,L-DIFT,75746,2046
SG,L-DIFT,75935,2010
SG,L-DIFT,76124,2046
SG,L-DIFT,76314,2010
SG,L-DIFT,76533,2046
SG,L-DIFT,76722,2010
SG,L-DIFT,76941,2045
SG,L-DIFT,77130,2010
SG,L-DIFT,77320,2010
SG,L-DIFT,77539,2010
SG,L-DIFT,77725,2010
SG,L-DIFT,77914,2045
SG,L-DIFT,78132,2010
SG,L-DIFT,78322,2045
SG,L-DIFT,78539,2010
SG,L-DIFT,78725,2045
SG,L-DIFT,78912,2010
SG,L-DIFT,79117,1982
SG,L-DIFT,79341,2024
SG,L-DIFT,79530,1993
SG,L-DIFT,79719,2032
SG,L-DIFT,79939,1999
SG,L-DIFT,80131,2037
SG,L-DIFT,80321,2003
SG,L-DIFT,80544,2040
SG,L-DIFT,80734,2005
SG,L-DIFT,80923,2042
SG,L-DIFT,81141,2007
SG,L-DIFT,81330,2043
SG,L-DIFT,81519,2008
SG,L-DIFT,81739,2044
SG,L-DIFT,81928,2008
SG,L-DIFT,82117,2044
SG,L-DIFT,82336,2009
SG,L-DIFT,82526,2045
SG,L-DIFT,82718,2009
SG,L-DIFT,82941,2045
SG,L-DIFT,83133,2009
SG,L-DIFT,83323,2045
SG,L-DIFT,83543,2009
SG,L-DIFT,83732,2045
SG,L-DIFT,83920,2010
SG,L-DIFT,84140,2045
SG,L-DIFT,84330,2009
SG,L-DIFT,84519,2045
SG,L-DIFT,84740,2009
SG,L-DIFT,84927,2044
SG,L-DIFT,85117,2009
SG,L-DIFT,85339,2045
SG,L-DIFT,85526,2010
SG,L-DIFT,85714,2010
SG,L-DIFT,85933,2010
SG,L-DIFT,86122,2010
SG,L-DIFT,86313,2045
SG,L-DIFT,86535,2009
SG,L-DIFT,86728,2045
SG,L-DIFT,86921,2009
SG,L-DIFT,87139,2045
SG,L-DIFT,87326,2010
SG,L-DIFT,87515,2045
SG,L-DIFT,87733,2010
SG,L-DIFT,87923,2045
SG,L-DIFT,88113,2009
SG,L-DIFT,88336,2045
SG,L-DIFT,88525,2009
SG,L-DIFT,88715,2044
SG,L-DIFT,88936,2009
SG,L-DIFT,89140,2045
SG,L-DIFT,89332,2009
SG,L-DIFT,89526,1981
SG,L-DIFT,89714,2023
SG,L-DIFT,89939,1991
SG,L-DIFT,90129,2031
SG,L-DIFT,90319,1998
SG,L-DIFT,90543,2037
SG,L-DIFT,90732,2003
SG,L-DIFT,90919,2039
SG,L-DIFT,91140,2005
SG,L-DIFT,91331,2041
SG,L-DIFT,91513,2007
SG,L-DIFT,91732,2043
SG,L-DIFT,91922,2008
SG,L-DIFT,92144,2044
SG,L-DIFT,92331,2009
SG,L-DIFT,92521,2045
SG,L-DIFT,92713,2009
SG,L-DIFT,92935,2045
SG,L-DIFT,93128,2009
SG,L-DIFT,93318,2009
SG,L-DIFT,93542,2009
SG,L-DIFT,93729,2009
SG,L-DIFT,93918,2045
SG,L-DIFT,94141,2009
SG,L-DIFT,94331,2045
SG,L-DIFT,94523,2010
SG,L-DIFT,94744,2045
SG,L-DIFT,94933,2009
SG,L-DIFT,95120,2045
SG,L-DIFT,95342,2009
SG,L-DIFT,95532,2045
SG,L-DIFT,95723,2009
SG,L-DIFT,95914,2045
SG,L-DIFT,96133,2009
SG,L-DIFT,96323,2045
SG,L-DIFT,96542,2009
SG,L-DIFT,96727,2045
SG,L-DIFT,96915,2010
SG,L-DIFT,97132,2045
SG,L-DIFT,97322,2010
SG,L-DIFT,97514,2046
SG,L-DIFT,97737,2010
SG,L-DIFT,97930,2046
SG,L-DIFT,98116,2010
SG,L-DIFT,98332,2045
SG,L-DIFT,98520,2010
SG,L-DIFT,98740,2045
SG,L-DIFT,98928,2010
SG,L-DIFT,99115,2045
SG,L-DIFT,99335,2010
SG,L-DIFT,99527,2046
SG,L-DIFT,99721,2010
SG,L-DIFT,99936,2046
SG,L-DIFT,100124,2010
SG,L-DIFT,100311,2045
SG,L-DIFT,100530,2010
SG,L-DIFT,100717,2046
SG,L-DIFT,100937,2010
SG,L-DIFT,101128,2046
SG,L-DIFT,101319,2010
SG,L-DIFT,101541,2046
SG,L-DIFT,101729,2010
SG,L-DIFT,101917,2010
SG,L-DIFT,102138,2010
SG,L-DIFT,102325,2010
SG,L-DIFT,102514,2045
SG,L-DIFT,102733,2010
SG,L-DIFT,102922,2046
SG,L-DIFT,103141,2010
SG,L-DIFT,103332,2045
SG,L-DIFT,103522,2009
SG,L-DIFT,103742,2045
SG,L-DIFT,103930,2010
SG,L-DIFT,104119,2045
SG,L-DIFT,104340,2009
SG,L-DIFT,104528,2045
SG,L-DIFT,104719,2009
SG,L-DIFT,104943,2046
SG,L-DIFT,105135,2009
SG,L-DIFT,105324,2046
SG,L-DIFT,105513,2010
SG,L-DIFT,105733,2045
SG,L-DIFT,105920,2010
SG,L-DIFT,106140,2045
SG,L-DIFT,106329,2009
SG,L-DIFT,106517,2045
SG,L-DIFT,106737,2009
SG,L-DIFT,106926,2045
SG,L-DIFT,107113,2009
SG,L-DIFT,107334,2045
SG,L-DIFT,107522,2010
SG,L-DIFT,107741,2045
SG,L-DIFT,107928,2010
SG,L-DIFT,108118,2045
SG,L-DIFT,108340,2009
SG,L-DIFT,108531,2045
SG,L-DIFT,108722,2009
SG,L-DIFT,108912,2045
SG,L-DIFT,109131,2010
SG,L-DIFT,109320,2045
SG,L-DIFT,109541,2009
SG,L-DIFT,109729,2045
SG,L-DIFT,109919,2009
SG,L-DIFT,110138,2045
SG,L-DIFT,110324,2010
SG,L-DIFT,110512,2010
SG,L-DIFT,110731,2010
SG,L-DIFT,110920,2010
SG,L-DIFT,111140,2010
SG,L-DIFT,111326,2010
SG,L-DIFT,111514,2046
SG,L-DIFT,111733,2010
SG,L-DIFT,111923,2045
SG,L-DIFT,112114,2010
SG,L-DIFT,112336,2046
SG,L-DIFT,112528,2010
SG,L-DIFT,112716,2046
SG,L-DIFT,112936,2010
SG,L-DIFT,113126,2045
SG,L-DIFT,113317,2009
SG,L-DIFT,113524,2045
AAL,Requalizer,232,0
AAL,Requalizer,456,8009
AAL,Requalizer,643,12502
AAL,Requalizer,833,16079
AAL,Requalizer,1024,16079
AAL,Requalizer,1211,21065
AAL,Requalizer,1465,24359
AAL,Requalizer,1652,25517
AAL,Requalizer,1842,25517
AAL,Requalizer,2029,28495
AAL,Requalizer,2219,28807
AAL,Requalizer,2472,29260
AAL,Requalizer,2661,29260
AAL,Requalizer,2850,31482
AAL,Requalizer,3037,31187
AAL,Requalizer,3228,30952
AAL,Requalizer,3415,30765
AAL,Requalizer,3670,32677
AAL,Requalizer,3857,32133
AAL,Requalizer,4043,31709
AAL,Requalizer,4230,31370
AAL,Requalizer,4420,33131
AAL,Requalizer,4608,32500
AAL,Requalizer,4859,31992
AAL,Requalizer,5046,31595
AAL,Requalizer,5235,33319
AAL,Requalizer,5425,32646
AAL,Requalizer,5614,32111
AAL,Requalizer,5864,31692
AAL,Requalizer,6053,33396
AAL,Requalizer,6243,32701
AAL,Requalizer,6432,32157
AAL,Requalizer,6623,31716
AAL,Requalizer,6811,33399
AAL,Requalizer,7062,32713
AAL,Requalizer,7250,32169
AAL,Requalizer,7437,31732
AAL,Requalizer,7624,33403
AAL,Requalizer,7810,32723
AAL,Requalizer,8059,32177
AAL,Requalizer,8246,31743
AAL,Requalizer,8435,33428
AAL,Requalizer,8622,32740
AAL,Requalizer,8810,32188
AAL,Requalizer,9060,31751
AAL,Requalizer,9244,33410
AAL,Requalizer,9432,32725
AAL,Requalizer,9621,32177
AAL,Requalizer,9808,31742
AAL,Requalizer,10059,33445
AAL,Requalizer,10246,32753
AAL,Requalizer,10433,32201
AAL,Requalizer,10621,31761
AAL,Requalizer,10871,33435
AAL,Requalizer,11057,32745
AAL,Requalizer,11247,32192
AAL,Requalizer,11434,31750
AAL,Requalizer,11622,31750
AAL,Requalizer,11807,33426
AAL,Requalizer,12058,32192
AAL,Requalizer,12247,31752
AAL,Requalizer,12433,31752
AAL,Requalizer,12621,33436
AAL,Requalizer,12808,32746
AAL,Requalizer,13062,31748
AAL,Requalizer,13251,31748
AAL,Requalizer,13439,33441
AAL,Requalizer,13628,32747
AAL,Requalizer,13818,32191
AAL,Requalizer,14072,31747
AAL,Requalizer,14262,33465
AAL,Requalizer,14449,32769
AAL,Requalizer,14635,32214
AAL,Requalizer,14823,31770
AAL,Requalizer,15011,33450
AAL,Requalizer,15258,32760
AAL,Requalizer,15446,32210
AAL,Requalizer,15635,31766
AAL,Requalizer,15822,33447
AAL,Requalizer,16012,32751
AAL,Requalizer,16262,32195
AAL,Requalizer,16450,31754
AAL,Requalizer,16640,33446
AAL,Requalizer,16830,32743
AAL,Requalizer,17018,32188
AAL,Requalizer,17270,31749
AAL,Requalizer,17459,33442
AAL,Requalizer,17647,32744
AAL,Requalizer,17834,32194
AAL,Requalizer,18022,31758
AAL,Requalizer,18209,33449
AAL,Requalizer,18460,32756
AAL,Requalizer,18648,32198
AAL,Requalizer,18836,31759
AAL,Requalizer,19024,33450
AAL,Requalizer,19213,32754
AAL,Requalizer,19465,32199
AAL,Requalizer,19653,31756
AAL,Requalizer,19841,33439
AAL,Requalizer,20032,32731
AAL,Requalizer,20223,32176
AAL,Requalizer,20412,31737
AAL,Requalizer,20665,33441
AAL,Requalizer,20856,32736
AAL,Requalizer,21047,32177
AAL,Requalizer,21237,31736
AAL,Requalizer,21427,31736
AAL,Requalizer,21615,33440
AAL,Requalizer,21863,32203
AAL,Requalizer,22052,31755
AAL,Requalizer,22241,31755
AAL,Requalizer,22431,33455
AAL,Requalizer,22619,32757
AAL,Requalizer,22869,31760
AAL,Requalizer,23057,31760
AAL,Requalizer,23246,33426
AAL,Requalizer,23433,32724
AAL,Requalizer,23623,32181
AAL,Requalizer,23812,31743
AAL,Requalizer,24062,33446
AAL,Requalizer,24249,32750
AAL,Requalizer,24438,32193
AAL,Requalizer,24627,31758
AAL,Requalizer,24814,33457
AAL,Requalizer,25068,32759
AAL,Requalizer,25256,32201
AAL,Requalizer,25444,31759
AAL,Requalizer,25632,33450
AAL,Requalizer,25819,32757
AAL,Requalizer,26071,32199
AAL,Requalizer,26258,31762
AAL,Requalizer,26447,33452
AAL,Requalizer,26635,32755
AAL,Requalizer,26821,32203
AAL,Requalizer,27009,31763
AAL,Requalizer,27260,33453
AAL,Requalizer,27451,32752
AAL,Requalizer,27640,32193
AAL,Requalizer,27827,31757
AAL,Requalizer,28015,33457
AAL,Requalizer,28266,32762
AAL,Requalizer,28454,32203
AAL,Requalizer,28642,31761
AAL,Requalizer,28829,33435
AAL,Requalizer,29016,32748
AAL,Requalizer,29269,32192
AAL,Requalizer,29458,31746
AAL,Requalizer,29647,33431
AAL,Requalizer,29834,32742
AAL,Requalizer,30021,32190
AAL,Requalizer,30210,31748
AAL,Requalizer,30463,33449
AAL,Requalizer,30651,32753
AAL,Requalizer,30839,32199
AAL,Requalizer,31028,31757
AAL,Requalizer,31215,31757
AAL,Requalizer,31466,32746
AAL,Requalizer,31654,32193
AAL,Requalizer,31844,31751
AAL,Requalizer,32031,31751
AAL,Requalizer,32222,33435
AAL,Requalizer,32409,32738
AAL,Requalizer,32660,31750
AAL,Requalizer,32848,31750
AAL,Requalizer,33039,33451
AAL,Requalizer,33227,32744
AAL,Requalizer,33417,32194
AAL,Requalizer,33669,31752
AAL,Requalizer,33857,33452
AAL,Requalizer,34044,32755
AAL,Requalizer,34233,32203
AAL,Requalizer,34425,31757
AAL,Requalizer,34616,33473
AAL,Requalizer,34870,32761
AAL,Requalizer,35059,32203
AAL,Requalizer,35248,31756
AAL,Requalizer,35438,33456
AAL,Requalizer,35625,32755
AAL,Requalizer,35814,32200
AAL,Requalizer,36067,31754
AAL,Requalizer,36256,33446
AAL,Requalizer,36444,32747
AAL,Requalizer,36632,32196
AAL,Requalizer,36819,31760
AAL,Requalizer,37068,33442
AAL,Requalizer,37256,32747
AAL,Requalizer,37445,32191
AAL,Requalizer,37632,31754
AAL,Requalizer,37824,33454
AAL,Requalizer,38015,32746
AAL,Requalizer,38267,32191
AAL,Requalizer,38456,31749
AAL,Requalizer,38644,33433
AAL,Requalizer,38834,32733
AAL,Requalizer,39023,32180
AAL,Requalizer,39213,31739
AAL,Requalizer,39463,33425
AAL,Requalizer,39653,32730
AAL,Requalizer,39839,32183
AAL,Requalizer,40030,31743
AAL,Requalizer,40216,31743
AAL,Requalizer,40470,32730
AAL,Requalizer,40656,32183
AAL,Requalizer,40845,31745
AAL,Requalizer,41034,31745
AAL,Requalizer,41224,33447
AAL,Requalizer,41413,32744
AAL,Requalizer,41668,31743
AAL,Requalizer,41857,31743
AAL,Requalizer,42047,33445
AAL,Requalizer,42238,32743
AAL,Requalizer,42424,32191
AAL,Requalizer,42613,31749
AAL,Requalizer,42865,33434
AAL,Requalizer,43056,32734
AAL,Requalizer,43245,32178
AAL,Requalizer,43435,31739
AAL,Requalizer,43622,33434
AAL,Requalizer,43810,32740
AAL,Requalizer,44062,32189
AAL,Requalizer,44250,31749
AAL,Requalizer,44439,33442
AAL,Requalizer,44630,32737
AAL,Requalizer,44818,32183
AAL,Requalizer,45072,31743
AAL,Requalizer,45261,33462
AAL,Requalizer,45450,32763
AAL,Requalizer,45639,32207
AAL,Requalizer,45825,31766
AAL,Requalizer,46012,33430
AAL,Requalizer,46217,32734
AAL,Requalizer,46452,32184
AAL,Requalizer,46641,31746
AAL,Requalizer,46828,33439
AAL,Requalizer,47018,32741
AAL,Requalizer,47269,32189
AAL,Requalizer,47460,31746
AAL,Requalizer,47646,33431
AAL,Requalizer,47833,32742
AAL,Requalizer,48024,32184
AAL,Requalizer,48215,31742
AAL,Requalizer,48465,33436
AAL,Requalizer,48655,32735
AAL,Requalizer,48842,32187
AAL,Requalizer,49030,31751
AAL,Requalizer,49220,31751
AAL,Requalizer,49472,32748
AAL,Requalizer,49660,32194
AAL,Requalizer,49849,31756
AAL,Requalizer,50035,31756
AAL,Requalizer,50225,33439
AAL,Requalizer,50414,32735
AAL,Requalizer,50663,31757
AAL,Requalizer,50849,31757
AAL,Requalizer,51037,33448
AAL,Requalizer,51225,32752
AAL,Requalizer,51415,32195
AAL,Requalizer,51663,31757
AAL,Requalizer,51852,33431
AAL,Requalizer,52040,32742
AAL,Requalizer,52230,32187
AAL,Requalizer,52421,31744
AAL,Requalizer,52609,33454
AAL,Requalizer,52859,32764
AAL,Requalizer,53048,32207
AAL,Requalizer,53234,31764
AAL,Requalizer,53422,33446
AAL,Requalizer,53610,32753
AAL,Requalizer,53863,32194
AAL,Requalizer,54051,31753
AAL,Requalizer,54238,33429
AAL,Requalizer,54428,32733
AAL,Requalizer,54617,32177
AAL,Requalizer,54868,31740
AAL,Requalizer,55056,33427
AAL,Requalizer,55244,32735
AAL,Requalizer,55433,32182
AAL,Requalizer,55622,31739
AAL,Requalizer,55810,33426
AAL,Requalizer,56062,32731
AAL,Requalizer,56254,32173
AAL,Requalizer,56442,31737
AAL,Requalizer,56633,33449
AAL,Requalizer,56822,32749
AAL,Requalizer,57010,32196
AAL,Requalizer,57261,31755
AAL,Requalizer,57447,33430
AAL,Requalizer,57637,32731
AAL,Requalizer,57823,32189
AAL,Requalizer,58013,31745
AAL,Requalizer,58264,33439
AAL,Requalizer,58451,32752
AAL,Requalizer,58641,32192
AAL,Requalizer,58829,31750
AAL,Requalizer,59020,31750
AAL,Requalizer,59273,32757
AAL,Requalizer,59460,32202
AAL,Requalizer,59650,31760
AAL,Requalizer,59837,31760
AAL,Requalizer,60023,33442
AAL,Requalizer,60212,32754
AAL,Requalizer,60464,31754
AAL,Requalizer,60652,31754
AAL,Requalizer,60839,33437
AAL,Requalizer,61028,32750
AAL,Requalizer,61218,32188
AAL,Requalizer,61468,31747
AAL,Requalizer,61655,33424
AAL,Requalizer,61842,32736
AAL,Requalizer,62029,32188
AAL,Requalizer,62217,31753
AAL,Requalizer,62467,33437
AAL,Requalizer,62654,32743
AAL,Requalizer,62841,32193
AAL,Requalizer,63030,31757
AAL,Requalizer,63218,33449
AAL,Requalizer,63466,32759
AAL,Requalizer,63652,32206
AAL,Requalizer,63842,31766
AAL,Requalizer,64031,33463
AAL,Requalizer,64221,32757
AAL,Requalizer,64470,32205
AAL,Requalizer,64658,31764
AAL,Requalizer,64846,33454
AAL,Requalizer,65035,32760
AAL,Requalizer,65223,32204
AAL,Requalizer,65411,31760
AAL,Requalizer,65662,33450
AAL,Requalizer,65849,32754
AAL,Requalizer,66036,32207
AAL,Requalizer,66224,31767
AAL,Requalizer,66411,33448
AAL,Requalizer,66661,32751
AAL,Requalizer,66849,32200
AAL,Requalizer,67036,31761
AAL,Requalizer,67223,33443
AAL,Requalizer,67411,32751
AAL,Requalizer,67662,32197
AAL,Requalizer,67849,31761
AAL,Requalizer,68037,33451
AAL,Requalizer,68224,32758
AAL,Requalizer,68410,32208
AAL,Requalizer,68659,31767
AAL,Requalizer,68848,33448
AAL,Requalizer,69036,32752
AAL,Requalizer,69224,32198
AAL,Requalizer,69411,31761
AAL,Requalizer,69662,33451
AAL,Requalizer,69848,32761
AAL,Requalizer,70036,32205
AAL,Requalizer,70226,31760
AAL,Requalizer,70414,31760
AAL,Requalizer,70664,32758
AAL,Requalizer,70852,32202
AAL,Requalizer,71039,31762
AAL,Requalizer,71226,31762
AAL,Requalizer,71415,33444
AAL,Requalizer,71666,32195
AAL,Requalizer,71854,31755
AAL,Requalizer,72041,31755
AAL,Requalizer,72228,33430
AAL,Requalizer,72413,32744
AAL,Requalizer,72663,31758
AAL,Requalizer,72853,31758
AAL,Requalizer,73041,33458
AAL,Requalizer,73229,32763
AAL,Requalizer,73418,32204
AAL,Requalizer,73671,31759
AAL,Requalizer,73860,33458
AAL,Requalizer,74048,32757
AAL,Requalizer,74237,32202
AAL,Requalizer,74424,31764
AAL,Requalizer,74611,33454
AAL,Requalizer,74860,32760
AAL,Requalizer,75048,32210
AAL,Requalizer,75237,31762
AAL,Requalizer,75427,33452
AAL,Requalizer,75617,32748
AAL,Requalizer,75866,32195
AAL,Requalizer,76054,31759
AAL,Requalizer,76244,33458
AAL,Requalizer,76432,32763
AAL,Requalizer,76619,32207
AAL,Requalizer,76868,31766
AAL,Requalizer,77058,33455
AAL,Requalizer,77245,32758
AAL,Requalizer,77435,32202
AAL,Requalizer,77622,31758
AAL,Requalizer,77812,33449
AAL,Requalizer,78062,32756
AAL,Requalizer,78249,32198
AAL,Requalizer,78437,31764
AAL,Requalizer,78625,33454
AAL,Requalizer,78813,32756
AAL,Requalizer,79063,32204
AAL,Requalizer,79250,31764
AAL,Requalizer,79438,33454
AAL,Requalizer,79625,32760
AAL,Requalizer,79814,32204
AAL,Requalizer,80065,31759
AAL,Requalizer,80252,33434
AAL,Requalizer,80441,32737
AAL,Requalizer,80628,32191
AAL,Requalizer,80818,31749
AAL,Requalizer,81068,33434
AAL,Requalizer,81255,32744
AAL,Requalizer,81443,32194
AAL,Requalizer,81632,31750
AAL,Requalizer,81819,31750
AAL,Requalizer,82072,32737
AAL,Requalizer,82260,32186
AAL,Requalizer,82448,31750
AAL,Requalizer,82636,31750
AAL,Requalizer,82823,33442
AAL,Requalizer,83012,32751
AAL,Requalizer,83263,31754
AAL,Requalizer,83452,31754
AAL,Requalizer,83638,33437
AAL,Requalizer,83825,32750
AAL,Requalizer,84015,32196
AAL,Requalizer,84266,31751
AAL,Requalizer,84455,33444
AAL,Requalizer,84643,32748
AAL,Requalizer,84832,32192
AAL,Requalizer,85021,31752
AAL,Requalizer,85270,33428
AAL,Requalizer,85457,32736
AAL,Requalizer,85644,32193
AAL,Requalizer,85833,31751
AAL,Requalizer,86021,33435
AAL,Requalizer,86209,32738
AAL,Requalizer,86460,32187
AAL,Requalizer,86649,31750
AAL,Requalizer,86837,33451
AAL,Requalizer,87025,32754
AAL,Requalizer,87214,32202
AAL,Requalizer,87468,31754
AAL,Requalizer,87657,33462
AAL,Requalizer,87844,32767
AAL,Requalizer,88034,32210
AAL,Requalizer,88220,31768
AAL,Requalizer,88472,33457
AAL,Requalizer,88660,32759
AAL,Requalizer,88848,32204
AAL,Requalizer,89036,31761
AAL,Requalizer,89224,33443
AAL,Requalizer,89412,32748
AAL,Requalizer,89663,32192
AAL,Requalizer,89851,31756
AAL,Requalizer,90038,33440
AAL,Requalizer,90225,32749
AAL,Requalizer,90415,32190
AAL,Requalizer,90663,31757
AAL,Requalizer,90850,33431
AAL,Requalizer,91037,32742
AAL,Requalizer,91225,32190
AAL,Requalizer,91413,31753
AAL,Requalizer,91664,33453
AAL,Requalizer,91851,32759
AAL,Requalizer,92039,32209
AAL,Requalizer,92227,31766
AAL,Requalizer,92415,31766
AAL,Requalizer,92669,32757
AAL,Requalizer,92857,32202
AAL,Requalizer,93047,31758
AAL,Requalizer,93233,31758
AAL,Requalizer,93422,33424
AAL,Requalizer,93612,32726
AAL,Requalizer,93864,31732
AAL,Requalizer,94053,31732
AAL,Requalizer,94242,33428
AAL,Requalizer,94431,32739
AAL,Requalizer,94619,32185
AAL,Requalizer,94870,31744
AAL,Requalizer,95057,33430
AAL,Requalizer,95244,32744
AAL,Requalizer,95432,32194
AAL,Requalizer,95622,31752
AAL,Requalizer,95811,33452
AAL,Requalizer,96061,32752
AAL,Requalizer,96250,32198
AAL,Requalizer,96440,31755
AAL,Requalizer,96630,33455
AAL,Requalizer,96818,32754
AAL,Requalizer,97070,32196
AAL,Requalizer,97257,31756
AAL,Requalizer,97446,33431
AAL,Requalizer,97632,32741
AAL,Requalizer,97816,32197
AAL,Requalizer,98067,31761
AAL,Requalizer,98254,33443
AAL,Requalizer,98443,32748
AAL,Requalizer,98633,32192
AAL,Requalizer,98821,31750
AAL,Requalizer,99008,33434
AAL,Requalizer,99262,32734
AAL,Requalizer,99450,32181
AAL,Requalizer,99637,31745
AAL,Requalizer,99825,33431
AAL,Requalizer,100011,32748
AAL,Requalizer,100261,32195
AAL,Requalizer,100450,31757
AAL,Requalizer,100637,33456
AAL,Requalizer,100825,32765
AAL,Requalizer,101014,32206
AAL,Requalizer,101265,31763
AAL,Requalizer,101454,33453
AAL,Requalizer,101641,32759
AAL,Requalizer,101830,32201
AAL,Requalizer,102019,31759
AAL,Requalizer,102271,33458
AAL,Requalizer,102459,32760
AAL,Requalizer,102648,32201
AAL,Requalizer,102836,31762
AAL,Requalizer,103022,31762
AAL,Requalizer,103209,33427
AAL,Requalizer,103461,32182
AAL,Requalizer,103647,31748
AAL,Requalizer,103837,31748
AAL,Requalizer,104027,33466
AAL,Requalizer,104215,32766
AAL,Requalizer,104465,31770
AAL,Requalizer,104652,31770
AAL,Requalizer,104841,33442
AAL,Requalizer,105030,32740
AAL,Requalizer,105217,32189
AAL,Requalizer,105467,31754
AAL,Requalizer,105657,33446
AAL,Requalizer,105846,32743
AAL,Requalizer,106034,32188
AAL,Requalizer,106222,31751
AAL,Requalizer,106472,33427
AAL,Requalizer,106660,32732
AAL,Requalizer,106849,32182
AAL,Requalizer,107036,31744
AAL,Requalizer,107226,33438
AAL,Requalizer,107417,32737
AAL,Requalizer,107668,32183
AAL,Requalizer,107858,31743
AAL,Requalizer,108047,33437
AAL,Requalizer,108233,32743
AAL,Requalizer,108420,32196
AAL,Requalizer,108672,31753
AAL,Requalizer,108863,33454
AAL,Requalizer,109051,32753
AAL,Requalizer,109239,32196
AAL,Requalizer,109428,31757
AAL,Requalizer,109615,33440
AAL,Requalizer,109866,32746
AAL,Requalizer,110054,32193
AAL,Requalizer,110243,31751
AAL,Requalizer,110430,33435
AAL,Requalizer,110620,32738
AAL,Requalizer,110872,32184
AAL,Requalizer,111059,31748
AAL,Requalizer,111248,33441
AAL,Requalizer,111437,32743
AAL,Requalizer,111626,32188
AAL,Requalizer,111815,31747
AAL,Requalizer,112068,33448
AAL,Requalizer,112255,32755
AAL,Requalizer,112445,32195
AAL,Requalizer,112635,31752
AAL,Requalizer,112826,31752
AAL,Requalizer,113015,33470
AAL,Requalizer,113265,32211
AAL,Requalizer,113453,31770
AAL,Requalizer,113641,31770
AAL,Requalizer,113827,33450
AAL,Requalizer,114014,32757
AAL,Requalizer,114265,31762
AAL,Requalizer,114453,31762
AAL,Requalizer,114641,33444
AAL,Requalizer,114830,32749
AAL,Requalizer,115020,32192
AAL,Requalizer,115273,31750
AAL,Requalizer,115462,33459
AAL,Requalizer,115651,32754
AAL,Requalizer,115839,32205
AAL,Requalizer,116027,31762
AAL,Requalizer,116215,33461
AAL,Requalizer,116464,32772
AAL,Requalizer,116652,32214
AAL,Requalizer,116839,31770
AAL,Requalizer,117025,33442
AAL,Requalizer,117214,32747
AAL,Requalizer,117465,32194
AAL,Requalizer,117654,31753
AAL,Requalizer,117840,33429
AAL,Requalizer,118028,32737
AAL,Requalizer,118215,32188
AAL,Requalizer,118465,31751
AAL,Requalizer,118653,33435
AAL,Requalizer,118840,32745
AAL,Requalizer,119026,32198
AAL,Requalizer,119215,31759
AAL,Requalizer,119465,33433
AAL,Requalizer,119653,32737
AAL,Requalizer,119842,32186
AAL,Requalizer,120030,31745
AAL,Requalizer,120220,33447
AAL,Requalizer,120471,32751
AAL,Requalizer,120660,32192
AAL,Requalizer,120848,31752
AAL,Requalizer,121036,33436
AAL,Requalizer,121226,32739
AAL,Requalizer,121414,32187
AAL,Requalizer,121662,31755
AAL,Requalizer,121851,33446
AAL,Requalizer,122038,32751
AAL,Requalizer,122226,32197
AAL,Requalizer,122415,31758
AAL,Requalizer,122667,33466
AAL,Requalizer,122856,32766
AAL,Requalizer,123045,32206
AAL,Requalizer,123233,31763
AAL,Requalizer,123421,31763
AAL,Requalizer,123673,32746
AAL,Requalizer,123863,32188
AAL,Requalizer,124053,31744
AAL,Requalizer,124243,31744
AAL,Requalizer,124431,33438
AAL,Requalizer,124637,32741
AAL,Requalizer,124828,32181
AAL,Requalizer,125017,31737
AAL,Requalizer,125267,31390
AAL,Requalizer,125457,33138
AAL,Requalizer,125646,32496
AAL,Requalizer,125836,31992
AAL,Requalizer,126024,31591
AAL,Requalizer,126213,33316
AAL,Requalizer,126464,32650
AAL,Requalizer,126653,32111
AAL,Requalizer,126843,31688
AAL,Requalizer,127033,33418
AAL,Requalizer,127222,32725
AAL,Requalizer,127410,32176
AAL,Requalizer,127662,31742
AAL,Requalizer,127849,33436
AAL,Requalizer,128037,32742
AAL,Requalizer,128226,32190
AAL,Requalizer,128414,31751
AAL,Requalizer,128665,33427
AAL,Requalizer,128852,32731
AAL,Requalizer,129041,32181
AAL,Requalizer,129229,31742
AAL,Requalizer,129417,33428
AAL,Requalizer,129670,32729
AAL,Requalizer,129859,32179
AAL,Requalizer,130046,31742
AAL,Requalizer,130234,33428
AAL,Requalizer,130423,32733
AAL,Requalizer,130611,32182
AAL,Requalizer,130863,31747
AAL,Requalizer,131051,33440
AAL,Requalizer,131239,32745
AAL,Requalizer,131429,32190
AAL,Requalizer,131617,31748
AAL,Requalizer,131870,33450
AAL,Requalizer,132059,32750
AAL,Requalizer,132248,32193
AAL,Requalizer,132435,31753
AAL,Requalizer,132624,31753
AAL,Requalizer,132812,33445
AAL,Requalizer,133060,32204
AAL,Requalizer,133247,31764
AAL,Requalizer,133437,31764
AAL,Requalizer,133626,33454
AAL,Requalizer,133814,32750
AAL,Requalizer,134066,31753
AAL,Requalizer,134255,31753
AAL,Requalizer,134442,33437
AAL,Requalizer,134629,32743
AAL,Requalizer,134817,32199
AAL,Requalizer,135065,31757
AAL,Requalizer,135252,33424
AAL,Requalizer,135439,32736
AAL,Requalizer,135627,32185
AAL,Requalizer,135816,31747
AAL,Requalizer,136069,33448
AAL,Requalizer,136257,32749
AAL,Requalizer,136447,32198
AAL,Requalizer,136635,31755
AAL,Requalizer,136825,33463
AAL,Requalizer,137012,32764
AAL,Requalizer,137265,32207
AAL,Requalizer,137454,31760
AAL,Requalizer,137641,33442
AAL,Requalizer,137828,32757
AAL,Requalizer,138017,32197
AAL,Requalizer,138267,31762
AAL,Requalizer,138454,33461
AAL,Requalizer,138642,32762
AAL,Requalizer,138833,32203
AAL,Requalizer,139020,31763
AAL,Requalizer,139273,33470
AAL,Requalizer,139459,32776
AAL,Requalizer,139651,32211
AAL,Requalizer,139840,31763
AAL,Requalizer,140029,33461
AAL,Requalizer,140217,32766
AAL,Requalizer,140470,32204
AAL,Requalizer,140660,31759
AAL,Requalizer,140849,33458
AAL,Requalizer,141037,32760
AAL,Requalizer,141225,32201
AAL,Requalizer,141413,31762
AAL,Requalizer,141664,33452
AAL,Requalizer,141854,32748
AAL,Requalizer,142043,32192
AAL,Requalizer,142232,31750
AAL,Requalizer,142422,31750
AAL,Requalizer,142613,33459
AAL,Requalizer,142864,32205
AAL,Requalizer,143053,31760
AAL,Requalizer,143241,31760
AAL,Requalizer,143430,33451
AAL,Requalizer,143615,32757
AAL,Requalizer,143865,31765
AAL,Requalizer,144053,31765
AAL,Requalizer,144239,33446
AAL,Requalizer,144427,32737
AAL,Requalizer,144648,32161
AAL,Requalizer,144864,31730
AAL,Requalizer,145051,31365
AAL,Requalizer,145251,31090
AAL,Requalizer,145455,30863
AAL,Requalizer,145659,32728
AAL,Requalizer,145847,32173
AAL,Requalizer,146034,31741
AAL,Requalizer,146222,31395
AAL,Requalizer,146411,31116
AAL,Requalizer,146661,32929
AAL,Requalizer,146849,32339
AAL,Requalizer,147036,31871
AAL,Requalizer,147224,31497
AAL,Requalizer,147411,33224
AAL,Requalizer,147661,32580
AAL,Requalizer,147847,32061
AAL,Requalizer,148037,31648
AAL,Requalizer,148223,33344
AAL,Requalizer,148409,32676
AAL,Requalizer,148661,32137
AAL,Requalizer,148846,31713
AAL,Requalizer,149033,33396
AAL,Requalizer,149221,32711
AAL,Requalizer,149470,32170
AAL,Requalizer,149659,31735
AAL,Requalizer,149845,33414
AAL,Requalizer,150034,32725
AAL,Requalizer,150221,32176
AAL,Requalizer,150407,31746
AAL,Requalizer,150659,33439
AAL,Requalizer,150847,32745
FD,Requalizer,198,0
FD,Requalizer,305,84
FD,Requalizer,489,262
FD,Requalizer,708,333
FD,Requalizer,895,409
FD,Requalizer,1083,451
FD,Requalizer,1302,505
FD,Requalizer,1492,526
FD,Requalizer,1681,526
FD,Requalizer,1900,574
FD,Requalizer,2088,574
FD,Requalizer,2310,605
FD,Requalizer,2497,605
FD,Requalizer,2687,627
FD,Requalizer,2906,624
FD,Requalizer,3097,642
FD,Requalizer,3288,636
FD,Requalizer,3507,652
FD,Requalizer,3701,644
FD,Requalizer,3891,658
FD,Requalizer,4081,649
FD,Requalizer,4302,662
FD,Requalizer,4491,652
FD,Requalizer,4682,665
FD,Requalizer,4902,654
FD,Requalizer,5094,666
FD,Requalizer,5283,655
FD,Requalizer,5504,667
FD,Requalizer,5692,656
FD,Requalizer,5878,668
FD,Requalizer,6100,656
FD,Requalizer,6288,668
FD,Requalizer,6508,656
FD,Requalizer,6698,668
FD,Requalizer,6888,657
FD,Requalizer,7111,668
FD,Requalizer,7302,656
FD,Requalizer,7494,668
FD,Requalizer,7683,657
FD,Requalizer,7902,668
FD,Requalizer,8092,657
FD,Requalizer,8280,668
FD,Requalizer,8504,657
FD,Requalizer,8689,669
FD,Requalizer,8879,657
FD,Requalizer,9098,668
FD,Requalizer,9288,657
FD,Requalizer,9509,668
FD,Requalizer,9694,657
FD,Requalizer,9882,657
FD,Requalizer,10103,657
FD,Requalizer,10293,657
FD,Requalizer,10481,669
FD,Requalizer,10704,657
FD,Requalizer,10894,669
FD,Requalizer,11085,657
FD,Requalizer,11306,669
FD,Requalizer,11494,657
FD,Requalizer,11682,669
FD,Requalizer,11901,657
FD,Requalizer,12093,669
FD,Requalizer,12283,657
FD,Requalizer,12502,669
FD,Requalizer,12690,657
FD,Requalizer,12910,668
FD,Requalizer,13100,657
FD,Requalizer,13288,668
FD,Requalizer,13510,657
FD,Requalizer,13702,669
FD,Requalizer,13889,657
FD,Requalizer,14078,668
FD,Requalizer,14301,657
FD,Requalizer,14491,668
FD,Requalizer,14682,657
FD,Requalizer,14904,668
FD,Requalizer,15094,657
FD,Requalizer,15282,668
FD,Requalizer,15504,657
FD,Requalizer,15692,669
FD,Requalizer,15880,657
FD,Requalizer,16099,668
FD,Requalizer,16290,657
FD,Requalizer,16480,668
FD,Requalizer,16700,657
FD,Requalizer,16888,668
FD,Requalizer,17080,657
FD,Requalizer,17298,668
FD,Requalizer,17486,657
FD,Requalizer,17707,668
FD,Requalizer,17898,657
FD,Requalizer,18089,657
FD,Requalizer,18281,669
FD,Requalizer,18504,657
FD,Requalizer,18693,669
FD,Requalizer,18882,657
FD,Requalizer,19104,668
FD,Requalizer,19293,657
FD,Requalizer,19485,669
FD,Requalizer,19706,657
FD,Requalizer,19896,668
FD,Requalizer,20085,657
FD,Requalizer,20305,669
FD,Requalizer,20493,657
FD,Requalizer,20681,668
FD,Requalizer,20905,657
FD,Requalizer,21093,668
FD,Requalizer,21279,657
FD,Requalizer,21499,668
FD,Requalizer,21691,657
FD,Requalizer,21883,669
FD,Requalizer,22103,657
FD,Requalizer,22289,668
FD,Requalizer,22509,657
FD,Requalizer,22699,668
FD,Requalizer,22889,657
FD,Requalizer,23107,668
FD,Requalizer,23297,657
FD,Requalizer,23484,668
FD,Requalizer,23704,657
FD,Requalizer,23897,669
FD,Requalizer,24083,657
FD,Requalizer,24304,669
FD,Requalizer,24492,657
FD,Requalizer,24679,668
FD,Requalizer,24898,657
FD,Requalizer,25090,669
FD,Requalizer,25281,657
FD,Requalizer,25500,669
FD,Requalizer,25692,657
FD,Requalizer,25881,657
FD,Requalizer,26100,657
FD,Requalizer,26286,657
FD,Requalizer,26506,657
FD,Requalizer,26694,657
FD,Requalizer,26883,669
FD,Requalizer,27104,657
FD,Requalizer,27292,669
FD,Requalizer,27482,657
FD,Requalizer,27703,668
FD,Requalizer,27896,657
FD,Requalizer,28086,668
FD,Requalizer,28306,657
FD,Requalizer,28499,668
FD,Requalizer,28686,657
FD,Requalizer,28908,668
FD,Requalizer,29096,657
FD,Requalizer,29288,668
FD,Requalizer,29512,657
FD,Requalizer,29698,669
FD,Requalizer,29890,657
FD,Requalizer,30081,669
FD,Requalizer,30303,657
FD,Requalizer,30493,669
FD,Requalizer,30683,657
FD,Requalizer,30903,669
FD,Requalizer,31093,657
FD,Requalizer,31283,668
FD,Requalizer,31504,657
FD,Requalizer,31697,669
FD,Requalizer,31887,657
FD,Requalizer,32094,669
FD,Requalizer,32283,678
FD,Requalizer,32506,664
FD,Requalizer,32679,674
FD,Requalizer,32902,683
FD,Requalizer,33092,668
FD,Requalizer,33281,668
FD,Requalizer,33503,664
FD,Requalizer,33695,664
FD,Requalizer,33886,674
FD,Requalizer,34109,661
FD,Requalizer,34299,672
FD,Requalizer,34491,660
FD,Requalizer,34684,671
FD,Requalizer,34890,659
FD,Requalizer,35099,670
FD,Requalizer,35288,658
FD,Requalizer,35481,669
FD,Requalizer,35705,657
FD,Requalizer,35896,669
FD,Requalizer,36085,657
FD,Requalizer,36307,669
FD,Requalizer,36499,657
FD,Requalizer,36691,669
FD,Requalizer,36882,657
FD,Requalizer,37103,669
FD,Requalizer,37295,657
FD,Requalizer,37486,669
FD,Requalizer,37708,657
FD,Requalizer,37901,669
FD,Requalizer,38091,657
FD,Requalizer,38279,669
FD,Requalizer,38501,657
FD,Requalizer,38689,669
FD,Requalizer,38881,657
FD,Requalizer,39104,669
FD,Requalizer,39296,657
FD,Requalizer,39488,657
FD,Requalizer,39706,657
FD,Requalizer,39895,657
FD,Requalizer,40086,668
FD,Requalizer,40307,657
FD,Requalizer,40494,668
FD,Requalizer,40686,657
FD,Requalizer,40909,669
FD,Requalizer,41097,657
FD,Requalizer,41285,669
FD,Requalizer,41508,657
FD,Requalizer,41701,669
FD,Requalizer,41889,657
FD,Requalizer,42081,669
FD,Requalizer,42301,657
FD,Requalizer,42488,668
FD,Requalizer,42710,657
FD,Requalizer,42904,669
FD,Requalizer,43092,657
FD,Requalizer,43284,669
FD,Requalizer,43504,657
FD,Requalizer,43695,669
FD,Requalizer,43882,657
FD,Requalizer,44101,668
FD,Requalizer,44289,657
FD,Requalizer,44481,669
FD,Requalizer,44700,657
FD,Requalizer,44888,669
FD,Requalizer,45108,657
FD,Requalizer,45295,669
FD,Requalizer,45482,657
FD,Requalizer,45702,669
FD,Requalizer,45891,657
FD,Requalizer,46080,669
FD,Requalizer,46303,657
FD,Requalizer,46494,669
FD,Requalizer,46685,657
FD,Requalizer,46907,669
FD,Requalizer,47098,657
FD,Requalizer,47285,657
FD,Requalizer,47506,657
FD,Requalizer,47696,657
FD,Requalizer,47888,669
FD,Requalizer,48079,657
FD,Requalizer,48301,669
FD,Requalizer,48493,657
FD,Requalizer,48680,669
FD,Requalizer,48903,657
FD,Requalizer,49094,669
FD,Requalizer,49284,657
FD,Requalizer,49508,669
FD,Requalizer,49695,657
FD,Requalizer,49884,668
FD,Requalizer,50105,657
FD,Requalizer,50300,669
FD,Requalizer,50489,657
FD,Requalizer,50679,669
FD,Requalizer,50898,657
FD,Requalizer,51088,669
FD,Requalizer,51308,657
FD,Requalizer,51500,669
FD,Requalizer,51689,657
FD,Requalizer,51880,669
FD,Requalizer,52099,657
FD,Requalizer,52289,669
FD,Requalizer,52509,657
FD,Requalizer,52697,668
FD,Requalizer,52886,657
FD,Requalizer,53109,669
FD,Requalizer,53300,657
FD,Requalizer,53489,668
FD,Requalizer,53681,657
FD,Requalizer,53902,668
FD,Requalizer,54092,657
FD,Requalizer,54282,657
FD,Requalizer,54504,657
FD,Requalizer,54692,657
FD,Requalizer,54882,668
FD,Requalizer,55106,657
FD,Requalizer,55295,669
FD,Requalizer,55486,657
FD,Requalizer,55708,648
FD,Requalizer,55896,662
FD,Requalizer,56085,672
FD,Requalizer,56306,660
FD,Requalizer,56496,671
FD,Requalizer,56685,659
FD,Requalizer,56902,670
FD,Requalizer,57094,658
FD,Requalizer,57283,670
FD,Requalizer,57506,658
FD,Requalizer,57712,669
FD,Requalizer,57904,657
FD,Requalizer,58090,648
FD,Requalizer,58281,661
FD,Requalizer,58498,651
FD,Requalizer,58685,664
FD,Requalizer,58908,653
FD,Requalizer,59098,666
FD,Requalizer,59288,655
FD,Requalizer,59482,667
FD,Requalizer,59702,656
FD,Requalizer,59891,667
FD,Requalizer,60081,656
FD,Requalizer,60301,668
FD,Requalizer,60492,656
FD,Requalizer,60682,668
FD,Requalizer,60904,656
FD,Requalizer,61093,668
FD,Requalizer,61284,656
FD,Requalizer,61505,668
FD,Requalizer,61696,656
FD,Requalizer,61888,656
FD,Requalizer,62111,657
FD,Requalizer,62304,657
FD,Requalizer,62494,668
FD,Requalizer,62679,657
FD,Requalizer,62901,668
FD,Requalizer,63091,657
FD,Requalizer,63282,669
FD,Requalizer,63499,657
FD,Requalizer,63690,668
FD,Requalizer,63879,657
FD,Requalizer,64098,668
FD,Requalizer,64288,657
FD,Requalizer,64510,668
FD,Requalizer,64702,657
FD,Requalizer,64894,668
FD,Requalizer,65082,657
FD,Requalizer,65302,668
FD,Requalizer,65492,657
FD,Requalizer,65683,669
FD,Requalizer,65903,657
FD,Requalizer,66091,668
FD,Requalizer,66279,657
FD,Requalizer,66499,668
FD,Requalizer,66687,657
FD,Requalizer,66907,669
FD,Requalizer,67097,657
FD,Requalizer,67284,668
FD,Requalizer,67506,657
FD,Requalizer,67694,668
FD,Requalizer,67881,657
FD,Requalizer,68103,669
FD,Requalizer,68295,657
FD,Requalizer,68485,668
FD,Requalizer,68704,657
FD,Requalizer,68893,668
FD,Requalizer,69080,657
FD,Requalizer,69300,668
FD,Requalizer,69491,657
FD,Requalizer,69676,657
FD,Requalizer,69896,657
FD,Requalizer,70083,657
FD,Requalizer,70302,657
FD,Requalizer,70494,657
FD,Requalizer,70681,668
FD,Requalizer,70900,657
FD,Requalizer,71090,668
FD,Requalizer,71278,657
FD,Requalizer,71499,668
FD,Requalizer,71690,657
FD,Requalizer,71882,668
FD,Requalizer,72105,657
FD,Requalizer,72294,668
FD,Requalizer,72481,657
FD,Requalizer,72701,668
FD,Requalizer,72890,657
FD,Requalizer,73109,668
FD,Requalizer,73298,657
FD,Requalizer,73489,668
FD,Requalizer,73679,656
FD,Requalizer,73902,668
FD,Requalizer,74093,657
FD,Requalizer,74282,668
FD,Requalizer,74500,657
FD,Requalizer,74688,668
FD,Requalizer,74909,657
FD,Requalizer,75096,668
FD,Requalizer,75286,657
FD,Requalizer,75510,668
FD,Requalizer,75701,657
FD,Requalizer,75892,668
FD,Requalizer,76081,657
FD,Requalizer,76302,668
FD,Requalizer,76492,657
FD,Requalizer,76683,668
FD,Requalizer,76904,657
FD,Requalizer,77091,668
FD,Requalizer,77279,657
FD,Requalizer,77501,668
FD,Requalizer,77690,657
FD,Requalizer,77879,657
FD,Requalizer,78099,657
FD,Requalizer,78287,657
FD,Requalizer,78507,657
FD,Requalizer,78697,657
FD,Requalizer,78890,668
FD,Requalizer,79083,657
FD,Requalizer,79305,668
FD,Requalizer,79493,657
FD,Requalizer,79681,668
FD,Requalizer,79899,657
FD,Requalizer,80086,668
FD,Requalizer,80307,657
FD,Requalizer,80496,668
FD,Requalizer,80687,657
FD,Requalizer,80907,668
FD,Requalizer,81095,657
FD,Requalizer,81283,668
FD,Requalizer,81504,657
FD,Requalizer,81693,668
FD,Requalizer,81881,657
FD,Requalizer,82103,668
FD,Requalizer,82291,657
FD,Requalizer,82481,669
FD,Requalizer,82705,657
FD,Requalizer,82898,669
FD,Requalizer,83089,657
FD,Requalizer,83282,669
FD,Requalizer,83501,657
FD,Requalizer,83690,668
FD,Requalizer,83881,657
FD,Requalizer,84102,668
FD,Requalizer,84293,657
FD,Requalizer,84482,668
FD,Requalizer,84701,657
FD,Requalizer,84890,668
FD,Requalizer,85080,657
FD,Requalizer,85299,668
FD,Requalizer,85488,657
FD,Requalizer,85706,668
FD,Requalizer,85897,657
FD,Requalizer,86089,657
FD,Requalizer,86280,668
FD,Requalizer,86500,657
FD,Requalizer,86689,668
FD,Requalizer,86880,657
FD,Requalizer,87102,668
FD,Requalizer,87293,657
FD,Requalizer,87484,668
FD,Requalizer,87704,657
FD,Requalizer,87894,668
FD,Requalizer,88083,657
FD,Requalizer,88305,668
FD,Requalizer,88491,657
FD,Requalizer,88680,668
FD,Requalizer,88905,656
FD,Requalizer,89095,668
FD,Requalizer,89284,657
FD,Requalizer,89508,668
FD,Requalizer,89700,657
FD,Requalizer,89892,668
FD,Requalizer,90080,657
FD,Requalizer,90301,669
FD,Requalizer,90487,657
FD,Requalizer,90709,669
FD,Requalizer,90899,657
FD,Requalizer,91088,668
FD,Requalizer,91307,657
FD,Requalizer,91497,668
FD,Requalizer,91688,657
FD,Requalizer,91880,668
FD,Requalizer,92103,657
FD,Requalizer,92292,668
FD,Requalizer,92482,657
FD,Requalizer,92702,668
FD,Requalizer,92891,657
FD,Requalizer,93083,657
FD,Requalizer,93306,657
FD,Requalizer,93497,657
FD,Requalizer,93686,668
FD,Requalizer,93905,657
FD,Requalizer,94094,668
FD,Requalizer,94284,657
FD,Requalizer,94503,668
FD,Requalizer,94690,657
FD,Requalizer,94881,668
FD,Requalizer,95099,657
FD,Requalizer,95287,668
FD,Requalizer,95509,657
FD,Requalizer,95701,668
FD,Requalizer,95891,657
FD,Requalizer,96078,668
FD,Requalizer,96299,657
FD,Requalizer,96489,668
FD,Requalizer,96710,657
FD,Requalizer,96902,669
FD,Requalizer,97092,657
FD,Requalizer,97281,668
FD,Requalizer,97502,657
FD,Requalizer,97692,668
FD,Requalizer,97880,657
FD,Requalizer,98099,668
FD,Requalizer,98286,657
FD,Requalizer,98506,669
FD,Requalizer,98695,657
FD,Requalizer,98884,668
FD,Requalizer,99107,657
FD,Requalizer,99297,668
FD,Requalizer,99483,657
FD,Requalizer,99703,669
FD,Requalizer,99891,657
FD,Requalizer,100082,669
FD,Requalizer,100303,657
FD,Requalizer,100495,669
FD,Requalizer,100684,657
FD,Requalizer,100906,669
FD,Requalizer,101095,657
FD,Requalizer,101283,657
FD,Requalizer,101501,657
FD,Requalizer,101690,657
FD,Requalizer,101880,669
FD,Requalizer,102099,657
FD,Requalizer,102288,668
FD,Requalizer,102509,657
FD,Requalizer,102699,668
FD,Requalizer,102886,657
FD,Requalizer,103106,668
FD,Requalizer,103294,657
FD,Requalizer,103482,668
FD,Requalizer,103703,657
FD,Requalizer,103895,669
FD,Requalizer,104085,657
FD,Requalizer,104306,669
FD,Requalizer,104496,657
FD,Requalizer,104684,669
FD,Requalizer,104906,657
FD,Requalizer,105094,668
FD,Requalizer,105283,657
FD,Requalizer,105503,668
FD,Requalizer,105691,657
FD,Requalizer,105879,668
FD,Requalizer,106098,657
FD,Requalizer,106289,668
FD,Requalizer,106507,657
FD,Requalizer,106696,668
FD,Requalizer,106885,657
FD,Requalizer,107105,668
FD,Requalizer,107297,657
FD,Requalizer,107486,668
FD,Requalizer,107707,657
FD,Requalizer,107896,669
FD,Requalizer,108087,657
FD,Requalizer,108278,669
FD,Requalizer,108500,657
FD,Requalizer,108688,668
FD,Requalizer,108907,657
FD,Requalizer,109098,668
FD,Requalizer,109287,657
FD,Requalizer,109508,668
FD,Requalizer,109697,657
FD,Requalizer,109888,657
FD,Requalizer,110079,668
FD,Requalizer,110298,657
FD,Requalizer,110487,668
FD,Requalizer,110707,657
FD,Requalizer,110899,668
FD,Requalizer,111090,657
FD,Requalizer,111281,668
FD,Requalizer,111502,657
FD,Requalizer,111691,669
FD,Requalizer,111879,657
FD,Requalizer,112097,668
FD,Requalizer,112285,657
FD,Requalizer,112505,668
FD,Requalizer,112694,657
FD,Requalizer,112882,669
FD,Requalizer,113103,657
FD,Requalizer,113293,668
FD,Requalizer,113481,657
FD,Requalizer,113703,668
SG,Requalizer,185,0
SG,Requalizer,312,400
SG,Requalizer,501,696
SG,Requalizer,692,1008
SG,Requalizer,909,1246
SG,Requalizer,1096,1373
SG,Requalizer,1314,1536
SG,Requalizer,1500,1604
SG,Requalizer,1721,1658
SG,Requalizer,1907,1766
SG,Requalizer,2097,1787
SG,Requalizer,2314,1868
SG,Requalizer,2504,1869
SG,Requalizer,2694,1869
SG,Requalizer,2913,1921
SG,Requalizer,3101,1921
SG,Requalizer,3322,1955
SG,Requalizer,3509,1955
SG,Requalizer,3699,2002
SG,Requalizer,3921,1975
SG,Requalizer,4114,2019
SG,Requalizer,4304,1989
SG,Requalizer,4491,2030
SG,Requalizer,4710,2061
SG,Requalizer,4898,2022
SG,Requalizer,5115,2055
SG,Requalizer,5302,2018
SG,Requalizer,5491,1988
SG,Requalizer,5709,2029
SG,Requalizer,5897,2060
SG,Requalizer,6115,2022
SG,Requalizer,6303,2055
SG,Requalizer,6520,2018
SG,Requalizer,6707,2051
SG,Requalizer,6892,2015
SG,Requalizer,7113,2049
SG,Requalizer,7298,2013
SG,Requalizer,7520,2013
SG,Requalizer,7711,2850
SG,Requalizer,7903,2652
SG,Requalizer,8121,2554
SG,Requalizer,8308,2417
SG,Requalizer,8496,2369
SG,Requalizer,8714,2332
SG,Requalizer,8901,2238
SG,Requalizer,9120,2227
SG,Requalizer,9309,2154
SG,Requalizer,9493,2160
SG,Requalizer,9711,2102
SG,Requalizer,9897,2056
SG,Requalizer,10115,2082
SG,Requalizer,10303,2040
SG,Requalizer,10493,2070
SG,Requalizer,10714,2030
SG,Requalizer,10902,2062
SG,Requalizer,11093,2023
SG,Requalizer,11316,2057
SG,Requalizer,11507,2019
SG,Requalizer,11697,2054
SG,Requalizer,11915,2080
SG,Requalizer,12102,2038
SG,Requalizer,12321,2067
SG,Requalizer,12509,2027
SG,Requalizer,12696,2027
SG,Requalizer,12916,2849
SG,Requalizer,13102,2653
SG,Requalizer,13287,2653
SG,Requalizer,13509,2419
SG,Requalizer,13697,2419
SG,Requalizer,13915,2370
SG,Requalizer,14101,2332
SG,Requalizer,14322,2165
SG,Requalizer,14512,2165
SG,Requalizer,14703,2169
SG,Requalizer,14894,2109
SG,Requalizer,15117,2124
SG,Requalizer,15307,2073
SG,Requalizer,15493,2096
SG,Requalizer,15713,2113
SG,Requalizer,15900,2064
SG,Requalizer,16119,2064
SG,Requalizer,16309,2870
SG,Requalizer,16493,2671
SG,Requalizer,16724,2570
SG,Requalizer,16906,2429
SG,Requalizer,17093,2377
SG,Requalizer,17313,2338
SG,Requalizer,17501,2243
SG,Requalizer,17722,2169
SG,Requalizer,17907,2172
SG,Requalizer,18095,2172
SG,Requalizer,18313,2933
SG,Requalizer,18502,2781
SG,Requalizer,18694,2592
SG,Requalizer,18917,2445
SG,Requalizer,19103,2391
SG,Requalizer,19292,2285
SG,Requalizer,19509,2265
SG,Requalizer,19697,2186
SG,Requalizer,19914,2186
SG,Requalizer,20103,2186
SG,Requalizer,20321,2941
SG,Requalizer,20506,2788
SG,Requalizer,20692,2603
SG,Requalizer,20911,2457
SG,Requalizer,21100,2400
SG,Requalizer,21320,2291
SG,Requalizer,21511,2269
SG,Requalizer,21699,2189
SG,Requalizer,21919,2188
SG,Requalizer,22110,2124
SG,Requalizer,22300,2072
SG,Requalizer,22520,2094
SG,Requalizer,22710,2113
SG,Requalizer,22902,2064
SG,Requalizer,23094,2064
SG,Requalizer,23315,2045
SG,Requalizer,23507,2045
SG,Requalizer,23698,2074
SG,Requalizer,23902,2033
SG,Requalizer,24093,2000
SG,Requalizer,24315,2039
SG,Requalizer,24505,2005
SG,Requalizer,24693,2042
SG,Requalizer,24915,2007
SG,Requalizer,25102,2044
SG,Requalizer,25322,2010
SG,Requalizer,25514,2046
SG,Requalizer,25706,2010
SG,Requalizer,25897,2047
SG,Requalizer,26120,2011
SG,Requalizer,26308,2048
SG,Requalizer,26497,2075
SG,Requalizer,26718,2034
SG,Requalizer,26906,2001
SG,Requalizer,27094,2039
SG,Requalizer,27311,2068
SG,Requalizer,27499,2028
SG,Requalizer,27721,1996
SG,Requalizer,27909,2035
SG,Requalizer,28096,2002
SG,Requalizer,28313,2039
SG,Requalizer,28500,2039
SG,Requalizer,28719,2857
SG,Requalizer,28907,2857
SG,Requalizer,29094,3345
SG,Requalizer,29313,3050
SG,Requalizer,29503,2870
SG,Requalizer,29695,2666
SG,Requalizer,29917,2564
SG,Requalizer,30106,2425
SG,Requalizer,30294,2375
SG,Requalizer,30515,2274
SG,Requalizer,30700,2256
SG,Requalizer,30921,2178
SG,Requalizer,31106,2179
SG,Requalizer,31297,2117
SG,Requalizer,31511,2131
SG,Requalizer,31715,2141
SG,Requalizer,31900,2141
SG,Requalizer,32119,2093
SG,Requalizer,32306,2093
SG,Requalizer,32493,2093
SG,Requalizer,32711,2888
SG,Requalizer,32899,2746
SG,Requalizer,33122,2425
SG,Requalizer,33313,2425
SG,Requalizer,33504,2374
SG,Requalizer,33691,2272
SG,Requalizer,33909,2254
SG,Requalizer,34101,2177
SG,Requalizer,34320,2179
SG,Requalizer,34510,2179
SG,Requalizer,34698,2944
SG,Requalizer,34915,2730
SG,Requalizer,35106,2617
SG,Requalizer,35293,2467
SG,Requalizer,35509,2408
SG,Requalizer,35700,2363
SG,Requalizer,35920,2263
SG,Requalizer,36107,2183
SG,Requalizer,36295,2183
SG,Requalizer,36516,2121
SG,Requalizer,36705,2134
SG,Requalizer,36895,2080
SG,Requalizer,37119,2102
SG,Requalizer,37307,2055
SG,Requalizer,37495,2082
SG,Requalizer,37714,2102
SG,Requalizer,37902,2055
SG,Requalizer,38121,2081
SG,Requalizer,38306,2039
SG,Requalizer,38495,2068
SG,Requalizer,38714,2028
SG,Requalizer,38902,1997
SG,Requalizer,39120,2036
SG,Requalizer,39309,2003
SG,Requalizer,39493,2040
SG,Requalizer,39712,2068
SG,Requalizer,39898,2028
SG,Requalizer,40117,1997
SG,Requalizer,40308,2036
SG,Requalizer,40500,2002
SG,Requalizer,40723,2041
SG,Requalizer,40912,2007
SG,Requalizer,41099,2044
SG,Requalizer,41317,2009
SG,Requalizer,41504,2045
SG,Requalizer,41691,2045
SG,Requalizer,41913,2031
SG,Requalizer,42102,1999
SG,Requalizer,42318,2037
SG,Requalizer,42507,2004
SG,Requalizer,42694,2004
SG,Requalizer,42910,2041
SG,Requalizer,43096,2070
SG,Requalizer,43315,1998
SG,Requalizer,43503,1998
SG,Requalizer,43693,2037
SG,Requalizer,43913,2004
SG,Requalizer,44105,2041
SG,Requalizer,44295,2007
SG,Requalizer,44518,2044
SG,Requalizer,44708,2009
SG,Requalizer,44901,2045
SG,Requalizer,45092,2010
SG,Requalizer,45318,2047
SG,Requalizer,45505,2011
SG,Requalizer,45692,2047
SG,Requalizer,45911,2012
SG,Requalizer,46100,2047
SG,Requalizer,46319,2012
SG,Requalizer,46501,2047
SG,Requalizer,46719,2076
SG,Requalizer,46904,2098
SG,Requalizer,47089,2052
SG,Requalizer,47310,2016
SG,Requalizer,47499,2051
SG,Requalizer,47723,2014
SG,Requalizer,47912,2050
SG,Requalizer,48103,2013
SG,Requalizer,48292,2049
SG,Requalizer,48512,2049
SG,Requalizer,48698,2862
SG,Requalizer,48918,2662
SG,Requalizer,49105,2563
SG,Requalizer,49291,2486
SG,Requalizer,49508,2363
SG,Requalizer,49697,2263
SG,Requalizer,49917,2247
SG,Requalizer,50104,2234
SG,Requalizer,50321,2161
SG,Requalizer,50508,2166
SG,Requalizer,50694,2106
SG,Requalizer,50916,2059
SG,Requalizer,51104,2085
SG,Requalizer,51297,2041
SG,Requalizer,51520,2071
SG,Requalizer,51712,2031
SG,Requalizer,51899,2031
SG,Requalizer,52118,2062
SG,Requalizer,52304,2087
SG,Requalizer,52494,2043
SG,Requalizer,52711,2008
SG,Requalizer,52897,2044
SG,Requalizer,53116,2072
SG,Requalizer,53303,2032
SG,Requalizer,53491,2063
SG,Requalizer,53711,2024
SG,Requalizer,53897,1993
SG,Requalizer,54115,2032
SG,Requalizer,54303,2063
SG,Requalizer,54494,2024
SG,Requalizer,54712,1993
SG,Requalizer,54904,2032
SG,Requalizer,55099,2000
SG,Requalizer,55320,2038
SG,Requalizer,55509,2004
SG,Requalizer,55697,2042
SG,Requalizer,55913,2070
SG,Requalizer,56102,2030
SG,Requalizer,56320,2030
SG,Requalizer,56509,2850
SG,Requalizer,56697,2651
SG,Requalizer,56917,2555
SG,Requalizer,57105,2418
SG,Requalizer,57320,2370
SG,Requalizer,57506,2332
SG,Requalizer,57694,2239
SG,Requalizer,57913,2165
SG,Requalizer,58101,2169
SG,Requalizer,58289,2110
SG,Requalizer,58511,2125
SG,Requalizer,58703,2073
SG,Requalizer,58895,2097
SG,Requalizer,59117,2051
SG,Requalizer,59306,2079
SG,Requalizer,59491,2100
SG,Requalizer,59709,2054
SG,Requalizer,59897,2017
SG,Requalizer,60118,2052
SG,Requalizer,60306,2015
SG,Requalizer,60494,2050
SG,Requalizer,60714,2014
SG,Requalizer,60904,2049
SG,Requalizer,61092,2014
SG,Requalizer,61313,2049
SG,Requalizer,61500,2049
SG,Requalizer,61720,2035
SG,Requalizer,61909,2002
SG,Requalizer,62099,2002
SG,Requalizer,62322,2006
SG,Requalizer,62513,2006
SG,Requalizer,62702,2043
SG,Requalizer,62921,2008
SG,Requalizer,63107,2045
SG,Requalizer,63295,2010
SG,Requalizer,63514,2045
SG,Requalizer,63699,2010
SG,Requalizer,63918,2045
SG,Requalizer,64107,2010
SG,Requalizer,64293,2046
SG,Requalizer,64513,2074
SG,Requalizer,64698,2033
SG,Requalizer,64917,2001
SG,Requalizer,65103,2038
SG,Requalizer,65291,2005
SG,Requalizer,65513,2042
SG,Requalizer,65699,2008
SG,Requalizer,65923,2044
SG,Requalizer,66113,2009
SG,Requalizer,66303,2045
SG,Requalizer,66491,2010
SG,Requalizer,66709,2046
SG,Requalizer,66897,2074
SG,Requalizer,67116,2032
SG,Requalizer,67302,2000
SG,Requalizer,67521,2038
SG,Requalizer,67708,2067
SG,Requalizer,67896,2027
SG,Requalizer,68117,1996
SG,Requalizer,68305,2035
SG,Requalizer,68491,2065
SG,Requalizer,68708,2026
SG,Requalizer,68897,1995
SG,Requalizer,69116,2034
SG,Requalizer,69301,2066
SG,Requalizer,69491,2026
SG,Requalizer,69714,2059
SG,Requalizer,69905,2021
SG,Requalizer,70094,2055
SG,Requalizer,70313,2081
SG,Requalizer,70501,2039
SG,Requalizer,70707,2004
SG,Requalizer,70894,2004
SG,Requalizer,71112,2006
SG,Requalizer,71300,1979
SG,Requalizer,71519,2021
SG,Requalizer,71707,1991
SG,Requalizer,71893,1991
SG,Requalizer,72115,1998
SG,Requalizer,72302,1998
SG,Requalizer,72491,2036
SG,Requalizer,72712,2002
SG,Requalizer,72901,2040
SG,Requalizer,73093,2006
SG,Requalizer,73316,2044
SG,Requalizer,73507,2008
SG,Requalizer,73696,2045
SG,Requalizer,73915,2011
SG,Requalizer,74101,2046
SG,Requalizer,74320,2074
SG,Requalizer,74508,2033
SG,Requalizer,74693,2000
SG,Requalizer,74910,2038
SG,Requalizer,75097,2067
SG,Requalizer,75316,2027
SG,Requalizer,75504,1996
SG,Requalizer,75690,2035
SG,Requalizer,75908,2065
SG,Requalizer,76097,2026
SG,Requalizer,76315,1994
SG,Requalizer,76502,2033
SG,Requalizer,76693,2000
SG,Requalizer,76915,2039
SG,Requalizer,77107,2005
SG,Requalizer,77297,2042
SG,Requalizer,77521,2007
SG,Requalizer,77709,2044
SG,Requalizer,77896,2072
SG,Requalizer,78114,2032
SG,Requalizer,78306,1999
SG,Requalizer,78494,2038
SG,Requalizer,78715,2004
SG,Requalizer,78901,2041
SG,Requalizer,79121,2070
SG,Requalizer,79306,2029
SG,Requalizer,79494,2060
SG,Requalizer,79714,2022
SG,Requalizer,79902,1992
SG,Requalizer,80092,2032
SG,Requalizer,80326,1999
SG,Requalizer,80505,2038
SG,Requalizer,80696,2004
SG,Requalizer,80922,2042
SG,Requalizer,81111,2007
SG,Requalizer,81303,2007
SG,Requalizer,81493,2044
SG,Requalizer,81717,2009
SG,Requalizer,81910,2046
SG,Requalizer,82102,2010
SG,Requalizer,82321,2047
SG,Requalizer,82509,2012
SG,Requalizer,82697,2047
SG,Requalizer,82918,2011
SG,Requalizer,83108,2047
SG,Requalizer,83296,2012
SG,Requalizer,83515,2048
SG,Requalizer,83704,2012
SG,Requalizer,83893,2048
SG,Requalizer,84114,2012
SG,Requalizer,84304,2048
SG,Requalizer,84495,2012
SG,Requalizer,84718,2048
SG,Requalizer,84908,2012
SG,Requalizer,85095,2047
SG,Requalizer,85311,2075
SG,Requalizer,85498,2034
SG,Requalizer,85717,2001
SG,Requalizer,85905,2039
SG,Requalizer,86091,2068
SG,Requalizer,86310,2028
SG,Requalizer,86499,1996
SG,Requalizer,86720,2036
SG,Requalizer,86907,2066
SG,Requalizer,87094,2026
SG,Requalizer,87315,1995
SG,Requalizer,87502,2034
SG,Requalizer,87692,2001
SG,Requalizer,87911,2039
SG,Requalizer,88101,2005
SG,Requalizer,88324,2043
SG,Requalizer,88512,2008
SG,Requalizer,88699,2044
SG,Requalizer,88918,2072
SG,Requalizer,89108,2031
SG,Requalizer,89296,1999
SG,Requalizer,89513,2037
SG,Requalizer,89699,2037
SG,Requalizer,89916,2027
SG,Requalizer,90103,2027
SG,Requalizer,90289,2059
SG,Requalizer,90510,1991
SG,Requalizer,90695,1991
SG,Requalizer,90914,1998
SG,Requalizer,91103,1998
SG,Requalizer,91321,2004
SG,Requalizer,91512,2004
SG,Requalizer,91703,2041
SG,Requalizer,91893,2007
SG,Requalizer,92116,2044
SG,Requalizer,92304,2009
SG,Requalizer,92491,2045
SG,Requalizer,92709,2073
SG,Requalizer,92899,2032
SG,Requalizer,93115,2000
SG,Requalizer,93303,2038
SG,Requalizer,93521,2067
SG,Requalizer,93707,2028
SG,Requalizer,93895,1996
SG,Requalizer,94114,2035
SG,Requalizer,94304,2002
SG,Requalizer,94491,2040
SG,Requalizer,94710,2006
SG,Requalizer,94896,2042
SG,Requalizer,95115,2008
SG,Requalizer,95307,2045
SG,Requalizer,95498,2009
SG,Requalizer,95719,2046
SG,Requalizer,95905,2074
SG,Requalizer,96091,2034
SG,Requalizer,96310,2001
SG,Requalizer,96498,2038
SG,Requalizer,96716,2068
SG,Requalizer,96904,2028
SG,Requalizer,97091,1996
SG,Requalizer,97310,2035
SG,Requalizer,97501,2002
SG,Requalizer,97715,2039
SG,Requalizer,97901,2068
SG,Requalizer,98119,2028
SG,Requalizer,98309,1997
SG,Requalizer,98497,2035
SG,Requalizer,98719,2002
SG,Requalizer,98912,2041
SG,Requalizer,99104,2006
SG,Requalizer,99293,2043
SG,Requalizer,99509,2071
SG,Requalizer,99697,2030
SG,Requalizer,99918,1998
SG,Requalizer,100102,2036
SG,Requalizer,100291,2003
SG,Requalizer,100509,2040
SG,Requalizer,100696,2006
SG,Requalizer,100915,2043
SG,Requalizer,101102,2008
SG,Requalizer,101292,2008
SG,Requalizer,101512,2010
SG,Requalizer,101704,2010
SG,Requalizer,101916,2011
SG,Requalizer,102103,2011
SG,Requalizer,102292,2046
SG,Requalizer,102514,2011
SG,Requalizer,102707,2047
SG,Requalizer,102897,2011
SG,Requalizer,103116,2047
SG,Requalizer,103306,2012
SG,Requalizer,103494,2048
SG,Requalizer,103715,2013
SG,Requalizer,103903,2048
SG,Requalizer,104120,2013
SG,Requalizer,104308,2048
SG,Requalizer,104495,2075
SG,Requalizer,104717,2033
SG,Requalizer,104904,2001
SG,Requalizer,105094,2038
SG,Requalizer,105313,2005
SG,Requalizer,105500,2042
SG,Requalizer,105720,2008
SG,Requalizer,105907,2044
SG,Requalizer,106099,2009
SG,Requalizer,106322,2046
SG,Requalizer,106513,2010
SG,Requalizer,106700,2046
SG,Requalizer,106923,2011
SG,Requalizer,107107,2047
SG,Requalizer,107295,2074
SG,Requalizer,107515,2033
SG,Requalizer,107702,2001
SG,Requalizer,107919,2038
SG,Requalizer,108107,2067
SG,Requalizer,108292,2028
SG,Requalizer,108510,1997
SG,Requalizer,108696,2035
SG,Requalizer,108915,2002
SG,Requalizer,109103,2040
SG,Requalizer,109320,2006
SG,Requalizer,109506,2042
SG,Requalizer,109695,2008
SG,Requalizer,109919,2045
SG,Requalizer,110107,2010
SG,Requalizer,110298,2046
SG,Requalizer,110517,2074
SG,Requalizer,110706,2032
SG,Requalizer,110898,1999
SG,Requalizer,111118,2038
SG,Requalizer,111306,2004
SG,Requalizer,111494,2004
SG,Requalizer,111712,2041
SG,Requalizer,111900,2070
SG,Requalizer,112120,1998
SG,Requalizer,112307,1998
SG,Requalizer,112494,2036
SG,Requalizer,112714,2066
SG,Requalizer,112897,2026